id,nom,latitude,longitude,typeR,nb,support
190624,Parc Güell,41.41451,2.152709,A,253,95
190166,Sagrada Família,41.403423,2.174611,A,253,95
190166,Sagrada Família,41.403423,2.174611,A,761,92
190162,Quartier gothique,41.3827,2.177113,A,761,92
190629,Casa Milà,41.395325,2.161925,A,100,91
190624,Parc Güell,41.41451,2.152709,A,100,91
1059712,Ciudad Condal,41.38874,2.166787,R,760,91
190166,Sagrada Família,41.403423,2.174611,A,760,91
190629,Casa Milà,41.395325,2.161925,A,375,91
190624,Parc Güell,41.41451,2.152709,A,375,91
190166,Sagrada Família,41.403423,2.174611,A,375,91
190624,Parc Güell,41.41451,2.152709,A,875,91
190166,Sagrada Família,41.403423,2.174611,A,875,91
190162,Quartier gothique,41.3827,2.177113,A,875,91
190824,Palau de la Música Catalana,41.387573,2.175302,A,684,90
190166,Sagrada Família,41.403423,2.174611,A,684,90
190629,Casa Milà,41.395325,2.161925,A,928,90
190624,Parc Güell,41.41451,2.152709,A,928,90
190166,Sagrada Família,41.403423,2.174611,A,928,90
190162,Quartier gothique,41.3827,2.177113,A,928,90
190624,Parc Güell,41.41451,2.152709,A,296,90
190824,Palau de la Música Catalana,41.387573,2.175302,A,296,90
190166,Sagrada Família,41.403423,2.174611,A,296,90
271009,Camp Nou,41.380924,2.122952,A,1,90
190624,Parc Güell,41.41451,2.152709,A,1,90
190624,Parc Güell,41.41451,2.152709,A,309,90
1059712,Ciudad Condal,41.38874,2.166787,R,309,90
190166,Sagrada Família,41.403423,2.174611,A,309,90
190624,Parc Güell,41.41451,2.152709,A,538,90
190162,Quartier gothique,41.3827,2.177113,A,538,90
1059712,Ciudad Condal,41.38874,2.166787,R,1002,90
190166,Sagrada Família,41.403423,2.174611,A,1002,90
190162,Quartier gothique,41.3827,2.177113,A,1002,90
190624,Parc Güell,41.41451,2.152709,A,610,90
190166,Sagrada Família,41.403423,2.174611,A,610,90
190162,Quartier gothique,41.3827,2.177113,A,610,90
271009,Camp Nou,41.380924,2.122952,A,310,90
190624,Parc Güell,41.41451,2.152709,A,310,90
190166,Sagrada Família,41.403423,2.174611,A,310,90
271009,Camp Nou,41.380924,2.122952,A,779,89
190166,Sagrada Família,41.403423,2.174611,A,779,89
190162,Quartier gothique,41.3827,2.177113,A,779,89
190624,Parc Güell,41.41451,2.152709,A,762,89
190166,Sagrada Família,41.403423,2.174611,A,762,89
190162,Quartier gothique,41.3827,2.177113,A,762,89
271009,Camp Nou,41.380924,2.122952,A,788,89
1059712,Ciudad Condal,41.38874,2.166787,R,788,89
190166,Sagrada Família,41.403423,2.174611,A,788,89
190162,Quartier gothique,41.3827,2.177113,A,788,89
246171,Église Sainte-Marie-de-la-Mer,41.38349,2.18178,A,39,89
190166,Sagrada Família,41.403423,2.174611,A,39,89
190624,Parc Güell,41.41451,2.152709,A,876,89
190166,Sagrada Família,41.403423,2.174611,A,876,89
190162,Quartier gothique,41.3827,2.177113,A,876,89
271009,Camp Nou,41.380924,2.122952,A,404,89
190629,Casa Milà,41.395325,2.161925,A,404,89
190624,Parc Güell,41.41451,2.152709,A,404,89
190166,Sagrada Família,41.403423,2.174611,A,404,89
190624,Parc Güell,41.41451,2.152709,A,489,89
190824,Palau de la Música Catalana,41.387573,2.175302,A,489,89
190166,Sagrada Família,41.403423,2.174611,A,489,89
190624,Parc Güell,41.41451,2.152709,A,732,89
190824,Palau de la Música Catalana,41.387573,2.175302,A,732,89
1059712,Ciudad Condal,41.38874,2.166787,R,732,89
190166,Sagrada Família,41.403423,2.174611,A,732,89
190624,Parc Güell,41.41451,2.152709,A,494,89
190824,Palau de la Música Catalana,41.387573,2.175302,A,494,89
1059712,Ciudad Condal,41.38874,2.166787,R,494,89
190166,Sagrada Família,41.403423,2.174611,A,494,89
271009,Camp Nou,41.380924,2.122952,A,101,89
190629,Casa Milà,41.395325,2.161925,A,101,89
190624,Parc Güell,41.41451,2.152709,A,101,89
246171,Église Sainte-Marie-de-la-Mer,41.38349,2.18178,A,32,89
190629,Casa Milà,41.395325,2.161925,A,32,89
254723,Passeig de Gràcia,41.39493,2.16177,A,31,89
190629,Casa Milà,41.395325,2.161925,A,31,89
190624,Parc Güell,41.41451,2.152709,A,905,89
190824,Palau de la Música Catalana,41.387573,2.175302,A,905,89
190166,Sagrada Família,41.403423,2.174611,A,905,89
190162,Quartier gothique,41.3827,2.177113,A,905,89
190624,Parc Güell,41.41451,2.152709,A,308,89
190824,Palau de la Música Catalana,41.387573,2.175302,A,308,89
1059712,Ciudad Condal,41.38874,2.166787,R,308,89
190166,Sagrada Família,41.403423,2.174611,A,308,89
190624,Parc Güell,41.41451,2.152709,A,910,89
1059712,Ciudad Condal,41.38874,2.166787,R,910,89
190166,Sagrada Família,41.403423,2.174611,A,910,89
190162,Quartier gothique,41.3827,2.177113,A,910,89
190624,Parc Güell,41.41451,2.152709,A,515,89
190824,Palau de la Música Catalana,41.387573,2.175302,A,515,89
1059712,Ciudad Condal,41.38874,2.166787,R,515,89
190166,Sagrada Família,41.403423,2.174611,A,515,89
271009,Camp Nou,41.380924,2.122952,A,3,89
190166,Sagrada Família,41.403423,2.174611,A,3,89
271009,Camp Nou,41.380924,2.122952,A,6,89
1059712,Ciudad Condal,41.38874,2.166787,R,6,89
190166,Sagrada Família,41.403423,2.174611,A,6,89
190624,Parc Güell,41.41451,2.152709,A,242,89
190824,Palau de la Música Catalana,41.387573,2.175302,A,242,89
246171,Église Sainte-Marie-de-la-Mer,41.38349,2.18178,A,258,89
190624,Parc Güell,41.41451,2.152709,A,258,89
190166,Sagrada Família,41.403423,2.174611,A,258,89
190824,Palau de la Música Catalana,41.387573,2.175302,A,969,89
190166,Sagrada Família,41.403423,2.174611,A,969,89
190162,Quartier gothique,41.3827,2.177113,A,969,89
246171,Église Sainte-Marie-de-la-Mer,41.38349,2.18178,A,695,89
190824,Palau de la Música Catalana,41.387573,2.175302,A,695,89
190166,Sagrada Família,41.403423,2.174611,A,695,89
190824,Palau de la Música Catalana,41.387573,2.175302,A,719,89
1059712,Ciudad Condal,41.38874,2.166787,R,719,89
190166,Sagrada Família,41.403423,2.174611,A,719,89
246171,Église Sainte-Marie-de-la-Mer,41.38349,2.18178,A,300,89
190624,Parc Güell,41.41451,2.152709,A,300,89
190824,Palau de la Música Catalana,41.387573,2.175302,A,300,89
190166,Sagrada Família,41.403423,2.174611,A,300,89
190624,Parc Güell,41.41451,2.152709,A,720,89
190824,Palau de la Música Catalana,41.387573,2.175302,A,720,89
190166,Sagrada Família,41.403423,2.174611,A,720,89
190624,Parc Güell,41.41451,2.152709,A,488,89
190824,Palau de la Música Catalana,41.387573,2.175302,A,488,89
190166,Sagrada Família,41.403423,2.174611,A,488,89
190629,Casa Milà,41.395325,2.161925,A,507,88
190624,Parc Güell,41.41451,2.152709,A,507,88
190824,Palau de la Música Catalana,41.387573,2.175302,A,507,88
190166,Sagrada Família,41.403423,2.174611,A,507,88
190629,Casa Milà,41.395325,2.161925,A,511,88
190624,Parc Güell,41.41451,2.152709,A,511,88
190824,Palau de la Música Catalana,41.387573,2.175302,A,511,88
1059712,Ciudad Condal,41.38874,2.166787,R,511,88
190166,Sagrada Família,41.403423,2.174611,A,511,88
271009,Camp Nou,41.380924,2.122952,A,469,88
191040,Abadia de Montserrat,41.591694,1.834824,A,469,88
190624,Parc Güell,41.41451,2.152709,A,469,88
190166,Sagrada Família,41.403423,2.174611,A,469,88
190629,Casa Milà,41.395325,2.161925,A,492,88
190624,Parc Güell,41.41451,2.152709,A,492,88
190824,Palau de la Música Catalana,41.387573,2.175302,A,492,88
190166,Sagrada Família,41.403423,2.174611,A,492,88
246171,Église Sainte-Marie-de-la-Mer,41.38349,2.18178,A,491,88
190624,Parc Güell,41.41451,2.152709,A,491,88
190824,Palau de la Música Catalana,41.387573,2.175302,A,491,88
190166,Sagrada Família,41.403423,2.174611,A,491,88
190629,Casa Milà,41.395325,2.161925,A,559,88
190624,Parc Güell,41.41451,2.152709,A,559,88
190162,Quartier gothique,41.3827,2.177113,A,559,88
246171,Église Sainte-Marie-de-la-Mer,41.38349,2.18178,A,501,88
190624,Parc Güell,41.41451,2.152709,A,501,88
190824,Palau de la Música Catalana,41.387573,2.175302,A,501,88
190166,Sagrada Família,41.403423,2.174611,A,501,88
190624,Parc Güell,41.41451,2.152709,A,591,88
190824,Palau de la Música Catalana,41.387573,2.175302,A,591,88
190162,Quartier gothique,41.3827,2.177113,A,591,88
190624,Parc Güell,41.41451,2.152709,A,601,88
190824,Palau de la Música Catalana,41.387573,2.175302,A,601,88
190166,Sagrada Família,41.403423,2.174611,A,601,88
190162,Quartier gothique,41.3827,2.177113,A,601,88
190629,Casa Milà,41.395325,2.161925,A,607,88
190624,Parc Güell,41.41451,2.152709,A,607,88
190824,Palau de la Música Catalana,41.387573,2.175302,A,607,88
190166,Sagrada Família,41.403423,2.174611,A,607,88
190162,Quartier gothique,41.3827,2.177113,A,607,88
190624,Parc Güell,41.41451,2.152709,A,609,88
190824,Palau de la Música Catalana,41.387573,2.175302,A,609,88
1059712,Ciudad Condal,41.38874,2.166787,R,609,88
190166,Sagrada Família,41.403423,2.174611,A,609,88
190162,Quartier gothique,41.3827,2.177113,A,609,88
246171,Église Sainte-Marie-de-la-Mer,41.38349,2.18178,A,389,88
190629,Casa Milà,41.395325,2.161925,A,389,88
190624,Parc Güell,41.41451,2.152709,A,389,88
190166,Sagrada Família,41.403423,2.174611,A,389,88
191040,Abadia de Montserrat,41.591694,1.834824,A,445,88
190624,Parc Güell,41.41451,2.152709,A,445,88
190166,Sagrada Família,41.403423,2.174611,A,445,88
190624,Parc Güell,41.41451,2.152709,A,294,88
257527,Musée national d’art de Catalogne,41.368454,2.153715,A,294,88
190166,Sagrada Família,41.403423,2.174611,A,294,88
190629,Casa Milà,41.395325,2.161925,A,170,88
190624,Parc Güell,41.41451,2.152709,A,170,88
190824,Palau de la Música Catalana,41.387573,2.175302,A,170,88
190166,Sagrada Família,41.403423,2.174611,A,170,88
190629,Casa Milà,41.395325,2.161925,A,174,88
190624,Parc Güell,41.41451,2.152709,A,174,88
190824,Palau de la Música Catalana,41.387573,2.175302,A,174,88
1059712,Ciudad Condal,41.38874,2.166787,R,174,88
190166,Sagrada Família,41.403423,2.174611,A,174,88
190629,Casa Milà,41.395325,2.161925,A,178,88
1059712,Ciudad Condal,41.38874,2.166787,R,178,88
190166,Sagrada Família,41.403423,2.174611,A,178,88
191040,Abadia de Montserrat,41.591694,1.834824,A,235,88
190624,Parc Güell,41.41451,2.152709,A,235,88
271009,Camp Nou,41.380924,2.122952,A,236,88
191040,Abadia de Montserrat,41.591694,1.834824,A,236,88
190624,Parc Güell,41.41451,2.152709,A,236,88
271009,Camp Nou,41.380924,2.122952,A,254,88
190624,Parc Güell,41.41451,2.152709,A,254,88
190166,Sagrada Família,41.403423,2.174611,A,254,88
271009,Camp Nou,41.380924,2.122952,A,257,88
190624,Parc Güell,41.41451,2.152709,A,257,88
1059712,Ciudad Condal,41.38874,2.166787,R,257,88
190166,Sagrada Família,41.403423,2.174611,A,257,88
246171,Église Sainte-Marie-de-la-Mer,41.38349,2.18178,A,264,88
190624,Parc Güell,41.41451,2.152709,A,264,88
1059712,Ciudad Condal,41.38874,2.166787,R,264,88
190166,Sagrada Família,41.403423,2.174611,A,264,88
190629,Casa Milà,41.395325,2.161925,A,271,88
190624,Parc Güell,41.41451,2.152709,A,271,88
190166,Sagrada Família,41.403423,2.174611,A,271,88
190629,Casa Milà,41.395325,2.161925,A,282,88
190624,Parc Güell,41.41451,2.152709,A,282,88
190824,Palau de la Música Catalana,41.387573,2.175302,A,282,88
190166,Sagrada Família,41.403423,2.174611,A,282,88
190629,Casa Milà,41.395325,2.161925,A,286,88
190624,Parc Güell,41.41451,2.152709,A,286,88
190824,Palau de la Música Catalana,41.387573,2.175302,A,286,88
1059712,Ciudad Condal,41.38874,2.166787,R,286,88
190166,Sagrada Família,41.403423,2.174611,A,286,88
190629,Casa Milà,41.395325,2.161925,A,287,88
190624,Parc Güell,41.41451,2.152709,A,287,88
1059712,Ciudad Condal,41.38874,2.166787,R,287,88
190166,Sagrada Família,41.403423,2.174611,A,287,88
246171,Église Sainte-Marie-de-la-Mer,41.38349,2.18178,A,303,88
190624,Parc Güell,41.41451,2.152709,A,303,88
190824,Palau de la Música Catalana,41.387573,2.175302,A,303,88
1059712,Ciudad Condal,41.38874,2.166787,R,303,88
190166,Sagrada Família,41.403423,2.174611,A,303,88
254723,Passeig de Gràcia,41.39493,2.16177,A,438,88
190629,Casa Milà,41.395325,2.161925,A,438,88
190624,Parc Güell,41.41451,2.152709,A,438,88
190166,Sagrada Família,41.403423,2.174611,A,438,88
271009,Camp Nou,41.380924,2.122952,A,317,88
246171,Église Sainte-Marie-de-la-Mer,41.38349,2.18178,A,317,88
190624,Parc Güell,41.41451,2.152709,A,317,88
190166,Sagrada Família,41.403423,2.174611,A,317,88
271009,Camp Nou,41.380924,2.122952,A,328,88
190624,Parc Güell,41.41451,2.152709,A,328,88
257527,Musée national d’art de Catalogne,41.368454,2.153715,A,328,88
190166,Sagrada Família,41.403423,2.174611,A,328,88
271009,Camp Nou,41.380924,2.122952,A,330,88
190624,Parc Güell,41.41451,2.152709,A,330,88
190824,Palau de la Música Catalana,41.387573,2.175302,A,330,88
190166,Sagrada Família,41.403423,2.174611,A,330,88
271009,Camp Nou,41.380924,2.122952,A,331,88
246171,Église Sainte-Marie-de-la-Mer,41.38349,2.18178,A,331,88
190624,Parc Güell,41.41451,2.152709,A,331,88
190824,Palau de la Música Catalana,41.387573,2.175302,A,331,88
190166,Sagrada Família,41.403423,2.174611,A,331,88
271009,Camp Nou,41.380924,2.122952,A,386,88
190629,Casa Milà,41.395325,2.161925,A,386,88
190624,Parc Güell,41.41451,2.152709,A,386,88
190166,Sagrada Família,41.403423,2.174611,A,386,88
271009,Camp Nou,41.380924,2.122952,A,388,88
190629,Casa Milà,41.395325,2.161925,A,388,88
190624,Parc Güell,41.41451,2.152709,A,388,88
1059712,Ciudad Condal,41.38874,2.166787,R,388,88
190166,Sagrada Família,41.403423,2.174611,A,388,88
190624,Parc Güell,41.41451,2.152709,A,623,88
190824,Palau de la Música Catalana,41.387573,2.175302,A,623,88
190166,Sagrada Família,41.403423,2.174611,A,623,88
190162,Quartier gothique,41.3827,2.177113,A,623,88
190629,Casa Milà,41.395325,2.161925,A,398,88
190624,Parc Güell,41.41451,2.152709,A,398,88
190824,Palau de la Música Catalana,41.387573,2.175302,A,398,88
190166,Sagrada Família,41.403423,2.174611,A,398,88
246171,Église Sainte-Marie-de-la-Mer,41.38349,2.18178,A,400,88
190629,Casa Milà,41.395325,2.161925,A,400,88
190624,Parc Güell,41.41451,2.152709,A,400,88
190824,Palau de la Música Catalana,41.387573,2.175302,A,400,88
190166,Sagrada Família,41.403423,2.174611,A,400,88
190629,Casa Milà,41.395325,2.161925,A,403,88
190624,Parc Güell,41.41451,2.152709,A,403,88
1059712,Ciudad Condal,41.38874,2.166787,R,403,88
190166,Sagrada Família,41.403423,2.174611,A,403,88
271009,Camp Nou,41.380924,2.122952,A,406,88
246171,Église Sainte-Marie-de-la-Mer,41.38349,2.18178,A,406,88
190629,Casa Milà,41.395325,2.161925,A,406,88
190624,Parc Güell,41.41451,2.152709,A,406,88
190166,Sagrada Família,41.403423,2.174611,A,406,88
271009,Camp Nou,41.380924,2.122952,A,410,88
190629,Casa Milà,41.395325,2.161925,A,410,88
190624,Parc Güell,41.41451,2.152709,A,410,88
190824,Palau de la Música Catalana,41.387573,2.175302,A,410,88
190166,Sagrada Família,41.403423,2.174611,A,410,88
190629,Casa Milà,41.395325,2.161925,A,615,88
190624,Parc Güell,41.41451,2.152709,A,615,88
190166,Sagrada Família,41.403423,2.174611,A,615,88
190162,Quartier gothique,41.3827,2.177113,A,615,88
246171,Église Sainte-Marie-de-la-Mer,41.38349,2.18178,A,504,88
190624,Parc Güell,41.41451,2.152709,A,504,88
190824,Palau de la Música Catalana,41.387573,2.175302,A,504,88
1059712,Ciudad Condal,41.38874,2.166787,R,504,88
190166,Sagrada Família,41.403423,2.174611,A,504,88
190629,Casa Milà,41.395325,2.161925,A,645,88
190624,Parc Güell,41.41451,2.152709,A,645,88
190166,Sagrada Família,41.403423,2.174611,A,645,88
190162,Quartier gothique,41.3827,2.177113,A,645,88
190629,Casa Milà,41.395325,2.161925,A,650,88
190624,Parc Güell,41.41451,2.152709,A,650,88
190824,Palau de la Música Catalana,41.387573,2.175302,A,650,88
190166,Sagrada Família,41.403423,2.174611,A,650,88
190162,Quartier gothique,41.3827,2.177113,A,650,88
271009,Camp Nou,41.380924,2.122952,A,890,88
190624,Parc Güell,41.41451,2.152709,A,890,88
1059712,Ciudad Condal,41.38874,2.166787,R,890,88
190166,Sagrada Família,41.403423,2.174611,A,890,88
190162,Quartier gothique,41.3827,2.177113,A,890,88
246171,Église Sainte-Marie-de-la-Mer,41.38349,2.18178,A,891,88
190624,Parc Güell,41.41451,2.152709,A,891,88
190166,Sagrada Família,41.403423,2.174611,A,891,88
190162,Quartier gothique,41.3827,2.177113,A,891,88
190629,Casa Milà,41.395325,2.161925,A,896,88
190624,Parc Güell,41.41451,2.152709,A,896,88
190166,Sagrada Família,41.403423,2.174611,A,896,88
190162,Quartier gothique,41.3827,2.177113,A,896,88
190629,Casa Milà,41.395325,2.161925,A,900,88
190624,Parc Güell,41.41451,2.152709,A,900,88
190824,Palau de la Música Catalana,41.387573,2.175302,A,900,88
190166,Sagrada Família,41.403423,2.174611,A,900,88
190162,Quartier gothique,41.3827,2.177113,A,900,88
190629,Casa Milà,41.395325,2.161925,A,901,88
190624,Parc Güell,41.41451,2.152709,A,901,88
1059712,Ciudad Condal,41.38874,2.166787,R,901,88
190166,Sagrada Família,41.403423,2.174611,A,901,88
190162,Quartier gothique,41.3827,2.177113,A,901,88
246171,Église Sainte-Marie-de-la-Mer,41.38349,2.18178,A,907,88
190624,Parc Güell,41.41451,2.152709,A,907,88
190824,Palau de la Música Catalana,41.387573,2.175302,A,907,88
190166,Sagrada Família,41.403423,2.174611,A,907,88
190162,Quartier gothique,41.3827,2.177113,A,907,88
190624,Parc Güell,41.41451,2.152709,A,909,88
190824,Palau de la Música Catalana,41.387573,2.175302,A,909,88
1059712,Ciudad Condal,41.38874,2.166787,R,909,88
190166,Sagrada Família,41.403423,2.174611,A,909,88
190162,Quartier gothique,41.3827,2.177113,A,909,88
271009,Camp Nou,41.380924,2.122952,A,911,88
190624,Parc Güell,41.41451,2.152709,A,911,88
190166,Sagrada Família,41.403423,2.174611,A,911,88
190162,Quartier gothique,41.3827,2.177113,A,911,88
271009,Camp Nou,41.380924,2.122952,A,913,88
246171,Église Sainte-Marie-de-la-Mer,41.38349,2.18178,A,913,88
190624,Parc Güell,41.41451,2.152709,A,913,88
190166,Sagrada Família,41.403423,2.174611,A,913,88
190162,Quartier gothique,41.3827,2.177113,A,913,88
271009,Camp Nou,41.380924,2.122952,A,916,88
190624,Parc Güell,41.41451,2.152709,A,916,88
190824,Palau de la Música Catalana,41.387573,2.175302,A,916,88
190166,Sagrada Família,41.403423,2.174611,A,916,88
190162,Quartier gothique,41.3827,2.177113,A,916,88
271009,Camp Nou,41.380924,2.122952,A,930,88
190629,Casa Milà,41.395325,2.161925,A,930,88
190624,Parc Güell,41.41451,2.152709,A,930,88
190166,Sagrada Família,41.403423,2.174611,A,930,88
190162,Quartier gothique,41.3827,2.177113,A,930,88
246171,Église Sainte-Marie-de-la-Mer,41.38349,2.18178,A,931,88
190629,Casa Milà,41.395325,2.161925,A,931,88
190624,Parc Güell,41.41451,2.152709,A,931,88
190166,Sagrada Família,41.403423,2.174611,A,931,88
190162,Quartier gothique,41.3827,2.177113,A,931,88
190629,Casa Milà,41.395325,2.161925,A,933,88
190624,Parc Güell,41.41451,2.152709,A,933,88
190824,Palau de la Música Catalana,41.387573,2.175302,A,933,88
190166,Sagrada Família,41.403423,2.174611,A,933,88
190162,Quartier gothique,41.3827,2.177113,A,933,88
190629,Casa Milà,41.395325,2.161925,A,934,88
190624,Parc Güell,41.41451,2.152709,A,934,88
1059712,Ciudad Condal,41.38874,2.166787,R,934,88
190166,Sagrada Família,41.403423,2.174611,A,934,88
190162,Quartier gothique,41.3827,2.177113,A,934,88
271009,Camp Nou,41.380924,2.122952,A,935,88
190629,Casa Milà,41.395325,2.161925,A,935,88
190624,Parc Güell,41.41451,2.152709,A,935,88
190166,Sagrada Família,41.403423,2.174611,A,935,88
190162,Quartier gothique,41.3827,2.177113,A,935,88
190624,Parc Güell,41.41451,2.152709,A,950,88
190824,Palau de la Música Catalana,41.387573,2.175302,A,950,88
190166,Sagrada Família,41.403423,2.174611,A,950,88
190162,Quartier gothique,41.3827,2.177113,A,950,88
190624,Parc Güell,41.41451,2.152709,A,951,88
190824,Palau de la Música Catalana,41.387573,2.175302,A,951,88
190166,Sagrada Família,41.403423,2.174611,A,951,88
190162,Quartier gothique,41.3827,2.177113,A,951,88
190629,Casa Milà,41.395325,2.161925,A,954,88
190624,Parc Güell,41.41451,2.152709,A,954,88
190824,Palau de la Música Catalana,41.387573,2.175302,A,954,88
190166,Sagrada Família,41.403423,2.174611,A,954,88
190162,Quartier gothique,41.3827,2.177113,A,954,88
190624,Parc Güell,41.41451,2.152709,A,956,88
190824,Palau de la Música Catalana,41.387573,2.175302,A,956,88
1059712,Ciudad Condal,41.38874,2.166787,R,956,88
190166,Sagrada Família,41.403423,2.174611,A,956,88
190162,Quartier gothique,41.3827,2.177113,A,956,88
190624,Parc Güell,41.41451,2.152709,A,970,88
190824,Palau de la Música Catalana,41.387573,2.175302,A,970,88
190166,Sagrada Família,41.403423,2.174611,A,970,88
190162,Quartier gothique,41.3827,2.177113,A,970,88
246171,Église Sainte-Marie-de-la-Mer,41.38349,2.18178,A,980,88
190824,Palau de la Música Catalana,41.387573,2.175302,A,980,88
190166,Sagrada Família,41.403423,2.174611,A,980,88
190162,Quartier gothique,41.3827,2.177113,A,980,88
190824,Palau de la Música Catalana,41.387573,2.175302,A,990,88
1059712,Ciudad Condal,41.38874,2.166787,R,990,88
190166,Sagrada Família,41.403423,2.174611,A,990,88
190162,Quartier gothique,41.3827,2.177113,A,990,88
190624,Parc Güell,41.41451,2.152709,A,991,88
190824,Palau de la Música Catalana,41.387573,2.175302,A,991,88
1059712,Ciudad Condal,41.38874,2.166787,R,991,88
190166,Sagrada Família,41.403423,2.174611,A,991,88
190162,Quartier gothique,41.3827,2.177113,A,991,88
190624,Parc Güell,41.41451,2.152709,A,992,88
190824,Palau de la Música Catalana,41.387573,2.175302,A,992,88
190166,Sagrada Família,41.403423,2.174611,A,992,88
190162,Quartier gothique,41.3827,2.177113,A,992,88
190624,Parc Güell,41.41451,2.152709,A,993,88
190824,Palau de la Música Catalana,41.387573,2.175302,A,993,88
190166,Sagrada Família,41.403423,2.174611,A,993,88
190162,Quartier gothique,41.3827,2.177113,A,993,88
190624,Parc Güell,41.41451,2.152709,A,997,88
190824,Palau de la Música Catalana,41.387573,2.175302,A,997,88
1059712,Ciudad Condal,41.38874,2.166787,R,997,88
190166,Sagrada Família,41.403423,2.174611,A,997,88
190162,Quartier gothique,41.3827,2.177113,A,997,88
190624,Parc Güell,41.41451,2.152709,A,1003,88
1059712,Ciudad Condal,41.38874,2.166787,R,1003,88
190166,Sagrada Família,41.403423,2.174611,A,1003,88
190162,Quartier gothique,41.3827,2.177113,A,1003,88
271009,Camp Nou,41.380924,2.122952,A,888,88
190624,Parc Güell,41.41451,2.152709,A,888,88
190166,Sagrada Família,41.403423,2.174611,A,888,88
190162,Quartier gothique,41.3827,2.177113,A,888,88
190624,Parc Güell,41.41451,2.152709,A,887,88
190824,Palau de la Música Catalana,41.387573,2.175302,A,887,88
190166,Sagrada Família,41.403423,2.174611,A,887,88
190162,Quartier gothique,41.3827,2.177113,A,887,88
190629,Casa Milà,41.395325,2.161925,A,885,88
190624,Parc Güell,41.41451,2.152709,A,885,88
190166,Sagrada Família,41.403423,2.174611,A,885,88
190162,Quartier gothique,41.3827,2.177113,A,885,88
190629,Casa Milà,41.395325,2.161925,A,767,88
190624,Parc Güell,41.41451,2.152709,A,767,88
190166,Sagrada Família,41.403423,2.174611,A,767,88
190162,Quartier gothique,41.3827,2.177113,A,767,88
190629,Casa Milà,41.395325,2.161925,A,654,88
190624,Parc Güell,41.41451,2.152709,A,654,88
190824,Palau de la Música Catalana,41.387573,2.175302,A,654,88
190166,Sagrada Família,41.403423,2.174611,A,654,88
190162,Quartier gothique,41.3827,2.177113,A,654,88
190629,Casa Milà,41.395325,2.161925,A,655,88
190624,Parc Güell,41.41451,2.152709,A,655,88
1059712,Ciudad Condal,41.38874,2.166787,R,655,88
190166,Sagrada Família,41.403423,2.174611,A,655,88
190162,Quartier gothique,41.3827,2.177113,A,655,88
190624,Parc Güell,41.41451,2.152709,A,664,88
190824,Palau de la Música Catalana,41.387573,2.175302,A,664,88
190166,Sagrada Família,41.403423,2.174611,A,664,88
190162,Quartier gothique,41.3827,2.177113,A,664,88
190624,Parc Güell,41.41451,2.152709,A,665,88
190824,Palau de la Música Catalana,41.387573,2.175302,A,665,88
190166,Sagrada Família,41.403423,2.174611,A,665,88
190162,Quartier gothique,41.3827,2.177113,A,665,88
190624,Parc Güell,41.41451,2.152709,A,673,88
190824,Palau de la Música Catalana,41.387573,2.175302,A,673,88
1059712,Ciudad Condal,41.38874,2.166787,R,673,88
190166,Sagrada Família,41.403423,2.174611,A,673,88
190162,Quartier gothique,41.3827,2.177113,A,673,88
190624,Parc Güell,41.41451,2.152709,A,674,88
1059712,Ciudad Condal,41.38874,2.166787,R,674,88
190166,Sagrada Família,41.403423,2.174611,A,674,88
190162,Quartier gothique,41.3827,2.177113,A,674,88
190624,Parc Güell,41.41451,2.152709,A,679,88
190824,Palau de la Música Catalana,41.387573,2.175302,A,679,88
1059712,Ciudad Condal,41.38874,2.166787,R,679,88
190166,Sagrada Família,41.403423,2.174611,A,679,88
190162,Quartier gothique,41.3827,2.177113,A,679,88
257527,Musée national d’art de Catalogne,41.368454,2.153715,A,682,88
190166,Sagrada Família,41.403423,2.174611,A,682,88
190629,Casa Milà,41.395325,2.161925,A,156,88
190824,Palau de la Música Catalana,41.387573,2.175302,A,156,88
190166,Sagrada Família,41.403423,2.174611,A,156,88
246171,Église Sainte-Marie-de-la-Mer,41.38349,2.18178,A,702,88
190824,Palau de la Música Catalana,41.387573,2.175302,A,702,88
1059712,Ciudad Condal,41.38874,2.166787,R,702,88
190166,Sagrada Família,41.403423,2.174611,A,702,88
246171,Église Sainte-Marie-de-la-Mer,41.38349,2.18178,A,724,88
190624,Parc Güell,41.41451,2.152709,A,724,88
190824,Palau de la Música Catalana,41.387573,2.175302,A,724,88
190166,Sagrada Família,41.403423,2.174611,A,724,88
246171,Église Sainte-Marie-de-la-Mer,41.38349,2.18178,A,727,88
190624,Parc Güell,41.41451,2.152709,A,727,88
190824,Palau de la Música Catalana,41.387573,2.175302,A,727,88
1059712,Ciudad Condal,41.38874,2.166787,R,727,88
190166,Sagrada Família,41.403423,2.174611,A,727,88
190624,Parc Güell,41.41451,2.152709,A,775,88
190824,Palau de la Música Catalana,41.387573,2.175302,A,775,88
190166,Sagrada Família,41.403423,2.174611,A,775,88
190162,Quartier gothique,41.3827,2.177113,A,775,88
190624,Parc Güell,41.41451,2.152709,A,882,88
1059712,Ciudad Condal,41.38874,2.166787,R,882,88
190166,Sagrada Família,41.403423,2.174611,A,882,88
190162,Quartier gothique,41.3827,2.177113,A,882,88
246171,Église Sainte-Marie-de-la-Mer,41.38349,2.18178,A,798,88
190166,Sagrada Família,41.403423,2.174611,A,798,88
190162,Quartier gothique,41.3827,2.177113,A,798,88
190629,Casa Milà,41.395325,2.161925,A,829,88
190166,Sagrada Família,41.403423,2.174611,A,829,88
190162,Quartier gothique,41.3827,2.177113,A,829,88
190629,Casa Milà,41.395325,2.161925,A,830,88
190624,Parc Güell,41.41451,2.152709,A,830,88
190166,Sagrada Família,41.403423,2.174611,A,830,88
190162,Quartier gothique,41.3827,2.177113,A,830,88
190629,Casa Milà,41.395325,2.161925,A,834,88
190624,Parc Güell,41.41451,2.152709,A,834,88
190824,Palau de la Música Catalana,41.387573,2.175302,A,834,88
190166,Sagrada Família,41.403423,2.174611,A,834,88
190162,Quartier gothique,41.3827,2.177113,A,834,88
190629,Casa Milà,41.395325,2.161925,A,850,88
190824,Palau de la Música Catalana,41.387573,2.175302,A,850,88
190166,Sagrada Família,41.403423,2.174611,A,850,88
190162,Quartier gothique,41.3827,2.177113,A,850,88
190629,Casa Milà,41.395325,2.161925,A,851,88
190624,Parc Güell,41.41451,2.152709,A,851,88
190824,Palau de la Música Catalana,41.387573,2.175302,A,851,88
190166,Sagrada Família,41.403423,2.174611,A,851,88
190162,Quartier gothique,41.3827,2.177113,A,851,88
190629,Casa Milà,41.395325,2.161925,A,855,88
190824,Palau de la Música Catalana,41.387573,2.175302,A,855,88
1059712,Ciudad Condal,41.38874,2.166787,R,855,88
190166,Sagrada Família,41.403423,2.174611,A,855,88
190162,Quartier gothique,41.3827,2.177113,A,855,88
190629,Casa Milà,41.395325,2.161925,A,856,88
190624,Parc Güell,41.41451,2.152709,A,856,88
190824,Palau de la Música Catalana,41.387573,2.175302,A,856,88
190166,Sagrada Família,41.403423,2.174611,A,856,88
190162,Quartier gothique,41.3827,2.177113,A,856,88
190629,Casa Milà,41.395325,2.161925,A,857,88
1059712,Ciudad Condal,41.38874,2.166787,R,857,88
190166,Sagrada Família,41.403423,2.174611,A,857,88
190162,Quartier gothique,41.3827,2.177113,A,857,88
190629,Casa Milà,41.395325,2.161925,A,858,88
190624,Parc Güell,41.41451,2.152709,A,858,88
1059712,Ciudad Condal,41.38874,2.166787,R,858,88
190166,Sagrada Família,41.403423,2.174611,A,858,88
190162,Quartier gothique,41.3827,2.177113,A,858,88
190629,Casa Milà,41.395325,2.161925,A,879,88
190624,Parc Güell,41.41451,2.152709,A,879,88
190166,Sagrada Família,41.403423,2.174611,A,879,88
190162,Quartier gothique,41.3827,2.177113,A,879,88
190624,Parc Güell,41.41451,2.152709,A,881,88
190824,Palau de la Música Catalana,41.387573,2.175302,A,881,88
190166,Sagrada Família,41.403423,2.174611,A,881,88
190162,Quartier gothique,41.3827,2.177113,A,881,88
190629,Casa Milà,41.395325,2.161925,A,169,88
190824,Palau de la Música Catalana,41.387573,2.175302,A,169,88
1059712,Ciudad Condal,41.38874,2.166787,R,169,88
190166,Sagrada Família,41.403423,2.174611,A,169,88
190624,Parc Güell,41.41451,2.152709,A,1008,88
190824,Palau de la Música Catalana,41.387573,2.175302,A,1008,88
1059712,Ciudad Condal,41.38874,2.166787,R,1008,88
190166,Sagrada Família,41.403423,2.174611,A,1008,88
190162,Quartier gothique,41.3827,2.177113,A,1008,88
254723,Passeig de Gràcia,41.39493,2.16177,A,120,88
190629,Casa Milà,41.395325,2.161925,A,120,88
190624,Parc Güell,41.41451,2.152709,A,120,88
246171,Église Sainte-Marie-de-la-Mer,41.38349,2.18178,A,52,88
1059712,Ciudad Condal,41.38874,2.166787,R,52,88
190166,Sagrada Família,41.403423,2.174611,A,52,88
254723,Passeig de Gràcia,41.39493,2.16177,A,30,88
246171,Église Sainte-Marie-de-la-Mer,41.38349,2.18178,A,30,88
190629,Casa Milà,41.395325,2.161925,A,123,88
190166,Sagrada Família,41.403423,2.174611,A,123,88
254723,Passeig de Gràcia,41.39493,2.16177,A,144,87
246171,Église Sainte-Marie-de-la-Mer,41.38349,2.18178,A,144,87
190629,Casa Milà,41.395325,2.161925,A,144,87
670716,Barcelona Bus Turistic,41.386295,2.169909,A,144,87
190166,Sagrada Família,41.403423,2.174611,A,144,87
246171,Église Sainte-Marie-de-la-Mer,41.38349,2.18178,A,726,87
190624,Parc Güell,41.41451,2.152709,A,726,87
670716,Barcelona Bus Turistic,41.386295,2.169909,A,726,87
190824,Palau de la Música Catalana,41.387573,2.175302,A,726,87
190166,Sagrada Família,41.403423,2.174611,A,726,87
246171,Église Sainte-Marie-de-la-Mer,41.38349,2.18178,A,716,87
191040,Abadia de Montserrat,41.591694,1.834824,A,716,87
190624,Parc Güell,41.41451,2.152709,A,716,87
190824,Palau de la Música Catalana,41.387573,2.175302,A,716,87
190166,Sagrada Família,41.403423,2.174611,A,716,87
670716,Barcelona Bus Turistic,41.386295,2.169909,A,717,87
190824,Palau de la Música Catalana,41.387573,2.175302,A,717,87
190166,Sagrada Família,41.403423,2.174611,A,717,87
670716,Barcelona Bus Turistic,41.386295,2.169909,A,718,87
190824,Palau de la Música Catalana,41.387573,2.175302,A,718,87
1059712,Ciudad Condal,41.38874,2.166787,R,718,87
190166,Sagrada Família,41.403423,2.174611,A,718,87
246171,Église Sainte-Marie-de-la-Mer,41.38349,2.18178,A,68,87
190624,Parc Güell,41.41451,2.152709,A,68,87
670716,Barcelona Bus Turistic,41.386295,2.169909,A,68,87
1059712,Ciudad Condal,41.38874,2.166787,R,68,87
190166,Sagrada Família,41.403423,2.174611,A,68,87
246171,Église Sainte-Marie-de-la-Mer,41.38349,2.18178,A,67,87
190624,Parc Güell,41.41451,2.152709,A,67,87
670716,Barcelona Bus Turistic,41.386295,2.169909,A,67,87
190166,Sagrada Família,41.403423,2.174611,A,67,87
271009,Camp Nou,41.380924,2.122952,A,721,87
190624,Parc Güell,41.41451,2.152709,A,721,87
190824,Palau de la Música Catalana,41.387573,2.175302,A,721,87
190166,Sagrada Família,41.403423,2.174611,A,721,87
271009,Camp Nou,41.380924,2.122952,A,722,87
190624,Parc Güell,41.41451,2.152709,A,722,87
670716,Barcelona Bus Turistic,41.386295,2.169909,A,722,87
190824,Palau de la Música Catalana,41.387573,2.175302,A,722,87
190166,Sagrada Família,41.403423,2.174611,A,722,87
271009,Camp Nou,41.380924,2.122952,A,723,87
190624,Parc Güell,41.41451,2.152709,A,723,87
190824,Palau de la Música Catalana,41.387573,2.175302,A,723,87
1059712,Ciudad Condal,41.38874,2.166787,R,723,87
190166,Sagrada Família,41.403423,2.174611,A,723,87
271009,Camp Nou,41.380924,2.122952,A,66,87
246171,Église Sainte-Marie-de-la-Mer,41.38349,2.18178,A,66,87
190624,Parc Güell,41.41451,2.152709,A,66,87
1059712,Ciudad Condal,41.38874,2.166787,R,66,87
190166,Sagrada Família,41.403423,2.174611,A,66,87
271009,Camp Nou,41.380924,2.122952,A,725,87
246171,Église Sainte-Marie-de-la-Mer,41.38349,2.18178,A,725,87
190624,Parc Güell,41.41451,2.152709,A,725,87
190824,Palau de la Música Catalana,41.387573,2.175302,A,725,87
190166,Sagrada Família,41.403423,2.174611,A,725,87
254723,Passeig de Gràcia,41.39493,2.16177,A,728,87
246171,Église Sainte-Marie-de-la-Mer,41.38349,2.18178,A,728,87
190624,Parc Güell,41.41451,2.152709,A,728,87
190824,Palau de la Música Catalana,41.387573,2.175302,A,728,87
190166,Sagrada Família,41.403423,2.174611,A,728,87
271009,Camp Nou,41.380924,2.122952,A,65,87
246171,Église Sainte-Marie-de-la-Mer,41.38349,2.18178,A,65,87
190624,Parc Güell,41.41451,2.152709,A,65,87
670716,Barcelona Bus Turistic,41.386295,2.169909,A,65,87
190166,Sagrada Família,41.403423,2.174611,A,65,87
271009,Camp Nou,41.380924,2.122952,A,714,87
246171,Église Sainte-Marie-de-la-Mer,41.38349,2.18178,A,714,87
190624,Parc Güell,41.41451,2.152709,A,714,87
190824,Palau de la Música Catalana,41.387573,2.175302,A,714,87
190166,Sagrada Família,41.403423,2.174611,A,714,87
246171,Église Sainte-Marie-de-la-Mer,41.38349,2.18178,A,729,87
190629,Casa Milà,41.395325,2.161925,A,729,87
190624,Parc Güell,41.41451,2.152709,A,729,87
190824,Palau de la Música Catalana,41.387573,2.175302,A,729,87
190166,Sagrada Família,41.403423,2.174611,A,729,87
190624,Parc Güell,41.41451,2.152709,A,730,87
670716,Barcelona Bus Turistic,41.386295,2.169909,A,730,87
190824,Palau de la Música Catalana,41.387573,2.175302,A,730,87
190166,Sagrada Família,41.403423,2.174611,A,730,87
190624,Parc Güell,41.41451,2.152709,A,731,87
670716,Barcelona Bus Turistic,41.386295,2.169909,A,731,87
190824,Palau de la Música Catalana,41.387573,2.175302,A,731,87
1059712,Ciudad Condal,41.38874,2.166787,R,731,87
190166,Sagrada Família,41.403423,2.174611,A,731,87
271009,Camp Nou,41.380924,2.122952,A,64,87
246171,Église Sainte-Marie-de-la-Mer,41.38349,2.18178,A,64,87
190624,Parc Güell,41.41451,2.152709,A,64,87
190166,Sagrada Família,41.403423,2.174611,A,64,87
271009,Camp Nou,41.380924,2.122952,A,733,87
190624,Parc Güell,41.41451,2.152709,A,733,87
190824,Palau de la Música Catalana,41.387573,2.175302,A,733,87
190166,Sagrada Família,41.403423,2.174611,A,733,87
271009,Camp Nou,41.380924,2.122952,A,734,87
190624,Parc Güell,41.41451,2.152709,A,734,87
190824,Palau de la Música Catalana,41.387573,2.175302,A,734,87
190166,Sagrada Família,41.403423,2.174611,A,734,87
271009,Camp Nou,41.380924,2.122952,A,735,87
246171,Église Sainte-Marie-de-la-Mer,41.38349,2.18178,A,735,87
190624,Parc Güell,41.41451,2.152709,A,735,87
190824,Palau de la Música Catalana,41.387573,2.175302,A,735,87
190166,Sagrada Família,41.403423,2.174611,A,735,87
271009,Camp Nou,41.380924,2.122952,A,736,87
190624,Parc Güell,41.41451,2.152709,A,736,87
670716,Barcelona Bus Turistic,41.386295,2.169909,A,736,87
190824,Palau de la Música Catalana,41.387573,2.175302,A,736,87
190166,Sagrada Família,41.403423,2.174611,A,736,87
246171,Église Sainte-Marie-de-la-Mer,41.38349,2.18178,A,715,87
190629,Casa Milà,41.395325,2.161925,A,715,87
190624,Parc Güell,41.41451,2.152709,A,715,87
190824,Palau de la Música Catalana,41.387573,2.175302,A,715,87
190166,Sagrada Família,41.403423,2.174611,A,715,87
254723,Passeig de Gràcia,41.39493,2.16177,A,713,87
246171,Église Sainte-Marie-de-la-Mer,41.38349,2.18178,A,713,87
190624,Parc Güell,41.41451,2.152709,A,713,87
190824,Palau de la Música Catalana,41.387573,2.175302,A,713,87
190166,Sagrada Família,41.403423,2.174611,A,713,87
246171,Église Sainte-Marie-de-la-Mer,41.38349,2.18178,A,738,87
190624,Parc Güell,41.41451,2.152709,A,738,87
190824,Palau de la Música Catalana,41.387573,2.175302,A,738,87
190166,Sagrada Família,41.403423,2.174611,A,738,87
246171,Église Sainte-Marie-de-la-Mer,41.38349,2.18178,A,712,87
190624,Parc Güell,41.41451,2.152709,A,712,87
190824,Palau de la Música Catalana,41.387573,2.175302,A,712,87
1059712,Ciudad Condal,41.38874,2.166787,R,712,87
190166,Sagrada Família,41.403423,2.174611,A,712,87
271009,Camp Nou,41.380924,2.122952,A,689,87
190624,Parc Güell,41.41451,2.152709,A,689,87
190824,Palau de la Música Catalana,41.387573,2.175302,A,689,87
190166,Sagrada Família,41.403423,2.174611,A,689,87
271009,Camp Nou,41.380924,2.122952,A,690,87
190624,Parc Güell,41.41451,2.152709,A,690,87
670716,Barcelona Bus Turistic,41.386295,2.169909,A,690,87
190824,Palau de la Música Catalana,41.387573,2.175302,A,690,87
190166,Sagrada Família,41.403423,2.174611,A,690,87
271009,Camp Nou,41.380924,2.122952,A,691,87
190624,Parc Güell,41.41451,2.152709,A,691,87
190824,Palau de la Música Catalana,41.387573,2.175302,A,691,87
1059712,Ciudad Condal,41.38874,2.166787,R,691,87
190166,Sagrada Família,41.403423,2.174611,A,691,87
271009,Camp Nou,41.380924,2.122952,A,692,87
246171,Église Sainte-Marie-de-la-Mer,41.38349,2.18178,A,692,87
190624,Parc Güell,41.41451,2.152709,A,692,87
190824,Palau de la Música Catalana,41.387573,2.175302,A,692,87
190166,Sagrada Família,41.403423,2.174611,A,692,87
271009,Camp Nou,41.380924,2.122952,A,693,87
190629,Casa Milà,41.395325,2.161925,A,693,87
190624,Parc Güell,41.41451,2.152709,A,693,87
190824,Palau de la Música Catalana,41.387573,2.175302,A,693,87
190166,Sagrada Família,41.403423,2.174611,A,693,87
271009,Camp Nou,41.380924,2.122952,A,694,87
191040,Abadia de Montserrat,41.591694,1.834824,A,694,87
190624,Parc Güell,41.41451,2.152709,A,694,87
190824,Palau de la Música Catalana,41.387573,2.175302,A,694,87
190166,Sagrada Família,41.403423,2.174611,A,694,87
254723,Passeig de Gràcia,41.39493,2.16177,A,70,87
246171,Église Sainte-Marie-de-la-Mer,41.38349,2.18178,A,70,87
190624,Parc Güell,41.41451,2.152709,A,70,87
190166,Sagrada Família,41.403423,2.174611,A,70,87
271009,Camp Nou,41.380924,2.122952,A,696,87
246171,Église Sainte-Marie-de-la-Mer,41.38349,2.18178,A,696,87
190824,Palau de la Música Catalana,41.387573,2.175302,A,696,87
190166,Sagrada Família,41.403423,2.174611,A,696,87
271009,Camp Nou,41.380924,2.122952,A,697,87
246171,Église Sainte-Marie-de-la-Mer,41.38349,2.18178,A,697,87
670716,Barcelona Bus Turistic,41.386295,2.169909,A,697,87
190824,Palau de la Música Catalana,41.387573,2.175302,A,697,87
190166,Sagrada Família,41.403423,2.174611,A,697,87
271009,Camp Nou,41.380924,2.122952,A,698,87
246171,Église Sainte-Marie-de-la-Mer,41.38349,2.18178,A,698,87
190824,Palau de la Música Catalana,41.387573,2.175302,A,698,87
1059712,Ciudad Condal,41.38874,2.166787,R,698,87
190166,Sagrada Família,41.403423,2.174611,A,698,87
271009,Camp Nou,41.380924,2.122952,A,699,87
246171,Église Sainte-Marie-de-la-Mer,41.38349,2.18178,A,699,87
190624,Parc Güell,41.41451,2.152709,A,699,87
190824,Palau de la Música Catalana,41.387573,2.175302,A,699,87
190166,Sagrada Família,41.403423,2.174611,A,699,87
246171,Église Sainte-Marie-de-la-Mer,41.38349,2.18178,A,700,87
670716,Barcelona Bus Turistic,41.386295,2.169909,A,700,87
190824,Palau de la Música Catalana,41.387573,2.175302,A,700,87
190166,Sagrada Família,41.403423,2.174611,A,700,87
246171,Église Sainte-Marie-de-la-Mer,41.38349,2.18178,A,701,87
670716,Barcelona Bus Turistic,41.386295,2.169909,A,701,87
190824,Palau de la Música Catalana,41.387573,2.175302,A,701,87
1059712,Ciudad Condal,41.38874,2.166787,R,701,87
190166,Sagrada Família,41.403423,2.174611,A,701,87
246171,Église Sainte-Marie-de-la-Mer,41.38349,2.18178,A,69,87
190624,Parc Güell,41.41451,2.152709,A,69,87
1059712,Ciudad Condal,41.38874,2.166787,R,69,87
190166,Sagrada Família,41.403423,2.174611,A,69,87
254723,Passeig de Gràcia,41.39493,2.16177,A,703,87
246171,Église Sainte-Marie-de-la-Mer,41.38349,2.18178,A,703,87
190824,Palau de la Música Catalana,41.387573,2.175302,A,703,87
190166,Sagrada Família,41.403423,2.174611,A,703,87
271009,Camp Nou,41.380924,2.122952,A,704,87
254723,Passeig de Gràcia,41.39493,2.16177,A,704,87
246171,Église Sainte-Marie-de-la-Mer,41.38349,2.18178,A,704,87
190824,Palau de la Música Catalana,41.387573,2.175302,A,704,87
190166,Sagrada Família,41.403423,2.174611,A,704,87
254723,Passeig de Gràcia,41.39493,2.16177,A,705,87
246171,Église Sainte-Marie-de-la-Mer,41.38349,2.18178,A,705,87
670716,Barcelona Bus Turistic,41.386295,2.169909,A,705,87
190824,Palau de la Música Catalana,41.387573,2.175302,A,705,87
190166,Sagrada Família,41.403423,2.174611,A,705,87
254723,Passeig de Gràcia,41.39493,2.16177,A,706,87
246171,Église Sainte-Marie-de-la-Mer,41.38349,2.18178,A,706,87
190824,Palau de la Música Catalana,41.387573,2.175302,A,706,87
1059712,Ciudad Condal,41.38874,2.166787,R,706,87
190166,Sagrada Família,41.403423,2.174611,A,706,87
246171,Église Sainte-Marie-de-la-Mer,41.38349,2.18178,A,707,87
190629,Casa Milà,41.395325,2.161925,A,707,87
190824,Palau de la Música Catalana,41.387573,2.175302,A,707,87
190166,Sagrada Família,41.403423,2.174611,A,707,87
246171,Église Sainte-Marie-de-la-Mer,41.38349,2.18178,A,708,87
190629,Casa Milà,41.395325,2.161925,A,708,87
190824,Palau de la Música Catalana,41.387573,2.175302,A,708,87
1059712,Ciudad Condal,41.38874,2.166787,R,708,87
190166,Sagrada Família,41.403423,2.174611,A,708,87
246171,Église Sainte-Marie-de-la-Mer,41.38349,2.18178,A,709,87
190624,Parc Güell,41.41451,2.152709,A,709,87
190824,Palau de la Música Catalana,41.387573,2.175302,A,709,87
190166,Sagrada Família,41.403423,2.174611,A,709,87
271009,Camp Nou,41.380924,2.122952,A,710,87
246171,Église Sainte-Marie-de-la-Mer,41.38349,2.18178,A,710,87
190624,Parc Güell,41.41451,2.152709,A,710,87
190824,Palau de la Música Catalana,41.387573,2.175302,A,710,87
190166,Sagrada Família,41.403423,2.174611,A,710,87
246171,Église Sainte-Marie-de-la-Mer,41.38349,2.18178,A,711,87
190624,Parc Güell,41.41451,2.152709,A,711,87
670716,Barcelona Bus Turistic,41.386295,2.169909,A,711,87
190824,Palau de la Música Catalana,41.387573,2.175302,A,711,87
190166,Sagrada Família,41.403423,2.174611,A,711,87
271009,Camp Nou,41.380924,2.122952,A,737,87
190624,Parc Güell,41.41451,2.152709,A,737,87
190824,Palau de la Música Catalana,41.387573,2.175302,A,737,87
1059712,Ciudad Condal,41.38874,2.166787,R,737,87
190166,Sagrada Família,41.403423,2.174611,A,737,87
246171,Église Sainte-Marie-de-la-Mer,41.38349,2.18178,A,739,87
190624,Parc Güell,41.41451,2.152709,A,739,87
190824,Palau de la Música Catalana,41.387573,2.175302,A,739,87
190166,Sagrada Família,41.403423,2.174611,A,739,87
271009,Camp Nou,41.380924,2.122952,A,687,87
670716,Barcelona Bus Turistic,41.386295,2.169909,A,687,87
190824,Palau de la Música Catalana,41.387573,2.175302,A,687,87
1059712,Ciudad Condal,41.38874,2.166787,R,687,87
190166,Sagrada Família,41.403423,2.174611,A,687,87
254723,Passeig de Gràcia,41.39493,2.16177,A,766,87
246171,Église Sainte-Marie-de-la-Mer,41.38349,2.18178,A,766,87
190624,Parc Güell,41.41451,2.152709,A,766,87
190166,Sagrada Família,41.403423,2.174611,A,766,87
190162,Quartier gothique,41.3827,2.177113,A,766,87
271009,Camp Nou,41.380924,2.122952,A,768,87
190629,Casa Milà,41.395325,2.161925,A,768,87
190624,Parc Güell,41.41451,2.152709,A,768,87
190166,Sagrada Família,41.403423,2.174611,A,768,87
190162,Quartier gothique,41.3827,2.177113,A,768,87
246171,Église Sainte-Marie-de-la-Mer,41.38349,2.18178,A,769,87
190629,Casa Milà,41.395325,2.161925,A,769,87
190624,Parc Güell,41.41451,2.152709,A,769,87
190166,Sagrada Família,41.403423,2.174611,A,769,87
190162,Quartier gothique,41.3827,2.177113,A,769,87
190629,Casa Milà,41.395325,2.161925,A,770,87
191040,Abadia de Montserrat,41.591694,1.834824,A,770,87
190624,Parc Güell,41.41451,2.152709,A,770,87
190166,Sagrada Família,41.403423,2.174611,A,770,87
190162,Quartier gothique,41.3827,2.177113,A,770,87
190629,Casa Milà,41.395325,2.161925,A,771,87
190624,Parc Güell,41.41451,2.152709,A,771,87
190824,Palau de la Música Catalana,41.387573,2.175302,A,771,87
190166,Sagrada Família,41.403423,2.174611,A,771,87
190162,Quartier gothique,41.3827,2.177113,A,771,87
191040,Abadia de Montserrat,41.591694,1.834824,A,772,87
190624,Parc Güell,41.41451,2.152709,A,772,87
190166,Sagrada Família,41.403423,2.174611,A,772,87
190162,Quartier gothique,41.3827,2.177113,A,772,87
271009,Camp Nou,41.380924,2.122952,A,773,87
191040,Abadia de Montserrat,41.591694,1.834824,A,773,87
190624,Parc Güell,41.41451,2.152709,A,773,87
190166,Sagrada Família,41.403423,2.174611,A,773,87
190162,Quartier gothique,41.3827,2.177113,A,773,87
246171,Église Sainte-Marie-de-la-Mer,41.38349,2.18178,A,774,87
191040,Abadia de Montserrat,41.591694,1.834824,A,774,87
190624,Parc Güell,41.41451,2.152709,A,774,87
190166,Sagrada Família,41.403423,2.174611,A,774,87
190162,Quartier gothique,41.3827,2.177113,A,774,87
254723,Passeig de Gràcia,41.39493,2.16177,A,59,87
246171,Église Sainte-Marie-de-la-Mer,41.38349,2.18178,A,59,87
670716,Barcelona Bus Turistic,41.386295,2.169909,A,59,87
1059712,Ciudad Condal,41.38874,2.166787,R,59,87
190166,Sagrada Família,41.403423,2.174611,A,59,87
271009,Camp Nou,41.380924,2.122952,A,776,87
190624,Parc Güell,41.41451,2.152709,A,776,87
190824,Palau de la Música Catalana,41.387573,2.175302,A,776,87
190166,Sagrada Família,41.403423,2.174611,A,776,87
190162,Quartier gothique,41.3827,2.177113,A,776,87
246171,Église Sainte-Marie-de-la-Mer,41.38349,2.18178,A,777,87
190624,Parc Güell,41.41451,2.152709,A,777,87
190824,Palau de la Música Catalana,41.387573,2.175302,A,777,87
190166,Sagrada Família,41.403423,2.174611,A,777,87
190162,Quartier gothique,41.3827,2.177113,A,777,87
191040,Abadia de Montserrat,41.591694,1.834824,A,778,87
190624,Parc Güell,41.41451,2.152709,A,778,87
190824,Palau de la Música Catalana,41.387573,2.175302,A,778,87
190166,Sagrada Família,41.403423,2.174611,A,778,87
190162,Quartier gothique,41.3827,2.177113,A,778,87
254723,Passeig de Gràcia,41.39493,2.16177,A,58,87
246171,Église Sainte-Marie-de-la-Mer,41.38349,2.18178,A,58,87
670716,Barcelona Bus Turistic,41.386295,2.169909,A,58,87
190166,Sagrada Família,41.403423,2.174611,A,58,87
271009,Camp Nou,41.380924,2.122952,A,780,87
190624,Parc Güell,41.41451,2.152709,A,780,87
190166,Sagrada Família,41.403423,2.174611,A,780,87
190162,Quartier gothique,41.3827,2.177113,A,780,87
271009,Camp Nou,41.380924,2.122952,A,781,87
246171,Église Sainte-Marie-de-la-Mer,41.38349,2.18178,A,781,87
190624,Parc Güell,41.41451,2.152709,A,781,87
190166,Sagrada Família,41.403423,2.174611,A,781,87
190162,Quartier gothique,41.3827,2.177113,A,781,87
271009,Camp Nou,41.380924,2.122952,A,782,87
190629,Casa Milà,41.395325,2.161925,A,782,87
190624,Parc Güell,41.41451,2.152709,A,782,87
190166,Sagrada Família,41.403423,2.174611,A,782,87
190162,Quartier gothique,41.3827,2.177113,A,782,87
271009,Camp Nou,41.380924,2.122952,A,783,87
191040,Abadia de Montserrat,41.591694,1.834824,A,783,87
190624,Parc Güell,41.41451,2.152709,A,783,87
190166,Sagrada Família,41.403423,2.174611,A,783,87
190162,Quartier gothique,41.3827,2.177113,A,783,87
271009,Camp Nou,41.380924,2.122952,A,784,87
190624,Parc Güell,41.41451,2.152709,A,784,87
190824,Palau de la Música Catalana,41.387573,2.175302,A,784,87
190166,Sagrada Família,41.403423,2.174611,A,784,87
190162,Quartier gothique,41.3827,2.177113,A,784,87
271009,Camp Nou,41.380924,2.122952,A,785,87
670716,Barcelona Bus Turistic,41.386295,2.169909,A,785,87
190166,Sagrada Família,41.403423,2.174611,A,785,87
190162,Quartier gothique,41.3827,2.177113,A,785,87
271009,Camp Nou,41.380924,2.122952,A,786,87
190624,Parc Güell,41.41451,2.152709,A,786,87
670716,Barcelona Bus Turistic,41.386295,2.169909,A,786,87
190166,Sagrada Família,41.403423,2.174611,A,786,87
190162,Quartier gothique,41.3827,2.177113,A,786,87
271009,Camp Nou,41.380924,2.122952,A,787,87
670716,Barcelona Bus Turistic,41.386295,2.169909,A,787,87
1059712,Ciudad Condal,41.38874,2.166787,R,787,87
190166,Sagrada Família,41.403423,2.174611,A,787,87
190162,Quartier gothique,41.3827,2.177113,A,787,87
271009,Camp Nou,41.380924,2.122952,A,57,87
254723,Passeig de Gràcia,41.39493,2.16177,A,57,87
246171,Église Sainte-Marie-de-la-Mer,41.38349,2.18178,A,57,87
190624,Parc Güell,41.41451,2.152709,A,57,87
190166,Sagrada Família,41.403423,2.174611,A,57,87
271009,Camp Nou,41.380924,2.122952,A,789,87
190624,Parc Güell,41.41451,2.152709,A,789,87
1059712,Ciudad Condal,41.38874,2.166787,R,789,87
190166,Sagrada Família,41.403423,2.174611,A,789,87
190162,Quartier gothique,41.3827,2.177113,A,789,87
271009,Camp Nou,41.380924,2.122952,A,790,87
190624,Parc Güell,41.41451,2.152709,A,790,87
190166,Sagrada Família,41.403423,2.174611,A,790,87
190162,Quartier gothique,41.3827,2.177113,A,790,87
254723,Passeig de Gràcia,41.39493,2.16177,A,60,87
246171,Église Sainte-Marie-de-la-Mer,41.38349,2.18178,A,60,87
1059712,Ciudad Condal,41.38874,2.166787,R,60,87
190166,Sagrada Família,41.403423,2.174611,A,60,87
271009,Camp Nou,41.380924,2.122952,A,765,87
246171,Église Sainte-Marie-de-la-Mer,41.38349,2.18178,A,765,87
190624,Parc Güell,41.41451,2.152709,A,765,87
190166,Sagrada Família,41.403423,2.174611,A,765,87
190162,Quartier gothique,41.3827,2.177113,A,765,87
271009,Camp Nou,41.380924,2.122952,A,740,87
246171,Église Sainte-Marie-de-la-Mer,41.38349,2.18178,A,740,87
190624,Parc Güell,41.41451,2.152709,A,740,87
190824,Palau de la Música Catalana,41.387573,2.175302,A,740,87
190166,Sagrada Família,41.403423,2.174611,A,740,87
246171,Église Sainte-Marie-de-la-Mer,41.38349,2.18178,A,764,87
190624,Parc Güell,41.41451,2.152709,A,764,87
190166,Sagrada Família,41.403423,2.174611,A,764,87
190162,Quartier gothique,41.3827,2.177113,A,764,87
246171,Église Sainte-Marie-de-la-Mer,41.38349,2.18178,A,741,87
190624,Parc Güell,41.41451,2.152709,A,741,87
670716,Barcelona Bus Turistic,41.386295,2.169909,A,741,87
190824,Palau de la Música Catalana,41.387573,2.175302,A,741,87
190166,Sagrada Família,41.403423,2.174611,A,741,87
246171,Église Sainte-Marie-de-la-Mer,41.38349,2.18178,A,742,87
190624,Parc Güell,41.41451,2.152709,A,742,87
190824,Palau de la Música Catalana,41.387573,2.175302,A,742,87
1059712,Ciudad Condal,41.38874,2.166787,R,742,87
190166,Sagrada Família,41.403423,2.174611,A,742,87
271009,Camp Nou,41.380924,2.122952,A,743,87
246171,Église Sainte-Marie-de-la-Mer,41.38349,2.18178,A,743,87
190624,Parc Güell,41.41451,2.152709,A,743,87
190824,Palau de la Música Catalana,41.387573,2.175302,A,743,87
190166,Sagrada Família,41.403423,2.174611,A,743,87
254723,Passeig de Gràcia,41.39493,2.16177,A,744,87
246171,Église Sainte-Marie-de-la-Mer,41.38349,2.18178,A,744,87
190624,Parc Güell,41.41451,2.152709,A,744,87
190824,Palau de la Música Catalana,41.387573,2.175302,A,744,87
190166,Sagrada Família,41.403423,2.174611,A,744,87
190629,Casa Milà,41.395325,2.161925,A,745,87
190624,Parc Güell,41.41451,2.152709,A,745,87
190824,Palau de la Música Catalana,41.387573,2.175302,A,745,87
190166,Sagrada Família,41.403423,2.174611,A,745,87
271009,Camp Nou,41.380924,2.122952,A,746,87
190629,Casa Milà,41.395325,2.161925,A,746,87
190624,Parc Güell,41.41451,2.152709,A,746,87
190824,Palau de la Música Catalana,41.387573,2.175302,A,746,87
190166,Sagrada Família,41.403423,2.174611,A,746,87
246171,Église Sainte-Marie-de-la-Mer,41.38349,2.18178,A,747,87
190629,Casa Milà,41.395325,2.161925,A,747,87
190624,Parc Güell,41.41451,2.152709,A,747,87
190824,Palau de la Música Catalana,41.387573,2.175302,A,747,87
190166,Sagrada Família,41.403423,2.174611,A,747,87
190629,Casa Milà,41.395325,2.161925,A,748,87
190624,Parc Güell,41.41451,2.152709,A,748,87
670716,Barcelona Bus Turistic,41.386295,2.169909,A,748,87
190824,Palau de la Música Catalana,41.387573,2.175302,A,748,87
190166,Sagrada Família,41.403423,2.174611,A,748,87
190629,Casa Milà,41.395325,2.161925,A,749,87
190624,Parc Güell,41.41451,2.152709,A,749,87
190824,Palau de la Música Catalana,41.387573,2.175302,A,749,87
1059712,Ciudad Condal,41.38874,2.166787,R,749,87
190166,Sagrada Família,41.403423,2.174611,A,749,87
271009,Camp Nou,41.380924,2.122952,A,750,87
190629,Casa Milà,41.395325,2.161925,A,750,87
190624,Parc Güell,41.41451,2.152709,A,750,87
190824,Palau de la Música Catalana,41.387573,2.175302,A,750,87
190166,Sagrada Família,41.403423,2.174611,A,750,87
246171,Église Sainte-Marie-de-la-Mer,41.38349,2.18178,A,751,87
190629,Casa Milà,41.395325,2.161925,A,751,87
190624,Parc Güell,41.41451,2.152709,A,751,87
190824,Palau de la Música Catalana,41.387573,2.175302,A,751,87
190166,Sagrada Família,41.403423,2.174611,A,751,87
190629,Casa Milà,41.395325,2.161925,A,752,87
191040,Abadia de Montserrat,41.591694,1.834824,A,752,87
190624,Parc Güell,41.41451,2.152709,A,752,87
190824,Palau de la Música Catalana,41.387573,2.175302,A,752,87
190166,Sagrada Família,41.403423,2.174611,A,752,87
191040,Abadia de Montserrat,41.591694,1.834824,A,753,87
190624,Parc Güell,41.41451,2.152709,A,753,87
190824,Palau de la Música Catalana,41.387573,2.175302,A,753,87
190166,Sagrada Família,41.403423,2.174611,A,753,87
271009,Camp Nou,41.380924,2.122952,A,754,87
191040,Abadia de Montserrat,41.591694,1.834824,A,754,87
190624,Parc Güell,41.41451,2.152709,A,754,87
190824,Palau de la Música Catalana,41.387573,2.175302,A,754,87
190166,Sagrada Família,41.403423,2.174611,A,754,87
246171,Église Sainte-Marie-de-la-Mer,41.38349,2.18178,A,755,87
191040,Abadia de Montserrat,41.591694,1.834824,A,755,87
190624,Parc Güell,41.41451,2.152709,A,755,87
190824,Palau de la Música Catalana,41.387573,2.175302,A,755,87
190166,Sagrada Família,41.403423,2.174611,A,755,87
191040,Abadia de Montserrat,41.591694,1.834824,A,756,87
190624,Parc Güell,41.41451,2.152709,A,756,87
670716,Barcelona Bus Turistic,41.386295,2.169909,A,756,87
190824,Palau de la Música Catalana,41.387573,2.175302,A,756,87
190166,Sagrada Família,41.403423,2.174611,A,756,87
191040,Abadia de Montserrat,41.591694,1.834824,A,757,87
190624,Parc Güell,41.41451,2.152709,A,757,87
190824,Palau de la Música Catalana,41.387573,2.175302,A,757,87
1059712,Ciudad Condal,41.38874,2.166787,R,757,87
190166,Sagrada Família,41.403423,2.174611,A,757,87
271009,Camp Nou,41.380924,2.122952,A,758,87
191040,Abadia de Montserrat,41.591694,1.834824,A,758,87
190624,Parc Güell,41.41451,2.152709,A,758,87
190824,Palau de la Música Catalana,41.387573,2.175302,A,758,87
190166,Sagrada Família,41.403423,2.174611,A,758,87
246171,Église Sainte-Marie-de-la-Mer,41.38349,2.18178,A,759,87
191040,Abadia de Montserrat,41.591694,1.834824,A,759,87
190624,Parc Güell,41.41451,2.152709,A,759,87
190824,Palau de la Música Catalana,41.387573,2.175302,A,759,87
190166,Sagrada Família,41.403423,2.174611,A,759,87
246171,Église Sainte-Marie-de-la-Mer,41.38349,2.18178,A,63,87
190624,Parc Güell,41.41451,2.152709,A,63,87
190166,Sagrada Família,41.403423,2.174611,A,63,87
246171,Église Sainte-Marie-de-la-Mer,41.38349,2.18178,A,62,87
190629,Casa Milà,41.395325,2.161925,A,62,87
1059712,Ciudad Condal,41.38874,2.166787,R,62,87
190166,Sagrada Família,41.403423,2.174611,A,62,87
246171,Église Sainte-Marie-de-la-Mer,41.38349,2.18178,A,61,87
190629,Casa Milà,41.395325,2.161925,A,61,87
190166,Sagrada Família,41.403423,2.174611,A,61,87
271009,Camp Nou,41.380924,2.122952,A,763,87
190624,Parc Güell,41.41451,2.152709,A,763,87
190166,Sagrada Família,41.403423,2.174611,A,763,87
190162,Quartier gothique,41.3827,2.177113,A,763,87
271009,Camp Nou,41.380924,2.122952,A,688,87
190824,Palau de la Música Catalana,41.387573,2.175302,A,688,87
1059712,Ciudad Condal,41.38874,2.166787,R,688,87
190166,Sagrada Família,41.403423,2.174611,A,688,87
271009,Camp Nou,41.380924,2.122952,A,686,87
670716,Barcelona Bus Turistic,41.386295,2.169909,A,686,87
190824,Palau de la Música Catalana,41.387573,2.175302,A,686,87
190166,Sagrada Família,41.403423,2.174611,A,686,87
271009,Camp Nou,41.380924,2.122952,A,792,87
190624,Parc Güell,41.41451,2.152709,A,792,87
670716,Barcelona Bus Turistic,41.386295,2.169909,A,792,87
190166,Sagrada Família,41.403423,2.174611,A,792,87
190162,Quartier gothique,41.3827,2.177113,A,792,87
190629,Casa Milà,41.395325,2.161925,A,618,87
191040,Abadia de Montserrat,41.591694,1.834824,A,618,87
190624,Parc Güell,41.41451,2.152709,A,618,87
190166,Sagrada Família,41.403423,2.174611,A,618,87
190162,Quartier gothique,41.3827,2.177113,A,618,87
246171,Église Sainte-Marie-de-la-Mer,41.38349,2.18178,A,86,87
190629,Casa Milà,41.395325,2.161925,A,86,87
190624,Parc Güell,41.41451,2.152709,A,86,87
190824,Palau de la Música Catalana,41.387573,2.175302,A,86,87
190166,Sagrada Família,41.403423,2.174611,A,86,87
190624,Parc Güell,41.41451,2.152709,A,608,87
670716,Barcelona Bus Turistic,41.386295,2.169909,A,608,87
190824,Palau de la Música Catalana,41.387573,2.175302,A,608,87
190166,Sagrada Família,41.403423,2.174611,A,608,87
190162,Quartier gothique,41.3827,2.177113,A,608,87
246171,Église Sainte-Marie-de-la-Mer,41.38349,2.18178,A,85,87
190629,Casa Milà,41.395325,2.161925,A,85,87
191040,Abadia de Montserrat,41.591694,1.834824,A,85,87
190624,Parc Güell,41.41451,2.152709,A,85,87
190166,Sagrada Família,41.403423,2.174611,A,85,87
271009,Camp Nou,41.380924,2.122952,A,84,87
246171,Église Sainte-Marie-de-la-Mer,41.38349,2.18178,A,84,87
190629,Casa Milà,41.395325,2.161925,A,84,87
190624,Parc Güell,41.41451,2.152709,A,84,87
190166,Sagrada Família,41.403423,2.174611,A,84,87
271009,Camp Nou,41.380924,2.122952,A,611,87
190624,Parc Güell,41.41451,2.152709,A,611,87
190166,Sagrada Família,41.403423,2.174611,A,611,87
190162,Quartier gothique,41.3827,2.177113,A,611,87
246171,Église Sainte-Marie-de-la-Mer,41.38349,2.18178,A,612,87
190624,Parc Güell,41.41451,2.152709,A,612,87
190166,Sagrada Família,41.403423,2.174611,A,612,87
190162,Quartier gothique,41.3827,2.177113,A,612,87
271009,Camp Nou,41.380924,2.122952,A,613,87
246171,Église Sainte-Marie-de-la-Mer,41.38349,2.18178,A,613,87
190624,Parc Güell,41.41451,2.152709,A,613,87
190166,Sagrada Família,41.403423,2.174611,A,613,87
190162,Quartier gothique,41.3827,2.177113,A,613,87
254723,Passeig de Gràcia,41.39493,2.16177,A,614,87
246171,Église Sainte-Marie-de-la-Mer,41.38349,2.18178,A,614,87
190624,Parc Güell,41.41451,2.152709,A,614,87
190166,Sagrada Família,41.403423,2.174611,A,614,87
190162,Quartier gothique,41.3827,2.177113,A,614,87
254723,Passeig de Gràcia,41.39493,2.16177,A,83,87
246171,Église Sainte-Marie-de-la-Mer,41.38349,2.18178,A,83,87
190629,Casa Milà,41.395325,2.161925,A,83,87
190624,Parc Güell,41.41451,2.152709,A,83,87
190166,Sagrada Família,41.403423,2.174611,A,83,87
271009,Camp Nou,41.380924,2.122952,A,616,87
190629,Casa Milà,41.395325,2.161925,A,616,87
190624,Parc Güell,41.41451,2.152709,A,616,87
190166,Sagrada Família,41.403423,2.174611,A,616,87
190162,Quartier gothique,41.3827,2.177113,A,616,87
246171,Église Sainte-Marie-de-la-Mer,41.38349,2.18178,A,617,87
190629,Casa Milà,41.395325,2.161925,A,617,87
190624,Parc Güell,41.41451,2.152709,A,617,87
190166,Sagrada Família,41.403423,2.174611,A,617,87
190162,Quartier gothique,41.3827,2.177113,A,617,87
190629,Casa Milà,41.395325,2.161925,A,619,87
190624,Parc Güell,41.41451,2.152709,A,619,87
190824,Palau de la Música Catalana,41.387573,2.175302,A,619,87
190166,Sagrada Família,41.403423,2.174611,A,619,87
190162,Quartier gothique,41.3827,2.177113,A,619,87
271009,Camp Nou,41.380924,2.122952,A,685,87
190824,Palau de la Música Catalana,41.387573,2.175302,A,685,87
190166,Sagrada Família,41.403423,2.174611,A,685,87
191040,Abadia de Montserrat,41.591694,1.834824,A,620,87
190624,Parc Güell,41.41451,2.152709,A,620,87
190166,Sagrada Família,41.403423,2.174611,A,620,87
190162,Quartier gothique,41.3827,2.177113,A,620,87
271009,Camp Nou,41.380924,2.122952,A,621,87
191040,Abadia de Montserrat,41.591694,1.834824,A,621,87
190624,Parc Güell,41.41451,2.152709,A,621,87
190166,Sagrada Família,41.403423,2.174611,A,621,87
190162,Quartier gothique,41.3827,2.177113,A,621,87
246171,Église Sainte-Marie-de-la-Mer,41.38349,2.18178,A,622,87
191040,Abadia de Montserrat,41.591694,1.834824,A,622,87
190624,Parc Güell,41.41451,2.152709,A,622,87
190166,Sagrada Família,41.403423,2.174611,A,622,87
190162,Quartier gothique,41.3827,2.177113,A,622,87
246171,Église Sainte-Marie-de-la-Mer,41.38349,2.18178,A,82,87
190629,Casa Milà,41.395325,2.161925,A,82,87
190624,Parc Güell,41.41451,2.152709,A,82,87
1059712,Ciudad Condal,41.38874,2.166787,R,82,87
190166,Sagrada Família,41.403423,2.174611,A,82,87
271009,Camp Nou,41.380924,2.122952,A,624,87
190624,Parc Güell,41.41451,2.152709,A,624,87
190824,Palau de la Música Catalana,41.387573,2.175302,A,624,87
190166,Sagrada Família,41.403423,2.174611,A,624,87
190162,Quartier gothique,41.3827,2.177113,A,624,87
246171,Église Sainte-Marie-de-la-Mer,41.38349,2.18178,A,625,87
190624,Parc Güell,41.41451,2.152709,A,625,87
190824,Palau de la Música Catalana,41.387573,2.175302,A,625,87
190166,Sagrada Família,41.403423,2.174611,A,625,87
190162,Quartier gothique,41.3827,2.177113,A,625,87
191040,Abadia de Montserrat,41.591694,1.834824,A,626,87
190624,Parc Güell,41.41451,2.152709,A,626,87
190824,Palau de la Música Catalana,41.387573,2.175302,A,626,87
190166,Sagrada Família,41.403423,2.174611,A,626,87
190162,Quartier gothique,41.3827,2.177113,A,626,87
271009,Camp Nou,41.380924,2.122952,A,627,87
190624,Parc Güell,41.41451,2.152709,A,627,87
190166,Sagrada Família,41.403423,2.174611,A,627,87
190162,Quartier gothique,41.3827,2.177113,A,627,87
271009,Camp Nou,41.380924,2.122952,A,628,87
190624,Parc Güell,41.41451,2.152709,A,628,87
190166,Sagrada Família,41.403423,2.174611,A,628,87
190162,Quartier gothique,41.3827,2.177113,A,628,87
271009,Camp Nou,41.380924,2.122952,A,629,87
246171,Église Sainte-Marie-de-la-Mer,41.38349,2.18178,A,629,87
190624,Parc Güell,41.41451,2.152709,A,629,87
190166,Sagrada Família,41.403423,2.174611,A,629,87
190162,Quartier gothique,41.3827,2.177113,A,629,87
271009,Camp Nou,41.380924,2.122952,A,630,87
190629,Casa Milà,41.395325,2.161925,A,630,87
190624,Parc Güell,41.41451,2.152709,A,630,87
190166,Sagrada Família,41.403423,2.174611,A,630,87
190162,Quartier gothique,41.3827,2.177113,A,630,87
246171,Église Sainte-Marie-de-la-Mer,41.38349,2.18178,A,606,87
190624,Parc Güell,41.41451,2.152709,A,606,87
190824,Palau de la Música Catalana,41.387573,2.175302,A,606,87
190166,Sagrada Família,41.403423,2.174611,A,606,87
190162,Quartier gothique,41.3827,2.177113,A,606,87
271009,Camp Nou,41.380924,2.122952,A,605,87
190624,Parc Güell,41.41451,2.152709,A,605,87
190824,Palau de la Música Catalana,41.387573,2.175302,A,605,87
190166,Sagrada Família,41.403423,2.174611,A,605,87
190162,Quartier gothique,41.3827,2.177113,A,605,87
191040,Abadia de Montserrat,41.591694,1.834824,A,604,87
190624,Parc Güell,41.41451,2.152709,A,604,87
190824,Palau de la Música Catalana,41.387573,2.175302,A,604,87
190166,Sagrada Família,41.403423,2.174611,A,604,87
190162,Quartier gothique,41.3827,2.177113,A,604,87
246171,Église Sainte-Marie-de-la-Mer,41.38349,2.18178,A,603,87
190624,Parc Güell,41.41451,2.152709,A,603,87
190824,Palau de la Música Catalana,41.387573,2.175302,A,603,87
190166,Sagrada Família,41.403423,2.174611,A,603,87
190162,Quartier gothique,41.3827,2.177113,A,603,87
246171,Église Sainte-Marie-de-la-Mer,41.38349,2.18178,A,580,87
190629,Casa Milà,41.395325,2.161925,A,580,87
190624,Parc Güell,41.41451,2.152709,A,580,87
190166,Sagrada Família,41.403423,2.174611,A,580,87
190162,Quartier gothique,41.3827,2.177113,A,580,87
190629,Casa Milà,41.395325,2.161925,A,581,87
190624,Parc Güell,41.41451,2.152709,A,581,87
670716,Barcelona Bus Turistic,41.386295,2.169909,A,581,87
190166,Sagrada Família,41.403423,2.174611,A,581,87
190162,Quartier gothique,41.3827,2.177113,A,581,87
190629,Casa Milà,41.395325,2.161925,A,582,87
190624,Parc Güell,41.41451,2.152709,A,582,87
190824,Palau de la Música Catalana,41.387573,2.175302,A,582,87
190166,Sagrada Família,41.403423,2.174611,A,582,87
190162,Quartier gothique,41.3827,2.177113,A,582,87
190629,Casa Milà,41.395325,2.161925,A,583,87
190624,Parc Güell,41.41451,2.152709,A,583,87
1059712,Ciudad Condal,41.38874,2.166787,R,583,87
190166,Sagrada Família,41.403423,2.174611,A,583,87
190162,Quartier gothique,41.3827,2.177113,A,583,87
191040,Abadia de Montserrat,41.591694,1.834824,A,584,87
190624,Parc Güell,41.41451,2.152709,A,584,87
190162,Quartier gothique,41.3827,2.177113,A,584,87
271009,Camp Nou,41.380924,2.122952,A,585,87
191040,Abadia de Montserrat,41.591694,1.834824,A,585,87
190624,Parc Güell,41.41451,2.152709,A,585,87
190162,Quartier gothique,41.3827,2.177113,A,585,87
271009,Camp Nou,41.380924,2.122952,A,586,87
191040,Abadia de Montserrat,41.591694,1.834824,A,586,87
190624,Parc Güell,41.41451,2.152709,A,586,87
190166,Sagrada Família,41.403423,2.174611,A,586,87
190162,Quartier gothique,41.3827,2.177113,A,586,87
246171,Église Sainte-Marie-de-la-Mer,41.38349,2.18178,A,587,87
191040,Abadia de Montserrat,41.591694,1.834824,A,587,87
190624,Parc Güell,41.41451,2.152709,A,587,87
190162,Quartier gothique,41.3827,2.177113,A,587,87
271009,Camp Nou,41.380924,2.122952,A,588,87
246171,Église Sainte-Marie-de-la-Mer,41.38349,2.18178,A,588,87
191040,Abadia de Montserrat,41.591694,1.834824,A,588,87
190624,Parc Güell,41.41451,2.152709,A,588,87
190162,Quartier gothique,41.3827,2.177113,A,588,87
254723,Passeig de Gràcia,41.39493,2.16177,A,589,87
246171,Église Sainte-Marie-de-la-Mer,41.38349,2.18178,A,589,87
191040,Abadia de Montserrat,41.591694,1.834824,A,589,87
190624,Parc Güell,41.41451,2.152709,A,589,87
190162,Quartier gothique,41.3827,2.177113,A,589,87
246171,Église Sainte-Marie-de-la-Mer,41.38349,2.18178,A,590,87
191040,Abadia de Montserrat,41.591694,1.834824,A,590,87
190624,Parc Güell,41.41451,2.152709,A,590,87
190166,Sagrada Família,41.403423,2.174611,A,590,87
190162,Quartier gothique,41.3827,2.177113,A,590,87
271009,Camp Nou,41.380924,2.122952,A,88,87
246171,Église Sainte-Marie-de-la-Mer,41.38349,2.18178,A,88,87
191040,Abadia de Montserrat,41.591694,1.834824,A,88,87
190624,Parc Güell,41.41451,2.152709,A,88,87
190166,Sagrada Família,41.403423,2.174611,A,88,87
271009,Camp Nou,41.380924,2.122952,A,592,87
190624,Parc Güell,41.41451,2.152709,A,592,87
190824,Palau de la Música Catalana,41.387573,2.175302,A,592,87
190162,Quartier gothique,41.3827,2.177113,A,592,87
271009,Camp Nou,41.380924,2.122952,A,593,87
190624,Parc Güell,41.41451,2.152709,A,593,87
190824,Palau de la Música Catalana,41.387573,2.175302,A,593,87
190166,Sagrada Família,41.403423,2.174611,A,593,87
190162,Quartier gothique,41.3827,2.177113,A,593,87
246171,Église Sainte-Marie-de-la-Mer,41.38349,2.18178,A,594,87
190624,Parc Güell,41.41451,2.152709,A,594,87
190824,Palau de la Música Catalana,41.387573,2.175302,A,594,87
190162,Quartier gothique,41.3827,2.177113,A,594,87
271009,Camp Nou,41.380924,2.122952,A,595,87
246171,Église Sainte-Marie-de-la-Mer,41.38349,2.18178,A,595,87
190624,Parc Güell,41.41451,2.152709,A,595,87
190824,Palau de la Música Catalana,41.387573,2.175302,A,595,87
190162,Quartier gothique,41.3827,2.177113,A,595,87
254723,Passeig de Gràcia,41.39493,2.16177,A,596,87
246171,Église Sainte-Marie-de-la-Mer,41.38349,2.18178,A,596,87
190624,Parc Güell,41.41451,2.152709,A,596,87
190824,Palau de la Música Catalana,41.387573,2.175302,A,596,87
190162,Quartier gothique,41.3827,2.177113,A,596,87
246171,Église Sainte-Marie-de-la-Mer,41.38349,2.18178,A,597,87
190624,Parc Güell,41.41451,2.152709,A,597,87
190824,Palau de la Música Catalana,41.387573,2.175302,A,597,87
190166,Sagrada Família,41.403423,2.174611,A,597,87
190162,Quartier gothique,41.3827,2.177113,A,597,87
191040,Abadia de Montserrat,41.591694,1.834824,A,598,87
190624,Parc Güell,41.41451,2.152709,A,598,87
190824,Palau de la Música Catalana,41.387573,2.175302,A,598,87
190162,Quartier gothique,41.3827,2.177113,A,598,87
271009,Camp Nou,41.380924,2.122952,A,599,87
191040,Abadia de Montserrat,41.591694,1.834824,A,599,87
190624,Parc Güell,41.41451,2.152709,A,599,87
190824,Palau de la Música Catalana,41.387573,2.175302,A,599,87
190162,Quartier gothique,41.3827,2.177113,A,599,87
246171,Église Sainte-Marie-de-la-Mer,41.38349,2.18178,A,600,87
191040,Abadia de Montserrat,41.591694,1.834824,A,600,87
190624,Parc Güell,41.41451,2.152709,A,600,87
190824,Palau de la Música Catalana,41.387573,2.175302,A,600,87
190162,Quartier gothique,41.3827,2.177113,A,600,87
246171,Église Sainte-Marie-de-la-Mer,41.38349,2.18178,A,87,87
191040,Abadia de Montserrat,41.591694,1.834824,A,87,87
190624,Parc Güell,41.41451,2.152709,A,87,87
190166,Sagrada Família,41.403423,2.174611,A,87,87
271009,Camp Nou,41.380924,2.122952,A,602,87
190624,Parc Güell,41.41451,2.152709,A,602,87
190824,Palau de la Música Catalana,41.387573,2.175302,A,602,87
190166,Sagrada Família,41.403423,2.174611,A,602,87
190162,Quartier gothique,41.3827,2.177113,A,602,87
271009,Camp Nou,41.380924,2.122952,A,631,87
191040,Abadia de Montserrat,41.591694,1.834824,A,631,87
190624,Parc Güell,41.41451,2.152709,A,631,87
190166,Sagrada Família,41.403423,2.174611,A,631,87
190162,Quartier gothique,41.3827,2.177113,A,631,87
271009,Camp Nou,41.380924,2.122952,A,632,87
190624,Parc Güell,41.41451,2.152709,A,632,87
190824,Palau de la Música Catalana,41.387573,2.175302,A,632,87
190166,Sagrada Família,41.403423,2.174611,A,632,87
190162,Quartier gothique,41.3827,2.177113,A,632,87
271009,Camp Nou,41.380924,2.122952,A,633,87
190624,Parc Güell,41.41451,2.152709,A,633,87
670716,Barcelona Bus Turistic,41.386295,2.169909,A,633,87
190166,Sagrada Família,41.403423,2.174611,A,633,87
190162,Quartier gothique,41.3827,2.177113,A,633,87
190629,Casa Milà,41.395325,2.161925,A,660,87
190624,Parc Güell,41.41451,2.152709,A,660,87
670716,Barcelona Bus Turistic,41.386295,2.169909,A,660,87
190166,Sagrada Família,41.403423,2.174611,A,660,87
190162,Quartier gothique,41.3827,2.177113,A,660,87
190624,Parc Güell,41.41451,2.152709,A,662,87
670716,Barcelona Bus Turistic,41.386295,2.169909,A,662,87
190824,Palau de la Música Catalana,41.387573,2.175302,A,662,87
190166,Sagrada Família,41.403423,2.174611,A,662,87
190162,Quartier gothique,41.3827,2.177113,A,662,87
190624,Parc Güell,41.41451,2.152709,A,663,87
670716,Barcelona Bus Turistic,41.386295,2.169909,A,663,87
1059712,Ciudad Condal,41.38874,2.166787,R,663,87
190166,Sagrada Família,41.403423,2.174611,A,663,87
190162,Quartier gothique,41.3827,2.177113,A,663,87
271009,Camp Nou,41.380924,2.122952,A,77,87
246171,Église Sainte-Marie-de-la-Mer,41.38349,2.18178,A,77,87
190624,Parc Güell,41.41451,2.152709,A,77,87
1059712,Ciudad Condal,41.38874,2.166787,R,77,87
190166,Sagrada Família,41.403423,2.174611,A,77,87
271009,Camp Nou,41.380924,2.122952,A,76,87
246171,Église Sainte-Marie-de-la-Mer,41.38349,2.18178,A,76,87
190624,Parc Güell,41.41451,2.152709,A,76,87
670716,Barcelona Bus Turistic,41.386295,2.169909,A,76,87
190166,Sagrada Família,41.403423,2.174611,A,76,87
271009,Camp Nou,41.380924,2.122952,A,666,87
190624,Parc Güell,41.41451,2.152709,A,666,87
190824,Palau de la Música Catalana,41.387573,2.175302,A,666,87
190166,Sagrada Família,41.403423,2.174611,A,666,87
190162,Quartier gothique,41.3827,2.177113,A,666,87
246171,Église Sainte-Marie-de-la-Mer,41.38349,2.18178,A,667,87
190624,Parc Güell,41.41451,2.152709,A,667,87
190824,Palau de la Música Catalana,41.387573,2.175302,A,667,87
190166,Sagrada Família,41.403423,2.174611,A,667,87
190162,Quartier gothique,41.3827,2.177113,A,667,87
190629,Casa Milà,41.395325,2.161925,A,668,87
190624,Parc Güell,41.41451,2.152709,A,668,87
190824,Palau de la Música Catalana,41.387573,2.175302,A,668,87
190166,Sagrada Família,41.403423,2.174611,A,668,87
190162,Quartier gothique,41.3827,2.177113,A,668,87
191040,Abadia de Montserrat,41.591694,1.834824,A,669,87
190624,Parc Güell,41.41451,2.152709,A,669,87
190824,Palau de la Música Catalana,41.387573,2.175302,A,669,87
190166,Sagrada Família,41.403423,2.174611,A,669,87
190162,Quartier gothique,41.3827,2.177113,A,669,87
271009,Camp Nou,41.380924,2.122952,A,670,87
190624,Parc Güell,41.41451,2.152709,A,670,87
190824,Palau de la Música Catalana,41.387573,2.175302,A,670,87
190166,Sagrada Família,41.403423,2.174611,A,670,87
190162,Quartier gothique,41.3827,2.177113,A,670,87
246171,Église Sainte-Marie-de-la-Mer,41.38349,2.18178,A,671,87
190624,Parc Güell,41.41451,2.152709,A,671,87
190824,Palau de la Música Catalana,41.387573,2.175302,A,671,87
190166,Sagrada Família,41.403423,2.174611,A,671,87
190162,Quartier gothique,41.3827,2.177113,A,671,87
190624,Parc Güell,41.41451,2.152709,A,672,87
670716,Barcelona Bus Turistic,41.386295,2.169909,A,672,87
190824,Palau de la Música Catalana,41.387573,2.175302,A,672,87
190166,Sagrada Família,41.403423,2.174611,A,672,87
190162,Quartier gothique,41.3827,2.177113,A,672,87
271009,Camp Nou,41.380924,2.122952,A,75,87
246171,Église Sainte-Marie-de-la-Mer,41.38349,2.18178,A,75,87
190624,Parc Güell,41.41451,2.152709,A,75,87
190166,Sagrada Família,41.403423,2.174611,A,75,87
271009,Camp Nou,41.380924,2.122952,A,74,87
246171,Église Sainte-Marie-de-la-Mer,41.38349,2.18178,A,74,87
190624,Parc Güell,41.41451,2.152709,A,74,87
190166,Sagrada Família,41.403423,2.174611,A,74,87
271009,Camp Nou,41.380924,2.122952,A,675,87
190624,Parc Güell,41.41451,2.152709,A,675,87
1059712,Ciudad Condal,41.38874,2.166787,R,675,87
190166,Sagrada Família,41.403423,2.174611,A,675,87
190162,Quartier gothique,41.3827,2.177113,A,675,87
246171,Église Sainte-Marie-de-la-Mer,41.38349,2.18178,A,676,87
190624,Parc Güell,41.41451,2.152709,A,676,87
1059712,Ciudad Condal,41.38874,2.166787,R,676,87
190166,Sagrada Família,41.403423,2.174611,A,676,87
190162,Quartier gothique,41.3827,2.177113,A,676,87
190629,Casa Milà,41.395325,2.161925,A,677,87
190624,Parc Güell,41.41451,2.152709,A,677,87
1059712,Ciudad Condal,41.38874,2.166787,R,677,87
190166,Sagrada Família,41.403423,2.174611,A,677,87
190162,Quartier gothique,41.3827,2.177113,A,677,87
191040,Abadia de Montserrat,41.591694,1.834824,A,678,87
190624,Parc Güell,41.41451,2.152709,A,678,87
1059712,Ciudad Condal,41.38874,2.166787,R,678,87
190166,Sagrada Família,41.403423,2.174611,A,678,87
190162,Quartier gothique,41.3827,2.177113,A,678,87
254723,Passeig de Gràcia,41.39493,2.16177,A,73,87
246171,Église Sainte-Marie-de-la-Mer,41.38349,2.18178,A,73,87
190624,Parc Güell,41.41451,2.152709,A,73,87
1059712,Ciudad Condal,41.38874,2.166787,R,73,87
190166,Sagrada Família,41.403423,2.174611,A,73,87
670716,Barcelona Bus Turistic,41.386295,2.169909,A,680,87
190166,Sagrada Família,41.403423,2.174611,A,680,87
670716,Barcelona Bus Turistic,41.386295,2.169909,A,681,87
1059712,Ciudad Condal,41.38874,2.166787,R,681,87
190166,Sagrada Família,41.403423,2.174611,A,681,87
254723,Passeig de Gràcia,41.39493,2.16177,A,72,87
246171,Église Sainte-Marie-de-la-Mer,41.38349,2.18178,A,72,87
190624,Parc Güell,41.41451,2.152709,A,72,87
670716,Barcelona Bus Turistic,41.386295,2.169909,A,72,87
190166,Sagrada Família,41.403423,2.174611,A,72,87
697396,7 Portes,41.382378,2.183158,R,683,87
190166,Sagrada Família,41.403423,2.174611,A,683,87
271009,Camp Nou,41.380924,2.122952,A,71,87
254723,Passeig de Gràcia,41.39493,2.16177,A,71,87
246171,Église Sainte-Marie-de-la-Mer,41.38349,2.18178,A,71,87
190624,Parc Güell,41.41451,2.152709,A,71,87
190166,Sagrada Família,41.403423,2.174611,A,71,87
191040,Abadia de Montserrat,41.591694,1.834824,A,661,87
190624,Parc Güell,41.41451,2.152709,A,661,87
670716,Barcelona Bus Turistic,41.386295,2.169909,A,661,87
190166,Sagrada Família,41.403423,2.174611,A,661,87
190162,Quartier gothique,41.3827,2.177113,A,661,87
246171,Église Sainte-Marie-de-la-Mer,41.38349,2.18178,A,659,87
190624,Parc Güell,41.41451,2.152709,A,659,87
670716,Barcelona Bus Turistic,41.386295,2.169909,A,659,87
190166,Sagrada Família,41.403423,2.174611,A,659,87
190162,Quartier gothique,41.3827,2.177113,A,659,87
271009,Camp Nou,41.380924,2.122952,A,634,87
190624,Parc Güell,41.41451,2.152709,A,634,87
1059712,Ciudad Condal,41.38874,2.166787,R,634,87
190166,Sagrada Família,41.403423,2.174611,A,634,87
190162,Quartier gothique,41.3827,2.177113,A,634,87
271009,Camp Nou,41.380924,2.122952,A,658,87
190624,Parc Güell,41.41451,2.152709,A,658,87
670716,Barcelona Bus Turistic,41.386295,2.169909,A,658,87
190166,Sagrada Família,41.403423,2.174611,A,658,87
190162,Quartier gothique,41.3827,2.177113,A,658,87
246171,Église Sainte-Marie-de-la-Mer,41.38349,2.18178,A,635,87
190624,Parc Güell,41.41451,2.152709,A,635,87
190166,Sagrada Família,41.403423,2.174611,A,635,87
190162,Quartier gothique,41.3827,2.177113,A,635,87
246171,Église Sainte-Marie-de-la-Mer,41.38349,2.18178,A,636,87
190624,Parc Güell,41.41451,2.152709,A,636,87
190166,Sagrada Família,41.403423,2.174611,A,636,87
190162,Quartier gothique,41.3827,2.177113,A,636,87
271009,Camp Nou,41.380924,2.122952,A,637,87
246171,Église Sainte-Marie-de-la-Mer,41.38349,2.18178,A,637,87
190624,Parc Güell,41.41451,2.152709,A,637,87
190166,Sagrada Família,41.403423,2.174611,A,637,87
190162,Quartier gothique,41.3827,2.177113,A,637,87
246171,Église Sainte-Marie-de-la-Mer,41.38349,2.18178,A,638,87
190629,Casa Milà,41.395325,2.161925,A,638,87
190624,Parc Güell,41.41451,2.152709,A,638,87
190166,Sagrada Família,41.403423,2.174611,A,638,87
190162,Quartier gothique,41.3827,2.177113,A,638,87
246171,Église Sainte-Marie-de-la-Mer,41.38349,2.18178,A,639,87
191040,Abadia de Montserrat,41.591694,1.834824,A,639,87
190624,Parc Güell,41.41451,2.152709,A,639,87
190166,Sagrada Família,41.403423,2.174611,A,639,87
190162,Quartier gothique,41.3827,2.177113,A,639,87
246171,Église Sainte-Marie-de-la-Mer,41.38349,2.18178,A,640,87
190624,Parc Güell,41.41451,2.152709,A,640,87
190824,Palau de la Música Catalana,41.387573,2.175302,A,640,87
190166,Sagrada Família,41.403423,2.174611,A,640,87
190162,Quartier gothique,41.3827,2.177113,A,640,87
271009,Camp Nou,41.380924,2.122952,A,641,87
246171,Église Sainte-Marie-de-la-Mer,41.38349,2.18178,A,641,87
190624,Parc Güell,41.41451,2.152709,A,641,87
190166,Sagrada Família,41.403423,2.174611,A,641,87
190162,Quartier gothique,41.3827,2.177113,A,641,87
246171,Église Sainte-Marie-de-la-Mer,41.38349,2.18178,A,642,87
190624,Parc Güell,41.41451,2.152709,A,642,87
670716,Barcelona Bus Turistic,41.386295,2.169909,A,642,87
190166,Sagrada Família,41.403423,2.174611,A,642,87
190162,Quartier gothique,41.3827,2.177113,A,642,87
246171,Église Sainte-Marie-de-la-Mer,41.38349,2.18178,A,643,87
190624,Parc Güell,41.41451,2.152709,A,643,87
1059712,Ciudad Condal,41.38874,2.166787,R,643,87
190166,Sagrada Família,41.403423,2.174611,A,643,87
190162,Quartier gothique,41.3827,2.177113,A,643,87
254723,Passeig de Gràcia,41.39493,2.16177,A,644,87
246171,Église Sainte-Marie-de-la-Mer,41.38349,2.18178,A,644,87
190624,Parc Güell,41.41451,2.152709,A,644,87
190166,Sagrada Família,41.403423,2.174611,A,644,87
190162,Quartier gothique,41.3827,2.177113,A,644,87
246171,Église Sainte-Marie-de-la-Mer,41.38349,2.18178,A,81,87
190629,Casa Milà,41.395325,2.161925,A,81,87
190624,Parc Güell,41.41451,2.152709,A,81,87
670716,Barcelona Bus Turistic,41.386295,2.169909,A,81,87
190166,Sagrada Família,41.403423,2.174611,A,81,87
190629,Casa Milà,41.395325,2.161925,A,646,87
190624,Parc Güell,41.41451,2.152709,A,646,87
190166,Sagrada Família,41.403423,2.174611,A,646,87
190162,Quartier gothique,41.3827,2.177113,A,646,87
271009,Camp Nou,41.380924,2.122952,A,647,87
190629,Casa Milà,41.395325,2.161925,A,647,87
190624,Parc Güell,41.41451,2.152709,A,647,87
190166,Sagrada Família,41.403423,2.174611,A,647,87
190162,Quartier gothique,41.3827,2.177113,A,647,87
246171,Église Sainte-Marie-de-la-Mer,41.38349,2.18178,A,648,87
190629,Casa Milà,41.395325,2.161925,A,648,87
190624,Parc Güell,41.41451,2.152709,A,648,87
190166,Sagrada Família,41.403423,2.174611,A,648,87
190162,Quartier gothique,41.3827,2.177113,A,648,87
190629,Casa Milà,41.395325,2.161925,A,649,87
191040,Abadia de Montserrat,41.591694,1.834824,A,649,87
190624,Parc Güell,41.41451,2.152709,A,649,87
190166,Sagrada Família,41.403423,2.174611,A,649,87
190162,Quartier gothique,41.3827,2.177113,A,649,87
271009,Camp Nou,41.380924,2.122952,A,80,87
246171,Église Sainte-Marie-de-la-Mer,41.38349,2.18178,A,80,87
190629,Casa Milà,41.395325,2.161925,A,80,87
190624,Parc Güell,41.41451,2.152709,A,80,87
190166,Sagrada Família,41.403423,2.174611,A,80,87
271009,Camp Nou,41.380924,2.122952,A,651,87
190629,Casa Milà,41.395325,2.161925,A,651,87
190624,Parc Güell,41.41451,2.152709,A,651,87
190166,Sagrada Família,41.403423,2.174611,A,651,87
190162,Quartier gothique,41.3827,2.177113,A,651,87
246171,Église Sainte-Marie-de-la-Mer,41.38349,2.18178,A,652,87
190629,Casa Milà,41.395325,2.161925,A,652,87
190624,Parc Güell,41.41451,2.152709,A,652,87
190166,Sagrada Família,41.403423,2.174611,A,652,87
190162,Quartier gothique,41.3827,2.177113,A,652,87
190629,Casa Milà,41.395325,2.161925,A,653,87
190624,Parc Güell,41.41451,2.152709,A,653,87
670716,Barcelona Bus Turistic,41.386295,2.169909,A,653,87
190166,Sagrada Família,41.403423,2.174611,A,653,87
190162,Quartier gothique,41.3827,2.177113,A,653,87
246171,Église Sainte-Marie-de-la-Mer,41.38349,2.18178,A,79,87
190629,Casa Milà,41.395325,2.161925,A,79,87
190624,Parc Güell,41.41451,2.152709,A,79,87
190166,Sagrada Família,41.403423,2.174611,A,79,87
271009,Camp Nou,41.380924,2.122952,A,78,87
254723,Passeig de Gràcia,41.39493,2.16177,A,78,87
246171,Église Sainte-Marie-de-la-Mer,41.38349,2.18178,A,78,87
190624,Parc Güell,41.41451,2.152709,A,78,87
190166,Sagrada Família,41.403423,2.174611,A,78,87
246171,Église Sainte-Marie-de-la-Mer,41.38349,2.18178,A,656,87
190629,Casa Milà,41.395325,2.161925,A,656,87
190624,Parc Güell,41.41451,2.152709,A,656,87
190166,Sagrada Família,41.403423,2.174611,A,656,87
190162,Quartier gothique,41.3827,2.177113,A,656,87
190624,Parc Güell,41.41451,2.152709,A,657,87
670716,Barcelona Bus Turistic,41.386295,2.169909,A,657,87
190166,Sagrada Família,41.403423,2.174611,A,657,87
190162,Quartier gothique,41.3827,2.177113,A,657,87
271009,Camp Nou,41.380924,2.122952,A,791,87
190624,Parc Güell,41.41451,2.152709,A,791,87
190166,Sagrada Família,41.403423,2.174611,A,791,87
190162,Quartier gothique,41.3827,2.177113,A,791,87
271009,Camp Nou,41.380924,2.122952,A,795,87
190629,Casa Milà,41.395325,2.161925,A,795,87
190624,Parc Güell,41.41451,2.152709,A,795,87
190166,Sagrada Família,41.403423,2.174611,A,795,87
190162,Quartier gothique,41.3827,2.177113,A,795,87
271009,Camp Nou,41.380924,2.122952,A,793,87
190624,Parc Güell,41.41451,2.152709,A,793,87
1059712,Ciudad Condal,41.38874,2.166787,R,793,87
190166,Sagrada Família,41.403423,2.174611,A,793,87
190162,Quartier gothique,41.3827,2.177113,A,793,87
190629,Casa Milà,41.395325,2.161925,A,929,87
190624,Parc Güell,41.41451,2.152709,A,929,87
190166,Sagrada Família,41.403423,2.174611,A,929,87
190162,Quartier gothique,41.3827,2.177113,A,929,87
271009,Camp Nou,41.380924,2.122952,A,21,87
191040,Abadia de Montserrat,41.591694,1.834824,A,21,87
190624,Parc Güell,41.41451,2.152709,A,21,87
190166,Sagrada Família,41.403423,2.174611,A,21,87
190629,Casa Milà,41.395325,2.161925,A,932,87
190624,Parc Güell,41.41451,2.152709,A,932,87
670716,Barcelona Bus Turistic,41.386295,2.169909,A,932,87
190166,Sagrada Família,41.403423,2.174611,A,932,87
190162,Quartier gothique,41.3827,2.177113,A,932,87
271009,Camp Nou,41.380924,2.122952,A,20,87
190629,Casa Milà,41.395325,2.161925,A,20,87
190624,Parc Güell,41.41451,2.152709,A,20,87
190824,Palau de la Música Catalana,41.387573,2.175302,A,20,87
190166,Sagrada Família,41.403423,2.174611,A,20,87
271009,Camp Nou,41.380924,2.122952,A,19,87
190629,Casa Milà,41.395325,2.161925,A,19,87
191040,Abadia de Montserrat,41.591694,1.834824,A,19,87
190624,Parc Güell,41.41451,2.152709,A,19,87
190166,Sagrada Família,41.403423,2.174611,A,19,87
271009,Camp Nou,41.380924,2.122952,A,18,87
246171,Église Sainte-Marie-de-la-Mer,41.38349,2.18178,A,18,87
190629,Casa Milà,41.395325,2.161925,A,18,87
190624,Parc Güell,41.41451,2.152709,A,18,87
190166,Sagrada Família,41.403423,2.174611,A,18,87
246171,Église Sainte-Marie-de-la-Mer,41.38349,2.18178,A,936,87
190629,Casa Milà,41.395325,2.161925,A,936,87
190624,Parc Güell,41.41451,2.152709,A,936,87
190166,Sagrada Família,41.403423,2.174611,A,936,87
190162,Quartier gothique,41.3827,2.177113,A,936,87
190629,Casa Milà,41.395325,2.161925,A,937,87
191040,Abadia de Montserrat,41.591694,1.834824,A,937,87
190624,Parc Güell,41.41451,2.152709,A,937,87
190166,Sagrada Família,41.403423,2.174611,A,937,87
190162,Quartier gothique,41.3827,2.177113,A,937,87
190629,Casa Milà,41.395325,2.161925,A,938,87
190624,Parc Güell,41.41451,2.152709,A,938,87
190824,Palau de la Música Catalana,41.387573,2.175302,A,938,87
190166,Sagrada Família,41.403423,2.174611,A,938,87
190162,Quartier gothique,41.3827,2.177113,A,938,87
254723,Passeig de Gràcia,41.39493,2.16177,A,939,87
190629,Casa Milà,41.395325,2.161925,A,939,87
190624,Parc Güell,41.41451,2.152709,A,939,87
190166,Sagrada Família,41.403423,2.174611,A,939,87
190162,Quartier gothique,41.3827,2.177113,A,939,87
246171,Église Sainte-Marie-de-la-Mer,41.38349,2.18178,A,940,87
190629,Casa Milà,41.395325,2.161925,A,940,87
190624,Parc Güell,41.41451,2.152709,A,940,87
190166,Sagrada Família,41.403423,2.174611,A,940,87
190162,Quartier gothique,41.3827,2.177113,A,940,87
191040,Abadia de Montserrat,41.591694,1.834824,A,941,87
190624,Parc Güell,41.41451,2.152709,A,941,87
190166,Sagrada Família,41.403423,2.174611,A,941,87
190162,Quartier gothique,41.3827,2.177113,A,941,87
271009,Camp Nou,41.380924,2.122952,A,942,87
191040,Abadia de Montserrat,41.591694,1.834824,A,942,87
190624,Parc Güell,41.41451,2.152709,A,942,87
190166,Sagrada Família,41.403423,2.174611,A,942,87
190162,Quartier gothique,41.3827,2.177113,A,942,87
246171,Église Sainte-Marie-de-la-Mer,41.38349,2.18178,A,943,87
191040,Abadia de Montserrat,41.591694,1.834824,A,943,87
190624,Parc Güell,41.41451,2.152709,A,943,87
190166,Sagrada Família,41.403423,2.174611,A,943,87
190162,Quartier gothique,41.3827,2.177113,A,943,87
190629,Casa Milà,41.395325,2.161925,A,944,87
191040,Abadia de Montserrat,41.591694,1.834824,A,944,87
190624,Parc Güell,41.41451,2.152709,A,944,87
190166,Sagrada Família,41.403423,2.174611,A,944,87
190162,Quartier gothique,41.3827,2.177113,A,944,87
191040,Abadia de Montserrat,41.591694,1.834824,A,945,87
190624,Parc Güell,41.41451,2.152709,A,945,87
670716,Barcelona Bus Turistic,41.386295,2.169909,A,945,87
190166,Sagrada Família,41.403423,2.174611,A,945,87
190162,Quartier gothique,41.3827,2.177113,A,945,87
191040,Abadia de Montserrat,41.591694,1.834824,A,946,87
190624,Parc Güell,41.41451,2.152709,A,946,87
190824,Palau de la Música Catalana,41.387573,2.175302,A,946,87
190166,Sagrada Família,41.403423,2.174611,A,946,87
190162,Quartier gothique,41.3827,2.177113,A,946,87
191040,Abadia de Montserrat,41.591694,1.834824,A,947,87
190624,Parc Güell,41.41451,2.152709,A,947,87
1059712,Ciudad Condal,41.38874,2.166787,R,947,87
190166,Sagrada Família,41.403423,2.174611,A,947,87
190162,Quartier gothique,41.3827,2.177113,A,947,87
271009,Camp Nou,41.380924,2.122952,A,948,87
191040,Abadia de Montserrat,41.591694,1.834824,A,948,87
190624,Parc Güell,41.41451,2.152709,A,948,87
190166,Sagrada Família,41.403423,2.174611,A,948,87
190162,Quartier gothique,41.3827,2.177113,A,948,87
246171,Église Sainte-Marie-de-la-Mer,41.38349,2.18178,A,949,87
191040,Abadia de Montserrat,41.591694,1.834824,A,949,87
190624,Parc Güell,41.41451,2.152709,A,949,87
190166,Sagrada Família,41.403423,2.174611,A,949,87
190162,Quartier gothique,41.3827,2.177113,A,949,87
271009,Camp Nou,41.380924,2.122952,A,17,87
190629,Casa Milà,41.395325,2.161925,A,17,87
190624,Parc Güell,41.41451,2.152709,A,17,87
1059712,Ciudad Condal,41.38874,2.166787,R,17,87
190166,Sagrada Família,41.403423,2.174611,A,17,87
271009,Camp Nou,41.380924,2.122952,A,16,87
190629,Casa Milà,41.395325,2.161925,A,16,87
190624,Parc Güell,41.41451,2.152709,A,16,87
670716,Barcelona Bus Turistic,41.386295,2.169909,A,16,87
190166,Sagrada Família,41.403423,2.174611,A,16,87
271009,Camp Nou,41.380924,2.122952,A,952,87
190624,Parc Güell,41.41451,2.152709,A,952,87
190824,Palau de la Música Catalana,41.387573,2.175302,A,952,87
190166,Sagrada Família,41.403423,2.174611,A,952,87
190162,Quartier gothique,41.3827,2.177113,A,952,87
246171,Église Sainte-Marie-de-la-Mer,41.38349,2.18178,A,953,87
190624,Parc Güell,41.41451,2.152709,A,953,87
190824,Palau de la Música Catalana,41.387573,2.175302,A,953,87
190166,Sagrada Família,41.403423,2.174611,A,953,87
190162,Quartier gothique,41.3827,2.177113,A,953,87
271009,Camp Nou,41.380924,2.122952,A,22,87
191040,Abadia de Montserrat,41.591694,1.834824,A,22,87
190624,Parc Güell,41.41451,2.152709,A,22,87
670716,Barcelona Bus Turistic,41.386295,2.169909,A,22,87
190166,Sagrada Família,41.403423,2.174611,A,22,87
271009,Camp Nou,41.380924,2.122952,A,23,87
191040,Abadia de Montserrat,41.591694,1.834824,A,23,87
190624,Parc Güell,41.41451,2.152709,A,23,87
1059712,Ciudad Condal,41.38874,2.166787,R,23,87
190166,Sagrada Família,41.403423,2.174611,A,23,87
190624,Parc Güell,41.41451,2.152709,A,955,87
670716,Barcelona Bus Turistic,41.386295,2.169909,A,955,87
190824,Palau de la Música Catalana,41.387573,2.175302,A,955,87
190166,Sagrada Família,41.403423,2.174611,A,955,87
190162,Quartier gothique,41.3827,2.177113,A,955,87
254723,Passeig de Gràcia,41.39493,2.16177,A,927,87
246171,Église Sainte-Marie-de-la-Mer,41.38349,2.18178,A,927,87
190624,Parc Güell,41.41451,2.152709,A,927,87
190166,Sagrada Família,41.403423,2.174611,A,927,87
190162,Quartier gothique,41.3827,2.177113,A,927,87
190624,Parc Güell,41.41451,2.152709,A,903,87
670716,Barcelona Bus Turistic,41.386295,2.169909,A,903,87
190166,Sagrada Família,41.403423,2.174611,A,903,87
190162,Quartier gothique,41.3827,2.177113,A,903,87
190624,Parc Güell,41.41451,2.152709,A,904,87
670716,Barcelona Bus Turistic,41.386295,2.169909,A,904,87
1059712,Ciudad Condal,41.38874,2.166787,R,904,87
190166,Sagrada Família,41.403423,2.174611,A,904,87
190162,Quartier gothique,41.3827,2.177113,A,904,87
271009,Camp Nou,41.380924,2.122952,A,906,87
190624,Parc Güell,41.41451,2.152709,A,906,87
190824,Palau de la Música Catalana,41.387573,2.175302,A,906,87
190166,Sagrada Família,41.403423,2.174611,A,906,87
190162,Quartier gothique,41.3827,2.177113,A,906,87
271009,Camp Nou,41.380924,2.122952,A,29,87
191040,Abadia de Montserrat,41.591694,1.834824,A,29,87
190624,Parc Güell,41.41451,2.152709,A,29,87
190824,Palau de la Música Catalana,41.387573,2.175302,A,29,87
190166,Sagrada Família,41.403423,2.174611,A,29,87
190624,Parc Güell,41.41451,2.152709,A,908,87
670716,Barcelona Bus Turistic,41.386295,2.169909,A,908,87
190824,Palau de la Música Catalana,41.387573,2.175302,A,908,87
190166,Sagrada Família,41.403423,2.174611,A,908,87
190162,Quartier gothique,41.3827,2.177113,A,908,87
271009,Camp Nou,41.380924,2.122952,A,28,87
246171,Église Sainte-Marie-de-la-Mer,41.38349,2.18178,A,28,87
190624,Parc Güell,41.41451,2.152709,A,28,87
190824,Palau de la Música Catalana,41.387573,2.175302,A,28,87
190166,Sagrada Família,41.403423,2.174611,A,28,87
271009,Camp Nou,41.380924,2.122952,A,27,87
190624,Parc Güell,41.41451,2.152709,A,27,87
190824,Palau de la Música Catalana,41.387573,2.175302,A,27,87
1059712,Ciudad Condal,41.38874,2.166787,R,27,87
190166,Sagrada Família,41.403423,2.174611,A,27,87
271009,Camp Nou,41.380924,2.122952,A,26,87
190624,Parc Güell,41.41451,2.152709,A,26,87
670716,Barcelona Bus Turistic,41.386295,2.169909,A,26,87
190824,Palau de la Música Catalana,41.387573,2.175302,A,26,87
190166,Sagrada Família,41.403423,2.174611,A,26,87
271009,Camp Nou,41.380924,2.122952,A,912,87
190624,Parc Güell,41.41451,2.152709,A,912,87
190166,Sagrada Família,41.403423,2.174611,A,912,87
190162,Quartier gothique,41.3827,2.177113,A,912,87
271009,Camp Nou,41.380924,2.122952,A,25,87
190624,Parc Güell,41.41451,2.152709,A,25,87
190824,Palau de la Música Catalana,41.387573,2.175302,A,25,87
190166,Sagrada Família,41.403423,2.174611,A,25,87
271009,Camp Nou,41.380924,2.122952,A,914,87
190629,Casa Milà,41.395325,2.161925,A,914,87
190624,Parc Güell,41.41451,2.152709,A,914,87
190166,Sagrada Família,41.403423,2.174611,A,914,87
190162,Quartier gothique,41.3827,2.177113,A,914,87
271009,Camp Nou,41.380924,2.122952,A,915,87
190624,Parc Güell,41.41451,2.152709,A,915,87
670716,Barcelona Bus Turistic,41.386295,2.169909,A,915,87
190166,Sagrada Família,41.403423,2.174611,A,915,87
190162,Quartier gothique,41.3827,2.177113,A,915,87
271009,Camp Nou,41.380924,2.122952,A,24,87
246171,Église Sainte-Marie-de-la-Mer,41.38349,2.18178,A,24,87
191040,Abadia de Montserrat,41.591694,1.834824,A,24,87
190624,Parc Güell,41.41451,2.152709,A,24,87
190166,Sagrada Família,41.403423,2.174611,A,24,87
271009,Camp Nou,41.380924,2.122952,A,917,87
190624,Parc Güell,41.41451,2.152709,A,917,87
1059712,Ciudad Condal,41.38874,2.166787,R,917,87
190166,Sagrada Família,41.403423,2.174611,A,917,87
190162,Quartier gothique,41.3827,2.177113,A,917,87
271009,Camp Nou,41.380924,2.122952,A,918,87
254723,Passeig de Gràcia,41.39493,2.16177,A,918,87
190624,Parc Güell,41.41451,2.152709,A,918,87
190166,Sagrada Família,41.403423,2.174611,A,918,87
190162,Quartier gothique,41.3827,2.177113,A,918,87
246171,Église Sainte-Marie-de-la-Mer,41.38349,2.18178,A,919,87
190624,Parc Güell,41.41451,2.152709,A,919,87
190166,Sagrada Família,41.403423,2.174611,A,919,87
190162,Quartier gothique,41.3827,2.177113,A,919,87
246171,Église Sainte-Marie-de-la-Mer,41.38349,2.18178,A,920,87
190624,Parc Güell,41.41451,2.152709,A,920,87
190166,Sagrada Família,41.403423,2.174611,A,920,87
190162,Quartier gothique,41.3827,2.177113,A,920,87
271009,Camp Nou,41.380924,2.122952,A,921,87
246171,Église Sainte-Marie-de-la-Mer,41.38349,2.18178,A,921,87
190624,Parc Güell,41.41451,2.152709,A,921,87
190166,Sagrada Família,41.403423,2.174611,A,921,87
190162,Quartier gothique,41.3827,2.177113,A,921,87
246171,Église Sainte-Marie-de-la-Mer,41.38349,2.18178,A,922,87
190629,Casa Milà,41.395325,2.161925,A,922,87
190624,Parc Güell,41.41451,2.152709,A,922,87
190166,Sagrada Família,41.403423,2.174611,A,922,87
190162,Quartier gothique,41.3827,2.177113,A,922,87
246171,Église Sainte-Marie-de-la-Mer,41.38349,2.18178,A,923,87
190624,Parc Güell,41.41451,2.152709,A,923,87
670716,Barcelona Bus Turistic,41.386295,2.169909,A,923,87
190166,Sagrada Família,41.403423,2.174611,A,923,87
190162,Quartier gothique,41.3827,2.177113,A,923,87
246171,Église Sainte-Marie-de-la-Mer,41.38349,2.18178,A,924,87
190624,Parc Güell,41.41451,2.152709,A,924,87
190824,Palau de la Música Catalana,41.387573,2.175302,A,924,87
190166,Sagrada Família,41.403423,2.174611,A,924,87
190162,Quartier gothique,41.3827,2.177113,A,924,87
246171,Église Sainte-Marie-de-la-Mer,41.38349,2.18178,A,925,87
190624,Parc Güell,41.41451,2.152709,A,925,87
1059712,Ciudad Condal,41.38874,2.166787,R,925,87
190166,Sagrada Família,41.403423,2.174611,A,925,87
190162,Quartier gothique,41.3827,2.177113,A,925,87
271009,Camp Nou,41.380924,2.122952,A,926,87
246171,Église Sainte-Marie-de-la-Mer,41.38349,2.18178,A,926,87
190624,Parc Güell,41.41451,2.152709,A,926,87
190166,Sagrada Família,41.403423,2.174611,A,926,87
190162,Quartier gothique,41.3827,2.177113,A,926,87
271009,Camp Nou,41.380924,2.122952,A,15,87
190629,Casa Milà,41.395325,2.161925,A,15,87
190624,Parc Güell,41.41451,2.152709,A,15,87
190166,Sagrada Família,41.403423,2.174611,A,15,87
271009,Camp Nou,41.380924,2.122952,A,14,87
254723,Passeig de Gràcia,41.39493,2.16177,A,14,87
246171,Église Sainte-Marie-de-la-Mer,41.38349,2.18178,A,14,87
190624,Parc Güell,41.41451,2.152709,A,14,87
190166,Sagrada Família,41.403423,2.174611,A,14,87
271009,Camp Nou,41.380924,2.122952,A,794,87
246171,Église Sainte-Marie-de-la-Mer,41.38349,2.18178,A,794,87
190624,Parc Güell,41.41451,2.152709,A,794,87
190166,Sagrada Família,41.403423,2.174611,A,794,87
190162,Quartier gothique,41.3827,2.177113,A,794,87
246171,Église Sainte-Marie-de-la-Mer,41.38349,2.18178,A,983,87
670716,Barcelona Bus Turistic,41.386295,2.169909,A,983,87
190824,Palau de la Música Catalana,41.387573,2.175302,A,983,87
190166,Sagrada Família,41.403423,2.174611,A,983,87
190162,Quartier gothique,41.3827,2.177113,A,983,87
254723,Passeig de Gràcia,41.39493,2.16177,A,985,87
246171,Église Sainte-Marie-de-la-Mer,41.38349,2.18178,A,985,87
190824,Palau de la Música Catalana,41.387573,2.175302,A,985,87
190166,Sagrada Família,41.403423,2.174611,A,985,87
190162,Quartier gothique,41.3827,2.177113,A,985,87
246171,Église Sainte-Marie-de-la-Mer,41.38349,2.18178,A,986,87
190624,Parc Güell,41.41451,2.152709,A,986,87
190824,Palau de la Música Catalana,41.387573,2.175302,A,986,87
190166,Sagrada Família,41.403423,2.174611,A,986,87
190162,Quartier gothique,41.3827,2.177113,A,986,87
670716,Barcelona Bus Turistic,41.386295,2.169909,A,987,87
190824,Palau de la Música Catalana,41.387573,2.175302,A,987,87
190166,Sagrada Família,41.403423,2.174611,A,987,87
190162,Quartier gothique,41.3827,2.177113,A,987,87
190624,Parc Güell,41.41451,2.152709,A,988,87
670716,Barcelona Bus Turistic,41.386295,2.169909,A,988,87
190824,Palau de la Música Catalana,41.387573,2.175302,A,988,87
190166,Sagrada Família,41.403423,2.174611,A,988,87
190162,Quartier gothique,41.3827,2.177113,A,988,87
670716,Barcelona Bus Turistic,41.386295,2.169909,A,989,87
190824,Palau de la Música Catalana,41.387573,2.175302,A,989,87
1059712,Ciudad Condal,41.38874,2.166787,R,989,87
190166,Sagrada Família,41.403423,2.174611,A,989,87
190162,Quartier gothique,41.3827,2.177113,A,989,87
271009,Camp Nou,41.380924,2.122952,A,10,87
190624,Parc Güell,41.41451,2.152709,A,10,87
1059712,Ciudad Condal,41.38874,2.166787,R,10,87
190166,Sagrada Família,41.403423,2.174611,A,10,87
271009,Camp Nou,41.380924,2.122952,A,9,87
190624,Parc Güell,41.41451,2.152709,A,9,87
670716,Barcelona Bus Turistic,41.386295,2.169909,A,9,87
1059712,Ciudad Condal,41.38874,2.166787,R,9,87
190166,Sagrada Família,41.403423,2.174611,A,9,87
271009,Camp Nou,41.380924,2.122952,A,8,87
190624,Parc Güell,41.41451,2.152709,A,8,87
670716,Barcelona Bus Turistic,41.386295,2.169909,A,8,87
190166,Sagrada Família,41.403423,2.174611,A,8,87
271009,Camp Nou,41.380924,2.122952,A,7,87
190624,Parc Güell,41.41451,2.152709,A,7,87
190166,Sagrada Família,41.403423,2.174611,A,7,87
271009,Camp Nou,41.380924,2.122952,A,994,87
190624,Parc Güell,41.41451,2.152709,A,994,87
190824,Palau de la Música Catalana,41.387573,2.175302,A,994,87
190166,Sagrada Família,41.403423,2.174611,A,994,87
190162,Quartier gothique,41.3827,2.177113,A,994,87
246171,Église Sainte-Marie-de-la-Mer,41.38349,2.18178,A,995,87
190624,Parc Güell,41.41451,2.152709,A,995,87
190824,Palau de la Música Catalana,41.387573,2.175302,A,995,87
190166,Sagrada Família,41.403423,2.174611,A,995,87
190162,Quartier gothique,41.3827,2.177113,A,995,87
190624,Parc Güell,41.41451,2.152709,A,996,87
670716,Barcelona Bus Turistic,41.386295,2.169909,A,996,87
190824,Palau de la Música Catalana,41.387573,2.175302,A,996,87
190166,Sagrada Família,41.403423,2.174611,A,996,87
190162,Quartier gothique,41.3827,2.177113,A,996,87
271009,Camp Nou,41.380924,2.122952,A,5,87
670716,Barcelona Bus Turistic,41.386295,2.169909,A,5,87
1059712,Ciudad Condal,41.38874,2.166787,R,5,87
190166,Sagrada Família,41.403423,2.174611,A,5,87
271009,Camp Nou,41.380924,2.122952,A,998,87
190624,Parc Güell,41.41451,2.152709,A,998,87
190824,Palau de la Música Catalana,41.387573,2.175302,A,998,87
190166,Sagrada Família,41.403423,2.174611,A,998,87
190162,Quartier gothique,41.3827,2.177113,A,998,87
246171,Église Sainte-Marie-de-la-Mer,41.38349,2.18178,A,999,87
190624,Parc Güell,41.41451,2.152709,A,999,87
190824,Palau de la Música Catalana,41.387573,2.175302,A,999,87
190166,Sagrada Família,41.403423,2.174611,A,999,87
190162,Quartier gothique,41.3827,2.177113,A,999,87
190629,Casa Milà,41.395325,2.161925,A,1000,87
190624,Parc Güell,41.41451,2.152709,A,1000,87
190824,Palau de la Música Catalana,41.387573,2.175302,A,1000,87
190166,Sagrada Família,41.403423,2.174611,A,1000,87
190162,Quartier gothique,41.3827,2.177113,A,1000,87
191040,Abadia de Montserrat,41.591694,1.834824,A,1001,87
190624,Parc Güell,41.41451,2.152709,A,1001,87
190824,Palau de la Música Catalana,41.387573,2.175302,A,1001,87
190166,Sagrada Família,41.403423,2.174611,A,1001,87
190162,Quartier gothique,41.3827,2.177113,A,1001,87
271009,Camp Nou,41.380924,2.122952,A,4,87
670716,Barcelona Bus Turistic,41.386295,2.169909,A,4,87
190166,Sagrada Família,41.403423,2.174611,A,4,87
271009,Camp Nou,41.380924,2.122952,A,2,87
254723,Passeig de Gràcia,41.39493,2.16177,A,2,87
190624,Parc Güell,41.41451,2.152709,A,2,87
271009,Camp Nou,41.380924,2.122952,A,1004,87
190624,Parc Güell,41.41451,2.152709,A,1004,87
1059712,Ciudad Condal,41.38874,2.166787,R,1004,87
190166,Sagrada Família,41.403423,2.174611,A,1004,87
190162,Quartier gothique,41.3827,2.177113,A,1004,87
246171,Église Sainte-Marie-de-la-Mer,41.38349,2.18178,A,1005,87
190624,Parc Güell,41.41451,2.152709,A,1005,87
1059712,Ciudad Condal,41.38874,2.166787,R,1005,87
190166,Sagrada Família,41.403423,2.174611,A,1005,87
190162,Quartier gothique,41.3827,2.177113,A,1005,87
190629,Casa Milà,41.395325,2.161925,A,1006,87
190624,Parc Güell,41.41451,2.152709,A,1006,87
1059712,Ciudad Condal,41.38874,2.166787,R,1006,87
190166,Sagrada Família,41.403423,2.174611,A,1006,87
190162,Quartier gothique,41.3827,2.177113,A,1006,87
191040,Abadia de Montserrat,41.591694,1.834824,A,1007,87
190624,Parc Güell,41.41451,2.152709,A,1007,87
1059712,Ciudad Condal,41.38874,2.166787,R,1007,87
190166,Sagrada Família,41.403423,2.174611,A,1007,87
190162,Quartier gothique,41.3827,2.177113,A,1007,87
246171,Église Sainte-Marie-de-la-Mer,41.38349,2.18178,A,984,87
190824,Palau de la Música Catalana,41.387573,2.175302,A,984,87
1059712,Ciudad Condal,41.38874,2.166787,R,984,87
190166,Sagrada Família,41.403423,2.174611,A,984,87
190162,Quartier gothique,41.3827,2.177113,A,984,87
271009,Camp Nou,41.380924,2.122952,A,982,87
246171,Église Sainte-Marie-de-la-Mer,41.38349,2.18178,A,982,87
190824,Palau de la Música Catalana,41.387573,2.175302,A,982,87
190166,Sagrada Família,41.403423,2.174611,A,982,87
190162,Quartier gothique,41.3827,2.177113,A,982,87
271009,Camp Nou,41.380924,2.122952,A,957,87
190624,Parc Güell,41.41451,2.152709,A,957,87
190824,Palau de la Música Catalana,41.387573,2.175302,A,957,87
190166,Sagrada Família,41.403423,2.174611,A,957,87
190162,Quartier gothique,41.3827,2.177113,A,957,87
246171,Église Sainte-Marie-de-la-Mer,41.38349,2.18178,A,981,87
190624,Parc Güell,41.41451,2.152709,A,981,87
190824,Palau de la Música Catalana,41.387573,2.175302,A,981,87
190166,Sagrada Família,41.403423,2.174611,A,981,87
190162,Quartier gothique,41.3827,2.177113,A,981,87
246171,Église Sainte-Marie-de-la-Mer,41.38349,2.18178,A,958,87
190624,Parc Güell,41.41451,2.152709,A,958,87
190824,Palau de la Música Catalana,41.387573,2.175302,A,958,87
190166,Sagrada Família,41.403423,2.174611,A,958,87
190162,Quartier gothique,41.3827,2.177113,A,958,87
191040,Abadia de Montserrat,41.591694,1.834824,A,959,87
190624,Parc Güell,41.41451,2.152709,A,959,87
190824,Palau de la Música Catalana,41.387573,2.175302,A,959,87
190166,Sagrada Família,41.403423,2.174611,A,959,87
190162,Quartier gothique,41.3827,2.177113,A,959,87
670716,Barcelona Bus Turistic,41.386295,2.169909,A,960,87
190166,Sagrada Família,41.403423,2.174611,A,960,87
190162,Quartier gothique,41.3827,2.177113,A,960,87
190624,Parc Güell,41.41451,2.152709,A,961,87
670716,Barcelona Bus Turistic,41.386295,2.169909,A,961,87
190166,Sagrada Família,41.403423,2.174611,A,961,87
190162,Quartier gothique,41.3827,2.177113,A,961,87
271009,Camp Nou,41.380924,2.122952,A,962,87
190624,Parc Güell,41.41451,2.152709,A,962,87
670716,Barcelona Bus Turistic,41.386295,2.169909,A,962,87
190166,Sagrada Família,41.403423,2.174611,A,962,87
190162,Quartier gothique,41.3827,2.177113,A,962,87
246171,Église Sainte-Marie-de-la-Mer,41.38349,2.18178,A,963,87
190624,Parc Güell,41.41451,2.152709,A,963,87
670716,Barcelona Bus Turistic,41.386295,2.169909,A,963,87
190166,Sagrada Família,41.403423,2.174611,A,963,87
190162,Quartier gothique,41.3827,2.177113,A,963,87
190629,Casa Milà,41.395325,2.161925,A,964,87
190624,Parc Güell,41.41451,2.152709,A,964,87
670716,Barcelona Bus Turistic,41.386295,2.169909,A,964,87
190166,Sagrada Família,41.403423,2.174611,A,964,87
190162,Quartier gothique,41.3827,2.177113,A,964,87
191040,Abadia de Montserrat,41.591694,1.834824,A,965,87
190624,Parc Güell,41.41451,2.152709,A,965,87
670716,Barcelona Bus Turistic,41.386295,2.169909,A,965,87
190166,Sagrada Família,41.403423,2.174611,A,965,87
190162,Quartier gothique,41.3827,2.177113,A,965,87
190624,Parc Güell,41.41451,2.152709,A,966,87
670716,Barcelona Bus Turistic,41.386295,2.169909,A,966,87
190824,Palau de la Música Catalana,41.387573,2.175302,A,966,87
190166,Sagrada Família,41.403423,2.174611,A,966,87
190162,Quartier gothique,41.3827,2.177113,A,966,87
670716,Barcelona Bus Turistic,41.386295,2.169909,A,967,87
1059712,Ciudad Condal,41.38874,2.166787,R,967,87
190166,Sagrada Família,41.403423,2.174611,A,967,87
190162,Quartier gothique,41.3827,2.177113,A,967,87
190624,Parc Güell,41.41451,2.152709,A,968,87
670716,Barcelona Bus Turistic,41.386295,2.169909,A,968,87
1059712,Ciudad Condal,41.38874,2.166787,R,968,87
190166,Sagrada Família,41.403423,2.174611,A,968,87
190162,Quartier gothique,41.3827,2.177113,A,968,87
271009,Camp Nou,41.380924,2.122952,A,13,87
246171,Église Sainte-Marie-de-la-Mer,41.38349,2.18178,A,13,87
190624,Parc Güell,41.41451,2.152709,A,13,87
1059712,Ciudad Condal,41.38874,2.166787,R,13,87
190166,Sagrada Família,41.403423,2.174611,A,13,87
271009,Camp Nou,41.380924,2.122952,A,12,87
246171,Église Sainte-Marie-de-la-Mer,41.38349,2.18178,A,12,87
190624,Parc Güell,41.41451,2.152709,A,12,87
670716,Barcelona Bus Turistic,41.386295,2.169909,A,12,87
190166,Sagrada Família,41.403423,2.174611,A,12,87
271009,Camp Nou,41.380924,2.122952,A,971,87
190624,Parc Güell,41.41451,2.152709,A,971,87
190824,Palau de la Música Catalana,41.387573,2.175302,A,971,87
190166,Sagrada Família,41.403423,2.174611,A,971,87
190162,Quartier gothique,41.3827,2.177113,A,971,87
246171,Église Sainte-Marie-de-la-Mer,41.38349,2.18178,A,972,87
190624,Parc Güell,41.41451,2.152709,A,972,87
190824,Palau de la Música Catalana,41.387573,2.175302,A,972,87
190166,Sagrada Família,41.403423,2.174611,A,972,87
190162,Quartier gothique,41.3827,2.177113,A,972,87
190629,Casa Milà,41.395325,2.161925,A,973,87
190624,Parc Güell,41.41451,2.152709,A,973,87
190824,Palau de la Música Catalana,41.387573,2.175302,A,973,87
190166,Sagrada Família,41.403423,2.174611,A,973,87
190162,Quartier gothique,41.3827,2.177113,A,973,87
191040,Abadia de Montserrat,41.591694,1.834824,A,974,87
190624,Parc Güell,41.41451,2.152709,A,974,87
190824,Palau de la Música Catalana,41.387573,2.175302,A,974,87
190166,Sagrada Família,41.403423,2.174611,A,974,87
190162,Quartier gothique,41.3827,2.177113,A,974,87
271009,Camp Nou,41.380924,2.122952,A,975,87
190824,Palau de la Música Catalana,41.387573,2.175302,A,975,87
190166,Sagrada Família,41.403423,2.174611,A,975,87
190162,Quartier gothique,41.3827,2.177113,A,975,87
271009,Camp Nou,41.380924,2.122952,A,976,87
190624,Parc Güell,41.41451,2.152709,A,976,87
190824,Palau de la Música Catalana,41.387573,2.175302,A,976,87
190166,Sagrada Família,41.403423,2.174611,A,976,87
190162,Quartier gothique,41.3827,2.177113,A,976,87
271009,Camp Nou,41.380924,2.122952,A,977,87
670716,Barcelona Bus Turistic,41.386295,2.169909,A,977,87
190824,Palau de la Música Catalana,41.387573,2.175302,A,977,87
190166,Sagrada Família,41.403423,2.174611,A,977,87
190162,Quartier gothique,41.3827,2.177113,A,977,87
271009,Camp Nou,41.380924,2.122952,A,978,87
190824,Palau de la Música Catalana,41.387573,2.175302,A,978,87
1059712,Ciudad Condal,41.38874,2.166787,R,978,87
190166,Sagrada Família,41.403423,2.174611,A,978,87
190162,Quartier gothique,41.3827,2.177113,A,978,87
271009,Camp Nou,41.380924,2.122952,A,979,87
190624,Parc Güell,41.41451,2.152709,A,979,87
190824,Palau de la Música Catalana,41.387573,2.175302,A,979,87
190166,Sagrada Família,41.403423,2.174611,A,979,87
190162,Quartier gothique,41.3827,2.177113,A,979,87
271009,Camp Nou,41.380924,2.122952,A,11,87
246171,Église Sainte-Marie-de-la-Mer,41.38349,2.18178,A,11,87
190624,Parc Güell,41.41451,2.152709,A,11,87
190166,Sagrada Família,41.403423,2.174611,A,11,87
246171,Église Sainte-Marie-de-la-Mer,41.38349,2.18178,A,902,87
190629,Casa Milà,41.395325,2.161925,A,902,87
190624,Parc Güell,41.41451,2.152709,A,902,87
190166,Sagrada Família,41.403423,2.174611,A,902,87
190162,Quartier gothique,41.3827,2.177113,A,902,87
254723,Passeig de Gràcia,41.39493,2.16177,A,33,87
246171,Église Sainte-Marie-de-la-Mer,41.38349,2.18178,A,33,87
190629,Casa Milà,41.395325,2.161925,A,33,87
254723,Passeig de Gràcia,41.39493,2.16177,A,34,87
246171,Église Sainte-Marie-de-la-Mer,41.38349,2.18178,A,34,87
190629,Casa Milà,41.395325,2.161925,A,34,87
246171,Église Sainte-Marie-de-la-Mer,41.38349,2.18178,A,820,87
190624,Parc Güell,41.41451,2.152709,A,820,87
190166,Sagrada Família,41.403423,2.174611,A,820,87
190162,Quartier gothique,41.3827,2.177113,A,820,87
246171,Église Sainte-Marie-de-la-Mer,41.38349,2.18178,A,822,87
190624,Parc Güell,41.41451,2.152709,A,822,87
670716,Barcelona Bus Turistic,41.386295,2.169909,A,822,87
190166,Sagrada Família,41.403423,2.174611,A,822,87
190162,Quartier gothique,41.3827,2.177113,A,822,87
246171,Église Sainte-Marie-de-la-Mer,41.38349,2.18178,A,823,87
190624,Parc Güell,41.41451,2.152709,A,823,87
1059712,Ciudad Condal,41.38874,2.166787,R,823,87
190166,Sagrada Família,41.403423,2.174611,A,823,87
190162,Quartier gothique,41.3827,2.177113,A,823,87
254723,Passeig de Gràcia,41.39493,2.16177,A,824,87
246171,Église Sainte-Marie-de-la-Mer,41.38349,2.18178,A,824,87
190624,Parc Güell,41.41451,2.152709,A,824,87
190166,Sagrada Família,41.403423,2.174611,A,824,87
190162,Quartier gothique,41.3827,2.177113,A,824,87
271009,Camp Nou,41.380924,2.122952,A,825,87
246171,Église Sainte-Marie-de-la-Mer,41.38349,2.18178,A,825,87
190624,Parc Güell,41.41451,2.152709,A,825,87
190166,Sagrada Família,41.403423,2.174611,A,825,87
190162,Quartier gothique,41.3827,2.177113,A,825,87
246171,Église Sainte-Marie-de-la-Mer,41.38349,2.18178,A,826,87
190629,Casa Milà,41.395325,2.161925,A,826,87
190624,Parc Güell,41.41451,2.152709,A,826,87
190166,Sagrada Família,41.403423,2.174611,A,826,87
190162,Quartier gothique,41.3827,2.177113,A,826,87
246171,Église Sainte-Marie-de-la-Mer,41.38349,2.18178,A,827,87
191040,Abadia de Montserrat,41.591694,1.834824,A,827,87
190624,Parc Güell,41.41451,2.152709,A,827,87
190166,Sagrada Família,41.403423,2.174611,A,827,87
190162,Quartier gothique,41.3827,2.177113,A,827,87
246171,Église Sainte-Marie-de-la-Mer,41.38349,2.18178,A,828,87
190624,Parc Güell,41.41451,2.152709,A,828,87
190824,Palau de la Música Catalana,41.387573,2.175302,A,828,87
190166,Sagrada Família,41.403423,2.174611,A,828,87
190162,Quartier gothique,41.3827,2.177113,A,828,87
271009,Camp Nou,41.380924,2.122952,A,55,87
254723,Passeig de Gràcia,41.39493,2.16177,A,55,87
246171,Église Sainte-Marie-de-la-Mer,41.38349,2.18178,A,55,87
670716,Barcelona Bus Turistic,41.386295,2.169909,A,55,87
190166,Sagrada Família,41.403423,2.174611,A,55,87
271009,Camp Nou,41.380924,2.122952,A,54,87
254723,Passeig de Gràcia,41.39493,2.16177,A,54,87
246171,Église Sainte-Marie-de-la-Mer,41.38349,2.18178,A,54,87
190166,Sagrada Família,41.403423,2.174611,A,54,87
271009,Camp Nou,41.380924,2.122952,A,831,87
190629,Casa Milà,41.395325,2.161925,A,831,87
190624,Parc Güell,41.41451,2.152709,A,831,87
190166,Sagrada Família,41.403423,2.174611,A,831,87
190162,Quartier gothique,41.3827,2.177113,A,831,87
246171,Église Sainte-Marie-de-la-Mer,41.38349,2.18178,A,832,87
190629,Casa Milà,41.395325,2.161925,A,832,87
190624,Parc Güell,41.41451,2.152709,A,832,87
190166,Sagrada Família,41.403423,2.174611,A,832,87
190162,Quartier gothique,41.3827,2.177113,A,832,87
190629,Casa Milà,41.395325,2.161925,A,833,87
191040,Abadia de Montserrat,41.591694,1.834824,A,833,87
190624,Parc Güell,41.41451,2.152709,A,833,87
190166,Sagrada Família,41.403423,2.174611,A,833,87
190162,Quartier gothique,41.3827,2.177113,A,833,87
254723,Passeig de Gràcia,41.39493,2.16177,A,53,87
246171,Église Sainte-Marie-de-la-Mer,41.38349,2.18178,A,53,87
190166,Sagrada Família,41.403423,2.174611,A,53,87
271009,Camp Nou,41.380924,2.122952,A,835,87
190629,Casa Milà,41.395325,2.161925,A,835,87
190166,Sagrada Família,41.403423,2.174611,A,835,87
190162,Quartier gothique,41.3827,2.177113,A,835,87
271009,Camp Nou,41.380924,2.122952,A,836,87
190629,Casa Milà,41.395325,2.161925,A,836,87
190624,Parc Güell,41.41451,2.152709,A,836,87
190166,Sagrada Família,41.403423,2.174611,A,836,87
190162,Quartier gothique,41.3827,2.177113,A,836,87
271009,Camp Nou,41.380924,2.122952,A,837,87
190629,Casa Milà,41.395325,2.161925,A,837,87
670716,Barcelona Bus Turistic,41.386295,2.169909,A,837,87
190166,Sagrada Família,41.403423,2.174611,A,837,87
190162,Quartier gothique,41.3827,2.177113,A,837,87
271009,Camp Nou,41.380924,2.122952,A,838,87
190629,Casa Milà,41.395325,2.161925,A,838,87
1059712,Ciudad Condal,41.38874,2.166787,R,838,87
190166,Sagrada Família,41.403423,2.174611,A,838,87
190162,Quartier gothique,41.3827,2.177113,A,838,87
271009,Camp Nou,41.380924,2.122952,A,839,87
190629,Casa Milà,41.395325,2.161925,A,839,87
190624,Parc Güell,41.41451,2.152709,A,839,87
190166,Sagrada Família,41.403423,2.174611,A,839,87
190162,Quartier gothique,41.3827,2.177113,A,839,87
246171,Église Sainte-Marie-de-la-Mer,41.38349,2.18178,A,840,87
190629,Casa Milà,41.395325,2.161925,A,840,87
190166,Sagrada Família,41.403423,2.174611,A,840,87
190162,Quartier gothique,41.3827,2.177113,A,840,87
246171,Église Sainte-Marie-de-la-Mer,41.38349,2.18178,A,841,87
190629,Casa Milà,41.395325,2.161925,A,841,87
190624,Parc Güell,41.41451,2.152709,A,841,87
190166,Sagrada Família,41.403423,2.174611,A,841,87
190162,Quartier gothique,41.3827,2.177113,A,841,87
271009,Camp Nou,41.380924,2.122952,A,842,87
246171,Église Sainte-Marie-de-la-Mer,41.38349,2.18178,A,842,87
190629,Casa Milà,41.395325,2.161925,A,842,87
190166,Sagrada Família,41.403423,2.174611,A,842,87
190162,Quartier gothique,41.3827,2.177113,A,842,87
246171,Église Sainte-Marie-de-la-Mer,41.38349,2.18178,A,843,87
190629,Casa Milà,41.395325,2.161925,A,843,87
670716,Barcelona Bus Turistic,41.386295,2.169909,A,843,87
190166,Sagrada Família,41.403423,2.174611,A,843,87
190162,Quartier gothique,41.3827,2.177113,A,843,87
246171,Église Sainte-Marie-de-la-Mer,41.38349,2.18178,A,844,87
190629,Casa Milà,41.395325,2.161925,A,844,87
1059712,Ciudad Condal,41.38874,2.166787,R,844,87
190166,Sagrada Família,41.403423,2.174611,A,844,87
190162,Quartier gothique,41.3827,2.177113,A,844,87
271009,Camp Nou,41.380924,2.122952,A,821,87
246171,Église Sainte-Marie-de-la-Mer,41.38349,2.18178,A,821,87
190624,Parc Güell,41.41451,2.152709,A,821,87
190166,Sagrada Família,41.403423,2.174611,A,821,87
190162,Quartier gothique,41.3827,2.177113,A,821,87
246171,Église Sainte-Marie-de-la-Mer,41.38349,2.18178,A,819,87
190624,Parc Güell,41.41451,2.152709,A,819,87
190166,Sagrada Família,41.403423,2.174611,A,819,87
190162,Quartier gothique,41.3827,2.177113,A,819,87
190629,Casa Milà,41.395325,2.161925,A,899,87
190624,Parc Güell,41.41451,2.152709,A,899,87
670716,Barcelona Bus Turistic,41.386295,2.169909,A,899,87
190166,Sagrada Família,41.403423,2.174611,A,899,87
190162,Quartier gothique,41.3827,2.177113,A,899,87
254723,Passeig de Gràcia,41.39493,2.16177,A,818,87
246171,Église Sainte-Marie-de-la-Mer,41.38349,2.18178,A,818,87
1059712,Ciudad Condal,41.38874,2.166787,R,818,87
190166,Sagrada Família,41.403423,2.174611,A,818,87
190162,Quartier gothique,41.3827,2.177113,A,818,87
190629,Casa Milà,41.395325,2.161925,A,578,87
190624,Parc Güell,41.41451,2.152709,A,578,87
190824,Palau de la Música Catalana,41.387573,2.175302,A,578,87
190166,Sagrada Família,41.403423,2.174611,A,578,87
190162,Quartier gothique,41.3827,2.177113,A,578,87
271009,Camp Nou,41.380924,2.122952,A,796,87
191040,Abadia de Montserrat,41.591694,1.834824,A,796,87
190624,Parc Güell,41.41451,2.152709,A,796,87
190166,Sagrada Família,41.403423,2.174611,A,796,87
190162,Quartier gothique,41.3827,2.177113,A,796,87
271009,Camp Nou,41.380924,2.122952,A,797,87
190624,Parc Güell,41.41451,2.152709,A,797,87
190824,Palau de la Música Catalana,41.387573,2.175302,A,797,87
190166,Sagrada Família,41.403423,2.174611,A,797,87
190162,Quartier gothique,41.3827,2.177113,A,797,87
271009,Camp Nou,41.380924,2.122952,A,56,87
254723,Passeig de Gràcia,41.39493,2.16177,A,56,87
246171,Église Sainte-Marie-de-la-Mer,41.38349,2.18178,A,56,87
1059712,Ciudad Condal,41.38874,2.166787,R,56,87
190166,Sagrada Família,41.403423,2.174611,A,56,87
246171,Église Sainte-Marie-de-la-Mer,41.38349,2.18178,A,799,87
190624,Parc Güell,41.41451,2.152709,A,799,87
190166,Sagrada Família,41.403423,2.174611,A,799,87
190162,Quartier gothique,41.3827,2.177113,A,799,87
271009,Camp Nou,41.380924,2.122952,A,800,87
246171,Église Sainte-Marie-de-la-Mer,41.38349,2.18178,A,800,87
190624,Parc Güell,41.41451,2.152709,A,800,87
190166,Sagrada Família,41.403423,2.174611,A,800,87
190162,Quartier gothique,41.3827,2.177113,A,800,87
246171,Église Sainte-Marie-de-la-Mer,41.38349,2.18178,A,801,87
190629,Casa Milà,41.395325,2.161925,A,801,87
190624,Parc Güell,41.41451,2.152709,A,801,87
190166,Sagrada Família,41.403423,2.174611,A,801,87
190162,Quartier gothique,41.3827,2.177113,A,801,87
246171,Église Sainte-Marie-de-la-Mer,41.38349,2.18178,A,802,87
191040,Abadia de Montserrat,41.591694,1.834824,A,802,87
190624,Parc Güell,41.41451,2.152709,A,802,87
190166,Sagrada Família,41.403423,2.174611,A,802,87
190162,Quartier gothique,41.3827,2.177113,A,802,87
246171,Église Sainte-Marie-de-la-Mer,41.38349,2.18178,A,803,87
190624,Parc Güell,41.41451,2.152709,A,803,87
190824,Palau de la Música Catalana,41.387573,2.175302,A,803,87
190166,Sagrada Família,41.403423,2.174611,A,803,87
190162,Quartier gothique,41.3827,2.177113,A,803,87
271009,Camp Nou,41.380924,2.122952,A,804,87
246171,Église Sainte-Marie-de-la-Mer,41.38349,2.18178,A,804,87
190166,Sagrada Família,41.403423,2.174611,A,804,87
190162,Quartier gothique,41.3827,2.177113,A,804,87
271009,Camp Nou,41.380924,2.122952,A,805,87
246171,Église Sainte-Marie-de-la-Mer,41.38349,2.18178,A,805,87
190624,Parc Güell,41.41451,2.152709,A,805,87
190166,Sagrada Família,41.403423,2.174611,A,805,87
190162,Quartier gothique,41.3827,2.177113,A,805,87
271009,Camp Nou,41.380924,2.122952,A,806,87
246171,Église Sainte-Marie-de-la-Mer,41.38349,2.18178,A,806,87
670716,Barcelona Bus Turistic,41.386295,2.169909,A,806,87
190166,Sagrada Família,41.403423,2.174611,A,806,87
190162,Quartier gothique,41.3827,2.177113,A,806,87
271009,Camp Nou,41.380924,2.122952,A,807,87
246171,Église Sainte-Marie-de-la-Mer,41.38349,2.18178,A,807,87
1059712,Ciudad Condal,41.38874,2.166787,R,807,87
190166,Sagrada Família,41.403423,2.174611,A,807,87
190162,Quartier gothique,41.3827,2.177113,A,807,87
271009,Camp Nou,41.380924,2.122952,A,808,87
246171,Église Sainte-Marie-de-la-Mer,41.38349,2.18178,A,808,87
190624,Parc Güell,41.41451,2.152709,A,808,87
190166,Sagrada Família,41.403423,2.174611,A,808,87
190162,Quartier gothique,41.3827,2.177113,A,808,87
246171,Église Sainte-Marie-de-la-Mer,41.38349,2.18178,A,809,87
670716,Barcelona Bus Turistic,41.386295,2.169909,A,809,87
190166,Sagrada Família,41.403423,2.174611,A,809,87
190162,Quartier gothique,41.3827,2.177113,A,809,87
246171,Église Sainte-Marie-de-la-Mer,41.38349,2.18178,A,810,87
190624,Parc Güell,41.41451,2.152709,A,810,87
670716,Barcelona Bus Turistic,41.386295,2.169909,A,810,87
190166,Sagrada Família,41.403423,2.174611,A,810,87
190162,Quartier gothique,41.3827,2.177113,A,810,87
246171,Église Sainte-Marie-de-la-Mer,41.38349,2.18178,A,811,87
670716,Barcelona Bus Turistic,41.386295,2.169909,A,811,87
1059712,Ciudad Condal,41.38874,2.166787,R,811,87
190166,Sagrada Família,41.403423,2.174611,A,811,87
190162,Quartier gothique,41.3827,2.177113,A,811,87
246171,Église Sainte-Marie-de-la-Mer,41.38349,2.18178,A,812,87
1059712,Ciudad Condal,41.38874,2.166787,R,812,87
190166,Sagrada Família,41.403423,2.174611,A,812,87
190162,Quartier gothique,41.3827,2.177113,A,812,87
246171,Église Sainte-Marie-de-la-Mer,41.38349,2.18178,A,813,87
190624,Parc Güell,41.41451,2.152709,A,813,87
1059712,Ciudad Condal,41.38874,2.166787,R,813,87
190166,Sagrada Família,41.403423,2.174611,A,813,87
190162,Quartier gothique,41.3827,2.177113,A,813,87
254723,Passeig de Gràcia,41.39493,2.16177,A,814,87
246171,Église Sainte-Marie-de-la-Mer,41.38349,2.18178,A,814,87
190166,Sagrada Família,41.403423,2.174611,A,814,87
190162,Quartier gothique,41.3827,2.177113,A,814,87
254723,Passeig de Gràcia,41.39493,2.16177,A,815,87
246171,Église Sainte-Marie-de-la-Mer,41.38349,2.18178,A,815,87
190624,Parc Güell,41.41451,2.152709,A,815,87
190166,Sagrada Família,41.403423,2.174611,A,815,87
190162,Quartier gothique,41.3827,2.177113,A,815,87
271009,Camp Nou,41.380924,2.122952,A,816,87
254723,Passeig de Gràcia,41.39493,2.16177,A,816,87
246171,Église Sainte-Marie-de-la-Mer,41.38349,2.18178,A,816,87
190166,Sagrada Família,41.403423,2.174611,A,816,87
190162,Quartier gothique,41.3827,2.177113,A,816,87
254723,Passeig de Gràcia,41.39493,2.16177,A,817,87
246171,Église Sainte-Marie-de-la-Mer,41.38349,2.18178,A,817,87
670716,Barcelona Bus Turistic,41.386295,2.169909,A,817,87
190166,Sagrada Família,41.403423,2.174611,A,817,87
190162,Quartier gothique,41.3827,2.177113,A,817,87
254723,Passeig de Gràcia,41.39493,2.16177,A,845,87
246171,Église Sainte-Marie-de-la-Mer,41.38349,2.18178,A,845,87
190629,Casa Milà,41.395325,2.161925,A,845,87
190166,Sagrada Família,41.403423,2.174611,A,845,87
190162,Quartier gothique,41.3827,2.177113,A,845,87
246171,Église Sainte-Marie-de-la-Mer,41.38349,2.18178,A,846,87
190629,Casa Milà,41.395325,2.161925,A,846,87
190624,Parc Güell,41.41451,2.152709,A,846,87
190166,Sagrada Família,41.403423,2.174611,A,846,87
190162,Quartier gothique,41.3827,2.177113,A,846,87
190629,Casa Milà,41.395325,2.161925,A,847,87
670716,Barcelona Bus Turistic,41.386295,2.169909,A,847,87
190166,Sagrada Família,41.403423,2.174611,A,847,87
190162,Quartier gothique,41.3827,2.177113,A,847,87
190629,Casa Milà,41.395325,2.161925,A,848,87
190624,Parc Güell,41.41451,2.152709,A,848,87
670716,Barcelona Bus Turistic,41.386295,2.169909,A,848,87
190166,Sagrada Família,41.403423,2.174611,A,848,87
190162,Quartier gothique,41.3827,2.177113,A,848,87
271009,Camp Nou,41.380924,2.122952,A,45,87
246171,Église Sainte-Marie-de-la-Mer,41.38349,2.18178,A,45,87
190624,Parc Güell,41.41451,2.152709,A,45,87
670716,Barcelona Bus Turistic,41.386295,2.169909,A,45,87
190166,Sagrada Família,41.403423,2.174611,A,45,87
271009,Camp Nou,41.380924,2.122952,A,877,87
190624,Parc Güell,41.41451,2.152709,A,877,87
190166,Sagrada Família,41.403423,2.174611,A,877,87
190162,Quartier gothique,41.3827,2.177113,A,877,87
246171,Église Sainte-Marie-de-la-Mer,41.38349,2.18178,A,878,87
190624,Parc Güell,41.41451,2.152709,A,878,87
190166,Sagrada Família,41.403423,2.174611,A,878,87
190162,Quartier gothique,41.3827,2.177113,A,878,87
271009,Camp Nou,41.380924,2.122952,A,44,87
246171,Église Sainte-Marie-de-la-Mer,41.38349,2.18178,A,44,87
190624,Parc Güell,41.41451,2.152709,A,44,87
190166,Sagrada Família,41.403423,2.174611,A,44,87
190624,Parc Güell,41.41451,2.152709,A,880,87
670716,Barcelona Bus Turistic,41.386295,2.169909,A,880,87
190166,Sagrada Família,41.403423,2.174611,A,880,87
190162,Quartier gothique,41.3827,2.177113,A,880,87
271009,Camp Nou,41.380924,2.122952,A,43,87
246171,Église Sainte-Marie-de-la-Mer,41.38349,2.18178,A,43,87
1059712,Ciudad Condal,41.38874,2.166787,R,43,87
190166,Sagrada Família,41.403423,2.174611,A,43,87
271009,Camp Nou,41.380924,2.122952,A,42,87
246171,Église Sainte-Marie-de-la-Mer,41.38349,2.18178,A,42,87
670716,Barcelona Bus Turistic,41.386295,2.169909,A,42,87
1059712,Ciudad Condal,41.38874,2.166787,R,42,87
190166,Sagrada Família,41.403423,2.174611,A,42,87
271009,Camp Nou,41.380924,2.122952,A,883,87
190624,Parc Güell,41.41451,2.152709,A,883,87
190166,Sagrada Família,41.403423,2.174611,A,883,87
190162,Quartier gothique,41.3827,2.177113,A,883,87
246171,Église Sainte-Marie-de-la-Mer,41.38349,2.18178,A,884,87
190624,Parc Güell,41.41451,2.152709,A,884,87
190166,Sagrada Família,41.403423,2.174611,A,884,87
190162,Quartier gothique,41.3827,2.177113,A,884,87
271009,Camp Nou,41.380924,2.122952,A,41,87
246171,Église Sainte-Marie-de-la-Mer,41.38349,2.18178,A,41,87
670716,Barcelona Bus Turistic,41.386295,2.169909,A,41,87
190166,Sagrada Família,41.403423,2.174611,A,41,87
191040,Abadia de Montserrat,41.591694,1.834824,A,886,87
190624,Parc Güell,41.41451,2.152709,A,886,87
190166,Sagrada Família,41.403423,2.174611,A,886,87
190162,Quartier gothique,41.3827,2.177113,A,886,87
271009,Camp Nou,41.380924,2.122952,A,40,87
246171,Église Sainte-Marie-de-la-Mer,41.38349,2.18178,A,40,87
190166,Sagrada Família,41.403423,2.174611,A,40,87
271009,Camp Nou,41.380924,2.122952,A,38,87
254723,Passeig de Gràcia,41.39493,2.16177,A,38,87
246171,Église Sainte-Marie-de-la-Mer,41.38349,2.18178,A,38,87
190624,Parc Güell,41.41451,2.152709,A,38,87
271009,Camp Nou,41.380924,2.122952,A,889,87
190624,Parc Güell,41.41451,2.152709,A,889,87
670716,Barcelona Bus Turistic,41.386295,2.169909,A,889,87
190166,Sagrada Família,41.403423,2.174611,A,889,87
190162,Quartier gothique,41.3827,2.177113,A,889,87
254723,Passeig de Gràcia,41.39493,2.16177,A,37,87
246171,Église Sainte-Marie-de-la-Mer,41.38349,2.18178,A,37,87
190624,Parc Güell,41.41451,2.152709,A,37,87
271009,Camp Nou,41.380924,2.122952,A,36,87
246171,Église Sainte-Marie-de-la-Mer,41.38349,2.18178,A,36,87
190624,Parc Güell,41.41451,2.152709,A,36,87
271009,Camp Nou,41.380924,2.122952,A,892,87
246171,Église Sainte-Marie-de-la-Mer,41.38349,2.18178,A,892,87
190624,Parc Güell,41.41451,2.152709,A,892,87
190166,Sagrada Família,41.403423,2.174611,A,892,87
190162,Quartier gothique,41.3827,2.177113,A,892,87
246171,Église Sainte-Marie-de-la-Mer,41.38349,2.18178,A,893,87
190624,Parc Güell,41.41451,2.152709,A,893,87
670716,Barcelona Bus Turistic,41.386295,2.169909,A,893,87
190166,Sagrada Família,41.403423,2.174611,A,893,87
190162,Quartier gothique,41.3827,2.177113,A,893,87
246171,Église Sainte-Marie-de-la-Mer,41.38349,2.18178,A,894,87
190624,Parc Güell,41.41451,2.152709,A,894,87
1059712,Ciudad Condal,41.38874,2.166787,R,894,87
190166,Sagrada Família,41.403423,2.174611,A,894,87
190162,Quartier gothique,41.3827,2.177113,A,894,87
254723,Passeig de Gràcia,41.39493,2.16177,A,895,87
246171,Église Sainte-Marie-de-la-Mer,41.38349,2.18178,A,895,87
190624,Parc Güell,41.41451,2.152709,A,895,87
190166,Sagrada Família,41.403423,2.174611,A,895,87
190162,Quartier gothique,41.3827,2.177113,A,895,87
246171,Église Sainte-Marie-de-la-Mer,41.38349,2.18178,A,35,87
190624,Parc Güell,41.41451,2.152709,A,35,87
271009,Camp Nou,41.380924,2.122952,A,897,87
190629,Casa Milà,41.395325,2.161925,A,897,87
190624,Parc Güell,41.41451,2.152709,A,897,87
190166,Sagrada Família,41.403423,2.174611,A,897,87
190162,Quartier gothique,41.3827,2.177113,A,897,87
246171,Église Sainte-Marie-de-la-Mer,41.38349,2.18178,A,898,87
190629,Casa Milà,41.395325,2.161925,A,898,87
190624,Parc Güell,41.41451,2.152709,A,898,87
190166,Sagrada Família,41.403423,2.174611,A,898,87
190162,Quartier gothique,41.3827,2.177113,A,898,87
271009,Camp Nou,41.380924,2.122952,A,46,87
246171,Église Sainte-Marie-de-la-Mer,41.38349,2.18178,A,46,87
190624,Parc Güell,41.41451,2.152709,A,46,87
1059712,Ciudad Condal,41.38874,2.166787,R,46,87
190166,Sagrada Família,41.403423,2.174611,A,46,87
190629,Casa Milà,41.395325,2.161925,A,874,87
190624,Parc Güell,41.41451,2.152709,A,874,87
190824,Palau de la Música Catalana,41.387573,2.175302,A,874,87
190166,Sagrada Família,41.403423,2.174611,A,874,87
190162,Quartier gothique,41.3827,2.177113,A,874,87
190629,Casa Milà,41.395325,2.161925,A,873,87
191040,Abadia de Montserrat,41.591694,1.834824,A,873,87
190624,Parc Güell,41.41451,2.152709,A,873,87
190166,Sagrada Família,41.403423,2.174611,A,873,87
190162,Quartier gothique,41.3827,2.177113,A,873,87
246171,Église Sainte-Marie-de-la-Mer,41.38349,2.18178,A,860,87
190629,Casa Milà,41.395325,2.161925,A,860,87
190624,Parc Güell,41.41451,2.152709,A,860,87
190166,Sagrada Família,41.403423,2.174611,A,860,87
190162,Quartier gothique,41.3827,2.177113,A,860,87
190629,Casa Milà,41.395325,2.161925,A,849,87
670716,Barcelona Bus Turistic,41.386295,2.169909,A,849,87
1059712,Ciudad Condal,41.38874,2.166787,R,849,87
190166,Sagrada Família,41.403423,2.174611,A,849,87
190162,Quartier gothique,41.3827,2.177113,A,849,87
246171,Église Sainte-Marie-de-la-Mer,41.38349,2.18178,A,51,87
670716,Barcelona Bus Turistic,41.386295,2.169909,A,51,87
1059712,Ciudad Condal,41.38874,2.166787,R,51,87
190166,Sagrada Família,41.403423,2.174611,A,51,87
271009,Camp Nou,41.380924,2.122952,A,852,87
190629,Casa Milà,41.395325,2.161925,A,852,87
190824,Palau de la Música Catalana,41.387573,2.175302,A,852,87
190166,Sagrada Família,41.403423,2.174611,A,852,87
190162,Quartier gothique,41.3827,2.177113,A,852,87
246171,Église Sainte-Marie-de-la-Mer,41.38349,2.18178,A,853,87
190629,Casa Milà,41.395325,2.161925,A,853,87
190824,Palau de la Música Catalana,41.387573,2.175302,A,853,87
190166,Sagrada Família,41.403423,2.174611,A,853,87
190162,Quartier gothique,41.3827,2.177113,A,853,87
190629,Casa Milà,41.395325,2.161925,A,854,87
670716,Barcelona Bus Turistic,41.386295,2.169909,A,854,87
190824,Palau de la Música Catalana,41.387573,2.175302,A,854,87
190166,Sagrada Família,41.403423,2.174611,A,854,87
190162,Quartier gothique,41.3827,2.177113,A,854,87
246171,Église Sainte-Marie-de-la-Mer,41.38349,2.18178,A,50,87
670716,Barcelona Bus Turistic,41.386295,2.169909,A,50,87
190166,Sagrada Família,41.403423,2.174611,A,50,87
271009,Camp Nou,41.380924,2.122952,A,49,87
246171,Église Sainte-Marie-de-la-Mer,41.38349,2.18178,A,49,87
190624,Parc Güell,41.41451,2.152709,A,49,87
190824,Palau de la Música Catalana,41.387573,2.175302,A,49,87
190166,Sagrada Família,41.403423,2.174611,A,49,87
271009,Camp Nou,41.380924,2.122952,A,48,87
246171,Église Sainte-Marie-de-la-Mer,41.38349,2.18178,A,48,87
191040,Abadia de Montserrat,41.591694,1.834824,A,48,87
190624,Parc Güell,41.41451,2.152709,A,48,87
190166,Sagrada Família,41.403423,2.174611,A,48,87
271009,Camp Nou,41.380924,2.122952,A,47,87
246171,Église Sainte-Marie-de-la-Mer,41.38349,2.18178,A,47,87
190629,Casa Milà,41.395325,2.161925,A,47,87
190624,Parc Güell,41.41451,2.152709,A,47,87
190166,Sagrada Família,41.403423,2.174611,A,47,87
246171,Église Sainte-Marie-de-la-Mer,41.38349,2.18178,A,859,87
190629,Casa Milà,41.395325,2.161925,A,859,87
190166,Sagrada Família,41.403423,2.174611,A,859,87
190162,Quartier gothique,41.3827,2.177113,A,859,87
246171,Église Sainte-Marie-de-la-Mer,41.38349,2.18178,A,861,87
190629,Casa Milà,41.395325,2.161925,A,861,87
190824,Palau de la Música Catalana,41.387573,2.175302,A,861,87
190166,Sagrada Família,41.403423,2.174611,A,861,87
190162,Quartier gothique,41.3827,2.177113,A,861,87
246171,Église Sainte-Marie-de-la-Mer,41.38349,2.18178,A,872,87
190629,Casa Milà,41.395325,2.161925,A,872,87
190624,Parc Güell,41.41451,2.152709,A,872,87
190166,Sagrada Família,41.403423,2.174611,A,872,87
190162,Quartier gothique,41.3827,2.177113,A,872,87
246171,Église Sainte-Marie-de-la-Mer,41.38349,2.18178,A,862,87
190629,Casa Milà,41.395325,2.161925,A,862,87
1059712,Ciudad Condal,41.38874,2.166787,R,862,87
190166,Sagrada Família,41.403423,2.174611,A,862,87
190162,Quartier gothique,41.3827,2.177113,A,862,87
254723,Passeig de Gràcia,41.39493,2.16177,A,863,87
246171,Église Sainte-Marie-de-la-Mer,41.38349,2.18178,A,863,87
190629,Casa Milà,41.395325,2.161925,A,863,87
190166,Sagrada Família,41.403423,2.174611,A,863,87
190162,Quartier gothique,41.3827,2.177113,A,863,87
190629,Casa Milà,41.395325,2.161925,A,864,87
190624,Parc Güell,41.41451,2.152709,A,864,87
190166,Sagrada Família,41.403423,2.174611,A,864,87
190162,Quartier gothique,41.3827,2.177113,A,864,87
190629,Casa Milà,41.395325,2.161925,A,865,87
190624,Parc Güell,41.41451,2.152709,A,865,87
190166,Sagrada Família,41.403423,2.174611,A,865,87
190162,Quartier gothique,41.3827,2.177113,A,865,87
271009,Camp Nou,41.380924,2.122952,A,866,87
190629,Casa Milà,41.395325,2.161925,A,866,87
190624,Parc Güell,41.41451,2.152709,A,866,87
190166,Sagrada Família,41.403423,2.174611,A,866,87
190162,Quartier gothique,41.3827,2.177113,A,866,87
246171,Église Sainte-Marie-de-la-Mer,41.38349,2.18178,A,867,87
190629,Casa Milà,41.395325,2.161925,A,867,87
190624,Parc Güell,41.41451,2.152709,A,867,87
190166,Sagrada Família,41.403423,2.174611,A,867,87
190162,Quartier gothique,41.3827,2.177113,A,867,87
190629,Casa Milà,41.395325,2.161925,A,868,87
190624,Parc Güell,41.41451,2.152709,A,868,87
670716,Barcelona Bus Turistic,41.386295,2.169909,A,868,87
190166,Sagrada Família,41.403423,2.174611,A,868,87
190162,Quartier gothique,41.3827,2.177113,A,868,87
190629,Casa Milà,41.395325,2.161925,A,869,87
190624,Parc Güell,41.41451,2.152709,A,869,87
190824,Palau de la Música Catalana,41.387573,2.175302,A,869,87
190166,Sagrada Família,41.403423,2.174611,A,869,87
190162,Quartier gothique,41.3827,2.177113,A,869,87
190629,Casa Milà,41.395325,2.161925,A,870,87
190624,Parc Güell,41.41451,2.152709,A,870,87
1059712,Ciudad Condal,41.38874,2.166787,R,870,87
190166,Sagrada Família,41.403423,2.174611,A,870,87
190162,Quartier gothique,41.3827,2.177113,A,870,87
271009,Camp Nou,41.380924,2.122952,A,871,87
190629,Casa Milà,41.395325,2.161925,A,871,87
190624,Parc Güell,41.41451,2.152709,A,871,87
190166,Sagrada Família,41.403423,2.174611,A,871,87
190162,Quartier gothique,41.3827,2.177113,A,871,87
271009,Camp Nou,41.380924,2.122952,A,579,87
190629,Casa Milà,41.395325,2.161925,A,579,87
190624,Parc Güell,41.41451,2.152709,A,579,87
190166,Sagrada Família,41.403423,2.174611,A,579,87
190162,Quartier gothique,41.3827,2.177113,A,579,87
246171,Église Sainte-Marie-de-la-Mer,41.38349,2.18178,A,576,87
190629,Casa Milà,41.395325,2.161925,A,576,87
190624,Parc Güell,41.41451,2.152709,A,576,87
190166,Sagrada Família,41.403423,2.174611,A,576,87
190162,Quartier gothique,41.3827,2.177113,A,576,87
190629,Casa Milà,41.395325,2.161925,A,577,87
191040,Abadia de Montserrat,41.591694,1.834824,A,577,87
190624,Parc Güell,41.41451,2.152709,A,577,87
190166,Sagrada Família,41.403423,2.174611,A,577,87
190162,Quartier gothique,41.3827,2.177113,A,577,87
254723,Passeig de Gràcia,41.39493,2.16177,A,279,87
246171,Église Sainte-Marie-de-la-Mer,41.38349,2.18178,A,279,87
190629,Casa Milà,41.395325,2.161925,A,279,87
190624,Parc Güell,41.41451,2.152709,A,279,87
190166,Sagrada Família,41.403423,2.174611,A,279,87
190629,Casa Milà,41.395325,2.161925,A,281,87
190624,Parc Güell,41.41451,2.152709,A,281,87
670716,Barcelona Bus Turistic,41.386295,2.169909,A,281,87
1059712,Ciudad Condal,41.38874,2.166787,R,281,87
190166,Sagrada Família,41.403423,2.174611,A,281,87
271009,Camp Nou,41.380924,2.122952,A,129,87
190629,Casa Milà,41.395325,2.161925,A,129,87
190624,Parc Güell,41.41451,2.152709,A,129,87
670716,Barcelona Bus Turistic,41.386295,2.169909,A,129,87
190166,Sagrada Família,41.403423,2.174611,A,129,87
271009,Camp Nou,41.380924,2.122952,A,283,87
190629,Casa Milà,41.395325,2.161925,A,283,87
190624,Parc Güell,41.41451,2.152709,A,283,87
190824,Palau de la Música Catalana,41.387573,2.175302,A,283,87
190166,Sagrada Família,41.403423,2.174611,A,283,87
246171,Église Sainte-Marie-de-la-Mer,41.38349,2.18178,A,284,87
190629,Casa Milà,41.395325,2.161925,A,284,87
190624,Parc Güell,41.41451,2.152709,A,284,87
190824,Palau de la Música Catalana,41.387573,2.175302,A,284,87
190166,Sagrada Família,41.403423,2.174611,A,284,87
190629,Casa Milà,41.395325,2.161925,A,285,87
190624,Parc Güell,41.41451,2.152709,A,285,87
670716,Barcelona Bus Turistic,41.386295,2.169909,A,285,87
190824,Palau de la Música Catalana,41.387573,2.175302,A,285,87
190166,Sagrada Família,41.403423,2.174611,A,285,87
271009,Camp Nou,41.380924,2.122952,A,128,87
190629,Casa Milà,41.395325,2.161925,A,128,87
190624,Parc Güell,41.41451,2.152709,A,128,87
190166,Sagrada Família,41.403423,2.174611,A,128,87
271009,Camp Nou,41.380924,2.122952,A,127,87
190629,Casa Milà,41.395325,2.161925,A,127,87
1059712,Ciudad Condal,41.38874,2.166787,R,127,87
190166,Sagrada Família,41.403423,2.174611,A,127,87
246171,Église Sainte-Marie-de-la-Mer,41.38349,2.18178,A,288,87
190629,Casa Milà,41.395325,2.161925,A,288,87
190624,Parc Güell,41.41451,2.152709,A,288,87
190166,Sagrada Família,41.403423,2.174611,A,288,87
246171,Église Sainte-Marie-de-la-Mer,41.38349,2.18178,A,289,87
190629,Casa Milà,41.395325,2.161925,A,289,87
190624,Parc Güell,41.41451,2.152709,A,289,87
190824,Palau de la Música Catalana,41.387573,2.175302,A,289,87
190166,Sagrada Família,41.403423,2.174611,A,289,87
246171,Église Sainte-Marie-de-la-Mer,41.38349,2.18178,A,290,87
190629,Casa Milà,41.395325,2.161925,A,290,87
190624,Parc Güell,41.41451,2.152709,A,290,87
1059712,Ciudad Condal,41.38874,2.166787,R,290,87
190166,Sagrada Família,41.403423,2.174611,A,290,87
254723,Passeig de Gràcia,41.39493,2.16177,A,291,87
246171,Église Sainte-Marie-de-la-Mer,41.38349,2.18178,A,291,87
190629,Casa Milà,41.395325,2.161925,A,291,87
190624,Parc Güell,41.41451,2.152709,A,291,87
190166,Sagrada Família,41.403423,2.174611,A,291,87
190624,Parc Güell,41.41451,2.152709,A,292,87
670716,Barcelona Bus Turistic,41.386295,2.169909,A,292,87
190166,Sagrada Família,41.403423,2.174611,A,292,87
190624,Parc Güell,41.41451,2.152709,A,293,87
670716,Barcelona Bus Turistic,41.386295,2.169909,A,293,87
1059712,Ciudad Condal,41.38874,2.166787,R,293,87
190166,Sagrada Família,41.403423,2.174611,A,293,87
271009,Camp Nou,41.380924,2.122952,A,126,87
190629,Casa Milà,41.395325,2.161925,A,126,87
670716,Barcelona Bus Turistic,41.386295,2.169909,A,126,87
1059712,Ciudad Condal,41.38874,2.166787,R,126,87
190166,Sagrada Família,41.403423,2.174611,A,126,87
190624,Parc Güell,41.41451,2.152709,A,295,87
697396,7 Portes,41.382378,2.183158,R,295,87
190166,Sagrada Família,41.403423,2.174611,A,295,87
271009,Camp Nou,41.380924,2.122952,A,125,87
190629,Casa Milà,41.395325,2.161925,A,125,87
670716,Barcelona Bus Turistic,41.386295,2.169909,A,125,87
190166,Sagrada Família,41.403423,2.174611,A,125,87
271009,Camp Nou,41.380924,2.122952,A,297,87
190624,Parc Güell,41.41451,2.152709,A,297,87
190824,Palau de la Música Catalana,41.387573,2.175302,A,297,87
190166,Sagrada Família,41.403423,2.174611,A,297,87
271009,Camp Nou,41.380924,2.122952,A,298,87
190624,Parc Güell,41.41451,2.152709,A,298,87
670716,Barcelona Bus Turistic,41.386295,2.169909,A,298,87
190824,Palau de la Música Catalana,41.387573,2.175302,A,298,87
190166,Sagrada Família,41.403423,2.174611,A,298,87
271009,Camp Nou,41.380924,2.122952,A,299,87
190624,Parc Güell,41.41451,2.152709,A,299,87
190824,Palau de la Música Catalana,41.387573,2.175302,A,299,87
1059712,Ciudad Condal,41.38874,2.166787,R,299,87
190166,Sagrada Família,41.403423,2.174611,A,299,87
271009,Camp Nou,41.380924,2.122952,A,124,87
190629,Casa Milà,41.395325,2.161925,A,124,87
190166,Sagrada Família,41.403423,2.174611,A,124,87
271009,Camp Nou,41.380924,2.122952,A,301,87
246171,Église Sainte-Marie-de-la-Mer,41.38349,2.18178,A,301,87
190624,Parc Güell,41.41451,2.152709,A,301,87
190824,Palau de la Música Catalana,41.387573,2.175302,A,301,87
190166,Sagrada Família,41.403423,2.174611,A,301,87
246171,Église Sainte-Marie-de-la-Mer,41.38349,2.18178,A,302,87
190624,Parc Güell,41.41451,2.152709,A,302,87
670716,Barcelona Bus Turistic,41.386295,2.169909,A,302,87
190824,Palau de la Música Catalana,41.387573,2.175302,A,302,87
190166,Sagrada Família,41.403423,2.174611,A,302,87
254723,Passeig de Gràcia,41.39493,2.16177,A,304,87
246171,Église Sainte-Marie-de-la-Mer,41.38349,2.18178,A,304,87
190624,Parc Güell,41.41451,2.152709,A,304,87
190824,Palau de la Música Catalana,41.387573,2.175302,A,304,87
190166,Sagrada Família,41.403423,2.174611,A,304,87
190629,Casa Milà,41.395325,2.161925,A,280,87
190624,Parc Güell,41.41451,2.152709,A,280,87
670716,Barcelona Bus Turistic,41.386295,2.169909,A,280,87
190166,Sagrada Família,41.403423,2.174611,A,280,87
246171,Église Sainte-Marie-de-la-Mer,41.38349,2.18178,A,278,87
190629,Casa Milà,41.395325,2.161925,A,278,87
190624,Parc Güell,41.41451,2.152709,A,278,87
1059712,Ciudad Condal,41.38874,2.166787,R,278,87
190166,Sagrada Família,41.403423,2.174611,A,278,87
190624,Parc Güell,41.41451,2.152709,A,306,87
670716,Barcelona Bus Turistic,41.386295,2.169909,A,306,87
190824,Palau de la Música Catalana,41.387573,2.175302,A,306,87
190166,Sagrada Família,41.403423,2.174611,A,306,87
246171,Église Sainte-Marie-de-la-Mer,41.38349,2.18178,A,277,87
190629,Casa Milà,41.395325,2.161925,A,277,87
190624,Parc Güell,41.41451,2.152709,A,277,87
670716,Barcelona Bus Turistic,41.386295,2.169909,A,277,87
190166,Sagrada Família,41.403423,2.174611,A,277,87
246171,Église Sainte-Marie-de-la-Mer,41.38349,2.18178,A,134,87
190629,Casa Milà,41.395325,2.161925,A,134,87
190166,Sagrada Família,41.403423,2.174611,A,134,87
271009,Camp Nou,41.380924,2.122952,A,255,87
190624,Parc Güell,41.41451,2.152709,A,255,87
670716,Barcelona Bus Turistic,41.386295,2.169909,A,255,87
190166,Sagrada Família,41.403423,2.174611,A,255,87
271009,Camp Nou,41.380924,2.122952,A,256,87
190624,Parc Güell,41.41451,2.152709,A,256,87
670716,Barcelona Bus Turistic,41.386295,2.169909,A,256,87
1059712,Ciudad Condal,41.38874,2.166787,R,256,87
190166,Sagrada Família,41.403423,2.174611,A,256,87
271009,Camp Nou,41.380924,2.122952,A,133,87
190629,Casa Milà,41.395325,2.161925,A,133,87
190624,Parc Güell,41.41451,2.152709,A,133,87
190824,Palau de la Música Catalana,41.387573,2.175302,A,133,87
190166,Sagrada Família,41.403423,2.174611,A,133,87
271009,Camp Nou,41.380924,2.122952,A,132,87
190629,Casa Milà,41.395325,2.161925,A,132,87
191040,Abadia de Montserrat,41.591694,1.834824,A,132,87
190624,Parc Güell,41.41451,2.152709,A,132,87
190166,Sagrada Família,41.403423,2.174611,A,132,87
271009,Camp Nou,41.380924,2.122952,A,259,87
246171,Église Sainte-Marie-de-la-Mer,41.38349,2.18178,A,259,87
190624,Parc Güell,41.41451,2.152709,A,259,87
190166,Sagrada Família,41.403423,2.174611,A,259,87
271009,Camp Nou,41.380924,2.122952,A,260,87
246171,Église Sainte-Marie-de-la-Mer,41.38349,2.18178,A,260,87
190624,Parc Güell,41.41451,2.152709,A,260,87
670716,Barcelona Bus Turistic,41.386295,2.169909,A,260,87
190166,Sagrada Família,41.403423,2.174611,A,260,87
271009,Camp Nou,41.380924,2.122952,A,261,87
246171,Église Sainte-Marie-de-la-Mer,41.38349,2.18178,A,261,87
190624,Parc Güell,41.41451,2.152709,A,261,87
1059712,Ciudad Condal,41.38874,2.166787,R,261,87
190166,Sagrada Família,41.403423,2.174611,A,261,87
246171,Église Sainte-Marie-de-la-Mer,41.38349,2.18178,A,262,87
190624,Parc Güell,41.41451,2.152709,A,262,87
670716,Barcelona Bus Turistic,41.386295,2.169909,A,262,87
190166,Sagrada Família,41.403423,2.174611,A,262,87
246171,Église Sainte-Marie-de-la-Mer,41.38349,2.18178,A,263,87
190624,Parc Güell,41.41451,2.152709,A,263,87
670716,Barcelona Bus Turistic,41.386295,2.169909,A,263,87
1059712,Ciudad Condal,41.38874,2.166787,R,263,87
190166,Sagrada Família,41.403423,2.174611,A,263,87
271009,Camp Nou,41.380924,2.122952,A,131,87
246171,Église Sainte-Marie-de-la-Mer,41.38349,2.18178,A,131,87
190629,Casa Milà,41.395325,2.161925,A,131,87
190624,Parc Güell,41.41451,2.152709,A,131,87
190166,Sagrada Família,41.403423,2.174611,A,131,87
254723,Passeig de Gràcia,41.39493,2.16177,A,265,87
246171,Église Sainte-Marie-de-la-Mer,41.38349,2.18178,A,265,87
190624,Parc Güell,41.41451,2.152709,A,265,87
190166,Sagrada Família,41.403423,2.174611,A,265,87
271009,Camp Nou,41.380924,2.122952,A,266,87
254723,Passeig de Gràcia,41.39493,2.16177,A,266,87
246171,Église Sainte-Marie-de-la-Mer,41.38349,2.18178,A,266,87
190624,Parc Güell,41.41451,2.152709,A,266,87
190166,Sagrada Família,41.403423,2.174611,A,266,87
254723,Passeig de Gràcia,41.39493,2.16177,A,267,87
246171,Église Sainte-Marie-de-la-Mer,41.38349,2.18178,A,267,87
190624,Parc Güell,41.41451,2.152709,A,267,87
670716,Barcelona Bus Turistic,41.386295,2.169909,A,267,87
190166,Sagrada Família,41.403423,2.174611,A,267,87
254723,Passeig de Gràcia,41.39493,2.16177,A,268,87
246171,Église Sainte-Marie-de-la-Mer,41.38349,2.18178,A,268,87
190624,Parc Güell,41.41451,2.152709,A,268,87
1059712,Ciudad Condal,41.38874,2.166787,R,268,87
190166,Sagrada Família,41.403423,2.174611,A,268,87
246171,Église Sainte-Marie-de-la-Mer,41.38349,2.18178,A,269,87
190629,Casa Milà,41.395325,2.161925,A,269,87
190624,Parc Güell,41.41451,2.152709,A,269,87
190166,Sagrada Família,41.403423,2.174611,A,269,87
246171,Église Sainte-Marie-de-la-Mer,41.38349,2.18178,A,270,87
190629,Casa Milà,41.395325,2.161925,A,270,87
190624,Parc Güell,41.41451,2.152709,A,270,87
1059712,Ciudad Condal,41.38874,2.166787,R,270,87
190166,Sagrada Família,41.403423,2.174611,A,270,87
271009,Camp Nou,41.380924,2.122952,A,130,87
190629,Casa Milà,41.395325,2.161925,A,130,87
190624,Parc Güell,41.41451,2.152709,A,130,87
1059712,Ciudad Condal,41.38874,2.166787,R,130,87
190166,Sagrada Família,41.403423,2.174611,A,130,87
271009,Camp Nou,41.380924,2.122952,A,272,87
190629,Casa Milà,41.395325,2.161925,A,272,87
190624,Parc Güell,41.41451,2.152709,A,272,87
190166,Sagrada Família,41.403423,2.174611,A,272,87
271009,Camp Nou,41.380924,2.122952,A,273,87
190629,Casa Milà,41.395325,2.161925,A,273,87
190624,Parc Güell,41.41451,2.152709,A,273,87
670716,Barcelona Bus Turistic,41.386295,2.169909,A,273,87
190166,Sagrada Família,41.403423,2.174611,A,273,87
271009,Camp Nou,41.380924,2.122952,A,274,87
190629,Casa Milà,41.395325,2.161925,A,274,87
190624,Parc Güell,41.41451,2.152709,A,274,87
1059712,Ciudad Condal,41.38874,2.166787,R,274,87
190166,Sagrada Família,41.403423,2.174611,A,274,87
246171,Église Sainte-Marie-de-la-Mer,41.38349,2.18178,A,275,87
190629,Casa Milà,41.395325,2.161925,A,275,87
190624,Parc Güell,41.41451,2.152709,A,275,87
190166,Sagrada Família,41.403423,2.174611,A,275,87
271009,Camp Nou,41.380924,2.122952,A,276,87
246171,Église Sainte-Marie-de-la-Mer,41.38349,2.18178,A,276,87
190629,Casa Milà,41.395325,2.161925,A,276,87
190624,Parc Güell,41.41451,2.152709,A,276,87
190166,Sagrada Família,41.403423,2.174611,A,276,87
246171,Église Sainte-Marie-de-la-Mer,41.38349,2.18178,A,305,87
190629,Casa Milà,41.395325,2.161925,A,305,87
190624,Parc Güell,41.41451,2.152709,A,305,87
190824,Palau de la Música Catalana,41.387573,2.175302,A,305,87
190166,Sagrada Família,41.403423,2.174611,A,305,87
190624,Parc Güell,41.41451,2.152709,A,307,87
670716,Barcelona Bus Turistic,41.386295,2.169909,A,307,87
190824,Palau de la Música Catalana,41.387573,2.175302,A,307,87
1059712,Ciudad Condal,41.38874,2.166787,R,307,87
190166,Sagrada Família,41.403423,2.174611,A,307,87
254723,Passeig de Gràcia,41.39493,2.16177,A,252,87
246171,Église Sainte-Marie-de-la-Mer,41.38349,2.18178,A,252,87
191040,Abadia de Montserrat,41.591694,1.834824,A,252,87
190624,Parc Güell,41.41451,2.152709,A,252,87
190824,Palau de la Música Catalana,41.387573,2.175302,A,252,87
271009,Camp Nou,41.380924,2.122952,A,335,87
254723,Passeig de Gràcia,41.39493,2.16177,A,335,87
190624,Parc Güell,41.41451,2.152709,A,335,87
190166,Sagrada Família,41.403423,2.174611,A,335,87
271009,Camp Nou,41.380924,2.122952,A,337,87
254723,Passeig de Gràcia,41.39493,2.16177,A,337,87
190624,Parc Güell,41.41451,2.152709,A,337,87
190824,Palau de la Música Catalana,41.387573,2.175302,A,337,87
190166,Sagrada Família,41.403423,2.174611,A,337,87
246171,Église Sainte-Marie-de-la-Mer,41.38349,2.18178,A,338,87
190624,Parc Güell,41.41451,2.152709,A,338,87
190166,Sagrada Família,41.403423,2.174611,A,338,87
246171,Église Sainte-Marie-de-la-Mer,41.38349,2.18178,A,339,87
190624,Parc Güell,41.41451,2.152709,A,339,87
190166,Sagrada Família,41.403423,2.174611,A,339,87
271009,Camp Nou,41.380924,2.122952,A,340,87
246171,Église Sainte-Marie-de-la-Mer,41.38349,2.18178,A,340,87
190624,Parc Güell,41.41451,2.152709,A,340,87
190166,Sagrada Família,41.403423,2.174611,A,340,87
246171,Église Sainte-Marie-de-la-Mer,41.38349,2.18178,A,341,87
190629,Casa Milà,41.395325,2.161925,A,341,87
190624,Parc Güell,41.41451,2.152709,A,341,87
190166,Sagrada Família,41.403423,2.174611,A,341,87
246171,Église Sainte-Marie-de-la-Mer,41.38349,2.18178,A,342,87
190624,Parc Güell,41.41451,2.152709,A,342,87
670716,Barcelona Bus Turistic,41.386295,2.169909,A,342,87
190166,Sagrada Família,41.403423,2.174611,A,342,87
246171,Église Sainte-Marie-de-la-Mer,41.38349,2.18178,A,343,87
190624,Parc Güell,41.41451,2.152709,A,343,87
190824,Palau de la Música Catalana,41.387573,2.175302,A,343,87
190166,Sagrada Família,41.403423,2.174611,A,343,87
246171,Église Sainte-Marie-de-la-Mer,41.38349,2.18178,A,344,87
190624,Parc Güell,41.41451,2.152709,A,344,87
1059712,Ciudad Condal,41.38874,2.166787,R,344,87
190166,Sagrada Família,41.403423,2.174611,A,344,87
271009,Camp Nou,41.380924,2.122952,A,345,87
246171,Église Sainte-Marie-de-la-Mer,41.38349,2.18178,A,345,87
190624,Parc Güell,41.41451,2.152709,A,345,87
190166,Sagrada Família,41.403423,2.174611,A,345,87
254723,Passeig de Gràcia,41.39493,2.16177,A,346,87
246171,Église Sainte-Marie-de-la-Mer,41.38349,2.18178,A,346,87
190624,Parc Güell,41.41451,2.152709,A,346,87
190166,Sagrada Família,41.403423,2.174611,A,346,87
271009,Camp Nou,41.380924,2.122952,A,347,87
246171,Église Sainte-Marie-de-la-Mer,41.38349,2.18178,A,347,87
190624,Parc Güell,41.41451,2.152709,A,347,87
190166,Sagrada Família,41.403423,2.174611,A,347,87
271009,Camp Nou,41.380924,2.122952,A,348,87
246171,Église Sainte-Marie-de-la-Mer,41.38349,2.18178,A,348,87
190624,Parc Güell,41.41451,2.152709,A,348,87
670716,Barcelona Bus Turistic,41.386295,2.169909,A,348,87
190166,Sagrada Família,41.403423,2.174611,A,348,87
271009,Camp Nou,41.380924,2.122952,A,349,87
246171,Église Sainte-Marie-de-la-Mer,41.38349,2.18178,A,349,87
190624,Parc Güell,41.41451,2.152709,A,349,87
1059712,Ciudad Condal,41.38874,2.166787,R,349,87
190166,Sagrada Família,41.403423,2.174611,A,349,87
246171,Église Sainte-Marie-de-la-Mer,41.38349,2.18178,A,350,87
190629,Casa Milà,41.395325,2.161925,A,350,87
190624,Parc Güell,41.41451,2.152709,A,350,87
190166,Sagrada Família,41.403423,2.174611,A,350,87
271009,Camp Nou,41.380924,2.122952,A,351,87
246171,Église Sainte-Marie-de-la-Mer,41.38349,2.18178,A,351,87
190629,Casa Milà,41.395325,2.161925,A,351,87
190624,Parc Güell,41.41451,2.152709,A,351,87
190166,Sagrada Família,41.403423,2.174611,A,351,87
246171,Église Sainte-Marie-de-la-Mer,41.38349,2.18178,A,352,87
190629,Casa Milà,41.395325,2.161925,A,352,87
190624,Parc Güell,41.41451,2.152709,A,352,87
670716,Barcelona Bus Turistic,41.386295,2.169909,A,352,87
190166,Sagrada Família,41.403423,2.174611,A,352,87
246171,Église Sainte-Marie-de-la-Mer,41.38349,2.18178,A,353,87
190629,Casa Milà,41.395325,2.161925,A,353,87
190624,Parc Güell,41.41451,2.152709,A,353,87
190824,Palau de la Música Catalana,41.387573,2.175302,A,353,87
190166,Sagrada Família,41.403423,2.174611,A,353,87
246171,Église Sainte-Marie-de-la-Mer,41.38349,2.18178,A,354,87
190629,Casa Milà,41.395325,2.161925,A,354,87
190624,Parc Güell,41.41451,2.152709,A,354,87
1059712,Ciudad Condal,41.38874,2.166787,R,354,87
190166,Sagrada Família,41.403423,2.174611,A,354,87
246171,Église Sainte-Marie-de-la-Mer,41.38349,2.18178,A,355,87
190624,Parc Güell,41.41451,2.152709,A,355,87
670716,Barcelona Bus Turistic,41.386295,2.169909,A,355,87
190166,Sagrada Família,41.403423,2.174611,A,355,87
246171,Église Sainte-Marie-de-la-Mer,41.38349,2.18178,A,356,87
190624,Parc Güell,41.41451,2.152709,A,356,87
670716,Barcelona Bus Turistic,41.386295,2.169909,A,356,87
1059712,Ciudad Condal,41.38874,2.166787,R,356,87
190166,Sagrada Família,41.403423,2.174611,A,356,87
246171,Église Sainte-Marie-de-la-Mer,41.38349,2.18178,A,357,87
190624,Parc Güell,41.41451,2.152709,A,357,87
190824,Palau de la Música Catalana,41.387573,2.175302,A,357,87
190166,Sagrada Família,41.403423,2.174611,A,357,87
271009,Camp Nou,41.380924,2.122952,A,358,87
246171,Église Sainte-Marie-de-la-Mer,41.38349,2.18178,A,358,87
190624,Parc Güell,41.41451,2.152709,A,358,87
190824,Palau de la Música Catalana,41.387573,2.175302,A,358,87
190166,Sagrada Família,41.403423,2.174611,A,358,87
246171,Église Sainte-Marie-de-la-Mer,41.38349,2.18178,A,359,87
190624,Parc Güell,41.41451,2.152709,A,359,87
670716,Barcelona Bus Turistic,41.386295,2.169909,A,359,87
190824,Palau de la Música Catalana,41.387573,2.175302,A,359,87
190166,Sagrada Família,41.403423,2.174611,A,359,87
271009,Camp Nou,41.380924,2.122952,A,336,87
254723,Passeig de Gràcia,41.39493,2.16177,A,336,87
246171,Église Sainte-Marie-de-la-Mer,41.38349,2.18178,A,336,87
190624,Parc Güell,41.41451,2.152709,A,336,87
190166,Sagrada Família,41.403423,2.174611,A,336,87
271009,Camp Nou,41.380924,2.122952,A,334,87
190624,Parc Güell,41.41451,2.152709,A,334,87
1059712,Ciudad Condal,41.38874,2.166787,R,334,87
190166,Sagrada Família,41.403423,2.174611,A,334,87
246171,Église Sainte-Marie-de-la-Mer,41.38349,2.18178,A,122,87
190629,Casa Milà,41.395325,2.161925,A,122,87
190624,Parc Güell,41.41451,2.152709,A,122,87
271009,Camp Nou,41.380924,2.122952,A,333,87
190624,Parc Güell,41.41451,2.152709,A,333,87
190824,Palau de la Música Catalana,41.387573,2.175302,A,333,87
1059712,Ciudad Condal,41.38874,2.166787,R,333,87
190166,Sagrada Família,41.403423,2.174611,A,333,87
271009,Camp Nou,41.380924,2.122952,A,121,87
254723,Passeig de Gràcia,41.39493,2.16177,A,121,87
190629,Casa Milà,41.395325,2.161925,A,121,87
190624,Parc Güell,41.41451,2.152709,A,121,87
271009,Camp Nou,41.380924,2.122952,A,311,87
190624,Parc Güell,41.41451,2.152709,A,311,87
190166,Sagrada Família,41.403423,2.174611,A,311,87
271009,Camp Nou,41.380924,2.122952,A,312,87
246171,Église Sainte-Marie-de-la-Mer,41.38349,2.18178,A,312,87
190624,Parc Güell,41.41451,2.152709,A,312,87
190166,Sagrada Família,41.403423,2.174611,A,312,87
271009,Camp Nou,41.380924,2.122952,A,313,87
190629,Casa Milà,41.395325,2.161925,A,313,87
190624,Parc Güell,41.41451,2.152709,A,313,87
190166,Sagrada Família,41.403423,2.174611,A,313,87
271009,Camp Nou,41.380924,2.122952,A,314,87
190624,Parc Güell,41.41451,2.152709,A,314,87
670716,Barcelona Bus Turistic,41.386295,2.169909,A,314,87
190166,Sagrada Família,41.403423,2.174611,A,314,87
271009,Camp Nou,41.380924,2.122952,A,315,87
190624,Parc Güell,41.41451,2.152709,A,315,87
190824,Palau de la Música Catalana,41.387573,2.175302,A,315,87
190166,Sagrada Família,41.403423,2.174611,A,315,87
271009,Camp Nou,41.380924,2.122952,A,316,87
190624,Parc Güell,41.41451,2.152709,A,316,87
1059712,Ciudad Condal,41.38874,2.166787,R,316,87
190166,Sagrada Família,41.403423,2.174611,A,316,87
246171,Église Sainte-Marie-de-la-Mer,41.38349,2.18178,A,119,87
190629,Casa Milà,41.395325,2.161925,A,119,87
191040,Abadia de Montserrat,41.591694,1.834824,A,119,87
190624,Parc Güell,41.41451,2.152709,A,119,87
190824,Palau de la Música Catalana,41.387573,2.175302,A,119,87
271009,Camp Nou,41.380924,2.122952,A,318,87
246171,Église Sainte-Marie-de-la-Mer,41.38349,2.18178,A,318,87
190624,Parc Güell,41.41451,2.152709,A,318,87
670716,Barcelona Bus Turistic,41.386295,2.169909,A,318,87
190166,Sagrada Família,41.403423,2.174611,A,318,87
271009,Camp Nou,41.380924,2.122952,A,319,87
246171,Église Sainte-Marie-de-la-Mer,41.38349,2.18178,A,319,87
190624,Parc Güell,41.41451,2.152709,A,319,87
1059712,Ciudad Condal,41.38874,2.166787,R,319,87
190166,Sagrada Família,41.403423,2.174611,A,319,87
271009,Camp Nou,41.380924,2.122952,A,320,87
254723,Passeig de Gràcia,41.39493,2.16177,A,320,87
246171,Église Sainte-Marie-de-la-Mer,41.38349,2.18178,A,320,87
190624,Parc Güell,41.41451,2.152709,A,320,87
190166,Sagrada Família,41.403423,2.174611,A,320,87
271009,Camp Nou,41.380924,2.122952,A,321,87
190629,Casa Milà,41.395325,2.161925,A,321,87
190624,Parc Güell,41.41451,2.152709,A,321,87
190166,Sagrada Família,41.403423,2.174611,A,321,87
271009,Camp Nou,41.380924,2.122952,A,322,87
246171,Église Sainte-Marie-de-la-Mer,41.38349,2.18178,A,322,87
190629,Casa Milà,41.395325,2.161925,A,322,87
190624,Parc Güell,41.41451,2.152709,A,322,87
190166,Sagrada Família,41.403423,2.174611,A,322,87
271009,Camp Nou,41.380924,2.122952,A,323,87
190629,Casa Milà,41.395325,2.161925,A,323,87
190624,Parc Güell,41.41451,2.152709,A,323,87
670716,Barcelona Bus Turistic,41.386295,2.169909,A,323,87
190166,Sagrada Família,41.403423,2.174611,A,323,87
271009,Camp Nou,41.380924,2.122952,A,324,87
190629,Casa Milà,41.395325,2.161925,A,324,87
190624,Parc Güell,41.41451,2.152709,A,324,87
190824,Palau de la Música Catalana,41.387573,2.175302,A,324,87
190166,Sagrada Família,41.403423,2.174611,A,324,87
271009,Camp Nou,41.380924,2.122952,A,325,87
190629,Casa Milà,41.395325,2.161925,A,325,87
190624,Parc Güell,41.41451,2.152709,A,325,87
1059712,Ciudad Condal,41.38874,2.166787,R,325,87
190166,Sagrada Família,41.403423,2.174611,A,325,87
271009,Camp Nou,41.380924,2.122952,A,326,87
190624,Parc Güell,41.41451,2.152709,A,326,87
670716,Barcelona Bus Turistic,41.386295,2.169909,A,326,87
190166,Sagrada Família,41.403423,2.174611,A,326,87
271009,Camp Nou,41.380924,2.122952,A,327,87
190624,Parc Güell,41.41451,2.152709,A,327,87
670716,Barcelona Bus Turistic,41.386295,2.169909,A,327,87
1059712,Ciudad Condal,41.38874,2.166787,R,327,87
190166,Sagrada Família,41.403423,2.174611,A,327,87
271009,Camp Nou,41.380924,2.122952,A,118,87
190629,Casa Milà,41.395325,2.161925,A,118,87
191040,Abadia de Montserrat,41.591694,1.834824,A,118,87
190624,Parc Güell,41.41451,2.152709,A,118,87
190824,Palau de la Música Catalana,41.387573,2.175302,A,118,87
271009,Camp Nou,41.380924,2.122952,A,329,87
190624,Parc Güell,41.41451,2.152709,A,329,87
697396,7 Portes,41.382378,2.183158,R,329,87
190166,Sagrada Família,41.403423,2.174611,A,329,87
190629,Casa Milà,41.395325,2.161925,A,117,87
191040,Abadia de Montserrat,41.591694,1.834824,A,117,87
190624,Parc Güell,41.41451,2.152709,A,117,87
190824,Palau de la Música Catalana,41.387573,2.175302,A,117,87
254723,Passeig de Gràcia,41.39493,2.16177,A,116,87
246171,Église Sainte-Marie-de-la-Mer,41.38349,2.18178,A,116,87
190629,Casa Milà,41.395325,2.161925,A,116,87
190624,Parc Güell,41.41451,2.152709,A,116,87
190824,Palau de la Música Catalana,41.387573,2.175302,A,116,87
271009,Camp Nou,41.380924,2.122952,A,332,87
190624,Parc Güell,41.41451,2.152709,A,332,87
670716,Barcelona Bus Turistic,41.386295,2.169909,A,332,87
190824,Palau de la Música Catalana,41.387573,2.175302,A,332,87
190166,Sagrada Família,41.403423,2.174611,A,332,87
271009,Camp Nou,41.380924,2.122952,A,135,87
246171,Église Sainte-Marie-de-la-Mer,41.38349,2.18178,A,135,87
190629,Casa Milà,41.395325,2.161925,A,135,87
190166,Sagrada Família,41.403423,2.174611,A,135,87
271009,Camp Nou,41.380924,2.122952,A,251,87
246171,Église Sainte-Marie-de-la-Mer,41.38349,2.18178,A,251,87
191040,Abadia de Montserrat,41.591694,1.834824,A,251,87
190624,Parc Güell,41.41451,2.152709,A,251,87
190824,Palau de la Música Catalana,41.387573,2.175302,A,251,87
246171,Église Sainte-Marie-de-la-Mer,41.38349,2.18178,A,361,87
190624,Parc Güell,41.41451,2.152709,A,361,87
1059712,Ciudad Condal,41.38874,2.166787,R,361,87
190166,Sagrada Família,41.403423,2.174611,A,361,87
271009,Camp Nou,41.380924,2.122952,A,171,87
190629,Casa Milà,41.395325,2.161925,A,171,87
190624,Parc Güell,41.41451,2.152709,A,171,87
190824,Palau de la Música Catalana,41.387573,2.175302,A,171,87
190166,Sagrada Família,41.403423,2.174611,A,171,87
190629,Casa Milà,41.395325,2.161925,A,173,87
190624,Parc Güell,41.41451,2.152709,A,173,87
670716,Barcelona Bus Turistic,41.386295,2.169909,A,173,87
190824,Palau de la Música Catalana,41.387573,2.175302,A,173,87
190166,Sagrada Família,41.403423,2.174611,A,173,87
246171,Église Sainte-Marie-de-la-Mer,41.38349,2.18178,A,140,87
190629,Casa Milà,41.395325,2.161925,A,140,87
670716,Barcelona Bus Turistic,41.386295,2.169909,A,140,87
1059712,Ciudad Condal,41.38874,2.166787,R,140,87
190166,Sagrada Família,41.403423,2.174611,A,140,87
271009,Camp Nou,41.380924,2.122952,A,175,87
190629,Casa Milà,41.395325,2.161925,A,175,87
190624,Parc Güell,41.41451,2.152709,A,175,87
190824,Palau de la Música Catalana,41.387573,2.175302,A,175,87
190166,Sagrada Família,41.403423,2.174611,A,175,87
246171,Église Sainte-Marie-de-la-Mer,41.38349,2.18178,A,176,87
190629,Casa Milà,41.395325,2.161925,A,176,87
190624,Parc Güell,41.41451,2.152709,A,176,87
190824,Palau de la Música Catalana,41.387573,2.175302,A,176,87
190166,Sagrada Família,41.403423,2.174611,A,176,87
190629,Casa Milà,41.395325,2.161925,A,177,87
191040,Abadia de Montserrat,41.591694,1.834824,A,177,87
190624,Parc Güell,41.41451,2.152709,A,177,87
190824,Palau de la Música Catalana,41.387573,2.175302,A,177,87
190166,Sagrada Família,41.403423,2.174611,A,177,87
246171,Église Sainte-Marie-de-la-Mer,41.38349,2.18178,A,139,87
190629,Casa Milà,41.395325,2.161925,A,139,87
670716,Barcelona Bus Turistic,41.386295,2.169909,A,139,87
190166,Sagrada Família,41.403423,2.174611,A,139,87
246171,Église Sainte-Marie-de-la-Mer,41.38349,2.18178,A,179,87
190629,Casa Milà,41.395325,2.161925,A,179,87
190166,Sagrada Família,41.403423,2.174611,A,179,87
246171,Église Sainte-Marie-de-la-Mer,41.38349,2.18178,A,180,87
190629,Casa Milà,41.395325,2.161925,A,180,87
190824,Palau de la Música Catalana,41.387573,2.175302,A,180,87
190166,Sagrada Família,41.403423,2.174611,A,180,87
246171,Église Sainte-Marie-de-la-Mer,41.38349,2.18178,A,181,87
190629,Casa Milà,41.395325,2.161925,A,181,87
190824,Palau de la Música Catalana,41.387573,2.175302,A,181,87
1059712,Ciudad Condal,41.38874,2.166787,R,181,87
190166,Sagrada Família,41.403423,2.174611,A,181,87
246171,Église Sainte-Marie-de-la-Mer,41.38349,2.18178,A,182,87
190629,Casa Milà,41.395325,2.161925,A,182,87
190624,Parc Güell,41.41451,2.152709,A,182,87
190824,Palau de la Música Catalana,41.387573,2.175302,A,182,87
190166,Sagrada Família,41.403423,2.174611,A,182,87
246171,Église Sainte-Marie-de-la-Mer,41.38349,2.18178,A,183,87
190629,Casa Milà,41.395325,2.161925,A,183,87
1059712,Ciudad Condal,41.38874,2.166787,R,183,87
190166,Sagrada Família,41.403423,2.174611,A,183,87
254723,Passeig de Gràcia,41.39493,2.16177,A,184,87
246171,Église Sainte-Marie-de-la-Mer,41.38349,2.18178,A,184,87
190629,Casa Milà,41.395325,2.161925,A,184,87
190166,Sagrada Família,41.403423,2.174611,A,184,87
254723,Passeig de Gràcia,41.39493,2.16177,A,185,87
246171,Église Sainte-Marie-de-la-Mer,41.38349,2.18178,A,185,87
190629,Casa Milà,41.395325,2.161925,A,185,87
190824,Palau de la Música Catalana,41.387573,2.175302,A,185,87
190166,Sagrada Família,41.403423,2.174611,A,185,87
254723,Passeig de Gràcia,41.39493,2.16177,A,186,87
246171,Église Sainte-Marie-de-la-Mer,41.38349,2.18178,A,186,87
190629,Casa Milà,41.395325,2.161925,A,186,87
1059712,Ciudad Condal,41.38874,2.166787,R,186,87
190166,Sagrada Família,41.403423,2.174611,A,186,87
190629,Casa Milà,41.395325,2.161925,A,187,87
190624,Parc Güell,41.41451,2.152709,A,187,87
190166,Sagrada Família,41.403423,2.174611,A,187,87
271009,Camp Nou,41.380924,2.122952,A,188,87
190629,Casa Milà,41.395325,2.161925,A,188,87
190624,Parc Güell,41.41451,2.152709,A,188,87
190166,Sagrada Família,41.403423,2.174611,A,188,87
271009,Camp Nou,41.380924,2.122952,A,189,87
190629,Casa Milà,41.395325,2.161925,A,189,87
190624,Parc Güell,41.41451,2.152709,A,189,87
670716,Barcelona Bus Turistic,41.386295,2.169909,A,189,87
190166,Sagrada Família,41.403423,2.174611,A,189,87
271009,Camp Nou,41.380924,2.122952,A,190,87
190629,Casa Milà,41.395325,2.161925,A,190,87
190624,Parc Güell,41.41451,2.152709,A,190,87
1059712,Ciudad Condal,41.38874,2.166787,R,190,87
190166,Sagrada Família,41.403423,2.174611,A,190,87
246171,Église Sainte-Marie-de-la-Mer,41.38349,2.18178,A,191,87
190629,Casa Milà,41.395325,2.161925,A,191,87
190624,Parc Güell,41.41451,2.152709,A,191,87
190166,Sagrada Família,41.403423,2.174611,A,191,87
271009,Camp Nou,41.380924,2.122952,A,192,87
246171,Église Sainte-Marie-de-la-Mer,41.38349,2.18178,A,192,87
190629,Casa Milà,41.395325,2.161925,A,192,87
190624,Parc Güell,41.41451,2.152709,A,192,87
190166,Sagrada Família,41.403423,2.174611,A,192,87
246171,Église Sainte-Marie-de-la-Mer,41.38349,2.18178,A,193,87
190629,Casa Milà,41.395325,2.161925,A,193,87
190624,Parc Güell,41.41451,2.152709,A,193,87
670716,Barcelona Bus Turistic,41.386295,2.169909,A,193,87
190166,Sagrada Família,41.403423,2.174611,A,193,87
246171,Église Sainte-Marie-de-la-Mer,41.38349,2.18178,A,194,87
190629,Casa Milà,41.395325,2.161925,A,194,87
190624,Parc Güell,41.41451,2.152709,A,194,87
1059712,Ciudad Condal,41.38874,2.166787,R,194,87
190166,Sagrada Família,41.403423,2.174611,A,194,87
254723,Passeig de Gràcia,41.39493,2.16177,A,195,87
246171,Église Sainte-Marie-de-la-Mer,41.38349,2.18178,A,195,87
190629,Casa Milà,41.395325,2.161925,A,195,87
190624,Parc Güell,41.41451,2.152709,A,195,87
190166,Sagrada Família,41.403423,2.174611,A,195,87
246171,Église Sainte-Marie-de-la-Mer,41.38349,2.18178,A,172,87
190629,Casa Milà,41.395325,2.161925,A,172,87
190624,Parc Güell,41.41451,2.152709,A,172,87
190824,Palau de la Música Catalana,41.387573,2.175302,A,172,87
190166,Sagrada Família,41.403423,2.174611,A,172,87
246171,Église Sainte-Marie-de-la-Mer,41.38349,2.18178,A,141,87
190629,Casa Milà,41.395325,2.161925,A,141,87
1059712,Ciudad Condal,41.38874,2.166787,R,141,87
190166,Sagrada Família,41.403423,2.174611,A,141,87
190629,Casa Milà,41.395325,2.161925,A,197,87
190624,Parc Güell,41.41451,2.152709,A,197,87
670716,Barcelona Bus Turistic,41.386295,2.169909,A,197,87
1059712,Ciudad Condal,41.38874,2.166787,R,197,87
190166,Sagrada Família,41.403423,2.174611,A,197,87
254723,Passeig de Gràcia,41.39493,2.16177,A,142,87
246171,Église Sainte-Marie-de-la-Mer,41.38349,2.18178,A,142,87
190629,Casa Milà,41.395325,2.161925,A,142,87
190166,Sagrada Família,41.403423,2.174611,A,142,87
246171,Église Sainte-Marie-de-la-Mer,41.38349,2.18178,A,146,87
190629,Casa Milà,41.395325,2.161925,A,146,87
190624,Parc Güell,41.41451,2.152709,A,146,87
190166,Sagrada Família,41.403423,2.174611,A,146,87
271009,Camp Nou,41.380924,2.122952,A,147,87
246171,Église Sainte-Marie-de-la-Mer,41.38349,2.18178,A,147,87
190629,Casa Milà,41.395325,2.161925,A,147,87
190624,Parc Güell,41.41451,2.152709,A,147,87
190166,Sagrada Família,41.403423,2.174611,A,147,87
246171,Église Sainte-Marie-de-la-Mer,41.38349,2.18178,A,148,87
190629,Casa Milà,41.395325,2.161925,A,148,87
190624,Parc Güell,41.41451,2.152709,A,148,87
670716,Barcelona Bus Turistic,41.386295,2.169909,A,148,87
190166,Sagrada Família,41.403423,2.174611,A,148,87
246171,Église Sainte-Marie-de-la-Mer,41.38349,2.18178,A,149,87
190629,Casa Milà,41.395325,2.161925,A,149,87
190624,Parc Güell,41.41451,2.152709,A,149,87
1059712,Ciudad Condal,41.38874,2.166787,R,149,87
190166,Sagrada Família,41.403423,2.174611,A,149,87
254723,Passeig de Gràcia,41.39493,2.16177,A,150,87
246171,Église Sainte-Marie-de-la-Mer,41.38349,2.18178,A,150,87
190629,Casa Milà,41.395325,2.161925,A,150,87
190624,Parc Güell,41.41451,2.152709,A,150,87
190166,Sagrada Família,41.403423,2.174611,A,150,87
271009,Camp Nou,41.380924,2.122952,A,151,87
246171,Église Sainte-Marie-de-la-Mer,41.38349,2.18178,A,151,87
190629,Casa Milà,41.395325,2.161925,A,151,87
190624,Parc Güell,41.41451,2.152709,A,151,87
190166,Sagrada Família,41.403423,2.174611,A,151,87
246171,Église Sainte-Marie-de-la-Mer,41.38349,2.18178,A,152,87
190629,Casa Milà,41.395325,2.161925,A,152,87
191040,Abadia de Montserrat,41.591694,1.834824,A,152,87
190624,Parc Güell,41.41451,2.152709,A,152,87
190166,Sagrada Família,41.403423,2.174611,A,152,87
246171,Église Sainte-Marie-de-la-Mer,41.38349,2.18178,A,153,87
190629,Casa Milà,41.395325,2.161925,A,153,87
190624,Parc Güell,41.41451,2.152709,A,153,87
190824,Palau de la Música Catalana,41.387573,2.175302,A,153,87
190166,Sagrada Família,41.403423,2.174611,A,153,87
190629,Casa Milà,41.395325,2.161925,A,154,87
670716,Barcelona Bus Turistic,41.386295,2.169909,A,154,87
190166,Sagrada Família,41.403423,2.174611,A,154,87
190629,Casa Milà,41.395325,2.161925,A,155,87
670716,Barcelona Bus Turistic,41.386295,2.169909,A,155,87
1059712,Ciudad Condal,41.38874,2.166787,R,155,87
190166,Sagrada Família,41.403423,2.174611,A,155,87
271009,Camp Nou,41.380924,2.122952,A,143,87
254723,Passeig de Gràcia,41.39493,2.16177,A,143,87
246171,Église Sainte-Marie-de-la-Mer,41.38349,2.18178,A,143,87
190629,Casa Milà,41.395325,2.161925,A,143,87
190166,Sagrada Família,41.403423,2.174611,A,143,87
271009,Camp Nou,41.380924,2.122952,A,157,87
190629,Casa Milà,41.395325,2.161925,A,157,87
190824,Palau de la Música Catalana,41.387573,2.175302,A,157,87
190166,Sagrada Família,41.403423,2.174611,A,157,87
271009,Camp Nou,41.380924,2.122952,A,158,87
190629,Casa Milà,41.395325,2.161925,A,158,87
670716,Barcelona Bus Turistic,41.386295,2.169909,A,158,87
190824,Palau de la Música Catalana,41.387573,2.175302,A,158,87
190166,Sagrada Família,41.403423,2.174611,A,158,87
271009,Camp Nou,41.380924,2.122952,A,159,87
190629,Casa Milà,41.395325,2.161925,A,159,87
190824,Palau de la Música Catalana,41.387573,2.175302,A,159,87
1059712,Ciudad Condal,41.38874,2.166787,R,159,87
190166,Sagrada Família,41.403423,2.174611,A,159,87
271009,Camp Nou,41.380924,2.122952,A,160,87
190629,Casa Milà,41.395325,2.161925,A,160,87
190624,Parc Güell,41.41451,2.152709,A,160,87
190824,Palau de la Música Catalana,41.387573,2.175302,A,160,87
190166,Sagrada Família,41.403423,2.174611,A,160,87
246171,Église Sainte-Marie-de-la-Mer,41.38349,2.18178,A,161,87
190629,Casa Milà,41.395325,2.161925,A,161,87
190824,Palau de la Música Catalana,41.387573,2.175302,A,161,87
190166,Sagrada Família,41.403423,2.174611,A,161,87
271009,Camp Nou,41.380924,2.122952,A,162,87
246171,Église Sainte-Marie-de-la-Mer,41.38349,2.18178,A,162,87
190629,Casa Milà,41.395325,2.161925,A,162,87
190824,Palau de la Música Catalana,41.387573,2.175302,A,162,87
190166,Sagrada Família,41.403423,2.174611,A,162,87
246171,Église Sainte-Marie-de-la-Mer,41.38349,2.18178,A,163,87
190629,Casa Milà,41.395325,2.161925,A,163,87
670716,Barcelona Bus Turistic,41.386295,2.169909,A,163,87
190824,Palau de la Música Catalana,41.387573,2.175302,A,163,87
190166,Sagrada Família,41.403423,2.174611,A,163,87
246171,Église Sainte-Marie-de-la-Mer,41.38349,2.18178,A,164,87
190629,Casa Milà,41.395325,2.161925,A,164,87
190824,Palau de la Música Catalana,41.387573,2.175302,A,164,87
1059712,Ciudad Condal,41.38874,2.166787,R,164,87
190166,Sagrada Família,41.403423,2.174611,A,164,87
254723,Passeig de Gràcia,41.39493,2.16177,A,165,87
246171,Église Sainte-Marie-de-la-Mer,41.38349,2.18178,A,165,87
190629,Casa Milà,41.395325,2.161925,A,165,87
190824,Palau de la Música Catalana,41.387573,2.175302,A,165,87
190166,Sagrada Família,41.403423,2.174611,A,165,87
246171,Église Sainte-Marie-de-la-Mer,41.38349,2.18178,A,166,87
190629,Casa Milà,41.395325,2.161925,A,166,87
190624,Parc Güell,41.41451,2.152709,A,166,87
190824,Palau de la Música Catalana,41.387573,2.175302,A,166,87
190166,Sagrada Família,41.403423,2.174611,A,166,87
190629,Casa Milà,41.395325,2.161925,A,167,87
670716,Barcelona Bus Turistic,41.386295,2.169909,A,167,87
190824,Palau de la Música Catalana,41.387573,2.175302,A,167,87
190166,Sagrada Família,41.403423,2.174611,A,167,87
190629,Casa Milà,41.395325,2.161925,A,168,87
670716,Barcelona Bus Turistic,41.386295,2.169909,A,168,87
190824,Palau de la Música Catalana,41.387573,2.175302,A,168,87
1059712,Ciudad Condal,41.38874,2.166787,R,168,87
190166,Sagrada Família,41.403423,2.174611,A,168,87
190629,Casa Milà,41.395325,2.161925,A,196,87
190624,Parc Güell,41.41451,2.152709,A,196,87
670716,Barcelona Bus Turistic,41.386295,2.169909,A,196,87
190166,Sagrada Família,41.403423,2.174611,A,196,87
190629,Casa Milà,41.395325,2.161925,A,198,87
190624,Parc Güell,41.41451,2.152709,A,198,87
190824,Palau de la Música Catalana,41.387573,2.175302,A,198,87
190166,Sagrada Família,41.403423,2.174611,A,198,87
246171,Église Sainte-Marie-de-la-Mer,41.38349,2.18178,A,250,87
191040,Abadia de Montserrat,41.591694,1.834824,A,250,87
190624,Parc Güell,41.41451,2.152709,A,250,87
190824,Palau de la Música Catalana,41.387573,2.175302,A,250,87
246171,Église Sainte-Marie-de-la-Mer,41.38349,2.18178,A,225,87
190629,Casa Milà,41.395325,2.161925,A,225,87
191040,Abadia de Montserrat,41.591694,1.834824,A,225,87
190624,Parc Güell,41.41451,2.152709,A,225,87
190166,Sagrada Família,41.403423,2.174611,A,225,87
190629,Casa Milà,41.395325,2.161925,A,227,87
190624,Parc Güell,41.41451,2.152709,A,227,87
190824,Palau de la Música Catalana,41.387573,2.175302,A,227,87
190166,Sagrada Família,41.403423,2.174611,A,227,87
271009,Camp Nou,41.380924,2.122952,A,228,87
190629,Casa Milà,41.395325,2.161925,A,228,87
190624,Parc Güell,41.41451,2.152709,A,228,87
190824,Palau de la Música Catalana,41.387573,2.175302,A,228,87
190166,Sagrada Família,41.403423,2.174611,A,228,87
246171,Église Sainte-Marie-de-la-Mer,41.38349,2.18178,A,229,87
190629,Casa Milà,41.395325,2.161925,A,229,87
190624,Parc Güell,41.41451,2.152709,A,229,87
190824,Palau de la Música Catalana,41.387573,2.175302,A,229,87
190166,Sagrada Família,41.403423,2.174611,A,229,87
190629,Casa Milà,41.395325,2.161925,A,230,87
190624,Parc Güell,41.41451,2.152709,A,230,87
670716,Barcelona Bus Turistic,41.386295,2.169909,A,230,87
190824,Palau de la Música Catalana,41.387573,2.175302,A,230,87
190166,Sagrada Família,41.403423,2.174611,A,230,87
190629,Casa Milà,41.395325,2.161925,A,231,87
190624,Parc Güell,41.41451,2.152709,A,231,87
190824,Palau de la Música Catalana,41.387573,2.175302,A,231,87
1059712,Ciudad Condal,41.38874,2.166787,R,231,87
190166,Sagrada Família,41.403423,2.174611,A,231,87
271009,Camp Nou,41.380924,2.122952,A,232,87
190629,Casa Milà,41.395325,2.161925,A,232,87
190624,Parc Güell,41.41451,2.152709,A,232,87
190824,Palau de la Música Catalana,41.387573,2.175302,A,232,87
190166,Sagrada Família,41.403423,2.174611,A,232,87
246171,Église Sainte-Marie-de-la-Mer,41.38349,2.18178,A,233,87
190629,Casa Milà,41.395325,2.161925,A,233,87
190624,Parc Güell,41.41451,2.152709,A,233,87
190824,Palau de la Música Catalana,41.387573,2.175302,A,233,87
190166,Sagrada Família,41.403423,2.174611,A,233,87
190629,Casa Milà,41.395325,2.161925,A,234,87
191040,Abadia de Montserrat,41.591694,1.834824,A,234,87
190624,Parc Güell,41.41451,2.152709,A,234,87
190824,Palau de la Música Catalana,41.387573,2.175302,A,234,87
190166,Sagrada Família,41.403423,2.174611,A,234,87
271009,Camp Nou,41.380924,2.122952,A,138,87
246171,Église Sainte-Marie-de-la-Mer,41.38349,2.18178,A,138,87
190629,Casa Milà,41.395325,2.161925,A,138,87
190624,Parc Güell,41.41451,2.152709,A,138,87
190166,Sagrada Família,41.403423,2.174611,A,138,87
271009,Camp Nou,41.380924,2.122952,A,137,87
246171,Église Sainte-Marie-de-la-Mer,41.38349,2.18178,A,137,87
190629,Casa Milà,41.395325,2.161925,A,137,87
1059712,Ciudad Condal,41.38874,2.166787,R,137,87
190166,Sagrada Família,41.403423,2.174611,A,137,87
246171,Église Sainte-Marie-de-la-Mer,41.38349,2.18178,A,237,87
191040,Abadia de Montserrat,41.591694,1.834824,A,237,87
190624,Parc Güell,41.41451,2.152709,A,237,87
271009,Camp Nou,41.380924,2.122952,A,238,87
246171,Église Sainte-Marie-de-la-Mer,41.38349,2.18178,A,238,87
191040,Abadia de Montserrat,41.591694,1.834824,A,238,87
190624,Parc Güell,41.41451,2.152709,A,238,87
254723,Passeig de Gràcia,41.39493,2.16177,A,239,87
246171,Église Sainte-Marie-de-la-Mer,41.38349,2.18178,A,239,87
191040,Abadia de Montserrat,41.591694,1.834824,A,239,87
190624,Parc Güell,41.41451,2.152709,A,239,87
271009,Camp Nou,41.380924,2.122952,A,240,87
254723,Passeig de Gràcia,41.39493,2.16177,A,240,87
246171,Église Sainte-Marie-de-la-Mer,41.38349,2.18178,A,240,87
191040,Abadia de Montserrat,41.591694,1.834824,A,240,87
190624,Parc Güell,41.41451,2.152709,A,240,87
190624,Parc Güell,41.41451,2.152709,A,241,87
295879,Palais Güell,41.378883,2.17424,A,241,87
271009,Camp Nou,41.380924,2.122952,A,136,87
246171,Église Sainte-Marie-de-la-Mer,41.38349,2.18178,A,136,87
190629,Casa Milà,41.395325,2.161925,A,136,87
670716,Barcelona Bus Turistic,41.386295,2.169909,A,136,87
190166,Sagrada Família,41.403423,2.174611,A,136,87
271009,Camp Nou,41.380924,2.122952,A,243,87
190624,Parc Güell,41.41451,2.152709,A,243,87
190824,Palau de la Música Catalana,41.387573,2.175302,A,243,87
246171,Église Sainte-Marie-de-la-Mer,41.38349,2.18178,A,244,87
190624,Parc Güell,41.41451,2.152709,A,244,87
190824,Palau de la Música Catalana,41.387573,2.175302,A,244,87
271009,Camp Nou,41.380924,2.122952,A,245,87
246171,Église Sainte-Marie-de-la-Mer,41.38349,2.18178,A,245,87
190624,Parc Güell,41.41451,2.152709,A,245,87
190824,Palau de la Música Catalana,41.387573,2.175302,A,245,87
254723,Passeig de Gràcia,41.39493,2.16177,A,246,87
246171,Église Sainte-Marie-de-la-Mer,41.38349,2.18178,A,246,87
190624,Parc Güell,41.41451,2.152709,A,246,87
190824,Palau de la Música Catalana,41.387573,2.175302,A,246,87
271009,Camp Nou,41.380924,2.122952,A,247,87
254723,Passeig de Gràcia,41.39493,2.16177,A,247,87
246171,Église Sainte-Marie-de-la-Mer,41.38349,2.18178,A,247,87
190624,Parc Güell,41.41451,2.152709,A,247,87
190824,Palau de la Música Catalana,41.387573,2.175302,A,247,87
191040,Abadia de Montserrat,41.591694,1.834824,A,248,87
190624,Parc Güell,41.41451,2.152709,A,248,87
190824,Palau de la Música Catalana,41.387573,2.175302,A,248,87
271009,Camp Nou,41.380924,2.122952,A,249,87
191040,Abadia de Montserrat,41.591694,1.834824,A,249,87
190624,Parc Güell,41.41451,2.152709,A,249,87
190824,Palau de la Música Catalana,41.387573,2.175302,A,249,87
190629,Casa Milà,41.395325,2.161925,A,226,87
190624,Parc Güell,41.41451,2.152709,A,226,87
190824,Palau de la Música Catalana,41.387573,2.175302,A,226,87
190166,Sagrada Família,41.403423,2.174611,A,226,87
271009,Camp Nou,41.380924,2.122952,A,224,87
190629,Casa Milà,41.395325,2.161925,A,224,87
191040,Abadia de Montserrat,41.591694,1.834824,A,224,87
190624,Parc Güell,41.41451,2.152709,A,224,87
190166,Sagrada Família,41.403423,2.174611,A,224,87
271009,Camp Nou,41.380924,2.122952,A,199,87
190629,Casa Milà,41.395325,2.161925,A,199,87
190624,Parc Güell,41.41451,2.152709,A,199,87
190824,Palau de la Música Catalana,41.387573,2.175302,A,199,87
190166,Sagrada Família,41.403423,2.174611,A,199,87
190629,Casa Milà,41.395325,2.161925,A,223,87
191040,Abadia de Montserrat,41.591694,1.834824,A,223,87
190624,Parc Güell,41.41451,2.152709,A,223,87
1059712,Ciudad Condal,41.38874,2.166787,R,223,87
190166,Sagrada Família,41.403423,2.174611,A,223,87
246171,Église Sainte-Marie-de-la-Mer,41.38349,2.18178,A,200,87
190629,Casa Milà,41.395325,2.161925,A,200,87
190624,Parc Güell,41.41451,2.152709,A,200,87
190824,Palau de la Música Catalana,41.387573,2.175302,A,200,87
190166,Sagrada Família,41.403423,2.174611,A,200,87
190629,Casa Milà,41.395325,2.161925,A,201,87
190624,Parc Güell,41.41451,2.152709,A,201,87
670716,Barcelona Bus Turistic,41.386295,2.169909,A,201,87
190824,Palau de la Música Catalana,41.387573,2.175302,A,201,87
190166,Sagrada Família,41.403423,2.174611,A,201,87
190629,Casa Milà,41.395325,2.161925,A,202,87
190624,Parc Güell,41.41451,2.152709,A,202,87
190824,Palau de la Música Catalana,41.387573,2.175302,A,202,87
1059712,Ciudad Condal,41.38874,2.166787,R,202,87
190166,Sagrada Família,41.403423,2.174611,A,202,87
190629,Casa Milà,41.395325,2.161925,A,203,87
190624,Parc Güell,41.41451,2.152709,A,203,87
1059712,Ciudad Condal,41.38874,2.166787,R,203,87
190166,Sagrada Família,41.403423,2.174611,A,203,87
271009,Camp Nou,41.380924,2.122952,A,204,87
190629,Casa Milà,41.395325,2.161925,A,204,87
190624,Parc Güell,41.41451,2.152709,A,204,87
190166,Sagrada Família,41.403423,2.174611,A,204,87
271009,Camp Nou,41.380924,2.122952,A,205,87
190629,Casa Milà,41.395325,2.161925,A,205,87
190624,Parc Güell,41.41451,2.152709,A,205,87
190166,Sagrada Família,41.403423,2.174611,A,205,87
271009,Camp Nou,41.380924,2.122952,A,206,87
246171,Église Sainte-Marie-de-la-Mer,41.38349,2.18178,A,206,87
190629,Casa Milà,41.395325,2.161925,A,206,87
190624,Parc Güell,41.41451,2.152709,A,206,87
190166,Sagrada Família,41.403423,2.174611,A,206,87
271009,Camp Nou,41.380924,2.122952,A,207,87
190629,Casa Milà,41.395325,2.161925,A,207,87
190624,Parc Güell,41.41451,2.152709,A,207,87
670716,Barcelona Bus Turistic,41.386295,2.169909,A,207,87
190166,Sagrada Família,41.403423,2.174611,A,207,87
271009,Camp Nou,41.380924,2.122952,A,208,87
190629,Casa Milà,41.395325,2.161925,A,208,87
190624,Parc Güell,41.41451,2.152709,A,208,87
190824,Palau de la Música Catalana,41.387573,2.175302,A,208,87
190166,Sagrada Família,41.403423,2.174611,A,208,87
271009,Camp Nou,41.380924,2.122952,A,209,87
190629,Casa Milà,41.395325,2.161925,A,209,87
190624,Parc Güell,41.41451,2.152709,A,209,87
1059712,Ciudad Condal,41.38874,2.166787,R,209,87
190166,Sagrada Família,41.403423,2.174611,A,209,87
246171,Église Sainte-Marie-de-la-Mer,41.38349,2.18178,A,210,87
190629,Casa Milà,41.395325,2.161925,A,210,87
190624,Parc Güell,41.41451,2.152709,A,210,87
190166,Sagrada Família,41.403423,2.174611,A,210,87
246171,Église Sainte-Marie-de-la-Mer,41.38349,2.18178,A,211,87
190629,Casa Milà,41.395325,2.161925,A,211,87
190624,Parc Güell,41.41451,2.152709,A,211,87
190166,Sagrada Família,41.403423,2.174611,A,211,87
271009,Camp Nou,41.380924,2.122952,A,212,87
246171,Église Sainte-Marie-de-la-Mer,41.38349,2.18178,A,212,87
190629,Casa Milà,41.395325,2.161925,A,212,87
190624,Parc Güell,41.41451,2.152709,A,212,87
190166,Sagrada Família,41.403423,2.174611,A,212,87
246171,Église Sainte-Marie-de-la-Mer,41.38349,2.18178,A,213,87
190629,Casa Milà,41.395325,2.161925,A,213,87
190624,Parc Güell,41.41451,2.152709,A,213,87
670716,Barcelona Bus Turistic,41.386295,2.169909,A,213,87
190166,Sagrada Família,41.403423,2.174611,A,213,87
246171,Église Sainte-Marie-de-la-Mer,41.38349,2.18178,A,214,87
190629,Casa Milà,41.395325,2.161925,A,214,87
190624,Parc Güell,41.41451,2.152709,A,214,87
190824,Palau de la Música Catalana,41.387573,2.175302,A,214,87
190166,Sagrada Família,41.403423,2.174611,A,214,87
246171,Église Sainte-Marie-de-la-Mer,41.38349,2.18178,A,215,87
190629,Casa Milà,41.395325,2.161925,A,215,87
190624,Parc Güell,41.41451,2.152709,A,215,87
1059712,Ciudad Condal,41.38874,2.166787,R,215,87
190166,Sagrada Família,41.403423,2.174611,A,215,87
271009,Camp Nou,41.380924,2.122952,A,216,87
246171,Église Sainte-Marie-de-la-Mer,41.38349,2.18178,A,216,87
190629,Casa Milà,41.395325,2.161925,A,216,87
190624,Parc Güell,41.41451,2.152709,A,216,87
190166,Sagrada Família,41.403423,2.174611,A,216,87
254723,Passeig de Gràcia,41.39493,2.16177,A,217,87
246171,Église Sainte-Marie-de-la-Mer,41.38349,2.18178,A,217,87
190629,Casa Milà,41.395325,2.161925,A,217,87
190624,Parc Güell,41.41451,2.152709,A,217,87
190166,Sagrada Família,41.403423,2.174611,A,217,87
190629,Casa Milà,41.395325,2.161925,A,218,87
191040,Abadia de Montserrat,41.591694,1.834824,A,218,87
190624,Parc Güell,41.41451,2.152709,A,218,87
190166,Sagrada Família,41.403423,2.174611,A,218,87
271009,Camp Nou,41.380924,2.122952,A,219,87
190629,Casa Milà,41.395325,2.161925,A,219,87
191040,Abadia de Montserrat,41.591694,1.834824,A,219,87
190624,Parc Güell,41.41451,2.152709,A,219,87
190166,Sagrada Família,41.403423,2.174611,A,219,87
246171,Église Sainte-Marie-de-la-Mer,41.38349,2.18178,A,220,87
190629,Casa Milà,41.395325,2.161925,A,220,87
191040,Abadia de Montserrat,41.591694,1.834824,A,220,87
190624,Parc Güell,41.41451,2.152709,A,220,87
190166,Sagrada Família,41.403423,2.174611,A,220,87
190629,Casa Milà,41.395325,2.161925,A,221,87
191040,Abadia de Montserrat,41.591694,1.834824,A,221,87
190624,Parc Güell,41.41451,2.152709,A,221,87
670716,Barcelona Bus Turistic,41.386295,2.169909,A,221,87
190166,Sagrada Família,41.403423,2.174611,A,221,87
190629,Casa Milà,41.395325,2.161925,A,222,87
191040,Abadia de Montserrat,41.591694,1.834824,A,222,87
190624,Parc Güell,41.41451,2.152709,A,222,87
190824,Palau de la Música Catalana,41.387573,2.175302,A,222,87
190166,Sagrada Família,41.403423,2.174611,A,222,87
246171,Église Sainte-Marie-de-la-Mer,41.38349,2.18178,A,360,87
190624,Parc Güell,41.41451,2.152709,A,360,87
190824,Palau de la Música Catalana,41.387573,2.175302,A,360,87
1059712,Ciudad Condal,41.38874,2.166787,R,360,87
190166,Sagrada Família,41.403423,2.174611,A,360,87
271009,Camp Nou,41.380924,2.122952,A,362,87
246171,Église Sainte-Marie-de-la-Mer,41.38349,2.18178,A,362,87
190624,Parc Güell,41.41451,2.152709,A,362,87
190166,Sagrada Família,41.403423,2.174611,A,362,87
254723,Passeig de Gràcia,41.39493,2.16177,A,145,87
246171,Église Sainte-Marie-de-la-Mer,41.38349,2.18178,A,145,87
190629,Casa Milà,41.395325,2.161925,A,145,87
1059712,Ciudad Condal,41.38874,2.166787,R,145,87
190166,Sagrada Família,41.403423,2.174611,A,145,87
191040,Abadia de Montserrat,41.591694,1.834824,A,497,87
190624,Parc Güell,41.41451,2.152709,A,497,87
190824,Palau de la Música Catalana,41.387573,2.175302,A,497,87
190166,Sagrada Família,41.403423,2.174611,A,497,87
271009,Camp Nou,41.380924,2.122952,A,499,87
190624,Parc Güell,41.41451,2.152709,A,499,87
670716,Barcelona Bus Turistic,41.386295,2.169909,A,499,87
190824,Palau de la Música Catalana,41.387573,2.175302,A,499,87
190166,Sagrada Família,41.403423,2.174611,A,499,87
271009,Camp Nou,41.380924,2.122952,A,500,87
190624,Parc Güell,41.41451,2.152709,A,500,87
190824,Palau de la Música Catalana,41.387573,2.175302,A,500,87
1059712,Ciudad Condal,41.38874,2.166787,R,500,87
190166,Sagrada Família,41.403423,2.174611,A,500,87
246171,Église Sainte-Marie-de-la-Mer,41.38349,2.18178,A,95,87
190624,Parc Güell,41.41451,2.152709,A,95,87
670716,Barcelona Bus Turistic,41.386295,2.169909,A,95,87
190824,Palau de la Música Catalana,41.387573,2.175302,A,95,87
190166,Sagrada Família,41.403423,2.174611,A,95,87
271009,Camp Nou,41.380924,2.122952,A,502,87
246171,Église Sainte-Marie-de-la-Mer,41.38349,2.18178,A,502,87
190624,Parc Güell,41.41451,2.152709,A,502,87
190824,Palau de la Música Catalana,41.387573,2.175302,A,502,87
190166,Sagrada Família,41.403423,2.174611,A,502,87
246171,Église Sainte-Marie-de-la-Mer,41.38349,2.18178,A,503,87
190624,Parc Güell,41.41451,2.152709,A,503,87
670716,Barcelona Bus Turistic,41.386295,2.169909,A,503,87
190824,Palau de la Música Catalana,41.387573,2.175302,A,503,87
190166,Sagrada Família,41.403423,2.174611,A,503,87
271009,Camp Nou,41.380924,2.122952,A,94,87
246171,Église Sainte-Marie-de-la-Mer,41.38349,2.18178,A,94,87
190624,Parc Güell,41.41451,2.152709,A,94,87
190824,Palau de la Música Catalana,41.387573,2.175302,A,94,87
190166,Sagrada Família,41.403423,2.174611,A,94,87
254723,Passeig de Gràcia,41.39493,2.16177,A,505,87
246171,Église Sainte-Marie-de-la-Mer,41.38349,2.18178,A,505,87
190624,Parc Güell,41.41451,2.152709,A,505,87
190824,Palau de la Música Catalana,41.387573,2.175302,A,505,87
190166,Sagrada Família,41.403423,2.174611,A,505,87
246171,Église Sainte-Marie-de-la-Mer,41.38349,2.18178,A,506,87
190629,Casa Milà,41.395325,2.161925,A,506,87
190624,Parc Güell,41.41451,2.152709,A,506,87
190824,Palau de la Música Catalana,41.387573,2.175302,A,506,87
190166,Sagrada Família,41.403423,2.174611,A,506,87
246171,Église Sainte-Marie-de-la-Mer,41.38349,2.18178,A,93,87
190624,Parc Güell,41.41451,2.152709,A,93,87
190824,Palau de la Música Catalana,41.387573,2.175302,A,93,87
190166,Sagrada Família,41.403423,2.174611,A,93,87
271009,Camp Nou,41.380924,2.122952,A,508,87
190629,Casa Milà,41.395325,2.161925,A,508,87
190624,Parc Güell,41.41451,2.152709,A,508,87
190824,Palau de la Música Catalana,41.387573,2.175302,A,508,87
190166,Sagrada Família,41.403423,2.174611,A,508,87
246171,Église Sainte-Marie-de-la-Mer,41.38349,2.18178,A,509,87
190629,Casa Milà,41.395325,2.161925,A,509,87
190624,Parc Güell,41.41451,2.152709,A,509,87
190824,Palau de la Música Catalana,41.387573,2.175302,A,509,87
190166,Sagrada Família,41.403423,2.174611,A,509,87
190629,Casa Milà,41.395325,2.161925,A,510,87
190624,Parc Güell,41.41451,2.152709,A,510,87
670716,Barcelona Bus Turistic,41.386295,2.169909,A,510,87
190824,Palau de la Música Catalana,41.387573,2.175302,A,510,87
190166,Sagrada Família,41.403423,2.174611,A,510,87
271009,Camp Nou,41.380924,2.122952,A,92,87
246171,Église Sainte-Marie-de-la-Mer,41.38349,2.18178,A,92,87
191040,Abadia de Montserrat,41.591694,1.834824,A,92,87
190624,Parc Güell,41.41451,2.152709,A,92,87
190166,Sagrada Família,41.403423,2.174611,A,92,87
246171,Église Sainte-Marie-de-la-Mer,41.38349,2.18178,A,512,87
190629,Casa Milà,41.395325,2.161925,A,512,87
190624,Parc Güell,41.41451,2.152709,A,512,87
190824,Palau de la Música Catalana,41.387573,2.175302,A,512,87
190166,Sagrada Família,41.403423,2.174611,A,512,87
190624,Parc Güell,41.41451,2.152709,A,513,87
670716,Barcelona Bus Turistic,41.386295,2.169909,A,513,87
190824,Palau de la Música Catalana,41.387573,2.175302,A,513,87
190166,Sagrada Família,41.403423,2.174611,A,513,87
190624,Parc Güell,41.41451,2.152709,A,514,87
670716,Barcelona Bus Turistic,41.386295,2.169909,A,514,87
190824,Palau de la Música Catalana,41.387573,2.175302,A,514,87
1059712,Ciudad Condal,41.38874,2.166787,R,514,87
190166,Sagrada Família,41.403423,2.174611,A,514,87
254723,Passeig de Gràcia,41.39493,2.16177,A,91,87
246171,Église Sainte-Marie-de-la-Mer,41.38349,2.18178,A,91,87
191040,Abadia de Montserrat,41.591694,1.834824,A,91,87
190624,Parc Güell,41.41451,2.152709,A,91,87
190166,Sagrada Família,41.403423,2.174611,A,91,87
271009,Camp Nou,41.380924,2.122952,A,516,87
190624,Parc Güell,41.41451,2.152709,A,516,87
190824,Palau de la Música Catalana,41.387573,2.175302,A,516,87
190166,Sagrada Família,41.403423,2.174611,A,516,87
271009,Camp Nou,41.380924,2.122952,A,517,87
190624,Parc Güell,41.41451,2.152709,A,517,87
190824,Palau de la Música Catalana,41.387573,2.175302,A,517,87
190166,Sagrada Família,41.403423,2.174611,A,517,87
271009,Camp Nou,41.380924,2.122952,A,518,87
246171,Église Sainte-Marie-de-la-Mer,41.38349,2.18178,A,518,87
190624,Parc Güell,41.41451,2.152709,A,518,87
190824,Palau de la Música Catalana,41.387573,2.175302,A,518,87
190166,Sagrada Família,41.403423,2.174611,A,518,87
271009,Camp Nou,41.380924,2.122952,A,519,87
190629,Casa Milà,41.395325,2.161925,A,519,87
190624,Parc Güell,41.41451,2.152709,A,519,87
190824,Palau de la Música Catalana,41.387573,2.175302,A,519,87
190166,Sagrada Família,41.403423,2.174611,A,519,87
271009,Camp Nou,41.380924,2.122952,A,520,87
190624,Parc Güell,41.41451,2.152709,A,520,87
670716,Barcelona Bus Turistic,41.386295,2.169909,A,520,87
190824,Palau de la Música Catalana,41.387573,2.175302,A,520,87
190166,Sagrada Família,41.403423,2.174611,A,520,87
271009,Camp Nou,41.380924,2.122952,A,521,87
190624,Parc Güell,41.41451,2.152709,A,521,87
190824,Palau de la Música Catalana,41.387573,2.175302,A,521,87
1059712,Ciudad Condal,41.38874,2.166787,R,521,87
190166,Sagrada Família,41.403423,2.174611,A,521,87
271009,Camp Nou,41.380924,2.122952,A,498,87
190624,Parc Güell,41.41451,2.152709,A,498,87
190824,Palau de la Música Catalana,41.387573,2.175302,A,498,87
190166,Sagrada Família,41.403423,2.174611,A,498,87
246171,Église Sainte-Marie-de-la-Mer,41.38349,2.18178,A,496,87
190624,Parc Güell,41.41451,2.152709,A,496,87
190824,Palau de la Música Catalana,41.387573,2.175302,A,496,87
190166,Sagrada Família,41.403423,2.174611,A,496,87
246171,Église Sainte-Marie-de-la-Mer,41.38349,2.18178,A,523,87
190624,Parc Güell,41.41451,2.152709,A,523,87
190824,Palau de la Música Catalana,41.387573,2.175302,A,523,87
190166,Sagrada Família,41.403423,2.174611,A,523,87
271009,Camp Nou,41.380924,2.122952,A,495,87
190624,Parc Güell,41.41451,2.152709,A,495,87
190824,Palau de la Música Catalana,41.387573,2.175302,A,495,87
190166,Sagrada Família,41.403423,2.174611,A,495,87
271009,Camp Nou,41.380924,2.122952,A,472,87
190629,Casa Milà,41.395325,2.161925,A,472,87
191040,Abadia de Montserrat,41.591694,1.834824,A,472,87
190624,Parc Güell,41.41451,2.152709,A,472,87
190166,Sagrada Família,41.403423,2.174611,A,472,87
271009,Camp Nou,41.380924,2.122952,A,473,87
191040,Abadia de Montserrat,41.591694,1.834824,A,473,87
190624,Parc Güell,41.41451,2.152709,A,473,87
670716,Barcelona Bus Turistic,41.386295,2.169909,A,473,87
190166,Sagrada Família,41.403423,2.174611,A,473,87
271009,Camp Nou,41.380924,2.122952,A,474,87
191040,Abadia de Montserrat,41.591694,1.834824,A,474,87
190624,Parc Güell,41.41451,2.152709,A,474,87
257527,Musée national d’art de Catalogne,41.368454,2.153715,A,474,87
190166,Sagrada Família,41.403423,2.174611,A,474,87
271009,Camp Nou,41.380924,2.122952,A,475,87
191040,Abadia de Montserrat,41.591694,1.834824,A,475,87
190624,Parc Güell,41.41451,2.152709,A,475,87
190824,Palau de la Música Catalana,41.387573,2.175302,A,475,87
190166,Sagrada Família,41.403423,2.174611,A,475,87
271009,Camp Nou,41.380924,2.122952,A,476,87
191040,Abadia de Montserrat,41.591694,1.834824,A,476,87
190624,Parc Güell,41.41451,2.152709,A,476,87
1059712,Ciudad Condal,41.38874,2.166787,R,476,87
190166,Sagrada Família,41.403423,2.174611,A,476,87
246171,Église Sainte-Marie-de-la-Mer,41.38349,2.18178,A,477,87
191040,Abadia de Montserrat,41.591694,1.834824,A,477,87
190624,Parc Güell,41.41451,2.152709,A,477,87
190166,Sagrada Família,41.403423,2.174611,A,477,87
246171,Église Sainte-Marie-de-la-Mer,41.38349,2.18178,A,478,87
191040,Abadia de Montserrat,41.591694,1.834824,A,478,87
190624,Parc Güell,41.41451,2.152709,A,478,87
190166,Sagrada Família,41.403423,2.174611,A,478,87
271009,Camp Nou,41.380924,2.122952,A,479,87
246171,Église Sainte-Marie-de-la-Mer,41.38349,2.18178,A,479,87
191040,Abadia de Montserrat,41.591694,1.834824,A,479,87
190624,Parc Güell,41.41451,2.152709,A,479,87
190166,Sagrada Família,41.403423,2.174611,A,479,87
246171,Église Sainte-Marie-de-la-Mer,41.38349,2.18178,A,480,87
190629,Casa Milà,41.395325,2.161925,A,480,87
191040,Abadia de Montserrat,41.591694,1.834824,A,480,87
190624,Parc Güell,41.41451,2.152709,A,480,87
190166,Sagrada Família,41.403423,2.174611,A,480,87
246171,Église Sainte-Marie-de-la-Mer,41.38349,2.18178,A,481,87
191040,Abadia de Montserrat,41.591694,1.834824,A,481,87
190624,Parc Güell,41.41451,2.152709,A,481,87
670716,Barcelona Bus Turistic,41.386295,2.169909,A,481,87
190166,Sagrada Família,41.403423,2.174611,A,481,87
246171,Église Sainte-Marie-de-la-Mer,41.38349,2.18178,A,482,87
191040,Abadia de Montserrat,41.591694,1.834824,A,482,87
190624,Parc Güell,41.41451,2.152709,A,482,87
190824,Palau de la Música Catalana,41.387573,2.175302,A,482,87
190166,Sagrada Família,41.403423,2.174611,A,482,87
246171,Église Sainte-Marie-de-la-Mer,41.38349,2.18178,A,483,87
191040,Abadia de Montserrat,41.591694,1.834824,A,483,87
190624,Parc Güell,41.41451,2.152709,A,483,87
1059712,Ciudad Condal,41.38874,2.166787,R,483,87
190166,Sagrada Família,41.403423,2.174611,A,483,87
271009,Camp Nou,41.380924,2.122952,A,484,87
246171,Église Sainte-Marie-de-la-Mer,41.38349,2.18178,A,484,87
191040,Abadia de Montserrat,41.591694,1.834824,A,484,87
190624,Parc Güell,41.41451,2.152709,A,484,87
190166,Sagrada Família,41.403423,2.174611,A,484,87
254723,Passeig de Gràcia,41.39493,2.16177,A,485,87
246171,Église Sainte-Marie-de-la-Mer,41.38349,2.18178,A,485,87
191040,Abadia de Montserrat,41.591694,1.834824,A,485,87
190624,Parc Güell,41.41451,2.152709,A,485,87
190166,Sagrada Família,41.403423,2.174611,A,485,87
190624,Parc Güell,41.41451,2.152709,A,486,87
295879,Palais Güell,41.378883,2.17424,A,486,87
190166,Sagrada Família,41.403423,2.174611,A,486,87
190624,Parc Güell,41.41451,2.152709,A,487,87
295879,Palais Güell,41.378883,2.17424,A,487,87
1059712,Ciudad Condal,41.38874,2.166787,R,487,87
190166,Sagrada Família,41.403423,2.174611,A,487,87
271009,Camp Nou,41.380924,2.122952,A,102,87
254723,Passeig de Gràcia,41.39493,2.16177,A,102,87
190629,Casa Milà,41.395325,2.161925,A,102,87
190624,Parc Güell,41.41451,2.152709,A,102,87
246171,Église Sainte-Marie-de-la-Mer,41.38349,2.18178,A,99,87
191040,Abadia de Montserrat,41.591694,1.834824,A,99,87
190624,Parc Güell,41.41451,2.152709,A,99,87
190824,Palau de la Música Catalana,41.387573,2.175302,A,99,87
190166,Sagrada Família,41.403423,2.174611,A,99,87
271009,Camp Nou,41.380924,2.122952,A,490,87
190624,Parc Güell,41.41451,2.152709,A,490,87
190824,Palau de la Música Catalana,41.387573,2.175302,A,490,87
190166,Sagrada Família,41.403423,2.174611,A,490,87
271009,Camp Nou,41.380924,2.122952,A,98,87
246171,Église Sainte-Marie-de-la-Mer,41.38349,2.18178,A,98,87
190624,Parc Güell,41.41451,2.152709,A,98,87
190824,Palau de la Música Catalana,41.387573,2.175302,A,98,87
190166,Sagrada Família,41.403423,2.174611,A,98,87
254723,Passeig de Gràcia,41.39493,2.16177,A,97,87
246171,Église Sainte-Marie-de-la-Mer,41.38349,2.18178,A,97,87
190624,Parc Güell,41.41451,2.152709,A,97,87
190824,Palau de la Música Catalana,41.387573,2.175302,A,97,87
190166,Sagrada Família,41.403423,2.174611,A,97,87
190624,Parc Güell,41.41451,2.152709,A,493,87
670716,Barcelona Bus Turistic,41.386295,2.169909,A,493,87
190824,Palau de la Música Catalana,41.387573,2.175302,A,493,87
190166,Sagrada Família,41.403423,2.174611,A,493,87
246171,Église Sainte-Marie-de-la-Mer,41.38349,2.18178,A,96,87
190624,Parc Güell,41.41451,2.152709,A,96,87
190824,Palau de la Música Catalana,41.387573,2.175302,A,96,87
1059712,Ciudad Condal,41.38874,2.166787,R,96,87
190166,Sagrada Família,41.403423,2.174611,A,96,87
246171,Église Sainte-Marie-de-la-Mer,41.38349,2.18178,A,522,87
190624,Parc Güell,41.41451,2.152709,A,522,87
190824,Palau de la Música Catalana,41.387573,2.175302,A,522,87
190166,Sagrada Família,41.403423,2.174611,A,522,87
271009,Camp Nou,41.380924,2.122952,A,524,87
246171,Église Sainte-Marie-de-la-Mer,41.38349,2.18178,A,524,87
190624,Parc Güell,41.41451,2.152709,A,524,87
190824,Palau de la Música Catalana,41.387573,2.175302,A,524,87
190166,Sagrada Família,41.403423,2.174611,A,524,87
271009,Camp Nou,41.380924,2.122952,A,470,87
191040,Abadia de Montserrat,41.591694,1.834824,A,470,87
190624,Parc Güell,41.41451,2.152709,A,470,87
190166,Sagrada Família,41.403423,2.174611,A,470,87
246171,Église Sainte-Marie-de-la-Mer,41.38349,2.18178,A,551,87
190624,Parc Güell,41.41451,2.152709,A,551,87
190166,Sagrada Família,41.403423,2.174611,A,551,87
190162,Quartier gothique,41.3827,2.177113,A,551,87
254723,Passeig de Gràcia,41.39493,2.16177,A,553,87
246171,Église Sainte-Marie-de-la-Mer,41.38349,2.18178,A,553,87
190624,Parc Güell,41.41451,2.152709,A,553,87
190166,Sagrada Família,41.403423,2.174611,A,553,87
190162,Quartier gothique,41.3827,2.177113,A,553,87
271009,Camp Nou,41.380924,2.122952,A,554,87
246171,Église Sainte-Marie-de-la-Mer,41.38349,2.18178,A,554,87
190624,Parc Güell,41.41451,2.152709,A,554,87
190166,Sagrada Família,41.403423,2.174611,A,554,87
190162,Quartier gothique,41.3827,2.177113,A,554,87
246171,Église Sainte-Marie-de-la-Mer,41.38349,2.18178,A,555,87
190629,Casa Milà,41.395325,2.161925,A,555,87
190624,Parc Güell,41.41451,2.152709,A,555,87
190166,Sagrada Família,41.403423,2.174611,A,555,87
190162,Quartier gothique,41.3827,2.177113,A,555,87
246171,Église Sainte-Marie-de-la-Mer,41.38349,2.18178,A,556,87
190624,Parc Güell,41.41451,2.152709,A,556,87
670716,Barcelona Bus Turistic,41.386295,2.169909,A,556,87
190166,Sagrada Família,41.403423,2.174611,A,556,87
190162,Quartier gothique,41.3827,2.177113,A,556,87
246171,Église Sainte-Marie-de-la-Mer,41.38349,2.18178,A,557,87
190624,Parc Güell,41.41451,2.152709,A,557,87
190824,Palau de la Música Catalana,41.387573,2.175302,A,557,87
190166,Sagrada Família,41.403423,2.174611,A,557,87
190162,Quartier gothique,41.3827,2.177113,A,557,87
246171,Église Sainte-Marie-de-la-Mer,41.38349,2.18178,A,558,87
190624,Parc Güell,41.41451,2.152709,A,558,87
1059712,Ciudad Condal,41.38874,2.166787,R,558,87
190166,Sagrada Família,41.403423,2.174611,A,558,87
190162,Quartier gothique,41.3827,2.177113,A,558,87
246171,Église Sainte-Marie-de-la-Mer,41.38349,2.18178,A,89,87
191040,Abadia de Montserrat,41.591694,1.834824,A,89,87
190624,Parc Güell,41.41451,2.152709,A,89,87
670716,Barcelona Bus Turistic,41.386295,2.169909,A,89,87
190166,Sagrada Família,41.403423,2.174611,A,89,87
271009,Camp Nou,41.380924,2.122952,A,560,87
190629,Casa Milà,41.395325,2.161925,A,560,87
190624,Parc Güell,41.41451,2.152709,A,560,87
190162,Quartier gothique,41.3827,2.177113,A,560,87
271009,Camp Nou,41.380924,2.122952,A,561,87
190629,Casa Milà,41.395325,2.161925,A,561,87
190624,Parc Güell,41.41451,2.152709,A,561,87
190166,Sagrada Família,41.403423,2.174611,A,561,87
190162,Quartier gothique,41.3827,2.177113,A,561,87
246171,Église Sainte-Marie-de-la-Mer,41.38349,2.18178,A,562,87
190629,Casa Milà,41.395325,2.161925,A,562,87
190624,Parc Güell,41.41451,2.152709,A,562,87
190162,Quartier gothique,41.3827,2.177113,A,562,87
271009,Camp Nou,41.380924,2.122952,A,563,87
246171,Église Sainte-Marie-de-la-Mer,41.38349,2.18178,A,563,87
190629,Casa Milà,41.395325,2.161925,A,563,87
190624,Parc Güell,41.41451,2.152709,A,563,87
190162,Quartier gothique,41.3827,2.177113,A,563,87
254723,Passeig de Gràcia,41.39493,2.16177,A,564,87
246171,Église Sainte-Marie-de-la-Mer,41.38349,2.18178,A,564,87
190629,Casa Milà,41.395325,2.161925,A,564,87
190624,Parc Güell,41.41451,2.152709,A,564,87
190162,Quartier gothique,41.3827,2.177113,A,564,87
246171,Église Sainte-Marie-de-la-Mer,41.38349,2.18178,A,565,87
190629,Casa Milà,41.395325,2.161925,A,565,87
190624,Parc Güell,41.41451,2.152709,A,565,87
190166,Sagrada Família,41.403423,2.174611,A,565,87
190162,Quartier gothique,41.3827,2.177113,A,565,87
190629,Casa Milà,41.395325,2.161925,A,566,87
191040,Abadia de Montserrat,41.591694,1.834824,A,566,87
190624,Parc Güell,41.41451,2.152709,A,566,87
190162,Quartier gothique,41.3827,2.177113,A,566,87
271009,Camp Nou,41.380924,2.122952,A,567,87
190629,Casa Milà,41.395325,2.161925,A,567,87
191040,Abadia de Montserrat,41.591694,1.834824,A,567,87
190624,Parc Güell,41.41451,2.152709,A,567,87
190162,Quartier gothique,41.3827,2.177113,A,567,87
246171,Église Sainte-Marie-de-la-Mer,41.38349,2.18178,A,568,87
190629,Casa Milà,41.395325,2.161925,A,568,87
191040,Abadia de Montserrat,41.591694,1.834824,A,568,87
190624,Parc Güell,41.41451,2.152709,A,568,87
190162,Quartier gothique,41.3827,2.177113,A,568,87
190629,Casa Milà,41.395325,2.161925,A,569,87
190624,Parc Güell,41.41451,2.152709,A,569,87
190824,Palau de la Música Catalana,41.387573,2.175302,A,569,87
190162,Quartier gothique,41.3827,2.177113,A,569,87
271009,Camp Nou,41.380924,2.122952,A,570,87
190629,Casa Milà,41.395325,2.161925,A,570,87
190624,Parc Güell,41.41451,2.152709,A,570,87
190824,Palau de la Música Catalana,41.387573,2.175302,A,570,87
190162,Quartier gothique,41.3827,2.177113,A,570,87
246171,Église Sainte-Marie-de-la-Mer,41.38349,2.18178,A,571,87
190629,Casa Milà,41.395325,2.161925,A,571,87
190624,Parc Güell,41.41451,2.152709,A,571,87
190824,Palau de la Música Catalana,41.387573,2.175302,A,571,87
190162,Quartier gothique,41.3827,2.177113,A,571,87
190629,Casa Milà,41.395325,2.161925,A,572,87
191040,Abadia de Montserrat,41.591694,1.834824,A,572,87
190624,Parc Güell,41.41451,2.152709,A,572,87
190824,Palau de la Música Catalana,41.387573,2.175302,A,572,87
190162,Quartier gothique,41.3827,2.177113,A,572,87
190629,Casa Milà,41.395325,2.161925,A,573,87
190624,Parc Güell,41.41451,2.152709,A,573,87
190824,Palau de la Música Catalana,41.387573,2.175302,A,573,87
190166,Sagrada Família,41.403423,2.174611,A,573,87
190162,Quartier gothique,41.3827,2.177113,A,573,87
190629,Casa Milà,41.395325,2.161925,A,574,87
190624,Parc Güell,41.41451,2.152709,A,574,87
190166,Sagrada Família,41.403423,2.174611,A,574,87
190162,Quartier gothique,41.3827,2.177113,A,574,87
271009,Camp Nou,41.380924,2.122952,A,575,87
190629,Casa Milà,41.395325,2.161925,A,575,87
190624,Parc Güell,41.41451,2.152709,A,575,87
190166,Sagrada Família,41.403423,2.174611,A,575,87
190162,Quartier gothique,41.3827,2.177113,A,575,87
271009,Camp Nou,41.380924,2.122952,A,552,87
246171,Église Sainte-Marie-de-la-Mer,41.38349,2.18178,A,552,87
190624,Parc Güell,41.41451,2.152709,A,552,87
190166,Sagrada Família,41.403423,2.174611,A,552,87
190162,Quartier gothique,41.3827,2.177113,A,552,87
271009,Camp Nou,41.380924,2.122952,A,550,87
254723,Passeig de Gràcia,41.39493,2.16177,A,550,87
246171,Église Sainte-Marie-de-la-Mer,41.38349,2.18178,A,550,87
190624,Parc Güell,41.41451,2.152709,A,550,87
190162,Quartier gothique,41.3827,2.177113,A,550,87
246171,Église Sainte-Marie-de-la-Mer,41.38349,2.18178,A,525,87
190629,Casa Milà,41.395325,2.161925,A,525,87
190624,Parc Güell,41.41451,2.152709,A,525,87
190824,Palau de la Música Catalana,41.387573,2.175302,A,525,87
190166,Sagrada Família,41.403423,2.174611,A,525,87
254723,Passeig de Gràcia,41.39493,2.16177,A,549,87
246171,Église Sainte-Marie-de-la-Mer,41.38349,2.18178,A,549,87
190624,Parc Güell,41.41451,2.152709,A,549,87
190162,Quartier gothique,41.3827,2.177113,A,549,87
246171,Église Sainte-Marie-de-la-Mer,41.38349,2.18178,A,526,87
190624,Parc Güell,41.41451,2.152709,A,526,87
670716,Barcelona Bus Turistic,41.386295,2.169909,A,526,87
190824,Palau de la Música Catalana,41.387573,2.175302,A,526,87
190166,Sagrada Família,41.403423,2.174611,A,526,87
246171,Église Sainte-Marie-de-la-Mer,41.38349,2.18178,A,527,87
190624,Parc Güell,41.41451,2.152709,A,527,87
190824,Palau de la Música Catalana,41.387573,2.175302,A,527,87
1059712,Ciudad Condal,41.38874,2.166787,R,527,87
190166,Sagrada Família,41.403423,2.174611,A,527,87
271009,Camp Nou,41.380924,2.122952,A,528,87
246171,Église Sainte-Marie-de-la-Mer,41.38349,2.18178,A,528,87
190624,Parc Güell,41.41451,2.152709,A,528,87
190824,Palau de la Música Catalana,41.387573,2.175302,A,528,87
190166,Sagrada Família,41.403423,2.174611,A,528,87
254723,Passeig de Gràcia,41.39493,2.16177,A,529,87
246171,Église Sainte-Marie-de-la-Mer,41.38349,2.18178,A,529,87
190624,Parc Güell,41.41451,2.152709,A,529,87
190824,Palau de la Música Catalana,41.387573,2.175302,A,529,87
190166,Sagrada Família,41.403423,2.174611,A,529,87
191040,Abadia de Montserrat,41.591694,1.834824,A,530,87
190624,Parc Güell,41.41451,2.152709,A,530,87
190824,Palau de la Música Catalana,41.387573,2.175302,A,530,87
190166,Sagrada Família,41.403423,2.174611,A,530,87
271009,Camp Nou,41.380924,2.122952,A,531,87
191040,Abadia de Montserrat,41.591694,1.834824,A,531,87
190624,Parc Güell,41.41451,2.152709,A,531,87
190824,Palau de la Música Catalana,41.387573,2.175302,A,531,87
190166,Sagrada Família,41.403423,2.174611,A,531,87
246171,Église Sainte-Marie-de-la-Mer,41.38349,2.18178,A,532,87
191040,Abadia de Montserrat,41.591694,1.834824,A,532,87
190624,Parc Güell,41.41451,2.152709,A,532,87
190824,Palau de la Música Catalana,41.387573,2.175302,A,532,87
190166,Sagrada Família,41.403423,2.174611,A,532,87
190629,Casa Milà,41.395325,2.161925,A,533,87
191040,Abadia de Montserrat,41.591694,1.834824,A,533,87
190624,Parc Güell,41.41451,2.152709,A,533,87
190824,Palau de la Música Catalana,41.387573,2.175302,A,533,87
190166,Sagrada Família,41.403423,2.174611,A,533,87
191040,Abadia de Montserrat,41.591694,1.834824,A,534,87
190624,Parc Güell,41.41451,2.152709,A,534,87
670716,Barcelona Bus Turistic,41.386295,2.169909,A,534,87
190824,Palau de la Música Catalana,41.387573,2.175302,A,534,87
190166,Sagrada Família,41.403423,2.174611,A,534,87
191040,Abadia de Montserrat,41.591694,1.834824,A,535,87
190624,Parc Güell,41.41451,2.152709,A,535,87
190824,Palau de la Música Catalana,41.387573,2.175302,A,535,87
1059712,Ciudad Condal,41.38874,2.166787,R,535,87
190166,Sagrada Família,41.403423,2.174611,A,535,87
271009,Camp Nou,41.380924,2.122952,A,536,87
191040,Abadia de Montserrat,41.591694,1.834824,A,536,87
190624,Parc Güell,41.41451,2.152709,A,536,87
190824,Palau de la Música Catalana,41.387573,2.175302,A,536,87
190166,Sagrada Família,41.403423,2.174611,A,536,87
246171,Église Sainte-Marie-de-la-Mer,41.38349,2.18178,A,537,87
191040,Abadia de Montserrat,41.591694,1.834824,A,537,87
190624,Parc Güell,41.41451,2.152709,A,537,87
190824,Palau de la Música Catalana,41.387573,2.175302,A,537,87
190166,Sagrada Família,41.403423,2.174611,A,537,87
246171,Église Sainte-Marie-de-la-Mer,41.38349,2.18178,A,90,87
191040,Abadia de Montserrat,41.591694,1.834824,A,90,87
190624,Parc Güell,41.41451,2.152709,A,90,87
1059712,Ciudad Condal,41.38874,2.166787,R,90,87
190166,Sagrada Família,41.403423,2.174611,A,90,87
271009,Camp Nou,41.380924,2.122952,A,539,87
190624,Parc Güell,41.41451,2.152709,A,539,87
190162,Quartier gothique,41.3827,2.177113,A,539,87
271009,Camp Nou,41.380924,2.122952,A,540,87
190624,Parc Güell,41.41451,2.152709,A,540,87
190166,Sagrada Família,41.403423,2.174611,A,540,87
190162,Quartier gothique,41.3827,2.177113,A,540,87
271009,Camp Nou,41.380924,2.122952,A,541,87
246171,Église Sainte-Marie-de-la-Mer,41.38349,2.18178,A,541,87
190624,Parc Güell,41.41451,2.152709,A,541,87
190166,Sagrada Família,41.403423,2.174611,A,541,87
190162,Quartier gothique,41.3827,2.177113,A,541,87
271009,Camp Nou,41.380924,2.122952,A,542,87
190629,Casa Milà,41.395325,2.161925,A,542,87
190624,Parc Güell,41.41451,2.152709,A,542,87
190166,Sagrada Família,41.403423,2.174611,A,542,87
190162,Quartier gothique,41.3827,2.177113,A,542,87
271009,Camp Nou,41.380924,2.122952,A,543,87
190624,Parc Güell,41.41451,2.152709,A,543,87
670716,Barcelona Bus Turistic,41.386295,2.169909,A,543,87
190166,Sagrada Família,41.403423,2.174611,A,543,87
190162,Quartier gothique,41.3827,2.177113,A,543,87
271009,Camp Nou,41.380924,2.122952,A,544,87
190624,Parc Güell,41.41451,2.152709,A,544,87
190824,Palau de la Música Catalana,41.387573,2.175302,A,544,87
190166,Sagrada Família,41.403423,2.174611,A,544,87
190162,Quartier gothique,41.3827,2.177113,A,544,87
271009,Camp Nou,41.380924,2.122952,A,545,87
190624,Parc Güell,41.41451,2.152709,A,545,87
1059712,Ciudad Condal,41.38874,2.166787,R,545,87
190166,Sagrada Família,41.403423,2.174611,A,545,87
190162,Quartier gothique,41.3827,2.177113,A,545,87
246171,Église Sainte-Marie-de-la-Mer,41.38349,2.18178,A,546,87
190624,Parc Güell,41.41451,2.152709,A,546,87
190162,Quartier gothique,41.3827,2.177113,A,546,87
271009,Camp Nou,41.380924,2.122952,A,547,87
246171,Église Sainte-Marie-de-la-Mer,41.38349,2.18178,A,547,87
190624,Parc Güell,41.41451,2.152709,A,547,87
190162,Quartier gothique,41.3827,2.177113,A,547,87
271009,Camp Nou,41.380924,2.122952,A,548,87
246171,Église Sainte-Marie-de-la-Mer,41.38349,2.18178,A,548,87
190624,Parc Güell,41.41451,2.152709,A,548,87
190166,Sagrada Família,41.403423,2.174611,A,548,87
190162,Quartier gothique,41.3827,2.177113,A,548,87
271009,Camp Nou,41.380924,2.122952,A,471,87
246171,Église Sainte-Marie-de-la-Mer,41.38349,2.18178,A,471,87
191040,Abadia de Montserrat,41.591694,1.834824,A,471,87
190624,Parc Güell,41.41451,2.152709,A,471,87
190166,Sagrada Família,41.403423,2.174611,A,471,87
246171,Église Sainte-Marie-de-la-Mer,41.38349,2.18178,A,103,87
190629,Casa Milà,41.395325,2.161925,A,103,87
190624,Parc Güell,41.41451,2.152709,A,103,87
271009,Camp Nou,41.380924,2.122952,A,363,87
246171,Église Sainte-Marie-de-la-Mer,41.38349,2.18178,A,363,87
190624,Parc Güell,41.41451,2.152709,A,363,87
190166,Sagrada Família,41.403423,2.174611,A,363,87
190629,Casa Milà,41.395325,2.161925,A,112,87
190624,Parc Güell,41.41451,2.152709,A,112,87
190824,Palau de la Música Catalana,41.387573,2.175302,A,112,87
246171,Église Sainte-Marie-de-la-Mer,41.38349,2.18178,A,391,87
190629,Casa Milà,41.395325,2.161925,A,391,87
190624,Parc Güell,41.41451,2.152709,A,391,87
670716,Barcelona Bus Turistic,41.386295,2.169909,A,391,87
190166,Sagrada Família,41.403423,2.174611,A,391,87
246171,Église Sainte-Marie-de-la-Mer,41.38349,2.18178,A,392,87
190629,Casa Milà,41.395325,2.161925,A,392,87
190624,Parc Güell,41.41451,2.152709,A,392,87
1059712,Ciudad Condal,41.38874,2.166787,R,392,87
190166,Sagrada Família,41.403423,2.174611,A,392,87
254723,Passeig de Gràcia,41.39493,2.16177,A,393,87
246171,Église Sainte-Marie-de-la-Mer,41.38349,2.18178,A,393,87
190629,Casa Milà,41.395325,2.161925,A,393,87
190624,Parc Güell,41.41451,2.152709,A,393,87
190166,Sagrada Família,41.403423,2.174611,A,393,87
190629,Casa Milà,41.395325,2.161925,A,394,87
190624,Parc Güell,41.41451,2.152709,A,394,87
670716,Barcelona Bus Turistic,41.386295,2.169909,A,394,87
190166,Sagrada Família,41.403423,2.174611,A,394,87
190629,Casa Milà,41.395325,2.161925,A,395,87
190624,Parc Güell,41.41451,2.152709,A,395,87
670716,Barcelona Bus Turistic,41.386295,2.169909,A,395,87
1059712,Ciudad Condal,41.38874,2.166787,R,395,87
190166,Sagrada Família,41.403423,2.174611,A,395,87
190629,Casa Milà,41.395325,2.161925,A,396,87
190624,Parc Güell,41.41451,2.152709,A,396,87
257527,Musée national d’art de Catalogne,41.368454,2.153715,A,396,87
190166,Sagrada Família,41.403423,2.174611,A,396,87
190629,Casa Milà,41.395325,2.161925,A,397,87
190624,Parc Güell,41.41451,2.152709,A,397,87
697396,7 Portes,41.382378,2.183158,R,397,87
190166,Sagrada Família,41.403423,2.174611,A,397,87
254723,Passeig de Gràcia,41.39493,2.16177,A,111,87
246171,Église Sainte-Marie-de-la-Mer,41.38349,2.18178,A,111,87
190629,Casa Milà,41.395325,2.161925,A,111,87
191040,Abadia de Montserrat,41.591694,1.834824,A,111,87
190624,Parc Güell,41.41451,2.152709,A,111,87
271009,Camp Nou,41.380924,2.122952,A,399,87
190629,Casa Milà,41.395325,2.161925,A,399,87
190624,Parc Güell,41.41451,2.152709,A,399,87
190824,Palau de la Música Catalana,41.387573,2.175302,A,399,87
190166,Sagrada Família,41.403423,2.174611,A,399,87
271009,Camp Nou,41.380924,2.122952,A,110,87
246171,Église Sainte-Marie-de-la-Mer,41.38349,2.18178,A,110,87
190629,Casa Milà,41.395325,2.161925,A,110,87
191040,Abadia de Montserrat,41.591694,1.834824,A,110,87
190624,Parc Güell,41.41451,2.152709,A,110,87
190629,Casa Milà,41.395325,2.161925,A,401,87
190624,Parc Güell,41.41451,2.152709,A,401,87
670716,Barcelona Bus Turistic,41.386295,2.169909,A,401,87
190824,Palau de la Música Catalana,41.387573,2.175302,A,401,87
190166,Sagrada Família,41.403423,2.174611,A,401,87
190629,Casa Milà,41.395325,2.161925,A,402,87
190624,Parc Güell,41.41451,2.152709,A,402,87
190824,Palau de la Música Catalana,41.387573,2.175302,A,402,87
1059712,Ciudad Condal,41.38874,2.166787,R,402,87
190166,Sagrada Família,41.403423,2.174611,A,402,87
246171,Église Sainte-Marie-de-la-Mer,41.38349,2.18178,A,109,87
190629,Casa Milà,41.395325,2.161925,A,109,87
191040,Abadia de Montserrat,41.591694,1.834824,A,109,87
190624,Parc Güell,41.41451,2.152709,A,109,87
271009,Camp Nou,41.380924,2.122952,A,108,87
190629,Casa Milà,41.395325,2.161925,A,108,87
191040,Abadia de Montserrat,41.591694,1.834824,A,108,87
190624,Parc Güell,41.41451,2.152709,A,108,87
271009,Camp Nou,41.380924,2.122952,A,405,87
190629,Casa Milà,41.395325,2.161925,A,405,87
190624,Parc Güell,41.41451,2.152709,A,405,87
190166,Sagrada Família,41.403423,2.174611,A,405,87
190629,Casa Milà,41.395325,2.161925,A,107,87
191040,Abadia de Montserrat,41.591694,1.834824,A,107,87
190624,Parc Güell,41.41451,2.152709,A,107,87
271009,Camp Nou,41.380924,2.122952,A,407,87
190629,Casa Milà,41.395325,2.161925,A,407,87
190624,Parc Güell,41.41451,2.152709,A,407,87
670716,Barcelona Bus Turistic,41.386295,2.169909,A,407,87
190166,Sagrada Família,41.403423,2.174611,A,407,87
271009,Camp Nou,41.380924,2.122952,A,408,87
190629,Casa Milà,41.395325,2.161925,A,408,87
190624,Parc Güell,41.41451,2.152709,A,408,87
257527,Musée national d’art de Catalogne,41.368454,2.153715,A,408,87
190166,Sagrada Família,41.403423,2.174611,A,408,87
271009,Camp Nou,41.380924,2.122952,A,409,87
190629,Casa Milà,41.395325,2.161925,A,409,87
190624,Parc Güell,41.41451,2.152709,A,409,87
697396,7 Portes,41.382378,2.183158,R,409,87
190166,Sagrada Família,41.403423,2.174611,A,409,87
271009,Camp Nou,41.380924,2.122952,A,106,87
254723,Passeig de Gràcia,41.39493,2.16177,A,106,87
246171,Église Sainte-Marie-de-la-Mer,41.38349,2.18178,A,106,87
190629,Casa Milà,41.395325,2.161925,A,106,87
190624,Parc Güell,41.41451,2.152709,A,106,87
271009,Camp Nou,41.380924,2.122952,A,411,87
190629,Casa Milà,41.395325,2.161925,A,411,87
190624,Parc Güell,41.41451,2.152709,A,411,87
1059712,Ciudad Condal,41.38874,2.166787,R,411,87
190166,Sagrada Família,41.403423,2.174611,A,411,87
271009,Camp Nou,41.380924,2.122952,A,412,87
254723,Passeig de Gràcia,41.39493,2.16177,A,412,87
190629,Casa Milà,41.395325,2.161925,A,412,87
190624,Parc Güell,41.41451,2.152709,A,412,87
190166,Sagrada Família,41.403423,2.174611,A,412,87
246171,Église Sainte-Marie-de-la-Mer,41.38349,2.18178,A,413,87
190629,Casa Milà,41.395325,2.161925,A,413,87
190624,Parc Güell,41.41451,2.152709,A,413,87
190166,Sagrada Família,41.403423,2.174611,A,413,87
271009,Camp Nou,41.380924,2.122952,A,390,87
246171,Église Sainte-Marie-de-la-Mer,41.38349,2.18178,A,390,87
190629,Casa Milà,41.395325,2.161925,A,390,87
190624,Parc Güell,41.41451,2.152709,A,390,87
190166,Sagrada Família,41.403423,2.174611,A,390,87
271009,Camp Nou,41.380924,2.122952,A,113,87
190629,Casa Milà,41.395325,2.161925,A,113,87
190624,Parc Güell,41.41451,2.152709,A,113,87
190824,Palau de la Música Catalana,41.387573,2.175302,A,113,87
271009,Camp Nou,41.380924,2.122952,A,415,87
246171,Église Sainte-Marie-de-la-Mer,41.38349,2.18178,A,415,87
190629,Casa Milà,41.395325,2.161925,A,415,87
190624,Parc Güell,41.41451,2.152709,A,415,87
190166,Sagrada Família,41.403423,2.174611,A,415,87
271009,Camp Nou,41.380924,2.122952,A,387,87
190629,Casa Milà,41.395325,2.161925,A,387,87
190624,Parc Güell,41.41451,2.152709,A,387,87
670716,Barcelona Bus Turistic,41.386295,2.169909,A,387,87
190166,Sagrada Família,41.403423,2.174611,A,387,87
271009,Camp Nou,41.380924,2.122952,A,364,87
246171,Église Sainte-Marie-de-la-Mer,41.38349,2.18178,A,364,87
190629,Casa Milà,41.395325,2.161925,A,364,87
190624,Parc Güell,41.41451,2.152709,A,364,87
190166,Sagrada Família,41.403423,2.174611,A,364,87
271009,Camp Nou,41.380924,2.122952,A,365,87
246171,Église Sainte-Marie-de-la-Mer,41.38349,2.18178,A,365,87
190624,Parc Güell,41.41451,2.152709,A,365,87
670716,Barcelona Bus Turistic,41.386295,2.169909,A,365,87
190166,Sagrada Família,41.403423,2.174611,A,365,87
271009,Camp Nou,41.380924,2.122952,A,366,87
246171,Église Sainte-Marie-de-la-Mer,41.38349,2.18178,A,366,87
190624,Parc Güell,41.41451,2.152709,A,366,87
190824,Palau de la Música Catalana,41.387573,2.175302,A,366,87
190166,Sagrada Família,41.403423,2.174611,A,366,87
271009,Camp Nou,41.380924,2.122952,A,367,87
246171,Église Sainte-Marie-de-la-Mer,41.38349,2.18178,A,367,87
190624,Parc Güell,41.41451,2.152709,A,367,87
1059712,Ciudad Condal,41.38874,2.166787,R,367,87
190166,Sagrada Família,41.403423,2.174611,A,367,87
254723,Passeig de Gràcia,41.39493,2.16177,A,368,87
246171,Église Sainte-Marie-de-la-Mer,41.38349,2.18178,A,368,87
190624,Parc Güell,41.41451,2.152709,A,368,87
190166,Sagrada Família,41.403423,2.174611,A,368,87
271009,Camp Nou,41.380924,2.122952,A,369,87
254723,Passeig de Gràcia,41.39493,2.16177,A,369,87
246171,Église Sainte-Marie-de-la-Mer,41.38349,2.18178,A,369,87
190624,Parc Güell,41.41451,2.152709,A,369,87
190166,Sagrada Família,41.403423,2.174611,A,369,87
254723,Passeig de Gràcia,41.39493,2.16177,A,370,87
246171,Église Sainte-Marie-de-la-Mer,41.38349,2.18178,A,370,87
190629,Casa Milà,41.395325,2.161925,A,370,87
190624,Parc Güell,41.41451,2.152709,A,370,87
190166,Sagrada Família,41.403423,2.174611,A,370,87
254723,Passeig de Gràcia,41.39493,2.16177,A,371,87
246171,Église Sainte-Marie-de-la-Mer,41.38349,2.18178,A,371,87
190624,Parc Güell,41.41451,2.152709,A,371,87
670716,Barcelona Bus Turistic,41.386295,2.169909,A,371,87
190166,Sagrada Família,41.403423,2.174611,A,371,87
254723,Passeig de Gràcia,41.39493,2.16177,A,372,87
246171,Église Sainte-Marie-de-la-Mer,41.38349,2.18178,A,372,87
190624,Parc Güell,41.41451,2.152709,A,372,87
190824,Palau de la Música Catalana,41.387573,2.175302,A,372,87
190166,Sagrada Família,41.403423,2.174611,A,372,87
254723,Passeig de Gràcia,41.39493,2.16177,A,373,87
246171,Église Sainte-Marie-de-la-Mer,41.38349,2.18178,A,373,87
190624,Parc Güell,41.41451,2.152709,A,373,87
1059712,Ciudad Condal,41.38874,2.166787,R,373,87
190166,Sagrada Família,41.403423,2.174611,A,373,87
271009,Camp Nou,41.380924,2.122952,A,374,87
254723,Passeig de Gràcia,41.39493,2.16177,A,374,87
246171,Église Sainte-Marie-de-la-Mer,41.38349,2.18178,A,374,87
190624,Parc Güell,41.41451,2.152709,A,374,87
190166,Sagrada Família,41.403423,2.174611,A,374,87
271009,Camp Nou,41.380924,2.122952,A,115,87
246171,Église Sainte-Marie-de-la-Mer,41.38349,2.18178,A,115,87
190629,Casa Milà,41.395325,2.161925,A,115,87
190624,Parc Güell,41.41451,2.152709,A,115,87
190824,Palau de la Música Catalana,41.387573,2.175302,A,115,87
190629,Casa Milà,41.395325,2.161925,A,376,87
190624,Parc Güell,41.41451,2.152709,A,376,87
190166,Sagrada Família,41.403423,2.174611,A,376,87
271009,Camp Nou,41.380924,2.122952,A,377,87
190629,Casa Milà,41.395325,2.161925,A,377,87
190624,Parc Güell,41.41451,2.152709,A,377,87
190166,Sagrada Família,41.403423,2.174611,A,377,87
246171,Église Sainte-Marie-de-la-Mer,41.38349,2.18178,A,378,87
190629,Casa Milà,41.395325,2.161925,A,378,87
190624,Parc Güell,41.41451,2.152709,A,378,87
190166,Sagrada Família,41.403423,2.174611,A,378,87
190629,Casa Milà,41.395325,2.161925,A,379,87
190624,Parc Güell,41.41451,2.152709,A,379,87
670716,Barcelona Bus Turistic,41.386295,2.169909,A,379,87
190166,Sagrada Família,41.403423,2.174611,A,379,87
190629,Casa Milà,41.395325,2.161925,A,380,87
190624,Parc Güell,41.41451,2.152709,A,380,87
190824,Palau de la Música Catalana,41.387573,2.175302,A,380,87
190166,Sagrada Família,41.403423,2.174611,A,380,87
190629,Casa Milà,41.395325,2.161925,A,381,87
190624,Parc Güell,41.41451,2.152709,A,381,87
1059712,Ciudad Condal,41.38874,2.166787,R,381,87
190166,Sagrada Família,41.403423,2.174611,A,381,87
271009,Camp Nou,41.380924,2.122952,A,382,87
190629,Casa Milà,41.395325,2.161925,A,382,87
190624,Parc Güell,41.41451,2.152709,A,382,87
190166,Sagrada Família,41.403423,2.174611,A,382,87
246171,Église Sainte-Marie-de-la-Mer,41.38349,2.18178,A,383,87
190629,Casa Milà,41.395325,2.161925,A,383,87
190624,Parc Güell,41.41451,2.152709,A,383,87
190166,Sagrada Família,41.403423,2.174611,A,383,87
190629,Casa Milà,41.395325,2.161925,A,384,87
191040,Abadia de Montserrat,41.591694,1.834824,A,384,87
190624,Parc Güell,41.41451,2.152709,A,384,87
190166,Sagrada Família,41.403423,2.174611,A,384,87
190629,Casa Milà,41.395325,2.161925,A,385,87
190624,Parc Güell,41.41451,2.152709,A,385,87
190824,Palau de la Música Catalana,41.387573,2.175302,A,385,87
190166,Sagrada Família,41.403423,2.174611,A,385,87
246171,Église Sainte-Marie-de-la-Mer,41.38349,2.18178,A,114,87
190629,Casa Milà,41.395325,2.161925,A,114,87
190624,Parc Güell,41.41451,2.152709,A,114,87
190824,Palau de la Música Catalana,41.387573,2.175302,A,114,87
246171,Église Sainte-Marie-de-la-Mer,41.38349,2.18178,A,414,87
190629,Casa Milà,41.395325,2.161925,A,414,87
190624,Parc Güell,41.41451,2.152709,A,414,87
190166,Sagrada Família,41.403423,2.174611,A,414,87
246171,Église Sainte-Marie-de-la-Mer,41.38349,2.18178,A,416,87
190629,Casa Milà,41.395325,2.161925,A,416,87
190624,Parc Güell,41.41451,2.152709,A,416,87
670716,Barcelona Bus Turistic,41.386295,2.169909,A,416,87
190166,Sagrada Família,41.403423,2.174611,A,416,87
191040,Abadia de Montserrat,41.591694,1.834824,A,468,87
190624,Parc Güell,41.41451,2.152709,A,468,87
1059712,Ciudad Condal,41.38874,2.166787,R,468,87
190166,Sagrada Família,41.403423,2.174611,A,468,87
271009,Camp Nou,41.380924,2.122952,A,443,87
246171,Église Sainte-Marie-de-la-Mer,41.38349,2.18178,A,443,87
190629,Casa Milà,41.395325,2.161925,A,443,87
190624,Parc Güell,41.41451,2.152709,A,443,87
190166,Sagrada Família,41.403423,2.174611,A,443,87
271009,Camp Nou,41.380924,2.122952,A,104,87
246171,Église Sainte-Marie-de-la-Mer,41.38349,2.18178,A,104,87
190629,Casa Milà,41.395325,2.161925,A,104,87
190624,Parc Güell,41.41451,2.152709,A,104,87
271009,Camp Nou,41.380924,2.122952,A,446,87
191040,Abadia de Montserrat,41.591694,1.834824,A,446,87
190624,Parc Güell,41.41451,2.152709,A,446,87
190166,Sagrada Família,41.403423,2.174611,A,446,87
271009,Camp Nou,41.380924,2.122952,A,447,87
191040,Abadia de Montserrat,41.591694,1.834824,A,447,87
190624,Parc Güell,41.41451,2.152709,A,447,87
670716,Barcelona Bus Turistic,41.386295,2.169909,A,447,87
190166,Sagrada Família,41.403423,2.174611,A,447,87
271009,Camp Nou,41.380924,2.122952,A,448,87
191040,Abadia de Montserrat,41.591694,1.834824,A,448,87
190624,Parc Güell,41.41451,2.152709,A,448,87
1059712,Ciudad Condal,41.38874,2.166787,R,448,87
190166,Sagrada Família,41.403423,2.174611,A,448,87
246171,Église Sainte-Marie-de-la-Mer,41.38349,2.18178,A,449,87
191040,Abadia de Montserrat,41.591694,1.834824,A,449,87
190624,Parc Güell,41.41451,2.152709,A,449,87
190166,Sagrada Família,41.403423,2.174611,A,449,87
271009,Camp Nou,41.380924,2.122952,A,450,87
246171,Église Sainte-Marie-de-la-Mer,41.38349,2.18178,A,450,87
191040,Abadia de Montserrat,41.591694,1.834824,A,450,87
190624,Parc Güell,41.41451,2.152709,A,450,87
190166,Sagrada Família,41.403423,2.174611,A,450,87
246171,Église Sainte-Marie-de-la-Mer,41.38349,2.18178,A,451,87
191040,Abadia de Montserrat,41.591694,1.834824,A,451,87
190624,Parc Güell,41.41451,2.152709,A,451,87
670716,Barcelona Bus Turistic,41.386295,2.169909,A,451,87
190166,Sagrada Família,41.403423,2.174611,A,451,87
246171,Église Sainte-Marie-de-la-Mer,41.38349,2.18178,A,452,87
191040,Abadia de Montserrat,41.591694,1.834824,A,452,87
190624,Parc Güell,41.41451,2.152709,A,452,87
1059712,Ciudad Condal,41.38874,2.166787,R,452,87
190166,Sagrada Família,41.403423,2.174611,A,452,87
254723,Passeig de Gràcia,41.39493,2.16177,A,453,87
246171,Église Sainte-Marie-de-la-Mer,41.38349,2.18178,A,453,87
191040,Abadia de Montserrat,41.591694,1.834824,A,453,87
190624,Parc Güell,41.41451,2.152709,A,453,87
190166,Sagrada Família,41.403423,2.174611,A,453,87
190629,Casa Milà,41.395325,2.161925,A,454,87
191040,Abadia de Montserrat,41.591694,1.834824,A,454,87
190624,Parc Güell,41.41451,2.152709,A,454,87
190166,Sagrada Família,41.403423,2.174611,A,454,87
271009,Camp Nou,41.380924,2.122952,A,455,87
190629,Casa Milà,41.395325,2.161925,A,455,87
191040,Abadia de Montserrat,41.591694,1.834824,A,455,87
190624,Parc Güell,41.41451,2.152709,A,455,87
190166,Sagrada Família,41.403423,2.174611,A,455,87
246171,Église Sainte-Marie-de-la-Mer,41.38349,2.18178,A,456,87
190629,Casa Milà,41.395325,2.161925,A,456,87
191040,Abadia de Montserrat,41.591694,1.834824,A,456,87
190624,Parc Güell,41.41451,2.152709,A,456,87
190166,Sagrada Família,41.403423,2.174611,A,456,87
190629,Casa Milà,41.395325,2.161925,A,457,87
191040,Abadia de Montserrat,41.591694,1.834824,A,457,87
190624,Parc Güell,41.41451,2.152709,A,457,87
670716,Barcelona Bus Turistic,41.386295,2.169909,A,457,87
190166,Sagrada Família,41.403423,2.174611,A,457,87
190629,Casa Milà,41.395325,2.161925,A,458,87
191040,Abadia de Montserrat,41.591694,1.834824,A,458,87
190624,Parc Güell,41.41451,2.152709,A,458,87
190824,Palau de la Música Catalana,41.387573,2.175302,A,458,87
190166,Sagrada Família,41.403423,2.174611,A,458,87
190629,Casa Milà,41.395325,2.161925,A,459,87
191040,Abadia de Montserrat,41.591694,1.834824,A,459,87
190624,Parc Güell,41.41451,2.152709,A,459,87
1059712,Ciudad Condal,41.38874,2.166787,R,459,87
190166,Sagrada Família,41.403423,2.174611,A,459,87
191040,Abadia de Montserrat,41.591694,1.834824,A,460,87
190624,Parc Güell,41.41451,2.152709,A,460,87
670716,Barcelona Bus Turistic,41.386295,2.169909,A,460,87
190166,Sagrada Família,41.403423,2.174611,A,460,87
191040,Abadia de Montserrat,41.591694,1.834824,A,461,87
190624,Parc Güell,41.41451,2.152709,A,461,87
670716,Barcelona Bus Turistic,41.386295,2.169909,A,461,87
1059712,Ciudad Condal,41.38874,2.166787,R,461,87
190166,Sagrada Família,41.403423,2.174611,A,461,87
191040,Abadia de Montserrat,41.591694,1.834824,A,462,87
190624,Parc Güell,41.41451,2.152709,A,462,87
257527,Musée national d’art de Catalogne,41.368454,2.153715,A,462,87
190166,Sagrada Família,41.403423,2.174611,A,462,87
191040,Abadia de Montserrat,41.591694,1.834824,A,463,87
190624,Parc Güell,41.41451,2.152709,A,463,87
190824,Palau de la Música Catalana,41.387573,2.175302,A,463,87
190166,Sagrada Família,41.403423,2.174611,A,463,87
271009,Camp Nou,41.380924,2.122952,A,464,87
191040,Abadia de Montserrat,41.591694,1.834824,A,464,87
190624,Parc Güell,41.41451,2.152709,A,464,87
190824,Palau de la Música Catalana,41.387573,2.175302,A,464,87
190166,Sagrada Família,41.403423,2.174611,A,464,87
246171,Église Sainte-Marie-de-la-Mer,41.38349,2.18178,A,465,87
191040,Abadia de Montserrat,41.591694,1.834824,A,465,87
190624,Parc Güell,41.41451,2.152709,A,465,87
190824,Palau de la Música Catalana,41.387573,2.175302,A,465,87
190166,Sagrada Família,41.403423,2.174611,A,465,87
191040,Abadia de Montserrat,41.591694,1.834824,A,466,87
190624,Parc Güell,41.41451,2.152709,A,466,87
670716,Barcelona Bus Turistic,41.386295,2.169909,A,466,87
190824,Palau de la Música Catalana,41.387573,2.175302,A,466,87
190166,Sagrada Família,41.403423,2.174611,A,466,87
191040,Abadia de Montserrat,41.591694,1.834824,A,467,87
190624,Parc Güell,41.41451,2.152709,A,467,87
190824,Palau de la Música Catalana,41.387573,2.175302,A,467,87
1059712,Ciudad Condal,41.38874,2.166787,R,467,87
190166,Sagrada Família,41.403423,2.174611,A,467,87
246171,Église Sainte-Marie-de-la-Mer,41.38349,2.18178,A,444,87
190629,Casa Milà,41.395325,2.161925,A,444,87
190624,Parc Güell,41.41451,2.152709,A,444,87
1059712,Ciudad Condal,41.38874,2.166787,R,444,87
190166,Sagrada Família,41.403423,2.174611,A,444,87
246171,Église Sainte-Marie-de-la-Mer,41.38349,2.18178,A,442,87
190629,Casa Milà,41.395325,2.161925,A,442,87
190624,Parc Güell,41.41451,2.152709,A,442,87
190166,Sagrada Família,41.403423,2.174611,A,442,87
246171,Église Sainte-Marie-de-la-Mer,41.38349,2.18178,A,417,87
190629,Casa Milà,41.395325,2.161925,A,417,87
190624,Parc Güell,41.41451,2.152709,A,417,87
190824,Palau de la Música Catalana,41.387573,2.175302,A,417,87
190166,Sagrada Família,41.403423,2.174611,A,417,87
271009,Camp Nou,41.380924,2.122952,A,441,87
254723,Passeig de Gràcia,41.39493,2.16177,A,441,87
190629,Casa Milà,41.395325,2.161925,A,441,87
190624,Parc Güell,41.41451,2.152709,A,441,87
190166,Sagrada Família,41.403423,2.174611,A,441,87
246171,Église Sainte-Marie-de-la-Mer,41.38349,2.18178,A,418,87
190629,Casa Milà,41.395325,2.161925,A,418,87
190624,Parc Güell,41.41451,2.152709,A,418,87
1059712,Ciudad Condal,41.38874,2.166787,R,418,87
190166,Sagrada Família,41.403423,2.174611,A,418,87
271009,Camp Nou,41.380924,2.122952,A,419,87
246171,Église Sainte-Marie-de-la-Mer,41.38349,2.18178,A,419,87
190629,Casa Milà,41.395325,2.161925,A,419,87
190624,Parc Güell,41.41451,2.152709,A,419,87
190166,Sagrada Família,41.403423,2.174611,A,419,87
254723,Passeig de Gràcia,41.39493,2.16177,A,420,87
246171,Église Sainte-Marie-de-la-Mer,41.38349,2.18178,A,420,87
190629,Casa Milà,41.395325,2.161925,A,420,87
190624,Parc Güell,41.41451,2.152709,A,420,87
190166,Sagrada Família,41.403423,2.174611,A,420,87
190629,Casa Milà,41.395325,2.161925,A,421,87
191040,Abadia de Montserrat,41.591694,1.834824,A,421,87
190624,Parc Güell,41.41451,2.152709,A,421,87
190166,Sagrada Família,41.403423,2.174611,A,421,87
271009,Camp Nou,41.380924,2.122952,A,422,87
190629,Casa Milà,41.395325,2.161925,A,422,87
191040,Abadia de Montserrat,41.591694,1.834824,A,422,87
190624,Parc Güell,41.41451,2.152709,A,422,87
190166,Sagrada Família,41.403423,2.174611,A,422,87
246171,Église Sainte-Marie-de-la-Mer,41.38349,2.18178,A,423,87
190629,Casa Milà,41.395325,2.161925,A,423,87
191040,Abadia de Montserrat,41.591694,1.834824,A,423,87
190624,Parc Güell,41.41451,2.152709,A,423,87
190166,Sagrada Família,41.403423,2.174611,A,423,87
190629,Casa Milà,41.395325,2.161925,A,424,87
191040,Abadia de Montserrat,41.591694,1.834824,A,424,87
190624,Parc Güell,41.41451,2.152709,A,424,87
670716,Barcelona Bus Turistic,41.386295,2.169909,A,424,87
190166,Sagrada Família,41.403423,2.174611,A,424,87
190629,Casa Milà,41.395325,2.161925,A,425,87
191040,Abadia de Montserrat,41.591694,1.834824,A,425,87
190624,Parc Güell,41.41451,2.152709,A,425,87
190824,Palau de la Música Catalana,41.387573,2.175302,A,425,87
190166,Sagrada Família,41.403423,2.174611,A,425,87
190629,Casa Milà,41.395325,2.161925,A,426,87
191040,Abadia de Montserrat,41.591694,1.834824,A,426,87
190624,Parc Güell,41.41451,2.152709,A,426,87
1059712,Ciudad Condal,41.38874,2.166787,R,426,87
190166,Sagrada Família,41.403423,2.174611,A,426,87
271009,Camp Nou,41.380924,2.122952,A,427,87
190629,Casa Milà,41.395325,2.161925,A,427,87
191040,Abadia de Montserrat,41.591694,1.834824,A,427,87
190624,Parc Güell,41.41451,2.152709,A,427,87
190166,Sagrada Família,41.403423,2.174611,A,427,87
246171,Église Sainte-Marie-de-la-Mer,41.38349,2.18178,A,428,87
190629,Casa Milà,41.395325,2.161925,A,428,87
191040,Abadia de Montserrat,41.591694,1.834824,A,428,87
190624,Parc Güell,41.41451,2.152709,A,428,87
190166,Sagrada Família,41.403423,2.174611,A,428,87
190629,Casa Milà,41.395325,2.161925,A,429,87
190624,Parc Güell,41.41451,2.152709,A,429,87
190824,Palau de la Música Catalana,41.387573,2.175302,A,429,87
190166,Sagrada Família,41.403423,2.174611,A,429,87
190629,Casa Milà,41.395325,2.161925,A,430,87
190624,Parc Güell,41.41451,2.152709,A,430,87
190824,Palau de la Música Catalana,41.387573,2.175302,A,430,87
190166,Sagrada Família,41.403423,2.174611,A,430,87
271009,Camp Nou,41.380924,2.122952,A,431,87
190629,Casa Milà,41.395325,2.161925,A,431,87
190624,Parc Güell,41.41451,2.152709,A,431,87
190824,Palau de la Música Catalana,41.387573,2.175302,A,431,87
190166,Sagrada Família,41.403423,2.174611,A,431,87
246171,Église Sainte-Marie-de-la-Mer,41.38349,2.18178,A,432,87
190629,Casa Milà,41.395325,2.161925,A,432,87
190624,Parc Güell,41.41451,2.152709,A,432,87
190824,Palau de la Música Catalana,41.387573,2.175302,A,432,87
190166,Sagrada Família,41.403423,2.174611,A,432,87
190629,Casa Milà,41.395325,2.161925,A,433,87
190624,Parc Güell,41.41451,2.152709,A,433,87
670716,Barcelona Bus Turistic,41.386295,2.169909,A,433,87
190824,Palau de la Música Catalana,41.387573,2.175302,A,433,87
190166,Sagrada Família,41.403423,2.174611,A,433,87
190629,Casa Milà,41.395325,2.161925,A,434,87
190624,Parc Güell,41.41451,2.152709,A,434,87
190824,Palau de la Música Catalana,41.387573,2.175302,A,434,87
1059712,Ciudad Condal,41.38874,2.166787,R,434,87
190166,Sagrada Família,41.403423,2.174611,A,434,87
271009,Camp Nou,41.380924,2.122952,A,435,87
190629,Casa Milà,41.395325,2.161925,A,435,87
190624,Parc Güell,41.41451,2.152709,A,435,87
190824,Palau de la Música Catalana,41.387573,2.175302,A,435,87
190166,Sagrada Família,41.403423,2.174611,A,435,87
246171,Église Sainte-Marie-de-la-Mer,41.38349,2.18178,A,436,87
190629,Casa Milà,41.395325,2.161925,A,436,87
190624,Parc Güell,41.41451,2.152709,A,436,87
190824,Palau de la Música Catalana,41.387573,2.175302,A,436,87
190166,Sagrada Família,41.403423,2.174611,A,436,87
190629,Casa Milà,41.395325,2.161925,A,437,87
191040,Abadia de Montserrat,41.591694,1.834824,A,437,87
190624,Parc Güell,41.41451,2.152709,A,437,87
190824,Palau de la Música Catalana,41.387573,2.175302,A,437,87
190166,Sagrada Família,41.403423,2.174611,A,437,87
254723,Passeig de Gràcia,41.39493,2.16177,A,105,87
246171,Église Sainte-Marie-de-la-Mer,41.38349,2.18178,A,105,87
190629,Casa Milà,41.395325,2.161925,A,105,87
190624,Parc Güell,41.41451,2.152709,A,105,87
271009,Camp Nou,41.380924,2.122952,A,439,87
254723,Passeig de Gràcia,41.39493,2.16177,A,439,87
190629,Casa Milà,41.395325,2.161925,A,439,87
190624,Parc Güell,41.41451,2.152709,A,439,87
190166,Sagrada Família,41.403423,2.174611,A,439,87
254723,Passeig de Gràcia,41.39493,2.16177,A,440,87
190629,Casa Milà,41.395325,2.161925,A,440,87
190624,Parc Güell,41.41451,2.152709,A,440,87
1059712,Ciudad Condal,41.38874,2.166787,R,440,87
190166,Sagrada Família,41.403423,2.174611,A,440,87
271009,Camp Nou,41.380924,2.122952,A,0,87
254723,Passeig de Gràcia,41.39493,2.16177,A,0,87
