id,year,month,rating,NB,NB_acc,add_rating,norm_rating,aux,norm_nb
229649,2013,1,3.75,4,4.0,15.0,3.75,47,8.51063829787234
229649,2013,3,3.6666666666666665,3,7.0,26.0,3.7142857142857144,57,5.263157894736842
229649,2013,4,5.0,1,8.0,31.0,3.875,50,2.0
229649,2013,5,4.0,1,9.0,35.0,3.888888888888889,51,1.9607843137254901
229649,2013,6,3.0,1,10.0,38.0,3.8,63,1.5873015873015872
229649,2013,7,4.0,4,14.0,54.0,3.857142857142857,94,4.25531914893617
229649,2013,9,4.5,2,16.0,63.0,3.9375,64,3.125
229649,2013,10,4.0,2,18.0,71.0,3.9444444444444446,56,3.571428571428571
229649,2013,11,3.0,1,19.0,74.0,3.8947368421052633,52,1.9230769230769231
229649,2014,1,3.0,2,21.0,80.0,3.8095238095238093,72,2.7777777777777777
229649,2014,2,3.75,4,25.0,95.0,3.8,48,8.333333333333332
229649,2014,3,2.0,1,26.0,97.0,3.730769230769231,61,1.639344262295082
229649,2014,4,3.8,5,31.0,116.0,3.7419354838709675,73,6.8493150684931505
229649,2014,5,3.6666666666666665,3,34.0,127.0,3.735294117647059,89,3.3707865168539324
229649,2014,6,3.6666666666666665,6,40.0,149.0,3.725,85,7.0588235294117645
229649,2014,7,3.5,4,44.0,163.0,3.7045454545454546,98,4.081632653061225
229649,2014,8,3.333333333333333,6,50.0,183.0,3.66,134,4.477611940298507
229649,2014,9,3.333333333333333,6,56.0,203.0,3.625,132,4.545454545454546
229649,2014,10,3.25,4,60.0,216.0,3.6,118,3.389830508474576
229649,2014,11,4.2727272727272725,11,71.0,263.0,3.704225352112676,122,9.01639344262295
229649,2014,12,4.333333333333333,9,80.0,302.0,3.775,102,8.823529411764707
229649,2015,1,3.8,10,90.0,340.0,3.7777777777777777,128,7.8125
229649,2015,2,4.333333333333333,3,93.0,353.0,3.795698924731183,134,2.2388059701492535
229649,2015,3,3.909090909090909,11,104.0,396.0,3.8076923076923075,160,6.875000000000001
229649,2015,4,4.083333333333333,12,116.0,445.0,3.836206896551724,111,10.81081081081081
229649,2015,5,4.333333333333333,18,134.0,523.0,3.9029850746268657,169,10.650887573964498
229649,2015,6,3.727272727272727,11,145.0,564.0,3.889655172413793,159,6.918238993710692
229649,2015,7,3.652173913043478,23,168.0,648.0,3.857142857142857,275,8.363636363636363
229649,2015,8,3.6666666666666665,12,180.0,692.0,3.8444444444444446,283,4.240282685512367
229649,2015,9,4.0,14,194.0,748.0,3.8556701030927836,238,5.88235294117647
229649,2015,10,4.0,7,201.0,776.0,3.8606965174129355,222,3.153153153153153
229649,2015,11,3.857142857142857,7,208.0,803.0,3.860576923076923,149,4.697986577181208
229649,2015,12,3.8181818181818175,11,219.0,845.0,3.858447488584475,184,5.978260869565218
229649,2016,1,4.2727272727272725,22,241.0,939.0,3.896265560165975,279,7.885304659498208
229649,2016,2,4.142857142857143,21,262.0,1026.0,3.9160305343511452,285,7.368421052631578
229649,2016,3,4.545454545454546,11,273.0,1076.0,3.9413919413919416,348,3.1609195402298855
229649,2016,4,4.0,9,282.0,1112.0,3.9432624113475176,289,3.1141868512110724
229649,2016,5,3.0,5,287.0,1127.0,3.926829268292683,255,1.9607843137254901
229649,2016,6,3.75,4,291.0,1142.0,3.924398625429553,323,1.238390092879257
229649,2016,7,4.090909090909091,11,302.0,1187.0,3.9304635761589406,531,2.0715630885122414
229649,2016,8,3.7,10,312.0,1224.0,3.923076923076923,518,1.9305019305019304
229649,2016,9,4.4,5,317.0,1246.0,3.9305993690851735,365,1.36986301369863
229649,2016,10,3.882352941176471,17,334.0,1312.0,3.92814371257485,371,4.5822102425876015
229649,2016,11,3.75,12,346.0,1357.0,3.921965317919075,271,4.428044280442804
229649,2016,12,4.0,8,354.0,1389.0,3.9237288135593222,260,3.076923076923077
229649,2017,1,4.1,20,374.0,1471.0,3.9331550802139037,277,7.2202166064981945
229649,2017,2,4.066666666666666,15,389.0,1532.0,3.9383033419023135,294,5.1020408163265305
229649,2017,3,3.782608695652174,23,412.0,1619.0,3.929611650485437,297,7.744107744107744
229649,2017,4,3.6666666666666665,12,424.0,1663.0,3.922169811320755,312,3.8461538461538463
229649,2017,5,3.888888888888889,18,442.0,1733.0,3.920814479638009,327,5.5045871559633035
229649,2017,6,4.2,10,452.0,1775.0,3.9269911504424777,248,4.032258064516129
229649,2017,7,4.0,24,476.0,1871.0,3.930672268907563,600,4.0
229649,2017,8,3.6666666666666665,24,500.0,1959.0,3.918,456,5.263157894736842
229649,2017,9,3.608695652173913,23,523.0,2042.0,3.904397705544933,304,7.565789473684211
229649,2017,10,3.9444444444444446,18,541.0,2113.0,3.9057301293900184,296,6.081081081081082
229649,2017,11,3.9375,32,573.0,2239.0,3.9075043630017454,321,9.968847352024921
229649,2017,12,3.333333333333333,9,582.0,2269.0,3.8986254295532645,261,3.4482758620689653
229649,2018,1,3.5454545454545454,11,593.0,2308.0,3.8920741989881957,269,4.089219330855019
229649,2018,2,4.1,10,603.0,2349.0,3.8955223880597014,231,4.329004329004329
229649,2018,3,3.6666666666666665,9,612.0,2382.0,3.892156862745098,349,2.5787965616045847
229649,2018,4,4.2727272727272725,11,623.0,2429.0,3.898876404494382,246,4.471544715447155
229649,2018,5,4.0,13,636.0,2481.0,3.900943396226415,257,5.058365758754864
229649,2018,6,3.888888888888889,9,645.0,2516.0,3.9007751937984496,333,2.7027027027027026
229649,2018,7,3.4,15,660.0,2567.0,3.889393939393939,477,3.1446540880503147
229649,2018,8,3.272727272727273,11,671.0,2603.0,3.8792846497764533,506,2.1739130434782608
229649,2018,9,3.8181818181818175,11,682.0,2645.0,3.878299120234604,326,3.374233128834356
229649,2018,10,3.636363636363636,11,693.0,2685.0,3.8744588744588744,294,3.741496598639456
229649,2018,11,3.4,10,703.0,2719.0,3.867709815078236,247,4.048582995951417
229649,2018,12,3.692307692307693,13,716.0,2767.0,3.8645251396648046,261,4.980842911877394
229649,2019,1,4.2727272727272725,11,727.0,2814.0,3.8707015130674,308,3.571428571428571
229649,2019,2,3.8333333333333335,12,739.0,2860.0,3.8700947225981057,232,5.172413793103448
229649,2019,3,4.166666666666667,12,751.0,2910.0,3.874833555259654,265,4.528301886792453
229649,2019,4,4.090909090909091,22,773.0,3000.0,3.8809831824062098,233,9.44206008583691
229649,2019,5,4.333333333333333,9,782.0,3039.0,3.8861892583120206,235,3.829787234042553
229649,2019,6,4.333333333333333,9,791.0,3078.0,3.891276864728192,271,3.3210332103321036
229649,2019,7,4.384615384615385,13,804.0,3135.0,3.8992537313432836,451,2.882483370288248
229649,2019,8,4.285714285714286,14,818.0,3195.0,3.9058679706601467,337,4.154302670623145
229649,2019,9,4.5,8,826.0,3231.0,3.9116222760290555,261,3.065134099616858
229649,2019,10,4.230769230769231,13,839.0,3286.0,3.9165673420738973,298,4.3624161073825505
229649,2019,11,4.285714285714286,21,860.0,3376.0,3.925581395348837,288,7.291666666666667
229649,2019,12,3.857142857142857,14,874.0,3430.0,3.9244851258581237,197,7.1065989847715745
229649,2020,1,4.2,10,884.0,3472.0,3.927601809954751,205,4.878048780487805
229649,2020,2,4.0,14,898.0,3528.0,3.928730512249443,235,5.957446808510639
229649,2020,3,4.461538461538462,13,911.0,3586.0,3.936333699231614,173,7.514450867052023
229649,2020,4,4.5,2,913.0,3595.0,3.937568455640745,35,5.714285714285714
229649,2020,5,5.0,1,914.0,3600.0,3.938730853391685,11,9.090909090909092
229649,2020,6,3.8333333333333335,6,920.0,3623.0,3.9380434782608695,107,5.607476635514018
229649,2020,7,3.357142857142857,14,934.0,3670.0,3.9293361884368307,391,3.580562659846547
229649,2020,8,4.0,9,943.0,3706.0,3.9300106044538707,226,3.982300884955752
229649,2020,9,4.555555555555555,9,952.0,3747.0,3.935924369747899,160,5.625
229649,2020,10,4.142857142857143,7,959.0,3776.0,3.937434827945777,145,4.827586206896552
229649,2020,11,4.4,10,969.0,3820.0,3.9422084623323013,120,8.333333333333332
229649,2020,12,3.2,5,974.0,3836.0,3.9383983572895276,81,6.172839506172839
231010,2018,3,2.0,2,2.0,4.0,2.0,349,0.5730659025787965
231010,2018,4,4.2,5,7.0,25.0,3.5714285714285716,246,2.0325203252032518
231010,2018,5,4.333333333333333,3,10.0,38.0,3.8,257,1.1673151750972763
231010,2018,6,4.142857142857143,7,17.0,67.0,3.9411764705882355,333,2.1021021021021022
231010,2018,7,3.4285714285714284,7,24.0,91.0,3.7916666666666665,477,1.4675052410901468
231010,2018,8,3.909090909090909,11,35.0,134.0,3.8285714285714287,506,2.1739130434782608
231010,2018,9,2.5,2,37.0,139.0,3.7567567567567566,326,0.6134969325153374
231010,2018,10,3.5454545454545454,11,48.0,178.0,3.7083333333333335,294,3.741496598639456
231010,2018,11,4.125,8,56.0,211.0,3.767857142857143,247,3.2388663967611335
231010,2018,12,3.4,5,61.0,228.0,3.737704918032787,261,1.9157088122605364
231010,2019,1,4.5,4,65.0,246.0,3.7846153846153845,308,1.2987012987012987
231010,2019,2,5.0,2,67.0,256.0,3.8208955223880596,232,0.8620689655172413
231010,2019,3,4.0,2,69.0,264.0,3.8260869565217392,265,0.7547169811320755
231010,2019,4,4.0,3,72.0,276.0,3.8333333333333335,233,1.2875536480686696
231010,2019,5,4.333333333333333,3,75.0,289.0,3.8533333333333335,235,1.276595744680851
231010,2019,6,4.0,3,78.0,301.0,3.858974358974359,271,1.107011070110701
231010,2019,7,3.8,10,88.0,339.0,3.852272727272727,451,2.2172949002217295
231010,2019,8,4.0,10,98.0,379.0,3.86734693877551,337,2.967359050445104
231010,2019,9,3.625,8,106.0,408.0,3.849056603773585,261,3.065134099616858
231010,2019,10,4.333333333333333,3,109.0,421.0,3.8623853211009176,298,1.006711409395973
231010,2019,11,4.1,10,119.0,462.0,3.8823529411764706,288,3.4722222222222223
231010,2019,12,4.0,1,120.0,466.0,3.8833333333333333,197,0.5076142131979695
231010,2020,1,4.333333333333333,6,126.0,492.0,3.9047619047619047,205,2.9268292682926833
231010,2020,2,4.0,5,131.0,512.0,3.9083969465648853,235,2.127659574468085
231010,2020,3,4.0,2,133.0,520.0,3.9097744360902253,173,1.1560693641618496
231010,2020,7,3.6,5,138.0,538.0,3.898550724637681,391,1.278772378516624
231010,2020,8,3.888888888888889,9,147.0,573.0,3.8979591836734695,226,3.982300884955752
231010,2020,9,4.25,4,151.0,590.0,3.9072847682119205,160,2.5
231010,2020,10,3.6666666666666665,6,157.0,612.0,3.8980891719745223,145,4.137931034482759
231010,2020,11,4.375,8,165.0,647.0,3.9212121212121214,120,6.666666666666667
232153,2013,1,4.333333333333333,3,3.0,13.0,4.333333333333333,47,6.382978723404255
232153,2013,2,4.2,5,8.0,34.0,4.25,54,9.25925925925926
232153,2013,3,4.333333333333333,3,11.0,47.0,4.2727272727272725,57,5.263157894736842
232153,2013,4,4.0,1,12.0,51.0,4.25,50,2.0
232153,2013,5,3.333333333333333,3,15.0,61.0,4.066666666666666,51,5.88235294117647
232153,2013,6,4.0,7,22.0,89.0,4.045454545454546,63,11.11111111111111
232153,2013,7,4.0,4,26.0,105.0,4.038461538461538,94,4.25531914893617
232153,2013,8,3.8333333333333335,6,32.0,128.0,4.0,87,6.896551724137931
232153,2013,9,4.833333333333333,6,38.0,157.0,4.131578947368421,64,9.375
232153,2013,10,4.5,2,40.0,166.0,4.15,56,3.571428571428571
232153,2013,11,4.428571428571429,7,47.0,197.0,4.191489361702128,52,13.461538461538462
232153,2013,12,4.0,2,49.0,205.0,4.183673469387755,44,4.545454545454546
232153,2014,1,4.333333333333333,3,52.0,218.0,4.1923076923076925,72,4.166666666666666
232153,2014,2,4.25,4,56.0,235.0,4.196428571428571,48,8.333333333333332
232153,2014,3,4.5,2,58.0,244.0,4.206896551724138,61,3.278688524590164
232153,2014,5,4.142857142857143,7,65.0,273.0,4.2,89,7.865168539325842
232153,2014,6,4.0,1,66.0,277.0,4.196969696969697,85,1.1764705882352942
232153,2014,7,4.230769230769231,13,79.0,332.0,4.2025316455696204,98,13.26530612244898
232153,2014,8,3.8,5,84.0,351.0,4.178571428571429,134,3.731343283582089
232153,2014,9,3.8333333333333335,6,90.0,374.0,4.155555555555556,132,4.545454545454546
232153,2014,10,3.8,5,95.0,393.0,4.136842105263158,118,4.23728813559322
232153,2014,11,4.25,8,103.0,427.0,4.145631067961165,122,6.557377049180328
232153,2014,12,5.0,2,105.0,437.0,4.161904761904762,102,1.9607843137254901
232153,2015,1,4.0,16,121.0,501.0,4.140495867768595,128,12.5
232153,2015,2,4.235294117647059,17,138.0,573.0,4.1521739130434785,134,12.686567164179104
232153,2015,3,3.8333333333333335,12,150.0,619.0,4.126666666666667,160,7.5
232153,2015,4,4.818181818181818,11,161.0,672.0,4.173913043478261,111,9.90990990990991
232153,2015,5,4.2727272727272725,11,172.0,719.0,4.180232558139535,169,6.508875739644971
232153,2015,6,4.0,14,186.0,775.0,4.166666666666667,159,8.80503144654088
232153,2015,7,4.166666666666667,18,204.0,850.0,4.166666666666667,275,6.545454545454546
232153,2015,8,4.230769230769231,13,217.0,905.0,4.170506912442396,283,4.593639575971731
232153,2015,9,4.375,8,225.0,940.0,4.177777777777778,238,3.361344537815126
232153,2015,10,4.0,15,240.0,1000.0,4.166666666666667,222,6.756756756756757
232153,2015,11,4.5,2,242.0,1009.0,4.169421487603306,149,1.342281879194631
232153,2015,12,3.625,8,250.0,1038.0,4.152,184,4.3478260869565215
232153,2016,1,4.428571428571429,7,257.0,1069.0,4.159533073929961,279,2.5089605734767026
232153,2016,2,4.2727272727272725,11,268.0,1116.0,4.164179104477612,285,3.8596491228070176
232153,2016,3,3.923076923076923,13,281.0,1167.0,4.153024911032029,348,3.7356321839080464
232153,2016,4,4.076923076923077,13,294.0,1220.0,4.149659863945578,289,4.498269896193772
232153,2016,5,4.052631578947368,19,313.0,1297.0,4.143769968051118,255,7.450980392156863
232153,2016,6,4.15,20,333.0,1380.0,4.1441441441441444,323,6.191950464396285
232153,2016,7,3.7058823529411766,17,350.0,1443.0,4.122857142857143,531,3.2015065913371
232153,2016,8,4.458333333333333,24,374.0,1550.0,4.144385026737968,518,4.633204633204633
232153,2016,9,4.0,8,382.0,1582.0,4.141361256544503,365,2.191780821917808
232153,2016,10,4.285714285714286,14,396.0,1642.0,4.146464646464646,371,3.7735849056603774
232153,2016,11,4.083333333333333,12,408.0,1691.0,4.144607843137255,271,4.428044280442804
232153,2016,12,4.4,10,418.0,1735.0,4.150717703349282,260,3.8461538461538463
232153,2017,1,4.333333333333333,12,430.0,1787.0,4.155813953488372,277,4.332129963898916
232153,2017,2,4.125,8,438.0,1820.0,4.155251141552512,294,2.7210884353741496
232153,2017,3,4.2631578947368425,19,457.0,1901.0,4.1597374179431075,297,6.397306397306397
232153,2017,4,4.3,10,467.0,1944.0,4.162740899357602,312,3.205128205128205
232153,2017,5,3.823529411764706,17,484.0,2009.0,4.150826446280992,327,5.198776758409786
232153,2017,6,4.352941176470588,17,501.0,2083.0,4.157684630738523,248,6.854838709677419
232153,2017,7,4.105263157894737,19,520.0,2161.0,4.155769230769231,600,3.166666666666667
232153,2017,8,3.6666666666666665,15,535.0,2216.0,4.142056074766355,456,3.289473684210526
232153,2017,9,3.4285714285714284,7,542.0,2240.0,4.132841328413284,304,2.302631578947368
232153,2017,10,4.214285714285714,14,556.0,2299.0,4.134892086330935,296,4.72972972972973
232153,2017,11,4.0,24,580.0,2395.0,4.129310344827586,321,7.476635514018691
232153,2017,12,3.888888888888889,9,589.0,2430.0,4.125636672325976,261,3.4482758620689653
232153,2018,1,4.166666666666667,18,607.0,2505.0,4.126853377265239,269,6.691449814126393
232153,2018,2,4.166666666666667,6,613.0,2530.0,4.127243066884176,231,2.5974025974025974
232153,2018,3,3.727272727272727,11,624.0,2571.0,4.1201923076923075,349,3.151862464183381
232153,2018,4,3.6,5,629.0,2589.0,4.116057233704293,246,2.0325203252032518
232153,2018,5,4.25,8,637.0,2623.0,4.117739403453689,257,3.11284046692607
232153,2018,6,4.076923076923077,13,650.0,2676.0,4.116923076923077,333,3.903903903903904
232153,2018,7,4.0,7,657.0,2704.0,4.115677321156773,477,1.4675052410901468
232153,2018,8,4.0,12,669.0,2752.0,4.113602391629297,506,2.371541501976284
232153,2018,9,4.2727272727272725,11,680.0,2799.0,4.116176470588235,326,3.374233128834356
232153,2018,10,4.071428571428571,14,694.0,2856.0,4.115273775216139,294,4.761904761904762
232153,2018,11,3.25,4,698.0,2869.0,4.110315186246418,247,1.6194331983805668
232153,2018,12,4.0,6,704.0,2893.0,4.109375,261,2.2988505747126435
232153,2019,1,4.0,5,709.0,2913.0,4.108603667136812,308,1.6233766233766231
232153,2019,2,3.6666666666666665,3,712.0,2924.0,4.106741573033708,232,1.293103448275862
232153,2019,3,3.8333333333333335,6,718.0,2947.0,4.104456824512535,265,2.2641509433962264
232153,2019,4,4.666666666666667,3,721.0,2961.0,4.106796116504855,233,1.2875536480686696
232153,2019,5,4.333333333333333,3,724.0,2974.0,4.107734806629834,235,1.276595744680851
232153,2019,6,3.5,2,726.0,2981.0,4.106060606060606,271,0.7380073800738007
232153,2019,7,4.0,8,734.0,3013.0,4.104904632152588,451,1.7738359201773837
232153,2019,8,4.0,2,736.0,3021.0,4.104619565217392,337,0.5934718100890208
232153,2019,9,3.333333333333333,3,739.0,3031.0,4.10148849797023,261,1.1494252873563218
232153,2019,10,4.153846153846154,13,752.0,3085.0,4.102393617021277,298,4.3624161073825505
232153,2019,11,4.25,12,764.0,3136.0,4.104712041884817,288,4.166666666666666
232153,2019,12,4.125,8,772.0,3169.0,4.1049222797927465,197,4.060913705583756
232153,2020,1,4.3125,16,788.0,3238.0,4.1091370558375635,205,7.804878048780488
232153,2020,2,5.0,1,789.0,3243.0,4.110266159695818,235,0.425531914893617
232153,2020,3,4.25,4,793.0,3260.0,4.110970996216897,173,2.312138728323699
232153,2020,6,2.8,5,798.0,3274.0,4.102756892230577,107,4.672897196261682
232153,2020,7,3.0,5,803.0,3289.0,4.095890410958904,391,1.278772378516624
232153,2020,9,3.5,2,805.0,3296.0,4.094409937888199,160,1.25
232153,2020,10,3.5,4,809.0,3310.0,4.091470951792336,145,2.7586206896551726
232154,2016,4,4.0,1,1.0,4.0,4.0,289,0.34602076124567477
232154,2016,5,3.75,4,5.0,19.0,3.8,255,1.5686274509803921
232154,2016,6,4.333333333333333,3,8.0,32.0,4.0,323,0.9287925696594427
232154,2016,7,3.0,3,11.0,41.0,3.727272727272727,531,0.5649717514124294
232154,2016,8,4.625,8,19.0,78.0,4.105263157894737,518,1.5444015444015444
232154,2016,9,4.5,10,29.0,123.0,4.241379310344827,365,2.73972602739726
232154,2016,10,4.357142857142857,14,43.0,184.0,4.27906976744186,371,3.7735849056603774
232154,2016,11,4.285714285714286,7,50.0,214.0,4.28,271,2.5830258302583027
232154,2016,12,4.333333333333333,6,56.0,240.0,4.285714285714286,260,2.307692307692308
232154,2017,1,4.25,4,60.0,257.0,4.283333333333333,277,1.444043321299639
232154,2017,2,4.833333333333333,6,66.0,286.0,4.333333333333333,294,2.0408163265306123
232154,2017,3,4.833333333333333,6,72.0,315.0,4.375,297,2.0202020202020203
232154,2017,4,4.583333333333333,12,84.0,370.0,4.404761904761905,312,3.8461538461538463
232154,2017,5,4.555555555555555,9,93.0,411.0,4.419354838709677,327,2.7522935779816518
232154,2017,6,4.444444444444445,9,102.0,451.0,4.421568627450981,248,3.6290322580645165
232154,2017,7,4.375,8,110.0,486.0,4.418181818181818,600,1.3333333333333335
232154,2017,8,4.333333333333333,6,116.0,512.0,4.413793103448276,456,1.3157894736842104
232154,2017,9,3.0,5,121.0,527.0,4.355371900826446,304,1.644736842105263
232154,2017,10,4.181818181818182,11,132.0,573.0,4.340909090909091,296,3.7162162162162162
232154,2017,11,4.333333333333333,6,138.0,599.0,4.340579710144928,321,1.8691588785046727
232154,2017,12,4.1,10,148.0,640.0,4.324324324324325,261,3.8314176245210727
232154,2018,1,4.6,5,153.0,663.0,4.333333333333333,269,1.858736059479554
232154,2018,2,4.75,4,157.0,682.0,4.343949044585988,231,1.7316017316017316
232154,2018,3,4.666666666666667,9,166.0,724.0,4.36144578313253,349,2.5787965616045847
232154,2018,4,3.75,4,170.0,739.0,4.347058823529411,246,1.6260162601626018
232154,2018,5,4.5,8,178.0,775.0,4.353932584269663,257,3.11284046692607
232154,2018,6,4.153846153846154,13,191.0,829.0,4.340314136125654,333,3.903903903903904
232154,2018,7,4.133333333333334,15,206.0,891.0,4.325242718446602,477,3.1446540880503147
232154,2018,8,4.2727272727272725,11,217.0,938.0,4.32258064516129,506,2.1739130434782608
232154,2018,9,4.5,12,229.0,992.0,4.331877729257642,326,3.6809815950920246
232154,2018,10,4.083333333333333,12,241.0,1041.0,4.319502074688796,294,4.081632653061225
232154,2018,11,4.625,8,249.0,1078.0,4.329317269076305,247,3.2388663967611335
232154,2018,12,4.307692307692308,13,262.0,1134.0,4.32824427480916,261,4.980842911877394
232154,2019,1,4.538461538461538,13,275.0,1193.0,4.338181818181818,308,4.220779220779221
232154,2019,2,4.142857142857143,7,282.0,1222.0,4.333333333333333,232,3.0172413793103448
232154,2019,3,4.142857142857143,7,289.0,1251.0,4.328719723183391,265,2.6415094339622645
232154,2019,4,4.461538461538462,13,302.0,1309.0,4.3344370860927155,233,5.579399141630901
232154,2019,5,4.333333333333333,15,317.0,1374.0,4.334384858044164,235,6.382978723404255
232154,2019,6,4.625,8,325.0,1411.0,4.341538461538462,271,2.952029520295203
232154,2019,7,4.470588235294118,17,342.0,1487.0,4.347953216374269,451,3.7694013303769403
232154,2019,8,4.3,10,352.0,1530.0,4.346590909090909,337,2.967359050445104
232154,2019,9,4.833333333333333,18,370.0,1617.0,4.370270270270271,261,6.896551724137931
232154,2019,10,4.473684210526316,19,389.0,1702.0,4.375321336760925,298,6.375838926174497
232154,2019,11,4.384615384615385,13,402.0,1759.0,4.375621890547263,288,4.513888888888888
232154,2019,12,4.583333333333333,12,414.0,1814.0,4.381642512077295,197,6.091370558375635
232154,2020,1,4.5,8,422.0,1850.0,4.38388625592417,205,3.902439024390244
232154,2020,2,4.0,5,427.0,1870.0,4.379391100702576,235,2.127659574468085
232154,2020,3,4.666666666666667,6,433.0,1898.0,4.38337182448037,173,3.4682080924855487
232154,2020,6,4.444444444444445,9,442.0,1938.0,4.384615384615385,107,8.411214953271028
232154,2020,7,3.692307692307693,13,455.0,1986.0,4.364835164835164,391,3.324808184143223
232154,2020,8,4.545454545454546,11,466.0,2036.0,4.369098712446352,226,4.867256637168142
232154,2020,9,4.5,2,468.0,2045.0,4.369658119658119,160,1.25
232154,2020,10,3.333333333333333,3,471.0,2055.0,4.3630573248407645,145,2.0689655172413794
232154,2020,11,3.8,5,476.0,2074.0,4.357142857142857,120,4.166666666666666
232154,2020,12,4.6,5,481.0,2097.0,4.35966735966736,81,6.172839506172839
232155,2013,1,4.0,1,1.0,4.0,4.0,47,2.127659574468085
232155,2013,2,3.5,2,3.0,11.0,3.6666666666666665,54,3.7037037037037033
232155,2013,3,4.0,1,4.0,15.0,3.75,57,1.7543859649122806
232155,2013,4,3.0,1,5.0,18.0,3.6,50,2.0
232155,2013,8,4.0,1,6.0,22.0,3.6666666666666665,87,1.1494252873563218
232155,2013,9,3.6666666666666665,3,9.0,33.0,3.6666666666666665,64,4.6875
232155,2013,10,4.0,2,11.0,41.0,3.727272727272727,56,3.571428571428571
232155,2014,1,4.0,2,13.0,49.0,3.769230769230769,72,2.7777777777777777
232155,2014,2,5.0,1,14.0,54.0,3.857142857142857,48,2.083333333333333
232155,2014,3,4.0,1,15.0,58.0,3.8666666666666667,61,1.639344262295082
232155,2014,4,4.0,3,18.0,70.0,3.888888888888889,73,4.10958904109589
232155,2014,6,4.0,2,20.0,78.0,3.9,85,2.3529411764705883
232155,2014,7,3.5,2,22.0,85.0,3.8636363636363638,98,2.0408163265306123
232155,2014,8,4.0,1,23.0,89.0,3.869565217391304,134,0.7462686567164178
232155,2014,9,4.25,4,27.0,106.0,3.925925925925926,132,3.0303030303030303
232155,2014,10,4.0,4,31.0,122.0,3.935483870967742,118,3.389830508474576
232155,2014,11,3.0,1,32.0,125.0,3.90625,122,0.819672131147541
232155,2014,12,3.0,1,33.0,128.0,3.878787878787879,102,0.9803921568627451
232155,2015,1,5.0,1,34.0,133.0,3.911764705882353,128,0.78125
232155,2015,3,3.333333333333333,3,37.0,143.0,3.864864864864865,160,1.875
232155,2015,4,2.0,1,38.0,145.0,3.8157894736842106,111,0.9009009009009009
232155,2015,5,3.25,4,42.0,158.0,3.761904761904762,169,2.366863905325444
232155,2015,7,4.25,8,50.0,192.0,3.84,275,2.909090909090909
232155,2015,8,3.6666666666666665,3,53.0,203.0,3.830188679245283,283,1.0600706713780919
232155,2015,9,4.666666666666667,3,56.0,217.0,3.875,238,1.2605042016806722
232155,2015,10,4.0,3,59.0,229.0,3.8813559322033897,222,1.3513513513513513
232155,2015,11,4.0,2,61.0,237.0,3.8852459016393444,149,1.342281879194631
232155,2016,2,4.5,8,69.0,273.0,3.9565217391304346,285,2.807017543859649
232155,2016,3,4.2727272727272725,22,91.0,367.0,4.032967032967033,348,6.321839080459771
232155,2016,4,4.25,8,99.0,401.0,4.05050505050505,289,2.768166089965398
232155,2016,5,4.666666666666667,6,105.0,429.0,4.085714285714285,255,2.3529411764705883
232155,2016,6,4.176470588235294,17,122.0,500.0,4.098360655737705,323,5.263157894736842
232155,2016,7,4.242424242424242,33,155.0,640.0,4.129032258064516,531,6.214689265536723
232155,2016,8,4.533333333333333,15,170.0,708.0,4.1647058823529415,518,2.8957528957528957
232155,2016,9,4.166666666666667,18,188.0,783.0,4.164893617021277,365,4.931506849315069
232155,2016,10,4.2727272727272725,11,199.0,830.0,4.1708542713567835,371,2.964959568733154
232155,2016,11,3.6666666666666665,3,202.0,841.0,4.163366336633663,271,1.107011070110701
232155,2016,12,4.666666666666667,3,205.0,855.0,4.170731707317073,260,1.153846153846154
232155,2017,1,4.142857142857143,7,212.0,884.0,4.169811320754717,277,2.527075812274368
232155,2017,2,4.666666666666667,3,215.0,898.0,4.176744186046512,294,1.0204081632653061
232155,2017,3,5.0,1,216.0,903.0,4.180555555555555,297,0.33670033670033667
232155,2017,4,4.0,5,221.0,923.0,4.176470588235294,312,1.6025641025641024
232155,2017,6,4.0,3,224.0,935.0,4.174107142857143,248,1.2096774193548387
232155,2017,7,3.8333333333333335,6,230.0,958.0,4.165217391304348,600,1.0
232155,2017,9,4.0,5,235.0,978.0,4.1617021276595745,304,1.644736842105263
232155,2017,10,4.0,5,240.0,998.0,4.158333333333333,296,1.6891891891891893
232155,2017,11,3.941176470588236,17,257.0,1065.0,4.143968871595331,321,5.29595015576324
232155,2017,12,4.0,7,264.0,1093.0,4.140151515151516,261,2.681992337164751
232155,2018,1,4.357142857142857,14,278.0,1154.0,4.151079136690647,269,5.204460966542751
232155,2018,2,4.583333333333333,12,290.0,1209.0,4.1689655172413795,231,5.194805194805195
232155,2018,3,3.636363636363636,11,301.0,1249.0,4.149501661129568,349,3.151862464183381
232155,2018,4,4.4,10,311.0,1293.0,4.157556270096463,246,4.0650406504065035
232155,2018,5,4.5,6,317.0,1320.0,4.16403785488959,257,2.3346303501945527
232155,2018,6,4.391304347826087,23,340.0,1421.0,4.179411764705883,333,6.906906906906906
232155,2018,7,4.2105263157894735,19,359.0,1501.0,4.181058495821727,477,3.9832285115303985
232155,2018,8,3.8333333333333335,6,365.0,1524.0,4.175342465753425,506,1.185770750988142
232155,2018,9,4.214285714285714,14,379.0,1583.0,4.176781002638522,326,4.294478527607362
232155,2018,10,4.0,9,388.0,1619.0,4.172680412371134,294,3.061224489795918
232155,2018,11,3.8333333333333335,6,394.0,1642.0,4.16751269035533,247,2.42914979757085
232155,2018,12,3.75,4,398.0,1657.0,4.163316582914573,261,1.532567049808429
232155,2019,2,4.5,2,400.0,1666.0,4.165,232,0.8620689655172413
232155,2019,3,4.666666666666667,3,403.0,1680.0,4.168734491315137,265,1.1320754716981132
232155,2019,5,4.5,2,405.0,1689.0,4.17037037037037,235,0.851063829787234
232155,2019,6,4.0,1,406.0,1693.0,4.169950738916256,271,0.36900369003690037
232155,2019,7,5.0,2,408.0,1703.0,4.174019607843137,451,0.4434589800443459
232155,2019,8,4.333333333333333,3,411.0,1716.0,4.175182481751825,337,0.8902077151335311
232155,2019,9,4.5,2,413.0,1725.0,4.176755447941889,261,0.7662835249042145
232155,2019,10,4.571428571428571,7,420.0,1757.0,4.183333333333334,298,2.348993288590604
232155,2019,11,4.6,10,430.0,1803.0,4.193023255813953,288,3.4722222222222223
232155,2019,12,4.0,4,434.0,1819.0,4.191244239631336,197,2.030456852791878
232155,2020,1,5.0,2,436.0,1829.0,4.194954128440367,205,0.975609756097561
232155,2020,2,5.0,2,438.0,1839.0,4.198630136986301,235,0.851063829787234
232155,2020,3,4.0,1,439.0,1843.0,4.198177676537585,173,0.5780346820809248
232155,2020,8,4.5,2,441.0,1852.0,4.199546485260771,226,0.8849557522123894
232155,2020,9,3.0,1,442.0,1855.0,4.1968325791855206,160,0.625
232155,2020,12,5.0,1,443.0,1860.0,4.198645598194131,81,1.2345679012345678
237708,2013,9,3.0,1,1.0,3.0,3.0,64,1.5625
237708,2014,2,1.0,1,2.0,4.0,2.0,48,2.083333333333333
237708,2015,2,1.0,1,3.0,5.0,1.6666666666666667,134,0.7462686567164178
237708,2015,9,3.0,1,4.0,8.0,2.0,238,0.42016806722689076
237708,2016,1,3.0,1,5.0,11.0,2.2,279,0.35842293906810035
237708,2016,9,3.0,1,6.0,14.0,2.3333333333333335,365,0.273972602739726
237708,2016,10,4.0,1,7.0,18.0,2.5714285714285716,371,0.2695417789757413
237708,2016,11,1.0,1,8.0,19.0,2.375,271,0.36900369003690037
237708,2017,1,2.0,1,9.0,21.0,2.3333333333333335,277,0.36101083032490977
237708,2017,3,1.0,1,10.0,22.0,2.2,297,0.33670033670033667
237708,2017,8,4.0,1,11.0,26.0,2.3636363636363638,456,0.21929824561403508
237708,2018,6,3.0,1,12.0,29.0,2.4166666666666665,333,0.3003003003003003
238534,2018,4,4.2,5,5.0,21.0,4.2,246,2.0325203252032518
238534,2018,5,3.5,10,15.0,56.0,3.7333333333333334,257,3.8910505836575875
238534,2018,6,3.1,10,25.0,87.0,3.48,333,3.003003003003003
238534,2018,7,3.066666666666667,15,40.0,133.0,3.325,477,3.1446540880503147
238534,2018,8,3.0384615384615383,26,66.0,212.0,3.212121212121212,506,5.138339920948617
238534,2018,9,3.1666666666666665,12,78.0,250.0,3.2051282051282053,326,3.6809815950920246
238534,2018,10,3.8,15,93.0,307.0,3.3010752688172045,294,5.1020408163265305
238534,2018,11,3.75,12,105.0,352.0,3.3523809523809525,247,4.8582995951417
238534,2018,12,3.125,8,113.0,377.0,3.336283185840708,261,3.065134099616858
238534,2019,1,2.888888888888889,9,122.0,403.0,3.30327868852459,308,2.922077922077922
238534,2019,2,3.4444444444444446,9,131.0,434.0,3.312977099236641,232,3.8793103448275863
238534,2019,3,3.888888888888889,9,140.0,469.0,3.35,265,3.3962264150943398
238534,2019,4,3.7,10,150.0,506.0,3.3733333333333335,233,4.291845493562231
238534,2019,5,3.2,5,155.0,522.0,3.367741935483871,235,2.127659574468085
238534,2019,6,3.6875,16,171.0,581.0,3.3976608187134505,271,5.904059040590406
238534,2019,7,3.4444444444444446,18,189.0,643.0,3.4021164021164023,451,3.9911308203991127
238534,2019,8,3.5454545454545454,11,200.0,682.0,3.41,337,3.2640949554896146
238534,2019,9,3.642857142857143,14,214.0,733.0,3.425233644859813,261,5.363984674329502
238534,2019,10,3.75,16,230.0,793.0,3.4478260869565216,298,5.369127516778524
238534,2019,11,3.583333333333333,12,242.0,836.0,3.4545454545454546,288,4.166666666666666
238534,2019,12,3.75,12,254.0,881.0,3.468503937007874,197,6.091370558375635
238534,2020,1,3.6,10,264.0,917.0,3.4734848484848486,205,4.878048780487805
238534,2020,2,3.8,10,274.0,955.0,3.4854014598540144,235,4.25531914893617
238534,2020,3,3.6,5,279.0,973.0,3.4874551971326166,173,2.8901734104046244
238534,2020,4,3.5,2,281.0,980.0,3.487544483985765,35,5.714285714285714
238534,2020,8,3.0,4,285.0,992.0,3.480701754385965,226,1.7699115044247788
238534,2020,9,3.8333333333333335,6,291.0,1015.0,3.4879725085910653,160,3.75
238534,2020,10,4.0,4,295.0,1031.0,3.4949152542372883,145,2.7586206896551726
238534,2020,11,4.0,9,304.0,1067.0,3.5098684210526314,120,7.5
238548,2014,4,4.0,1,1.0,4.0,4.0,73,1.36986301369863
238548,2015,7,3.0,1,2.0,7.0,3.5,275,0.36363636363636365
238548,2015,8,4.0,1,3.0,11.0,3.6666666666666665,283,0.35335689045936397
238548,2015,12,3.0,1,4.0,14.0,3.5,184,0.5434782608695652
238548,2016,12,5.0,1,5.0,19.0,3.8,260,0.38461538461538464
238548,2017,4,3.0,1,6.0,22.0,3.6666666666666665,312,0.3205128205128205
238548,2017,6,4.0,1,7.0,26.0,3.7142857142857144,248,0.4032258064516129
238548,2017,7,4.0,1,8.0,30.0,3.75,600,0.16666666666666669
238548,2017,11,5.0,1,9.0,35.0,3.888888888888889,321,0.3115264797507788
238557,2013,2,5.0,1,1.0,5.0,5.0,54,1.8518518518518516
238557,2013,3,3.0,1,2.0,8.0,4.0,57,1.7543859649122806
238557,2013,6,2.0,1,3.0,10.0,3.3333333333333335,63,1.5873015873015872
238557,2014,5,2.0,1,4.0,12.0,3.0,89,1.1235955056179776
238557,2014,6,3.0,1,5.0,15.0,3.0,85,1.1764705882352942
238557,2014,8,3.0,1,6.0,18.0,3.0,134,0.7462686567164178
238557,2014,12,3.0,2,8.0,24.0,3.0,102,1.9607843137254901
238557,2015,3,3.0,1,9.0,27.0,3.0,160,0.625
238557,2015,6,2.0,1,10.0,29.0,2.9,159,0.628930817610063
238557,2015,7,3.0,2,12.0,35.0,2.9166666666666665,275,0.7272727272727273
238557,2015,12,3.0,1,13.0,38.0,2.923076923076923,184,0.5434782608695652
238557,2016,2,3.5,2,15.0,45.0,3.0,285,0.7017543859649122
238557,2016,4,4.5,2,17.0,54.0,3.176470588235294,289,0.6920415224913495
238557,2016,5,4.0,1,18.0,58.0,3.2222222222222223,255,0.39215686274509803
238557,2016,6,4.0,1,19.0,62.0,3.263157894736842,323,0.30959752321981426
238557,2016,7,4.0,2,21.0,70.0,3.3333333333333335,531,0.3766478342749529
238557,2016,8,2.5,2,23.0,75.0,3.260869565217391,518,0.3861003861003861
238557,2016,12,4.0,1,24.0,79.0,3.2916666666666665,260,0.38461538461538464
238557,2017,3,2.0,1,25.0,81.0,3.24,297,0.33670033670033667
238557,2017,6,3.0,1,26.0,84.0,3.230769230769231,248,0.4032258064516129
238557,2017,7,4.666666666666667,3,29.0,98.0,3.3793103448275863,600,0.5
238557,2017,8,4.0,1,30.0,102.0,3.4,456,0.21929824561403508
238557,2017,9,4.0,1,31.0,106.0,3.4193548387096775,304,0.3289473684210526
238557,2017,11,4.0,2,33.0,114.0,3.4545454545454546,321,0.6230529595015576
238557,2018,2,3.0,1,34.0,117.0,3.4411764705882355,231,0.4329004329004329
238557,2018,4,2.0,1,35.0,119.0,3.4,246,0.40650406504065045
238557,2018,5,3.0,1,36.0,122.0,3.388888888888889,257,0.38910505836575876
238557,2018,6,3.0,2,38.0,128.0,3.3684210526315788,333,0.6006006006006006
238557,2018,11,3.0,1,39.0,131.0,3.358974358974359,247,0.4048582995951417
238557,2019,1,2.0,1,40.0,133.0,3.325,308,0.3246753246753247
238557,2019,5,1.0,1,41.0,134.0,3.268292682926829,235,0.425531914893617
238557,2020,1,3.0,1,42.0,137.0,3.261904761904762,205,0.4878048780487805
238557,2020,6,3.0,1,43.0,140.0,3.255813953488372,107,0.9345794392523363
241346,2013,6,4.5,2,2.0,9.0,4.5,63,3.1746031746031744
241346,2013,8,4.0,1,3.0,13.0,4.333333333333333,87,1.1494252873563218
241346,2013,9,4.0,1,4.0,17.0,4.25,64,1.5625
241346,2013,10,3.0,1,5.0,20.0,4.0,56,1.7857142857142856
241346,2014,2,3.0,1,6.0,23.0,3.8333333333333335,48,2.083333333333333
241346,2014,4,5.0,1,7.0,28.0,4.0,73,1.36986301369863
241346,2014,5,4.0,1,8.0,32.0,4.0,89,1.1235955056179776
241346,2014,7,4.0,1,9.0,36.0,4.0,98,1.0204081632653061
241346,2014,9,4.0,2,11.0,44.0,4.0,132,1.5151515151515151
241346,2014,10,5.0,2,13.0,54.0,4.153846153846154,118,1.694915254237288
241346,2014,11,4.0,1,14.0,58.0,4.142857142857143,122,0.819672131147541
241346,2014,12,4.0,1,15.0,62.0,4.133333333333334,102,0.9803921568627451
241346,2015,3,5.0,1,16.0,67.0,4.1875,160,0.625
241346,2015,5,3.0,1,17.0,70.0,4.117647058823529,169,0.591715976331361
241346,2015,6,4.0,1,18.0,74.0,4.111111111111111,159,0.628930817610063
241346,2015,7,4.0,2,20.0,82.0,4.1,275,0.7272727272727273
241346,2015,8,4.6,5,25.0,105.0,4.2,283,1.76678445229682
241346,2015,9,4.0,1,26.0,109.0,4.1923076923076925,238,0.42016806722689076
241346,2015,11,4.0,1,27.0,113.0,4.185185185185185,149,0.6711409395973155
241346,2016,1,4.0,2,29.0,121.0,4.172413793103448,279,0.7168458781362007
241346,2016,2,4.666666666666667,3,32.0,135.0,4.21875,285,1.0526315789473684
241346,2016,3,5.0,1,33.0,140.0,4.242424242424242,348,0.28735632183908044
241346,2016,4,4.0,2,35.0,148.0,4.228571428571429,289,0.6920415224913495
241346,2016,6,4.0,1,36.0,152.0,4.222222222222222,323,0.30959752321981426
241346,2016,7,4.25,4,40.0,169.0,4.225,531,0.7532956685499058
241346,2016,8,5.0,2,42.0,179.0,4.261904761904762,518,0.3861003861003861
241346,2016,9,4.333333333333333,3,45.0,192.0,4.266666666666667,365,0.821917808219178
241346,2016,10,4.0,4,49.0,208.0,4.244897959183674,371,1.078167115902965
241346,2016,11,4.0,3,52.0,220.0,4.230769230769231,271,1.107011070110701
241346,2017,1,1.0,1,53.0,221.0,4.169811320754717,277,0.36101083032490977
241346,2017,2,4.0,1,54.0,225.0,4.166666666666667,294,0.3401360544217687
241346,2017,3,3.6666666666666665,3,57.0,236.0,4.140350877192983,297,1.0101010101010102
241346,2017,5,4.0,1,58.0,240.0,4.137931034482759,327,0.3058103975535168
241346,2017,7,4.0,4,62.0,256.0,4.129032258064516,600,0.6666666666666667
241346,2017,8,3.6666666666666665,3,65.0,267.0,4.107692307692307,456,0.6578947368421052
241346,2017,9,5.0,2,67.0,277.0,4.134328358208955,304,0.6578947368421052
241346,2017,10,4.0,1,68.0,281.0,4.132352941176471,296,0.33783783783783783
241346,2017,11,5.0,1,69.0,286.0,4.144927536231884,321,0.3115264797507788
241346,2017,12,4.0,3,72.0,298.0,4.138888888888889,261,1.1494252873563218
241346,2018,2,5.0,1,73.0,303.0,4.1506849315068495,231,0.4329004329004329
241346,2018,3,4.0,2,75.0,311.0,4.1466666666666665,349,0.5730659025787965
241346,2018,4,4.666666666666667,3,78.0,325.0,4.166666666666667,246,1.2195121951219512
241346,2018,5,5.0,1,79.0,330.0,4.177215189873418,257,0.38910505836575876
241346,2018,6,4.0,2,81.0,338.0,4.172839506172839,333,0.6006006006006006
241346,2018,7,3.5,4,85.0,352.0,4.141176470588236,477,0.8385744234800839
241346,2018,8,4.0,1,86.0,356.0,4.1395348837209305,506,0.1976284584980237
241346,2018,9,4.0,1,87.0,360.0,4.137931034482759,326,0.3067484662576687
241346,2019,1,4.0,1,88.0,364.0,4.136363636363637,308,0.3246753246753247
241346,2019,2,4.0,1,89.0,368.0,4.134831460674158,232,0.43103448275862066
241346,2019,3,4.0,1,90.0,372.0,4.133333333333334,265,0.37735849056603776
241346,2019,4,4.5,2,92.0,381.0,4.141304347826087,233,0.8583690987124464
241346,2019,6,3.5,2,94.0,388.0,4.127659574468085,271,0.7380073800738007
241346,2019,7,4.5,4,98.0,406.0,4.142857142857143,451,0.8869179600886918
241346,2019,8,3.4,5,103.0,423.0,4.106796116504855,337,1.483679525222552
241346,2019,9,4.0,2,105.0,431.0,4.104761904761904,261,0.7662835249042145
241346,2019,10,5.0,2,107.0,441.0,4.121495327102804,298,0.6711409395973155
241346,2019,11,3.0,1,108.0,444.0,4.111111111111111,288,0.3472222222222222
241346,2019,12,5.0,2,110.0,454.0,4.127272727272727,197,1.015228426395939
241346,2020,3,5.0,1,111.0,459.0,4.135135135135135,173,0.5780346820809248
241346,2020,7,3.333333333333333,3,114.0,469.0,4.114035087719298,391,0.7672634271099744
241346,2020,8,5.0,1,115.0,474.0,4.121739130434783,226,0.4424778761061947
241346,2020,9,4.0,1,116.0,478.0,4.120689655172414,160,0.625
241346,2020,10,5.0,1,117.0,483.0,4.128205128205129,145,0.6896551724137931
241346,2020,12,3.0,1,118.0,486.0,4.11864406779661,81,1.2345679012345678
241349,2013,9,4.0,1,1.0,4.0,4.0,64,1.5625
241349,2016,10,5.0,1,2.0,9.0,4.5,371,0.2695417789757413
241350,2016,6,4.0,1,1.0,4.0,4.0,323,0.30959752321981426
241351,2015,7,4.5,2,2.0,9.0,4.5,275,0.7272727272727273
241351,2016,1,5.0,1,3.0,14.0,4.666666666666667,279,0.35842293906810035
241351,2016,2,3.5,2,5.0,21.0,4.2,285,0.7017543859649122
241351,2016,8,4.0,2,7.0,29.0,4.142857142857143,518,0.3861003861003861
241351,2016,10,4.0,1,8.0,33.0,4.125,371,0.2695417789757413
241351,2016,11,4.0,1,9.0,37.0,4.111111111111111,271,0.36900369003690037
241351,2016,12,2.0,1,10.0,39.0,3.9,260,0.38461538461538464
241351,2017,2,5.0,1,11.0,44.0,4.0,294,0.3401360544217687
241351,2017,3,5.0,1,12.0,49.0,4.083333333333333,297,0.33670033670033667
241351,2017,4,4.0,1,13.0,53.0,4.076923076923077,312,0.3205128205128205
241351,2017,6,4.0,1,14.0,57.0,4.071428571428571,248,0.4032258064516129
241351,2017,7,3.5,2,16.0,64.0,4.0,600,0.33333333333333337
241351,2017,8,5.0,2,18.0,74.0,4.111111111111111,456,0.43859649122807015
241351,2017,9,4.0,2,20.0,82.0,4.1,304,0.6578947368421052
241351,2018,2,5.0,1,21.0,87.0,4.142857142857143,231,0.4329004329004329
241351,2018,3,4.0,1,22.0,91.0,4.136363636363637,349,0.28653295128939826
241351,2018,4,5.0,1,23.0,96.0,4.173913043478261,246,0.40650406504065045
241351,2018,6,5.0,1,24.0,101.0,4.208333333333333,333,0.3003003003003003
241351,2018,8,4.5,2,26.0,110.0,4.230769230769231,506,0.3952569169960474
241351,2019,6,5.0,1,27.0,115.0,4.2592592592592595,271,0.36900369003690037
241351,2019,10,4.0,1,28.0,119.0,4.25,298,0.33557046979865773
241351,2020,7,4.0,2,30.0,127.0,4.233333333333333,391,0.5115089514066496
241351,2020,8,5.0,2,32.0,137.0,4.28125,226,0.8849557522123894
241353,2013,1,5.0,1,1.0,5.0,5.0,47,2.127659574468085
241353,2013,2,5.0,1,2.0,10.0,5.0,54,1.8518518518518516
241353,2013,5,4.666666666666667,3,5.0,24.0,4.8,51,5.88235294117647
241353,2013,6,2.0,1,6.0,26.0,4.333333333333333,63,1.5873015873015872
241353,2013,7,4.0,1,7.0,30.0,4.285714285714286,94,1.0638297872340425
241353,2013,8,3.5,2,9.0,37.0,4.111111111111111,87,2.2988505747126435
241353,2014,1,5.0,1,10.0,42.0,4.2,72,1.3888888888888888
241353,2014,4,5.0,1,11.0,47.0,4.2727272727272725,73,1.36986301369863
241353,2014,5,4.0,1,12.0,51.0,4.25,89,1.1235955056179776
241353,2014,7,5.0,1,13.0,56.0,4.3076923076923075,98,1.0204081632653061
241353,2014,9,4.0,1,14.0,60.0,4.285714285714286,132,0.7575757575757576
241353,2014,10,5.0,1,15.0,65.0,4.333333333333333,118,0.847457627118644
241353,2014,11,4.0,1,16.0,69.0,4.3125,122,0.819672131147541
241353,2015,1,4.0,1,17.0,73.0,4.294117647058823,128,0.78125
241353,2015,2,4.0,1,18.0,77.0,4.277777777777778,134,0.7462686567164178
241353,2015,3,5.0,1,19.0,82.0,4.315789473684211,160,0.625
241353,2015,6,5.0,1,20.0,87.0,4.35,159,0.628930817610063
241353,2015,7,2.5,2,22.0,92.0,4.181818181818182,275,0.7272727272727273
241353,2015,8,3.0,1,23.0,95.0,4.130434782608695,283,0.35335689045936397
241353,2015,9,5.0,1,24.0,100.0,4.166666666666667,238,0.42016806722689076
241353,2015,12,5.0,1,25.0,105.0,4.2,184,0.5434782608695652
241353,2016,1,4.0,1,26.0,109.0,4.1923076923076925,279,0.35842293906810035
241353,2016,5,4.0,1,27.0,113.0,4.185185185185185,255,0.39215686274509803
241353,2016,9,4.0,1,28.0,117.0,4.178571428571429,365,0.273972602739726
241353,2016,11,5.0,1,29.0,122.0,4.206896551724138,271,0.36900369003690037
241353,2017,5,5.0,1,30.0,127.0,4.233333333333333,327,0.3058103975535168
241353,2017,7,3.0,1,31.0,130.0,4.193548387096774,600,0.16666666666666669
241353,2017,12,4.5,2,33.0,139.0,4.212121212121212,261,0.7662835249042145
241353,2018,9,3.75,4,37.0,154.0,4.162162162162162,326,1.2269938650306749
241353,2019,10,3.0,1,38.0,157.0,4.131578947368421,298,0.33557046979865773
241353,2020,8,4.0,1,39.0,161.0,4.128205128205129,226,0.4424778761061947
241361,2016,5,4.0,1,1.0,4.0,4.0,255,0.39215686274509803
241370,2013,10,4.0,1,1.0,4.0,4.0,56,1.7857142857142856
280802,2018,7,3.5217391304347827,23,23.0,81.0,3.5217391304347827,477,4.821802935010482
280802,2018,8,3.6666666666666665,18,41.0,147.0,3.5853658536585367,506,3.557312252964427
280802,2018,9,3.75,8,49.0,177.0,3.6122448979591835,326,2.4539877300613497
280802,2018,10,3.2857142857142856,14,63.0,223.0,3.5396825396825395,294,4.761904761904762
280802,2018,11,3.2777777777777777,18,81.0,282.0,3.4814814814814814,247,7.28744939271255
280802,2018,12,3.4166666666666665,12,93.0,323.0,3.4731182795698925,261,4.597701149425287
280802,2019,1,3.2222222222222223,18,111.0,381.0,3.4324324324324325,308,5.844155844155844
280802,2019,2,3.2222222222222223,9,120.0,410.0,3.4166666666666665,232,3.8793103448275863
280802,2019,3,3.5,10,130.0,445.0,3.423076923076923,265,3.7735849056603774
280802,2019,4,3.555555555555556,9,139.0,477.0,3.431654676258993,233,3.862660944206009
280802,2019,5,3.555555555555556,9,148.0,509.0,3.439189189189189,235,3.829787234042553
280802,2019,6,3.333333333333333,15,163.0,559.0,3.4294478527607364,271,5.535055350553505
280802,2019,7,3.3846153846153846,26,189.0,647.0,3.4232804232804233,451,5.764966740576496
280802,2019,8,2.4,5,194.0,659.0,3.3969072164948453,337,1.483679525222552
280802,2019,9,3.0,1,195.0,662.0,3.394871794871795,261,0.38314176245210724
280802,2019,10,1.0,1,196.0,663.0,3.38265306122449,298,0.33557046979865773
280802,2019,11,5.0,1,197.0,668.0,3.3908629441624365,288,0.3472222222222222
280802,2020,3,2.6666666666666665,3,200.0,676.0,3.38,173,1.7341040462427744
280802,2020,6,3.4545454545454546,11,211.0,714.0,3.3838862559241707,107,10.2803738317757
280802,2020,7,3.217391304347826,46,257.0,862.0,3.3540856031128405,391,11.76470588235294
280802,2020,8,3.5,16,273.0,918.0,3.3626373626373627,226,7.079646017699115
280802,2020,9,3.769230769230769,13,286.0,967.0,3.3811188811188813,160,8.125
280802,2020,10,3.7777777777777777,18,304.0,1035.0,3.4046052631578947,145,12.413793103448276
280802,2020,11,3.7142857142857135,7,311.0,1061.0,3.4115755627009645,120,5.833333333333333
280802,2020,12,4.0,5,316.0,1081.0,3.420886075949367,81,6.172839506172839
292922,2015,6,5.0,1,1.0,5.0,5.0,159,0.628930817610063
292922,2020,7,3.0,1,2.0,8.0,4.0,391,0.2557544757033248
297205,2013,1,5.0,1,1.0,5.0,5.0,47,2.127659574468085
297205,2013,2,5.0,2,3.0,15.0,5.0,54,3.7037037037037033
297205,2013,4,4.0,1,4.0,19.0,4.75,50,2.0
297205,2013,5,5.0,1,5.0,24.0,4.8,51,1.9607843137254901
297205,2013,6,3.0,1,6.0,27.0,4.5,63,1.5873015873015872
297205,2013,7,1.5,2,8.0,30.0,3.75,94,2.127659574468085
297205,2013,8,4.0,7,15.0,58.0,3.8666666666666667,87,8.045977011494253
297205,2013,9,5.0,1,16.0,63.0,3.9375,64,1.5625
297205,2013,10,2.5,2,18.0,68.0,3.7777777777777777,56,3.571428571428571
297205,2013,12,3.0,1,19.0,71.0,3.736842105263158,44,2.272727272727273
297205,2014,1,3.5,4,23.0,85.0,3.6956521739130435,72,5.555555555555555
297205,2014,2,5.0,1,24.0,90.0,3.75,48,2.083333333333333
297205,2014,3,3.0,1,25.0,93.0,3.72,61,1.639344262295082
297205,2014,5,4.0,2,27.0,101.0,3.740740740740741,89,2.247191011235955
297205,2014,6,4.0,4,31.0,117.0,3.774193548387097,85,4.705882352941177
297205,2014,7,4.5,4,35.0,135.0,3.857142857142857,98,4.081632653061225
297205,2014,8,4.0,8,43.0,167.0,3.883720930232558,134,5.970149253731343
297205,2014,9,4.166666666666667,6,49.0,192.0,3.9183673469387754,132,4.545454545454546
297205,2014,10,3.0,2,51.0,198.0,3.8823529411764706,118,1.694915254237288
297205,2014,11,4.0,3,54.0,210.0,3.888888888888889,122,2.459016393442623
297205,2014,12,4.0,2,56.0,218.0,3.892857142857143,102,1.9607843137254901
297205,2015,1,5.0,1,57.0,223.0,3.912280701754386,128,0.78125
297205,2015,3,3.0,4,61.0,235.0,3.8524590163934427,160,2.5
297205,2015,4,4.0,2,63.0,243.0,3.857142857142857,111,1.8018018018018018
297205,2015,5,4.5,2,65.0,252.0,3.876923076923077,169,1.183431952662722
297205,2015,6,3.5,2,67.0,259.0,3.8656716417910446,159,1.257861635220126
297205,2015,7,3.333333333333333,3,70.0,269.0,3.842857142857143,275,1.090909090909091
297205,2015,8,3.5,6,76.0,290.0,3.8157894736842106,283,2.1201413427561837
297205,2015,9,2.0,1,77.0,292.0,3.792207792207792,238,0.42016806722689076
297205,2015,10,3.8,5,82.0,311.0,3.792682926829268,222,2.2522522522522523
297205,2015,11,4.0,1,83.0,315.0,3.7951807228915664,149,0.6711409395973155
297205,2015,12,4.333333333333333,3,86.0,328.0,3.813953488372093,184,1.6304347826086956
297205,2016,1,3.5,2,88.0,335.0,3.8068181818181817,279,0.7168458781362007
297205,2016,2,3.333333333333333,3,91.0,345.0,3.791208791208791,285,1.0526315789473684
297205,2016,3,3.333333333333333,3,94.0,355.0,3.776595744680851,348,0.8620689655172413
297205,2016,4,4.0,1,95.0,359.0,3.778947368421053,289,0.34602076124567477
297205,2016,6,3.0,3,98.0,368.0,3.7551020408163267,323,0.9287925696594427
297205,2016,7,3.6,5,103.0,386.0,3.7475728155339807,531,0.9416195856873822
297205,2016,8,4.0,3,106.0,398.0,3.7547169811320753,518,0.5791505791505791
297205,2016,9,3.5,2,108.0,405.0,3.75,365,0.547945205479452
297205,2016,10,4.666666666666667,3,111.0,419.0,3.774774774774775,371,0.8086253369272237
297205,2016,12,4.0,1,112.0,423.0,3.7767857142857144,260,0.38461538461538464
297205,2017,1,3.0,1,113.0,426.0,3.769911504424779,277,0.36101083032490977
297205,2017,3,4.333333333333333,3,116.0,439.0,3.7844827586206895,297,1.0101010101010102
297205,2017,4,3.0,3,119.0,448.0,3.764705882352941,312,0.9615384615384616
297205,2017,7,4.833333333333333,6,125.0,477.0,3.816,600,1.0
297205,2017,8,4.285714285714286,7,132.0,507.0,3.840909090909091,456,1.5350877192982455
297205,2017,9,4.5,2,134.0,516.0,3.8507462686567164,304,0.6578947368421052
297205,2017,11,4.0,1,135.0,520.0,3.8518518518518516,321,0.3115264797507788
297205,2017,12,4.5,2,137.0,529.0,3.8613138686131387,261,0.7662835249042145
297205,2018,1,4.5,2,139.0,538.0,3.870503597122302,269,0.7434944237918215
297205,2018,5,5.0,1,140.0,543.0,3.8785714285714286,257,0.38910505836575876
297205,2018,6,3.0,1,141.0,546.0,3.872340425531915,333,0.3003003003003003
297205,2018,7,5.0,1,142.0,551.0,3.880281690140845,477,0.20964360587002098
297205,2018,9,4.5,2,144.0,560.0,3.888888888888889,326,0.6134969325153374
297205,2018,10,3.0,1,145.0,563.0,3.882758620689655,294,0.3401360544217687
297205,2018,11,5.0,1,146.0,568.0,3.8904109589041096,247,0.4048582995951417
297205,2019,3,4.2,5,151.0,589.0,3.9006622516556293,265,1.8867924528301887
297205,2019,7,3.0,2,153.0,595.0,3.888888888888889,451,0.4434589800443459
297205,2019,10,3.5,2,155.0,602.0,3.8838709677419354,298,0.6711409395973155
297205,2019,11,3.0,1,156.0,605.0,3.878205128205128,288,0.3472222222222222
297205,2019,12,4.0,1,157.0,609.0,3.878980891719745,197,0.5076142131979695
297205,2020,3,5.0,1,158.0,614.0,3.8860759493670884,173,0.5780346820809248
297205,2020,7,4.0,1,159.0,618.0,3.8867924528301887,391,0.2557544757033248
297205,2020,8,4.0,1,160.0,622.0,3.8875,226,0.4424778761061947
297206,2013,2,3.0,1,1.0,3.0,3.0,54,1.8518518518518516
297206,2013,4,4.0,1,2.0,7.0,3.5,50,2.0
297206,2013,5,3.6666666666666665,3,5.0,18.0,3.6,51,5.88235294117647
297206,2013,7,3.0,1,6.0,21.0,3.5,94,1.0638297872340425
297206,2013,8,4.0,1,7.0,25.0,3.5714285714285716,87,1.1494252873563218
297206,2013,9,3.0,2,9.0,31.0,3.4444444444444446,64,3.125
297206,2013,10,5.0,1,10.0,36.0,3.6,56,1.7857142857142856
297206,2013,12,4.5,2,12.0,45.0,3.75,44,4.545454545454546
297206,2014,1,2.8,5,17.0,59.0,3.4705882352941178,72,6.944444444444445
297206,2014,3,4.0,1,18.0,63.0,3.5,61,1.639344262295082
297206,2014,4,3.0,1,19.0,66.0,3.473684210526316,73,1.36986301369863
297206,2014,5,4.0,1,20.0,70.0,3.5,89,1.1235955056179776
297206,2014,6,3.333333333333333,3,23.0,80.0,3.4782608695652173,85,3.5294117647058822
297206,2014,7,3.0,1,24.0,83.0,3.4583333333333335,98,1.0204081632653061
297206,2014,8,3.75,8,32.0,113.0,3.53125,134,5.970149253731343
297206,2014,9,4.5,4,36.0,131.0,3.638888888888889,132,3.0303030303030303
297206,2014,10,5.0,2,38.0,141.0,3.710526315789474,118,1.694915254237288
297206,2014,11,4.0,2,40.0,149.0,3.725,122,1.639344262295082
297206,2014,12,5.0,1,41.0,154.0,3.7560975609756095,102,0.9803921568627451
297206,2015,2,2.0,1,42.0,156.0,3.7142857142857144,134,0.7462686567164178
297206,2015,3,4.25,4,46.0,173.0,3.760869565217391,160,2.5
297206,2015,5,3.0,1,47.0,176.0,3.74468085106383,169,0.591715976331361
297206,2015,6,4.333333333333333,3,50.0,189.0,3.78,159,1.8867924528301887
297206,2015,7,3.75,4,54.0,204.0,3.7777777777777777,275,1.4545454545454546
297206,2015,8,4.0,3,57.0,216.0,3.789473684210526,283,1.0600706713780919
297206,2015,9,3.6,5,62.0,234.0,3.774193548387097,238,2.100840336134454
297206,2015,10,3.0,1,63.0,237.0,3.761904761904762,222,0.45045045045045046
297206,2015,11,3.0,1,64.0,240.0,3.75,149,0.6711409395973155
297206,2015,12,4.25,4,68.0,257.0,3.7794117647058822,184,2.1739130434782608
297206,2016,1,4.2,5,73.0,278.0,3.808219178082192,279,1.7921146953405016
297206,2016,2,4.5,2,75.0,287.0,3.8266666666666667,285,0.7017543859649122
297206,2016,3,4.0,3,78.0,299.0,3.8333333333333335,348,0.8620689655172413
297206,2016,4,3.5,2,80.0,306.0,3.825,289,0.6920415224913495
297206,2016,5,5.0,1,81.0,311.0,3.8395061728395063,255,0.39215686274509803
297206,2016,6,5.0,1,82.0,316.0,3.8536585365853657,323,0.30959752321981426
297206,2016,7,3.0,4,86.0,328.0,3.813953488372093,531,0.7532956685499058
297206,2016,8,3.5,2,88.0,335.0,3.8068181818181817,518,0.3861003861003861
297206,2016,9,4.25,4,92.0,352.0,3.8260869565217392,365,1.095890410958904
297206,2016,10,4.0,2,94.0,360.0,3.8297872340425534,371,0.5390835579514826
297206,2016,12,3.0,1,95.0,363.0,3.8210526315789473,260,0.38461538461538464
297206,2017,1,5.0,1,96.0,368.0,3.8333333333333335,277,0.36101083032490977
297206,2017,2,4.0,1,97.0,372.0,3.8350515463917527,294,0.3401360544217687
297206,2017,3,2.6666666666666665,3,100.0,380.0,3.8,297,1.0101010101010102
297206,2017,5,3.8,5,105.0,399.0,3.8,327,1.529051987767584
297206,2017,6,3.4,5,110.0,416.0,3.7818181818181817,248,2.0161290322580645
297206,2017,7,3.25,4,114.0,429.0,3.763157894736842,600,0.6666666666666667
297206,2017,8,3.6666666666666665,6,120.0,451.0,3.7583333333333333,456,1.3157894736842104
297206,2017,10,2.0,1,121.0,453.0,3.743801652892562,296,0.33783783783783783
297206,2017,11,5.0,1,122.0,458.0,3.7540983606557377,321,0.3115264797507788
297206,2018,1,3.5,2,124.0,465.0,3.75,269,0.7434944237918215
297206,2018,2,4.0,1,125.0,469.0,3.752,231,0.4329004329004329
297206,2018,4,5.0,1,126.0,474.0,3.761904761904762,246,0.40650406504065045
297206,2018,5,5.0,1,127.0,479.0,3.7716535433070866,257,0.38910505836575876
297206,2018,6,3.0,1,128.0,482.0,3.765625,333,0.3003003003003003
297206,2018,7,4.0,1,129.0,486.0,3.7674418604651163,477,0.20964360587002098
297206,2018,8,3.75,4,133.0,501.0,3.7669172932330826,506,0.7905138339920948
297206,2018,9,3.75,4,137.0,516.0,3.7664233576642334,326,1.2269938650306749
297206,2018,10,3.0,1,138.0,519.0,3.760869565217391,294,0.3401360544217687
297206,2018,11,4.0,3,141.0,531.0,3.765957446808511,247,1.214574898785425
297206,2019,1,4.0,1,142.0,535.0,3.767605633802817,308,0.3246753246753247
297206,2019,5,3.0,1,143.0,538.0,3.762237762237762,235,0.425531914893617
297206,2019,6,4.0,1,144.0,542.0,3.763888888888889,271,0.36900369003690037
297206,2019,7,2.333333333333333,3,147.0,549.0,3.7346938775510203,451,0.6651884700665188
297206,2019,8,4.0,4,151.0,565.0,3.7417218543046356,337,1.1869436201780417
297206,2019,11,4.0,1,152.0,569.0,3.7434210526315788,288,0.3472222222222222
297206,2019,12,2.0,1,153.0,571.0,3.7320261437908497,197,0.5076142131979695
297206,2020,1,4.0,1,154.0,575.0,3.7337662337662336,205,0.4878048780487805
297206,2020,3,2.5,2,156.0,580.0,3.717948717948718,173,1.1560693641618496
297206,2020,4,2.0,1,157.0,582.0,3.7070063694267517,35,2.857142857142857
297206,2020,7,4.0,2,159.0,590.0,3.710691823899371,391,0.5115089514066496
297206,2020,8,3.0,1,160.0,593.0,3.70625,226,0.4424778761061947
297206,2020,9,4.0,1,161.0,597.0,3.7080745341614905,160,0.625
297206,2020,12,3.0,1,162.0,600.0,3.7037037037037037,81,1.2345679012345678
590507,2015,9,4.0,1,1.0,4.0,4.0,238,0.42016806722689076
590507,2016,8,5.0,1,2.0,9.0,4.5,518,0.19305019305019305
590507,2017,4,5.0,1,3.0,14.0,4.666666666666667,312,0.3205128205128205
590507,2017,10,4.0,1,4.0,18.0,4.5,296,0.33783783783783783
590769,2017,5,4.0,1,1.0,4.0,4.0,327,0.3058103975535168
590769,2017,6,4.0,1,2.0,8.0,4.0,248,0.4032258064516129
590769,2018,12,5.0,1,3.0,13.0,4.333333333333333,261,0.38314176245210724
591569,2013,8,2.0,1,1.0,2.0,2.0,87,1.1494252873563218
591569,2016,3,4.0,1,2.0,6.0,3.0,348,0.28735632183908044
591569,2016,5,4.0,1,3.0,10.0,3.3333333333333335,255,0.39215686274509803
591569,2016,7,5.0,1,4.0,15.0,3.75,531,0.18832391713747645
591569,2017,5,3.0,1,5.0,18.0,3.6,327,0.3058103975535168
591569,2017,11,4.0,1,6.0,22.0,3.6666666666666665,321,0.3115264797507788
591569,2018,8,4.0,1,7.0,26.0,3.7142857142857144,506,0.1976284584980237
592011,2013,11,4.0,1,1.0,4.0,4.0,52,1.9230769230769231
592011,2014,2,5.0,1,2.0,9.0,4.5,48,2.083333333333333
592011,2015,5,4.0,1,3.0,13.0,4.333333333333333,169,0.591715976331361
592011,2015,7,4.5,2,5.0,22.0,4.4,275,0.7272727272727273
592011,2015,8,4.0,1,6.0,26.0,4.333333333333333,283,0.35335689045936397
592011,2015,10,5.0,1,7.0,31.0,4.428571428571429,222,0.45045045045045046
592011,2015,12,5.0,1,8.0,36.0,4.5,184,0.5434782608695652
592011,2016,1,4.0,1,9.0,40.0,4.444444444444445,279,0.35842293906810035
592011,2016,2,4.0,2,11.0,48.0,4.363636363636363,285,0.7017543859649122
592011,2016,3,4.0,1,12.0,52.0,4.333333333333333,348,0.28735632183908044
592011,2016,7,4.0,1,13.0,56.0,4.3076923076923075,531,0.18832391713747645
592011,2016,8,5.0,1,14.0,61.0,4.357142857142857,518,0.19305019305019305
592011,2016,9,5.0,1,15.0,66.0,4.4,365,0.273972602739726
592011,2016,10,3.0,1,16.0,69.0,4.3125,371,0.2695417789757413
592011,2016,12,3.0,1,17.0,72.0,4.235294117647059,260,0.38461538461538464
592011,2017,3,3.0,1,18.0,75.0,4.166666666666667,297,0.33670033670033667
592011,2017,9,5.0,1,19.0,80.0,4.2105263157894735,304,0.3289473684210526
592011,2017,10,3.0,1,20.0,83.0,4.15,296,0.33783783783783783
592011,2017,12,2.0,2,22.0,87.0,3.9545454545454546,261,0.7662835249042145
592011,2019,1,4.0,1,23.0,91.0,3.9565217391304346,308,0.3246753246753247
592011,2019,10,4.0,1,24.0,95.0,3.9583333333333335,298,0.33557046979865773
592011,2020,8,5.0,1,25.0,100.0,4.0,226,0.4424778761061947
592824,2013,7,5.0,1,1.0,5.0,5.0,94,1.0638297872340425
592824,2014,10,4.0,1,2.0,9.0,4.5,118,0.847457627118644
592824,2015,3,4.5,2,4.0,18.0,4.5,160,1.25
592824,2015,7,5.0,1,5.0,23.0,4.6,275,0.36363636363636365
592824,2015,8,5.0,1,6.0,28.0,4.666666666666667,283,0.35335689045936397
592824,2015,11,5.0,1,7.0,33.0,4.714285714285714,149,0.6711409395973155
592824,2015,12,3.0,1,8.0,36.0,4.5,184,0.5434782608695652
592824,2016,1,4.0,2,10.0,44.0,4.4,279,0.7168458781362007
592824,2016,2,4.0,1,11.0,48.0,4.363636363636363,285,0.3508771929824561
592824,2016,3,2.5,2,13.0,53.0,4.076923076923077,348,0.5747126436781609
592824,2016,5,4.0,1,14.0,57.0,4.071428571428571,255,0.39215686274509803
592824,2016,9,5.0,1,15.0,62.0,4.133333333333334,365,0.273972602739726
592824,2016,10,4.5,2,17.0,71.0,4.176470588235294,371,0.5390835579514826
592824,2016,12,5.0,1,18.0,76.0,4.222222222222222,260,0.38461538461538464
592824,2017,3,5.0,1,19.0,81.0,4.2631578947368425,297,0.33670033670033667
592824,2017,9,5.0,1,20.0,86.0,4.3,304,0.3289473684210526
592824,2018,10,5.0,1,21.0,91.0,4.333333333333333,294,0.3401360544217687
592824,2018,11,5.0,1,22.0,96.0,4.363636363636363,247,0.4048582995951417
592824,2019,2,4.0,1,23.0,100.0,4.3478260869565215,232,0.43103448275862066
592824,2019,7,4.0,1,24.0,104.0,4.333333333333333,451,0.22172949002217296
592824,2019,9,4.0,1,25.0,108.0,4.32,261,0.38314176245210724
592824,2019,10,5.0,1,26.0,113.0,4.346153846153846,298,0.33557046979865773
592829,2013,4,5.0,1,1.0,5.0,5.0,50,2.0
592829,2013,5,4.0,1,2.0,9.0,4.5,51,1.9607843137254901
592829,2013,6,5.0,1,3.0,14.0,4.666666666666667,63,1.5873015873015872
592829,2013,7,4.5,2,5.0,23.0,4.6,94,2.127659574468085
592829,2013,11,5.0,1,6.0,28.0,4.666666666666667,52,1.9230769230769231
592829,2014,6,3.0,1,7.0,31.0,4.428571428571429,85,1.1764705882352942
592829,2014,7,3.6666666666666665,3,10.0,42.0,4.2,98,3.061224489795918
592829,2014,8,3.0,1,11.0,45.0,4.090909090909091,134,0.7462686567164178
592829,2014,9,4.0,1,12.0,49.0,4.083333333333333,132,0.7575757575757576
592829,2014,10,4.0,1,13.0,53.0,4.076923076923077,118,0.847457627118644
592829,2015,2,3.0,1,14.0,56.0,4.0,134,0.7462686567164178
592829,2015,6,3.0,1,15.0,59.0,3.933333333333333,159,0.628930817610063
592829,2015,7,4.5,2,17.0,68.0,4.0,275,0.7272727272727273
592829,2015,12,4.0,1,18.0,72.0,4.0,184,0.5434782608695652
592829,2016,1,3.0,2,20.0,78.0,3.9,279,0.7168458781362007
592829,2016,3,5.0,1,21.0,83.0,3.9523809523809526,348,0.28735632183908044
592829,2016,5,4.333333333333333,3,24.0,96.0,4.0,255,1.1764705882352942
592829,2016,6,5.0,2,26.0,106.0,4.076923076923077,323,0.6191950464396285
592829,2016,7,5.0,3,29.0,121.0,4.172413793103448,531,0.5649717514124294
592829,2016,8,4.0,1,30.0,125.0,4.166666666666667,518,0.19305019305019305
592829,2016,9,4.0,1,31.0,129.0,4.161290322580645,365,0.273972602739726
592829,2017,1,3.0,1,32.0,132.0,4.125,277,0.36101083032490977
592829,2017,2,4.0,2,34.0,140.0,4.117647058823529,294,0.6802721088435374
592829,2017,6,4.0,1,35.0,144.0,4.114285714285714,248,0.4032258064516129
592829,2017,7,3.5,2,37.0,151.0,4.081081081081081,600,0.33333333333333337
592829,2017,8,5.0,1,38.0,156.0,4.105263157894737,456,0.21929824561403508
592829,2017,9,4.5,2,40.0,165.0,4.125,304,0.6578947368421052
592829,2018,6,5.0,1,41.0,170.0,4.146341463414634,333,0.3003003003003003
592829,2018,7,4.0,3,44.0,182.0,4.136363636363637,477,0.628930817610063
592829,2018,8,5.0,2,46.0,192.0,4.173913043478261,506,0.3952569169960474
592829,2019,1,5.0,1,47.0,197.0,4.191489361702128,308,0.3246753246753247
592829,2019,7,4.666666666666667,3,50.0,211.0,4.22,451,0.6651884700665188
592829,2019,8,5.0,1,51.0,216.0,4.235294117647059,337,0.2967359050445104
592831,2013,1,4.5,2,2.0,9.0,4.5,47,4.25531914893617
592831,2013,2,4.0,1,3.0,13.0,4.333333333333333,54,1.8518518518518516
592831,2013,3,4.0,1,4.0,17.0,4.25,57,1.7543859649122806
592831,2013,5,5.0,1,5.0,22.0,4.4,51,1.9607843137254901
592831,2013,6,5.0,1,6.0,27.0,4.5,63,1.5873015873015872
592831,2013,7,5.0,1,7.0,32.0,4.571428571428571,94,1.0638297872340425
592831,2013,8,4.5,6,13.0,59.0,4.538461538461538,87,6.896551724137931
592831,2013,10,4.75,4,17.0,78.0,4.588235294117647,56,7.142857142857142
592831,2013,11,4.0,2,19.0,86.0,4.526315789473684,52,3.8461538461538463
592831,2013,12,4.5,2,21.0,95.0,4.523809523809524,44,4.545454545454546
592831,2014,1,4.0,2,23.0,103.0,4.478260869565218,72,2.7777777777777777
592831,2014,5,4.5,2,25.0,112.0,4.48,89,2.247191011235955
592831,2014,6,5.0,2,27.0,122.0,4.518518518518518,85,2.3529411764705883
592831,2014,7,4.5,4,31.0,140.0,4.516129032258065,98,4.081632653061225
592831,2014,8,4.5,2,33.0,149.0,4.515151515151516,134,1.4925373134328357
592831,2014,9,4.0,1,34.0,153.0,4.5,132,0.7575757575757576
592831,2014,10,4.5,2,36.0,162.0,4.5,118,1.694915254237288
592831,2014,11,4.75,4,40.0,181.0,4.525,122,3.278688524590164
592831,2014,12,5.0,1,41.0,186.0,4.536585365853658,102,0.9803921568627451
592831,2015,1,5.0,2,43.0,196.0,4.558139534883721,128,1.5625
592831,2015,2,4.25,4,47.0,213.0,4.531914893617022,134,2.9850746268656714
592831,2015,3,4.666666666666667,3,50.0,227.0,4.54,160,1.875
592831,2015,5,5.0,1,51.0,232.0,4.549019607843137,169,0.591715976331361
592831,2015,6,4.0,4,55.0,248.0,4.509090909090909,159,2.515723270440252
592831,2015,7,4.428571428571429,7,62.0,279.0,4.5,275,2.5454545454545454
592831,2015,8,4.5,4,66.0,297.0,4.5,283,1.4134275618374559
592831,2015,9,4.75,4,70.0,316.0,4.514285714285714,238,1.680672268907563
592831,2015,10,4.75,4,74.0,335.0,4.527027027027027,222,1.8018018018018018
592831,2015,11,4.0,1,75.0,339.0,4.52,149,0.6711409395973155
592831,2015,12,4.5,2,77.0,348.0,4.51948051948052,184,1.0869565217391304
592831,2016,1,4.0,4,81.0,364.0,4.493827160493828,279,1.4336917562724014
592831,2016,2,4.6,5,86.0,387.0,4.5,285,1.7543859649122806
592831,2016,3,4.714285714285714,7,93.0,420.0,4.516129032258065,348,2.0114942528735633
592831,2016,4,3.75,4,97.0,435.0,4.484536082474227,289,1.384083044982699
592831,2016,5,4.75,8,105.0,473.0,4.504761904761905,255,3.1372549019607843
592831,2016,6,4.5,4,109.0,491.0,4.504587155963303,323,1.238390092879257
592831,2016,7,4.888888888888889,9,118.0,535.0,4.533898305084746,531,1.694915254237288
592831,2016,8,4.666666666666667,12,130.0,591.0,4.546153846153846,518,2.3166023166023164
592831,2016,9,4.5,2,132.0,600.0,4.545454545454546,365,0.547945205479452
592831,2016,10,4.285714285714286,7,139.0,630.0,4.532374100719425,371,1.8867924528301887
592831,2016,11,4.5,6,145.0,657.0,4.531034482758621,271,2.214022140221402
592831,2016,12,4.333333333333333,3,148.0,670.0,4.527027027027027,260,1.153846153846154
592831,2017,1,4.75,4,152.0,689.0,4.532894736842105,277,1.444043321299639
592831,2017,2,4.0,3,155.0,701.0,4.52258064516129,294,1.0204081632653061
592831,2017,3,4.25,4,159.0,718.0,4.515723270440252,297,1.3468013468013467
592831,2017,4,4.4,5,164.0,740.0,4.512195121951219,312,1.6025641025641024
592831,2017,5,4.571428571428571,7,171.0,772.0,4.514619883040936,327,2.1406727828746175
592831,2017,6,4.0,2,173.0,780.0,4.508670520231214,248,0.8064516129032258
592831,2017,7,4.555555555555555,18,191.0,862.0,4.513089005235602,600,3.0
592831,2017,8,4.6,15,206.0,931.0,4.519417475728155,456,3.289473684210526
592831,2017,9,4.5,6,212.0,958.0,4.518867924528302,304,1.9736842105263157
592831,2017,10,5.0,4,216.0,978.0,4.527777777777778,296,1.3513513513513513
592831,2017,11,4.75,4,220.0,997.0,4.531818181818182,321,1.2461059190031152
592831,2017,12,4.75,4,224.0,1016.0,4.535714285714286,261,1.532567049808429
592831,2018,1,4.625,8,232.0,1053.0,4.538793103448276,269,2.973977695167286
592831,2018,2,5.0,5,237.0,1078.0,4.548523206751055,231,2.1645021645021645
592831,2018,3,4.714285714285714,7,244.0,1111.0,4.55327868852459,349,2.005730659025788
592831,2018,4,5.0,2,246.0,1121.0,4.556910569105691,246,0.8130081300813009
592831,2018,5,5.0,3,249.0,1136.0,4.562248995983936,257,1.1673151750972763
592831,2018,6,4.888888888888889,9,258.0,1180.0,4.573643410852713,333,2.7027027027027026
592831,2018,7,4.9,10,268.0,1229.0,4.585820895522388,477,2.0964360587002098
592831,2018,8,4.375,8,276.0,1264.0,4.579710144927536,506,1.5810276679841897
592831,2018,9,5.0,4,280.0,1284.0,4.585714285714285,326,1.2269938650306749
592831,2018,10,4.6,5,285.0,1307.0,4.585964912280701,294,1.7006802721088436
592831,2018,11,4.5,2,287.0,1316.0,4.585365853658536,247,0.8097165991902834
592831,2018,12,4.666666666666667,6,293.0,1344.0,4.587030716723549,261,2.2988505747126435
592831,2019,1,4.333333333333333,6,299.0,1370.0,4.581939799331104,308,1.948051948051948
592831,2019,2,4.666666666666667,3,302.0,1384.0,4.582781456953643,232,1.293103448275862
592831,2019,3,4.5,8,310.0,1420.0,4.580645161290323,265,3.018867924528302
592831,2019,4,4.571428571428571,7,317.0,1452.0,4.580441640378549,233,3.004291845493562
592831,2019,5,4.666666666666667,3,320.0,1466.0,4.58125,235,1.276595744680851
592831,2019,6,4.6,5,325.0,1489.0,4.581538461538462,271,1.8450184501845017
592831,2019,7,4.75,4,329.0,1508.0,4.583586626139818,451,0.8869179600886918
592831,2019,8,4.0,3,332.0,1520.0,4.578313253012048,337,0.8902077151335311
592831,2019,9,4.75,4,336.0,1539.0,4.580357142857143,261,1.532567049808429
592831,2019,10,4.6,5,341.0,1562.0,4.580645161290323,298,1.6778523489932886
592831,2019,11,4.8,5,346.0,1586.0,4.583815028901734,288,1.7361111111111112
592831,2019,12,5.0,2,348.0,1596.0,4.586206896551724,197,1.015228426395939
592831,2020,1,4.666666666666667,3,351.0,1610.0,4.586894586894587,205,1.4634146341463417
592831,2020,2,5.0,3,354.0,1625.0,4.590395480225989,235,1.276595744680851
592831,2020,3,4.5,4,358.0,1643.0,4.589385474860335,173,2.312138728323699
592831,2020,6,4.0,1,359.0,1647.0,4.587743732590529,107,0.9345794392523363
592831,2020,7,4.333333333333333,12,371.0,1699.0,4.579514824797844,391,3.0690537084398977
592831,2020,8,4.75,4,375.0,1718.0,4.581333333333333,226,1.7699115044247788
592831,2020,9,4.333333333333333,3,378.0,1731.0,4.579365079365079,160,1.875
592831,2020,10,4.333333333333333,3,381.0,1744.0,4.57742782152231,145,2.0689655172413794
604970,2013,2,4.0,2,2.0,8.0,4.0,54,3.7037037037037033
604970,2013,4,5.0,1,3.0,13.0,4.333333333333333,50,2.0
604970,2013,5,5.0,2,5.0,23.0,4.6,51,3.9215686274509802
604970,2013,7,4.666666666666667,3,8.0,37.0,4.625,94,3.1914893617021276
604970,2013,8,4.875,8,16.0,76.0,4.75,87,9.195402298850574
604970,2013,9,4.0,4,20.0,92.0,4.6,64,6.25
604970,2013,10,3.5,2,22.0,99.0,4.5,56,3.571428571428571
604970,2013,11,3.0,1,23.0,102.0,4.434782608695652,52,1.9230769230769231
604970,2013,12,4.333333333333333,3,26.0,115.0,4.423076923076923,44,6.8181818181818175
604970,2014,1,4.0,2,28.0,123.0,4.392857142857143,72,2.7777777777777777
604970,2014,2,5.0,2,30.0,133.0,4.433333333333334,48,4.166666666666666
604970,2014,3,3.0,1,31.0,136.0,4.387096774193548,61,1.639344262295082
604970,2014,4,4.25,4,35.0,153.0,4.371428571428571,73,5.47945205479452
604970,2014,5,4.333333333333333,3,38.0,166.0,4.368421052631579,89,3.3707865168539324
604970,2014,6,4.666666666666667,3,41.0,180.0,4.390243902439025,85,3.5294117647058822
604970,2014,7,4.0,4,45.0,196.0,4.355555555555555,98,4.081632653061225
604970,2014,8,4.666666666666667,6,51.0,224.0,4.392156862745098,134,4.477611940298507
604970,2014,9,4.571428571428571,7,58.0,256.0,4.413793103448276,132,5.303030303030303
604970,2014,10,4.333333333333333,3,61.0,269.0,4.409836065573771,118,2.5423728813559325
604970,2014,11,5.0,1,62.0,274.0,4.419354838709677,122,0.819672131147541
604970,2014,12,4.0,2,64.0,282.0,4.40625,102,1.9607843137254901
604970,2015,1,4.5,2,66.0,291.0,4.409090909090909,128,1.5625
604970,2015,2,4.0,2,68.0,299.0,4.397058823529412,134,1.4925373134328357
604970,2015,3,3.0,1,69.0,302.0,4.3768115942028984,160,0.625
604970,2015,4,4.4,5,74.0,324.0,4.378378378378378,111,4.504504504504505
604970,2015,5,4.0,6,80.0,348.0,4.35,169,3.5502958579881656
604970,2015,6,4.166666666666667,6,86.0,373.0,4.337209302325581,159,3.7735849056603774
604970,2015,7,4.0,8,94.0,405.0,4.308510638297872,275,2.909090909090909
604970,2015,8,4.3,10,104.0,448.0,4.3076923076923075,283,3.53356890459364
604970,2015,9,4.111111111111111,9,113.0,485.0,4.292035398230088,238,3.7815126050420167
604970,2015,10,4.666666666666667,3,116.0,499.0,4.301724137931035,222,1.3513513513513513
604970,2015,11,4.75,4,120.0,518.0,4.316666666666666,149,2.684563758389262
604970,2015,12,4.8,5,125.0,542.0,4.336,184,2.717391304347826
604970,2016,1,4.571428571428571,7,132.0,574.0,4.348484848484849,279,2.5089605734767026
604970,2016,2,4.25,4,136.0,591.0,4.345588235294118,285,1.4035087719298245
604970,2016,3,4.5,10,146.0,636.0,4.3561643835616435,348,2.8735632183908044
604970,2016,4,4.666666666666667,3,149.0,650.0,4.3624161073825505,289,1.0380622837370241
604970,2016,5,4.833333333333333,6,155.0,679.0,4.380645161290323,255,2.3529411764705883
604970,2016,6,4.5,2,157.0,688.0,4.382165605095541,323,0.6191950464396285
604970,2016,7,4.315789473684211,19,176.0,770.0,4.375,531,3.5781544256120528
604970,2016,8,4.5,12,188.0,824.0,4.382978723404255,518,2.3166023166023164
604970,2016,9,4.666666666666667,6,194.0,852.0,4.391752577319588,365,1.643835616438356
604970,2016,10,4.333333333333333,6,200.0,878.0,4.39,371,1.6172506738544474
604970,2016,11,5.0,4,204.0,898.0,4.401960784313726,271,1.4760147601476015
604970,2016,12,4.666666666666667,3,207.0,912.0,4.405797101449275,260,1.153846153846154
604970,2017,1,4.0,2,209.0,920.0,4.401913875598086,277,0.7220216606498195
604970,2017,2,5.0,3,212.0,935.0,4.410377358490566,294,1.0204081632653061
604970,2017,3,4.6,5,217.0,958.0,4.414746543778802,297,1.6835016835016834
604970,2017,4,5.0,3,220.0,973.0,4.422727272727273,312,0.9615384615384616
604970,2017,5,4.333333333333333,9,229.0,1012.0,4.419213973799127,327,2.7522935779816518
604970,2017,6,4.2,5,234.0,1033.0,4.414529914529915,248,2.0161290322580645
604970,2017,7,4.571428571428571,14,248.0,1097.0,4.423387096774194,600,2.3333333333333335
604970,2017,8,4.454545454545454,11,259.0,1146.0,4.424710424710424,456,2.4122807017543857
604970,2017,9,4.6,5,264.0,1169.0,4.428030303030303,304,1.644736842105263
604970,2017,10,4.0,4,268.0,1185.0,4.4216417910447765,296,1.3513513513513513
604970,2017,11,5.0,5,273.0,1210.0,4.4322344322344325,321,1.557632398753894
604970,2017,12,4.333333333333333,6,279.0,1236.0,4.43010752688172,261,2.2988505747126435
604970,2018,1,4.333333333333333,3,282.0,1249.0,4.429078014184397,269,1.1152416356877324
604970,2018,2,5.0,2,284.0,1259.0,4.433098591549296,231,0.8658008658008658
604970,2018,3,4.0,5,289.0,1279.0,4.42560553633218,349,1.4326647564469914
604970,2018,4,4.4,5,294.0,1301.0,4.425170068027211,246,2.0325203252032518
604970,2018,6,4.666666666666667,6,300.0,1329.0,4.43,333,1.8018018018018018
604970,2018,7,4.5,10,310.0,1374.0,4.432258064516129,477,2.0964360587002098
604970,2018,8,4.0,7,317.0,1402.0,4.422712933753943,506,1.383399209486166
604970,2018,9,4.6,5,322.0,1425.0,4.425465838509317,326,1.5337423312883436
604970,2018,10,5.0,6,328.0,1455.0,4.435975609756097,294,2.0408163265306123
604970,2018,11,5.0,3,331.0,1470.0,4.4410876132930515,247,1.214574898785425
604970,2018,12,5.0,3,334.0,1485.0,4.446107784431137,261,1.1494252873563218
604970,2019,1,4.5,2,336.0,1494.0,4.446428571428571,308,0.6493506493506493
604970,2019,2,4.0,4,340.0,1510.0,4.4411764705882355,232,1.7241379310344827
604970,2019,3,4.5,4,344.0,1528.0,4.441860465116279,265,1.509433962264151
604970,2019,4,4.666666666666667,3,347.0,1542.0,4.443804034582133,233,1.2875536480686696
604970,2019,6,4.142857142857143,7,354.0,1571.0,4.437853107344632,271,2.5830258302583027
604970,2019,7,5.0,4,358.0,1591.0,4.444134078212291,451,0.8869179600886918
604970,2019,8,4.0,2,360.0,1599.0,4.441666666666666,337,0.5934718100890208
604970,2019,9,4.0,4,364.0,1615.0,4.436813186813187,261,1.532567049808429
604970,2019,10,4.666666666666667,6,370.0,1643.0,4.440540540540541,298,2.013422818791946
604970,2019,11,4.75,4,374.0,1662.0,4.44385026737968,288,1.3888888888888888
604970,2019,12,4.0,2,376.0,1670.0,4.441489361702128,197,1.015228426395939
604970,2020,1,4.5,2,378.0,1679.0,4.441798941798941,205,0.975609756097561
604970,2020,2,4.75,4,382.0,1698.0,4.445026178010472,235,1.702127659574468
604970,2020,3,4.5,4,386.0,1716.0,4.44559585492228,173,2.312138728323699
604970,2020,6,4.0,1,387.0,1720.0,4.444444444444445,107,0.9345794392523363
604970,2020,7,4.333333333333333,3,390.0,1733.0,4.443589743589744,391,0.7672634271099744
604970,2020,8,5.0,1,391.0,1738.0,4.445012787723785,226,0.4424778761061947
604970,2020,9,5.0,1,392.0,1743.0,4.446428571428571,160,0.625
604970,2020,10,5.0,1,393.0,1748.0,4.447837150127226,145,0.6896551724137931
607503,2013,1,4.0,1,1.0,4.0,4.0,47,2.127659574468085
607503,2013,2,3.0,1,2.0,7.0,3.5,54,1.8518518518518516
607503,2013,3,4.0,1,3.0,11.0,3.6666666666666665,57,1.7543859649122806
607503,2013,4,4.0,1,4.0,15.0,3.75,50,2.0
607503,2013,5,3.0,1,5.0,18.0,3.6,51,1.9607843137254901
607503,2013,7,2.0,1,6.0,20.0,3.3333333333333335,94,1.0638297872340425
607503,2013,8,4.0,1,7.0,24.0,3.4285714285714284,87,1.1494252873563218
607503,2013,10,4.0,1,8.0,28.0,3.5,56,1.7857142857142856
607503,2013,11,5.0,1,9.0,33.0,3.6666666666666665,52,1.9230769230769231
607503,2013,12,3.0,1,10.0,36.0,3.6,44,2.272727272727273
607503,2014,1,3.0,1,11.0,39.0,3.5454545454545454,72,1.3888888888888888
607503,2014,3,4.0,1,12.0,43.0,3.5833333333333335,61,1.639344262295082
607503,2014,7,4.0,2,14.0,51.0,3.642857142857143,98,2.0408163265306123
607503,2014,10,3.5,2,16.0,58.0,3.625,118,1.694915254237288
607503,2014,12,5.0,1,17.0,63.0,3.7058823529411766,102,0.9803921568627451
607503,2015,1,3.75,4,21.0,78.0,3.7142857142857144,128,3.125
607503,2015,3,4.0,1,22.0,82.0,3.727272727272727,160,0.625
607503,2015,4,3.0,1,23.0,85.0,3.6956521739130435,111,0.9009009009009009
607503,2015,6,4.0,1,24.0,89.0,3.7083333333333335,159,0.628930817610063
607503,2015,7,4.0,1,25.0,93.0,3.72,275,0.36363636363636365
607503,2015,9,4.0,2,27.0,101.0,3.740740740740741,238,0.8403361344537815
607503,2015,10,5.0,1,28.0,106.0,3.7857142857142856,222,0.45045045045045046
607503,2015,12,3.5,2,30.0,113.0,3.7666666666666666,184,1.0869565217391304
607503,2016,4,3.5,2,32.0,120.0,3.75,289,0.6920415224913495
607503,2016,7,2.5,2,34.0,125.0,3.676470588235294,531,0.3766478342749529
607503,2016,8,4.25,4,38.0,142.0,3.736842105263158,518,0.7722007722007722
607503,2016,11,3.0,2,40.0,148.0,3.7,271,0.7380073800738007
607503,2017,1,3.5,2,42.0,155.0,3.6904761904761907,277,0.7220216606498195
607503,2017,2,4.0,1,43.0,159.0,3.697674418604651,294,0.3401360544217687
607503,2017,5,3.0,1,44.0,162.0,3.6818181818181817,327,0.3058103975535168
607503,2017,6,3.5,2,46.0,169.0,3.6739130434782608,248,0.8064516129032258
607503,2017,7,4.0,1,47.0,173.0,3.6808510638297873,600,0.16666666666666669
607503,2017,8,4.0,1,48.0,177.0,3.6875,456,0.21929824561403508
607503,2018,8,4.0,2,50.0,185.0,3.7,506,0.3952569169960474
607503,2018,9,5.0,1,51.0,190.0,3.7254901960784315,326,0.3067484662576687
607503,2019,1,4.0,1,52.0,194.0,3.730769230769231,308,0.3246753246753247
607503,2019,6,3.0,1,53.0,197.0,3.7169811320754715,271,0.36900369003690037
607503,2019,7,4.0,1,54.0,201.0,3.7222222222222223,451,0.22172949002217296
607503,2019,9,3.5,2,56.0,208.0,3.7142857142857144,261,0.7662835249042145
607503,2019,11,4.0,1,57.0,212.0,3.719298245614035,288,0.3472222222222222
661108,2013,1,4.666666666666667,3,3.0,14.0,4.666666666666667,47,6.382978723404255
661108,2013,2,5.0,1,4.0,19.0,4.75,54,1.8518518518518516
661108,2013,3,4.666666666666667,3,7.0,33.0,4.714285714285714,57,5.263157894736842
661108,2013,4,4.5,6,13.0,60.0,4.615384615384615,50,12.0
661108,2013,5,4.375,8,21.0,95.0,4.523809523809524,51,15.686274509803921
661108,2013,6,5.0,3,24.0,110.0,4.583333333333333,63,4.761904761904762
661108,2013,7,4.5,14,38.0,173.0,4.552631578947368,94,14.893617021276595
661108,2013,8,4.4,5,43.0,195.0,4.534883720930233,87,5.747126436781609
661108,2013,9,4.0,5,48.0,215.0,4.479166666666667,64,7.8125
661108,2013,10,5.0,4,52.0,235.0,4.519230769230769,56,7.142857142857142
661108,2013,11,4.555555555555555,9,61.0,276.0,4.524590163934426,52,17.307692307692307
661108,2013,12,4.8,5,66.0,300.0,4.545454545454546,44,11.363636363636363
661108,2014,1,4.5,4,70.0,318.0,4.542857142857143,72,5.555555555555555
661108,2014,3,4.0,4,74.0,334.0,4.513513513513513,61,6.557377049180328
661108,2014,4,4.166666666666667,12,86.0,384.0,4.465116279069767,73,16.43835616438356
661108,2014,5,4.5,10,96.0,429.0,4.46875,89,11.235955056179774
661108,2014,6,4.666666666666667,3,99.0,443.0,4.474747474747475,85,3.5294117647058822
661108,2014,7,4.538461538461538,13,112.0,502.0,4.482142857142857,98,13.26530612244898
661108,2014,8,4.333333333333333,15,127.0,567.0,4.464566929133858,134,11.194029850746269
661108,2014,9,4.545454545454546,11,138.0,617.0,4.471014492753623,132,8.333333333333332
661108,2014,10,4.125,8,146.0,650.0,4.4520547945205475,118,6.779661016949152
661108,2014,11,4.6,5,151.0,673.0,4.456953642384106,122,4.098360655737705
661108,2014,12,3.8333333333333335,6,157.0,696.0,4.43312101910828,102,5.88235294117647
661108,2015,1,4.625,8,165.0,733.0,4.442424242424242,128,6.25
661108,2015,2,4.6,10,175.0,779.0,4.451428571428571,134,7.462686567164178
661108,2015,3,4.363636363636363,11,186.0,827.0,4.446236559139785,160,6.875000000000001
661108,2015,4,4.333333333333333,6,192.0,853.0,4.442708333333333,111,5.405405405405405
661108,2015,5,4.4,5,197.0,875.0,4.441624365482234,169,2.9585798816568047
661108,2015,6,4.571428571428571,7,204.0,907.0,4.446078431372549,159,4.40251572327044
661108,2015,7,4.416666666666667,12,216.0,960.0,4.444444444444445,275,4.363636363636364
661108,2015,8,4.307692307692308,26,242.0,1072.0,4.429752066115703,283,9.187279151943462
661108,2015,9,4.375,16,258.0,1142.0,4.426356589147287,238,6.722689075630252
661108,2015,10,4.363636363636363,11,269.0,1190.0,4.4237918215613385,222,4.954954954954955
661108,2015,11,4.142857142857143,7,276.0,1219.0,4.416666666666667,149,4.697986577181208
661108,2015,12,4.333333333333333,9,285.0,1258.0,4.414035087719299,184,4.891304347826087
661108,2016,1,4.666666666666667,12,297.0,1314.0,4.424242424242424,279,4.301075268817205
661108,2016,2,4.25,12,309.0,1365.0,4.41747572815534,285,4.2105263157894735
661108,2016,3,4.545454545454546,11,320.0,1415.0,4.421875,348,3.1609195402298855
661108,2016,4,4.5,12,332.0,1469.0,4.424698795180723,289,4.1522491349480966
661108,2016,5,4.444444444444445,9,341.0,1509.0,4.425219941348973,255,3.5294117647058822
661108,2016,6,4.615384615384615,13,354.0,1569.0,4.432203389830509,323,4.024767801857585
661108,2016,7,4.304347826086956,23,377.0,1668.0,4.424403183023872,531,4.3314500941619585
661108,2016,8,4.333333333333333,21,398.0,1759.0,4.419597989949748,518,4.054054054054054
661108,2016,9,4.5,22,420.0,1858.0,4.423809523809524,365,6.027397260273973
661108,2016,10,4.538461538461538,13,433.0,1917.0,4.427251732101617,371,3.5040431266846364
661108,2016,11,4.571428571428571,7,440.0,1949.0,4.429545454545455,271,2.5830258302583027
661108,2016,12,4.333333333333333,9,449.0,1988.0,4.427616926503341,260,3.4615384615384617
661108,2017,1,4.4,5,454.0,2010.0,4.427312775330397,277,1.8050541516245486
661108,2017,2,4.714285714285714,7,461.0,2043.0,4.431670281995662,294,2.380952380952381
661108,2017,3,4.625,8,469.0,2080.0,4.434968017057569,297,2.6936026936026933
661108,2017,4,3.75,4,473.0,2095.0,4.429175475687104,312,1.282051282051282
661108,2017,5,4.75,16,489.0,2171.0,4.439672801635992,327,4.892966360856269
661108,2017,6,4.375,8,497.0,2206.0,4.438631790744467,248,3.225806451612903
661108,2017,7,4.333333333333333,18,515.0,2284.0,4.43495145631068,600,3.0
661108,2017,8,4.2105263157894735,19,534.0,2364.0,4.426966292134831,456,4.166666666666666
661108,2017,9,4.333333333333333,9,543.0,2403.0,4.425414364640884,304,2.9605263157894735
661108,2017,10,4.375,8,551.0,2438.0,4.424682395644283,296,2.7027027027027026
661108,2017,11,4.25,4,555.0,2455.0,4.423423423423423,321,1.2461059190031152
661108,2017,12,4.333333333333333,3,558.0,2468.0,4.422939068100359,261,1.1494252873563218
661108,2018,1,4.375,8,566.0,2503.0,4.42226148409894,269,2.973977695167286
661108,2018,2,5.0,2,568.0,2513.0,4.424295774647887,231,0.8658008658008658
661108,2018,3,4.25,4,572.0,2530.0,4.423076923076923,349,1.146131805157593
661108,2018,4,4.25,4,576.0,2547.0,4.421875,246,1.6260162601626018
661108,2018,5,5.0,4,580.0,2567.0,4.425862068965517,257,1.556420233463035
661108,2018,6,4.857142857142857,7,587.0,2601.0,4.4310051107325386,333,2.1021021021021022
661108,2018,7,4.142857142857143,7,594.0,2630.0,4.427609427609427,477,1.4675052410901468
661108,2018,8,4.666666666666667,9,603.0,2672.0,4.4311774461028195,506,1.7786561264822136
661108,2018,9,4.0,4,607.0,2688.0,4.42833607907743,326,1.2269938650306749
661108,2018,10,4.714285714285714,7,614.0,2721.0,4.431596091205212,294,2.380952380952381
661108,2018,11,4.0,5,619.0,2741.0,4.4281098546042,247,2.0242914979757085
661108,2018,12,5.0,3,622.0,2756.0,4.430868167202572,261,1.1494252873563218
661108,2019,1,4.4,5,627.0,2778.0,4.430622009569378,308,1.6233766233766231
661108,2019,2,4.333333333333333,3,630.0,2791.0,4.43015873015873,232,1.293103448275862
661108,2019,3,4.0,3,633.0,2803.0,4.4281200631911535,265,1.1320754716981132
661108,2019,4,4.5,2,635.0,2812.0,4.428346456692913,233,0.8583690987124464
661108,2019,5,4.25,4,639.0,2829.0,4.427230046948357,235,1.702127659574468
661108,2019,6,4.4,5,644.0,2851.0,4.4270186335403725,271,1.8450184501845017
661108,2019,7,4.75,4,648.0,2870.0,4.429012345679013,451,0.8869179600886918
661108,2019,8,4.333333333333333,6,654.0,2896.0,4.428134556574924,337,1.7804154302670623
661108,2019,9,4.375,8,662.0,2931.0,4.427492447129909,261,3.065134099616858
661108,2019,10,4.0,1,663.0,2935.0,4.42684766214178,298,0.33557046979865773
661108,2019,11,4.5,2,665.0,2944.0,4.427067669172932,288,0.6944444444444444
661108,2020,1,5.0,1,666.0,2949.0,4.427927927927928,205,0.4878048780487805
661108,2020,3,4.0,1,667.0,2953.0,4.427286356821589,173,0.5780346820809248
661108,2020,7,4.0,3,670.0,2965.0,4.425373134328358,391,0.7672634271099744
661108,2020,8,4.0,1,671.0,2969.0,4.424739195230998,226,0.4424778761061947
661108,2020,10,4.5,2,673.0,2978.0,4.424962852897474,145,1.3793103448275863
775176,2013,1,4.333333333333333,3,3.0,13.0,4.333333333333333,47,6.382978723404255
775176,2013,2,4.0,2,5.0,21.0,4.2,54,3.7037037037037033
775176,2013,3,4.0,3,8.0,33.0,4.125,57,5.263157894736842
775176,2013,4,4.0,1,9.0,37.0,4.111111111111111,50,2.0
775176,2013,5,4.0,1,10.0,41.0,4.1,51,1.9607843137254901
775176,2013,6,5.0,1,11.0,46.0,4.181818181818182,63,1.5873015873015872
775176,2013,7,4.0,4,15.0,62.0,4.133333333333334,94,4.25531914893617
775176,2013,8,3.333333333333333,6,21.0,82.0,3.9047619047619047,87,6.896551724137931
775176,2013,10,5.0,2,23.0,92.0,4.0,56,3.571428571428571
775176,2013,11,4.0,1,24.0,96.0,4.0,52,1.9230769230769231
775176,2013,12,4.5,2,26.0,105.0,4.038461538461538,44,4.545454545454546
775176,2014,1,4.0,1,27.0,109.0,4.037037037037037,72,1.3888888888888888
775176,2014,2,4.333333333333333,3,30.0,122.0,4.066666666666666,48,6.25
775176,2014,3,3.5,4,34.0,136.0,4.0,61,6.557377049180328
775176,2014,4,3.25,4,38.0,149.0,3.9210526315789473,73,5.47945205479452
775176,2014,5,5.0,1,39.0,154.0,3.948717948717949,89,1.1235955056179776
775176,2014,6,4.0,4,43.0,170.0,3.953488372093023,85,4.705882352941177
775176,2014,7,4.0,3,46.0,182.0,3.9565217391304346,98,3.061224489795918
775176,2014,8,4.0,5,51.0,202.0,3.9607843137254903,134,3.731343283582089
775176,2014,9,4.125,8,59.0,235.0,3.983050847457627,132,6.0606060606060606
775176,2014,10,4.0,8,67.0,267.0,3.985074626865672,118,6.779661016949152
775176,2014,11,4.333333333333333,9,76.0,306.0,4.026315789473684,122,7.377049180327869
775176,2014,12,3.5,2,78.0,313.0,4.012820512820513,102,1.9607843137254901
775176,2015,1,4.25,4,82.0,330.0,4.024390243902439,128,3.125
775176,2015,2,3.857142857142857,7,89.0,357.0,4.01123595505618,134,5.223880597014925
775176,2015,3,3.75,8,97.0,387.0,3.9896907216494846,160,5.0
775176,2015,4,3.5,2,99.0,394.0,3.9797979797979797,111,1.8018018018018018
775176,2015,5,3.6666666666666665,6,105.0,416.0,3.961904761904762,169,3.5502958579881656
775176,2015,6,4.166666666666667,6,111.0,441.0,3.972972972972973,159,3.7735849056603774
775176,2015,7,4.0,8,119.0,473.0,3.9747899159663866,275,2.909090909090909
775176,2015,8,4.307692307692308,13,132.0,529.0,4.007575757575758,283,4.593639575971731
775176,2015,9,3.5,2,134.0,536.0,4.0,238,0.8403361344537815
775176,2015,10,3.8,5,139.0,555.0,3.9928057553956835,222,2.2522522522522523
775176,2015,11,3.6666666666666665,9,148.0,588.0,3.972972972972973,149,6.0402684563758395
775176,2015,12,4.0,8,156.0,620.0,3.9743589743589745,184,4.3478260869565215
775176,2016,1,4.0,7,163.0,648.0,3.9754601226993866,279,2.5089605734767026
775176,2016,2,4.0,3,166.0,660.0,3.9759036144578315,285,1.0526315789473684
775176,2016,3,4.153846153846154,13,179.0,714.0,3.988826815642458,348,3.7356321839080464
775176,2016,4,3.642857142857143,14,193.0,765.0,3.9637305699481864,289,4.844290657439446
775176,2016,5,4.2,5,198.0,786.0,3.9696969696969697,255,1.9607843137254901
775176,2016,6,4.1875,16,214.0,853.0,3.985981308411215,323,4.953560371517028
775176,2016,7,3.925925925925926,27,241.0,959.0,3.979253112033195,531,5.084745762711865
775176,2016,8,4.086956521739131,23,264.0,1053.0,3.9886363636363638,518,4.440154440154441
775176,2016,9,3.8461538461538463,13,277.0,1103.0,3.9819494584837547,365,3.5616438356164384
775176,2016,10,3.4285714285714284,14,291.0,1151.0,3.9553264604811,371,3.7735849056603774
775176,2016,11,4.0,13,304.0,1203.0,3.9572368421052633,271,4.797047970479705
775176,2016,12,3.769230769230769,13,317.0,1252.0,3.949526813880126,260,5.0
775176,2017,1,4.3,10,327.0,1295.0,3.9602446483180427,277,3.6101083032490973
775176,2017,2,4.0625,16,343.0,1360.0,3.9650145772594754,294,5.442176870748299
775176,2017,3,3.888888888888889,9,352.0,1395.0,3.9630681818181817,297,3.0303030303030303
775176,2017,4,4.2,15,367.0,1458.0,3.97275204359673,312,4.807692307692308
775176,2017,5,4.083333333333333,12,379.0,1507.0,3.9762532981530345,327,3.669724770642202
775176,2017,6,4.25,4,383.0,1524.0,3.97911227154047,248,1.6129032258064515
775176,2017,7,3.789473684210526,19,402.0,1596.0,3.970149253731343,600,3.166666666666667
775176,2017,8,3.941176470588236,17,419.0,1663.0,3.9689737470167064,456,3.7280701754385963
775176,2017,9,4.363636363636363,11,430.0,1711.0,3.9790697674418603,304,3.618421052631579
775176,2017,10,3.4545454545454546,11,441.0,1749.0,3.9659863945578233,296,3.7162162162162162
775176,2017,11,4.111111111111111,9,450.0,1786.0,3.968888888888889,321,2.803738317757009
775176,2017,12,3.3,10,460.0,1819.0,3.9543478260869565,261,3.8314176245210727
775176,2018,1,3.2,5,465.0,1835.0,3.946236559139785,269,1.858736059479554
775176,2018,2,4.375,8,473.0,1870.0,3.953488372093023,231,3.463203463203463
775176,2018,3,3.230769230769231,13,486.0,1912.0,3.934156378600823,349,3.7249283667621778
775176,2018,4,4.0,4,490.0,1928.0,3.9346938775510205,246,1.6260162601626018
775176,2018,5,2.0,1,491.0,1930.0,3.930753564154786,257,0.38910505836575876
775176,2018,6,4.0,5,496.0,1950.0,3.931451612903226,333,1.5015015015015014
775176,2018,7,3.25,8,504.0,1976.0,3.9206349206349205,477,1.6771488469601679
775176,2018,8,4.0,7,511.0,2004.0,3.9217221135029354,506,1.383399209486166
775176,2018,9,3.75,4,515.0,2019.0,3.920388349514563,326,1.2269938650306749
775176,2018,10,4.2,10,525.0,2061.0,3.9257142857142857,294,3.4013605442176873
775176,2018,11,4.090909090909091,11,536.0,2106.0,3.9291044776119404,247,4.4534412955465585
775176,2018,12,4.0,6,542.0,2130.0,3.9298892988929888,261,2.2988505747126435
775176,2019,1,4.333333333333333,6,548.0,2156.0,3.934306569343066,308,1.948051948051948
775176,2019,2,3.8,5,553.0,2175.0,3.9330922242314648,232,2.1551724137931036
775176,2019,3,3.6666666666666665,6,559.0,2197.0,3.9302325581395348,265,2.2641509433962264
775176,2019,4,4.333333333333333,9,568.0,2236.0,3.936619718309859,233,3.862660944206009
775176,2019,5,4.0,8,576.0,2268.0,3.9375,235,3.404255319148936
775176,2019,6,4.5,4,580.0,2286.0,3.9413793103448276,271,1.4760147601476015
775176,2019,7,4.384615384615385,13,593.0,2343.0,3.9510961214165263,451,2.882483370288248
775176,2019,8,3.857142857142857,7,600.0,2370.0,3.95,337,2.0771513353115725
775176,2019,9,3.6666666666666665,3,603.0,2381.0,3.9485903814262024,261,1.1494252873563218
775176,2019,10,3.888888888888889,9,612.0,2416.0,3.947712418300654,298,3.0201342281879198
775176,2019,11,3.4,5,617.0,2433.0,3.9432739059967585,288,1.7361111111111112
775176,2019,12,3.0,2,619.0,2439.0,3.9402261712439417,197,1.015228426395939
775176,2020,1,3.75,4,623.0,2454.0,3.9390048154093096,205,1.951219512195122
775176,2020,2,3.1666666666666665,6,629.0,2473.0,3.931637519872814,235,2.553191489361702
775176,2020,3,2.5,4,633.0,2483.0,3.9225908372827805,173,2.312138728323699
775176,2020,4,3.0,2,635.0,2489.0,3.9196850393700786,35,5.714285714285714
775176,2020,6,3.0,1,636.0,2492.0,3.9182389937106916,107,0.9345794392523363
775176,2020,7,4.0,7,643.0,2520.0,3.9191290824261276,391,1.7902813299232736
775176,2020,8,3.5,6,649.0,2541.0,3.9152542372881354,226,2.6548672566371683
775176,2020,10,4.333333333333333,3,652.0,2554.0,3.9171779141104293,145,2.0689655172413794
775176,2020,12,3.0,1,653.0,2557.0,3.915773353751914,81,1.2345679012345678
775451,2013,1,5.0,1,1.0,5.0,5.0,47,2.127659574468085
775451,2013,3,5.0,2,3.0,15.0,5.0,57,3.508771929824561
775451,2013,4,4.5,2,5.0,24.0,4.8,50,4.0
775451,2013,6,4.5,2,7.0,33.0,4.714285714285714,63,3.1746031746031744
775451,2013,7,3.75,4,11.0,48.0,4.363636363636363,94,4.25531914893617
775451,2013,8,2.0,1,12.0,50.0,4.166666666666667,87,1.1494252873563218
775451,2013,9,4.0,1,13.0,54.0,4.153846153846154,64,1.5625
775451,2013,11,4.0,2,15.0,62.0,4.133333333333334,52,3.8461538461538463
775451,2013,12,3.0,1,16.0,65.0,4.0625,44,2.272727272727273
775451,2014,1,3.5,2,18.0,72.0,4.0,72,2.7777777777777777
775451,2014,2,2.5,4,22.0,82.0,3.727272727272727,48,8.333333333333332
775451,2014,3,4.5,4,26.0,100.0,3.8461538461538463,61,6.557377049180328
775451,2014,4,5.0,2,28.0,110.0,3.9285714285714284,73,2.73972602739726
775451,2014,5,3.0,1,29.0,113.0,3.896551724137931,89,1.1235955056179776
775451,2014,6,4.0,2,31.0,121.0,3.903225806451613,85,2.3529411764705883
775451,2014,8,3.75,4,35.0,136.0,3.8857142857142857,134,2.9850746268656714
775451,2014,9,4.666666666666667,3,38.0,150.0,3.9473684210526314,132,2.272727272727273
775451,2014,10,5.0,1,39.0,155.0,3.9743589743589745,118,0.847457627118644
775451,2014,11,4.5,2,41.0,164.0,4.0,122,1.639344262295082
775451,2014,12,3.5,2,43.0,171.0,3.9767441860465116,102,1.9607843137254901
775451,2015,1,2.5,2,45.0,176.0,3.911111111111111,128,1.5625
775451,2015,2,5.0,2,47.0,186.0,3.9574468085106385,134,1.4925373134328357
775451,2015,3,5.0,1,48.0,191.0,3.9791666666666665,160,0.625
775451,2015,4,3.6666666666666665,3,51.0,202.0,3.9607843137254903,111,2.7027027027027026
775451,2015,5,3.0,1,52.0,205.0,3.9423076923076925,169,0.591715976331361
775451,2015,6,3.0,1,53.0,208.0,3.9245283018867925,159,0.628930817610063
775451,2015,7,4.0,7,60.0,236.0,3.933333333333333,275,2.5454545454545454
775451,2015,8,3.0,4,64.0,248.0,3.875,283,1.4134275618374559
775451,2015,9,4.0,2,66.0,256.0,3.878787878787879,238,0.8403361344537815
775451,2015,10,4.0,1,67.0,260.0,3.8805970149253732,222,0.45045045045045046
775451,2015,11,3.0,1,68.0,263.0,3.8676470588235294,149,0.6711409395973155
775451,2015,12,5.0,2,70.0,273.0,3.9,184,1.0869565217391304
775451,2016,1,4.0,3,73.0,285.0,3.904109589041096,279,1.0752688172043012
775451,2016,2,3.6,10,83.0,321.0,3.8674698795180724,285,3.508771929824561
775451,2016,3,3.0,5,88.0,336.0,3.8181818181818183,348,1.4367816091954022
775451,2016,4,4.0,1,89.0,340.0,3.8202247191011236,289,0.34602076124567477
775451,2016,5,4.5,4,93.0,358.0,3.849462365591398,255,1.5686274509803921
775451,2016,6,3.25,4,97.0,371.0,3.8247422680412373,323,1.238390092879257
775451,2016,7,3.9166666666666665,12,109.0,418.0,3.834862385321101,531,2.2598870056497176
775451,2016,8,4.2,5,114.0,439.0,3.8508771929824563,518,0.9652509652509652
775451,2016,9,4.5,4,118.0,457.0,3.8728813559322033,365,1.095890410958904
775451,2016,10,4.2,5,123.0,478.0,3.886178861788618,371,1.3477088948787064
775451,2016,11,3.0,1,124.0,481.0,3.879032258064516,271,0.36900369003690037
775451,2016,12,3.8,5,129.0,500.0,3.875968992248062,260,1.9230769230769231
775451,2017,1,3.75,4,133.0,515.0,3.8721804511278197,277,1.444043321299639
775451,2017,2,3.7142857142857135,7,140.0,541.0,3.8642857142857143,294,2.380952380952381
775451,2017,3,4.0,3,143.0,553.0,3.867132867132867,297,1.0101010101010102
775451,2017,4,3.8333333333333335,6,149.0,576.0,3.865771812080537,312,1.9230769230769231
775451,2017,5,3.5,4,153.0,590.0,3.8562091503267975,327,1.2232415902140672
775451,2017,6,4.5,2,155.0,599.0,3.8645161290322583,248,0.8064516129032258
775451,2017,7,3.8333333333333335,6,161.0,622.0,3.8633540372670807,600,1.0
775451,2017,8,3.75,4,165.0,637.0,3.860606060606061,456,0.8771929824561403
775451,2017,9,5.0,1,166.0,642.0,3.8674698795180724,304,0.3289473684210526
775451,2017,10,4.333333333333333,3,169.0,655.0,3.8757396449704142,296,1.0135135135135136
775451,2017,11,4.0,3,172.0,667.0,3.877906976744186,321,0.9345794392523363
775451,2017,12,3.6,5,177.0,685.0,3.8700564971751414,261,1.9157088122605364
775451,2018,1,3.0,3,180.0,694.0,3.8555555555555556,269,1.1152416356877324
775451,2018,2,3.6666666666666665,3,183.0,705.0,3.8524590163934427,231,1.2987012987012987
775451,2018,3,3.142857142857143,7,190.0,727.0,3.8263157894736843,349,2.005730659025788
775451,2018,4,3.142857142857143,7,197.0,749.0,3.802030456852792,246,2.8455284552845526
775451,2018,5,2.6666666666666665,3,200.0,757.0,3.785,257,1.1673151750972763
775451,2018,6,3.5,4,204.0,771.0,3.7794117647058822,333,1.2012012012012012
775451,2018,7,3.0,3,207.0,780.0,3.7681159420289854,477,0.628930817610063
775451,2018,8,3.333333333333333,3,210.0,790.0,3.761904761904762,506,0.592885375494071
775451,2018,9,4.0,2,212.0,798.0,3.7641509433962264,326,0.6134969325153374
775451,2018,10,3.0,3,215.0,807.0,3.7534883720930234,294,1.0204081632653061
775451,2018,11,3.0,1,216.0,810.0,3.75,247,0.4048582995951417
775451,2018,12,4.0,1,217.0,814.0,3.751152073732719,261,0.38314176245210724
775451,2019,1,4.0,2,219.0,822.0,3.7534246575342465,308,0.6493506493506493
775451,2019,2,5.0,1,220.0,827.0,3.7590909090909093,232,0.43103448275862066
775451,2019,3,3.5,2,222.0,834.0,3.7567567567567566,265,0.7547169811320755
775451,2019,4,3.0,1,223.0,837.0,3.7533632286995515,233,0.4291845493562232
775451,2019,5,5.0,1,224.0,842.0,3.7589285714285716,235,0.425531914893617
775451,2019,6,3.2,5,229.0,858.0,3.7467248908296944,271,1.8450184501845017
775451,2019,7,3.0,2,231.0,864.0,3.74025974025974,451,0.4434589800443459
775451,2019,8,2.0,2,233.0,868.0,3.725321888412017,337,0.5934718100890208
775451,2019,9,2.6666666666666665,3,236.0,876.0,3.711864406779661,261,1.1494252873563218
775451,2019,11,3.5,2,238.0,883.0,3.7100840336134455,288,0.6944444444444444
775451,2019,12,4.0,2,240.0,891.0,3.7125,197,1.015228426395939
775451,2020,1,3.5,4,244.0,905.0,3.709016393442623,205,1.951219512195122
775451,2020,2,3.0,2,246.0,911.0,3.703252032520325,235,0.851063829787234
775451,2020,3,4.333333333333333,3,249.0,924.0,3.710843373493976,173,1.7341040462427744
775451,2020,4,3.0,1,250.0,927.0,3.708,35,2.857142857142857
775451,2020,7,4.333333333333333,3,253.0,940.0,3.7154150197628457,391,0.7672634271099744
775451,2020,8,4.0,2,255.0,948.0,3.7176470588235295,226,0.8849557522123894
775451,2020,10,3.6666666666666665,3,258.0,959.0,3.7170542635658914,145,2.0689655172413794
775451,2020,11,4.0,1,259.0,963.0,3.718146718146718,120,0.8333333333333334
775451,2020,12,3.0,1,260.0,966.0,3.7153846153846155,81,1.2345679012345678
776293,2013,3,3.0,1,1.0,3.0,3.0,57,1.7543859649122806
776293,2013,4,4.0,1,2.0,7.0,3.5,50,2.0
776293,2013,7,2.0,1,3.0,9.0,3.0,94,1.0638297872340425
776293,2013,8,5.0,1,4.0,14.0,3.5,87,1.1494252873563218
776293,2013,9,3.0,1,5.0,17.0,3.4,64,1.5625
776293,2013,10,2.0,1,6.0,19.0,3.1666666666666665,56,1.7857142857142856
776293,2014,1,3.0,2,8.0,25.0,3.125,72,2.7777777777777777
776293,2014,3,4.0,1,9.0,29.0,3.2222222222222223,61,1.639344262295082
776293,2014,9,4.0,1,10.0,33.0,3.3,132,0.7575757575757576
776293,2014,11,2.0,1,11.0,35.0,3.1818181818181817,122,0.819672131147541
776293,2015,1,3.0,1,12.0,38.0,3.1666666666666665,128,0.78125
776293,2015,2,1.0,1,13.0,39.0,3.0,134,0.7462686567164178
776293,2015,3,3.0,1,14.0,42.0,3.0,160,0.625
776293,2015,9,4.0,1,15.0,46.0,3.066666666666667,238,0.42016806722689076
776293,2015,12,3.0,1,16.0,49.0,3.0625,184,0.5434782608695652
776293,2016,2,3.0,1,17.0,52.0,3.0588235294117645,285,0.3508771929824561
776293,2016,3,3.0,1,18.0,55.0,3.0555555555555554,348,0.28735632183908044
776293,2016,4,3.5,2,20.0,62.0,3.1,289,0.6920415224913495
776293,2016,7,3.5,2,22.0,69.0,3.1363636363636362,531,0.3766478342749529
776293,2016,9,2.0,1,23.0,71.0,3.0869565217391304,365,0.273972602739726
776293,2017,2,4.0,2,25.0,79.0,3.16,294,0.6802721088435374
776293,2017,4,5.0,1,26.0,84.0,3.230769230769231,312,0.3205128205128205
776293,2017,7,2.5,2,28.0,89.0,3.1785714285714284,600,0.33333333333333337
776293,2017,9,5.0,1,29.0,94.0,3.2413793103448274,304,0.3289473684210526
776293,2017,11,2.0,1,30.0,96.0,3.2,321,0.3115264797507788
776293,2018,1,3.0,1,31.0,99.0,3.193548387096774,269,0.37174721189591076
776293,2018,3,4.0,1,32.0,103.0,3.21875,349,0.28653295128939826
776293,2018,4,5.0,1,33.0,108.0,3.272727272727273,246,0.40650406504065045
776293,2018,11,4.0,1,34.0,112.0,3.2941176470588234,247,0.4048582995951417
776293,2019,7,4.0,1,35.0,116.0,3.3142857142857145,451,0.22172949002217296
776293,2019,8,3.0,1,36.0,119.0,3.3055555555555554,337,0.2967359050445104
776293,2020,9,4.0,1,37.0,123.0,3.324324324324324,160,0.625
776295,2013,2,3.0,1,1.0,3.0,3.0,54,1.8518518518518516
776295,2013,8,3.0,1,2.0,6.0,3.0,87,1.1494252873563218
776295,2013,10,5.0,1,3.0,11.0,3.6666666666666665,56,1.7857142857142856
776295,2015,3,3.0,1,4.0,14.0,3.5,160,0.625
776295,2015,6,4.0,1,5.0,18.0,3.6,159,0.628930817610063
776295,2015,11,5.0,1,6.0,23.0,3.8333333333333335,149,0.6711409395973155
776295,2016,3,4.0,2,8.0,31.0,3.875,348,0.5747126436781609
776295,2016,5,3.0,1,9.0,34.0,3.7777777777777777,255,0.39215686274509803
776295,2016,9,5.0,1,10.0,39.0,3.9,365,0.273972602739726
776295,2016,10,3.0,1,11.0,42.0,3.8181818181818183,371,0.2695417789757413
776295,2017,7,4.0,1,12.0,46.0,3.8333333333333335,600,0.16666666666666669
776295,2017,8,4.0,1,13.0,50.0,3.8461538461538463,456,0.21929824561403508
776295,2017,10,3.0,1,14.0,53.0,3.7857142857142856,296,0.33783783783783783
776295,2018,9,4.0,1,15.0,57.0,3.8,326,0.3067484662576687
776295,2019,3,4.0,1,16.0,61.0,3.8125,265,0.37735849056603776
776295,2019,4,5.0,1,17.0,66.0,3.8823529411764706,233,0.4291845493562232
776296,2013,2,4.0,1,1.0,4.0,4.0,54,1.8518518518518516
776296,2013,3,3.0,2,3.0,10.0,3.3333333333333335,57,3.508771929824561
776296,2013,4,4.5,4,7.0,28.0,4.0,50,8.0
776296,2013,5,4.0,1,8.0,32.0,4.0,51,1.9607843137254901
776296,2013,6,3.5,2,10.0,39.0,3.9,63,3.1746031746031744
776296,2013,7,3.5,2,12.0,46.0,3.8333333333333335,94,2.127659574468085
776296,2013,8,4.0,2,14.0,54.0,3.857142857142857,87,2.2988505747126435
776296,2013,9,4.5,2,16.0,63.0,3.9375,64,3.125
776296,2013,11,4.0,2,18.0,71.0,3.9444444444444446,52,3.8461538461538463
776296,2013,12,5.0,1,19.0,76.0,4.0,44,2.272727272727273
776296,2014,1,4.2,5,24.0,97.0,4.041666666666667,72,6.944444444444445
776296,2014,2,4.0,3,27.0,109.0,4.037037037037037,48,6.25
776296,2014,4,4.0,2,29.0,117.0,4.0344827586206895,73,2.73972602739726
776296,2014,5,4.0,1,30.0,121.0,4.033333333333333,89,1.1235955056179776
776296,2014,6,4.0,1,31.0,125.0,4.032258064516129,85,1.1764705882352942
776296,2014,7,5.0,1,32.0,130.0,4.0625,98,1.0204081632653061
776296,2014,9,4.0,2,34.0,138.0,4.0588235294117645,132,1.5151515151515151
776296,2014,10,4.0,2,36.0,146.0,4.055555555555555,118,1.694915254237288
776296,2014,11,5.0,2,38.0,156.0,4.105263157894737,122,1.639344262295082
776296,2014,12,3.5,2,40.0,163.0,4.075,102,1.9607843137254901
776296,2015,1,4.5,2,42.0,172.0,4.095238095238095,128,1.5625
776296,2015,2,4.0,4,46.0,188.0,4.086956521739131,134,2.9850746268656714
776296,2015,3,4.5,2,48.0,197.0,4.104166666666667,160,1.25
776296,2015,4,4.5,4,52.0,215.0,4.134615384615385,111,3.6036036036036037
776296,2015,5,4.5,2,54.0,224.0,4.148148148148148,169,1.183431952662722
776296,2015,6,4.5,4,58.0,242.0,4.172413793103448,159,2.515723270440252
776296,2015,7,4.6,5,63.0,265.0,4.2063492063492065,275,1.8181818181818181
776296,2015,8,3.7142857142857135,7,70.0,291.0,4.1571428571428575,283,2.4734982332155475
776296,2015,9,4.333333333333333,3,73.0,304.0,4.164383561643835,238,1.2605042016806722
776296,2015,10,4.666666666666667,3,76.0,318.0,4.184210526315789,222,1.3513513513513513
776296,2015,11,4.833333333333333,6,82.0,347.0,4.2317073170731705,149,4.026845637583892
776296,2015,12,4.4,5,87.0,369.0,4.241379310344827,184,2.717391304347826
776296,2016,1,4.444444444444445,9,96.0,409.0,4.260416666666667,279,3.225806451612903
776296,2016,2,4.6,5,101.0,432.0,4.2772277227722775,285,1.7543859649122806
776296,2016,3,4.25,8,109.0,466.0,4.275229357798165,348,2.2988505747126435
776296,2016,4,3.75,4,113.0,481.0,4.256637168141593,289,1.384083044982699
776296,2016,5,4.0,2,115.0,489.0,4.252173913043478,255,0.7843137254901961
776296,2016,6,4.25,8,123.0,523.0,4.252032520325203,323,2.476780185758514
776296,2016,7,4.666666666666667,3,126.0,537.0,4.261904761904762,531,0.5649717514124294
776296,2016,8,4.4,10,136.0,581.0,4.272058823529412,518,1.9305019305019304
776296,2016,9,4.666666666666667,9,145.0,623.0,4.296551724137931,365,2.4657534246575343
776296,2016,10,4.25,4,149.0,640.0,4.295302013422819,371,1.078167115902965
776296,2016,11,3.8,5,154.0,659.0,4.279220779220779,271,1.8450184501845017
776296,2016,12,4.5,2,156.0,668.0,4.282051282051282,260,0.7692307692307693
776296,2017,1,4.166666666666667,6,162.0,693.0,4.277777777777778,277,2.166064981949458
776296,2017,2,4.75,4,166.0,712.0,4.289156626506024,294,1.3605442176870748
776296,2017,3,4.666666666666667,3,169.0,726.0,4.295857988165681,297,1.0101010101010102
776296,2017,4,4.333333333333333,6,175.0,752.0,4.297142857142857,312,1.9230769230769231
776296,2017,5,4.5,4,179.0,770.0,4.301675977653631,327,1.2232415902140672
776296,2017,6,5.0,4,183.0,790.0,4.316939890710382,248,1.6129032258064515
776296,2017,7,3.8181818181818175,11,194.0,832.0,4.288659793814433,600,1.8333333333333333
776296,2017,8,4.666666666666667,3,197.0,846.0,4.2944162436548226,456,0.6578947368421052
776296,2017,9,3.8,5,202.0,865.0,4.282178217821782,304,1.644736842105263
776296,2017,10,5.0,1,203.0,870.0,4.285714285714286,296,0.33783783783783783
776296,2017,11,3.333333333333333,3,206.0,880.0,4.271844660194175,321,0.9345794392523363
776296,2017,12,4.666666666666667,3,209.0,894.0,4.277511961722488,261,1.1494252873563218
776296,2018,1,4.285714285714286,7,216.0,924.0,4.277777777777778,269,2.6022304832713754
776296,2018,2,3.6,5,221.0,942.0,4.262443438914027,231,2.1645021645021645
776296,2018,3,3.8,5,226.0,961.0,4.252212389380531,349,1.4326647564469914
776296,2018,4,4.0,3,229.0,973.0,4.248908296943231,246,1.2195121951219512
776296,2018,5,3.0,2,231.0,979.0,4.238095238095238,257,0.7782101167315175
776296,2018,6,2.0,2,233.0,983.0,4.218884120171674,333,0.6006006006006006
776296,2018,7,4.333333333333333,3,236.0,996.0,4.220338983050848,477,0.628930817610063
776296,2018,8,3.7777777777777777,9,245.0,1030.0,4.204081632653061,506,1.7786561264822136
776296,2018,9,4.5,4,249.0,1048.0,4.208835341365462,326,1.2269938650306749
776296,2018,11,4.5,4,253.0,1066.0,4.213438735177865,247,1.6194331983805668
776296,2018,12,4.0,2,255.0,1074.0,4.211764705882353,261,0.7662835249042145
776296,2019,1,5.0,1,256.0,1079.0,4.21484375,308,0.3246753246753247
776296,2019,2,4.0,1,257.0,1083.0,4.214007782101167,232,0.43103448275862066
776296,2019,3,4.5,4,261.0,1101.0,4.218390804597701,265,1.509433962264151
776296,2019,4,4.5,4,265.0,1119.0,4.222641509433962,233,1.7167381974248928
776296,2019,5,4.666666666666667,3,268.0,1133.0,4.227611940298507,235,1.276595744680851
776296,2019,6,4.25,4,272.0,1150.0,4.227941176470588,271,1.4760147601476015
776296,2019,7,4.0,2,274.0,1158.0,4.226277372262774,451,0.4434589800443459
776296,2019,8,4.0,3,277.0,1170.0,4.223826714801444,337,0.8902077151335311
776296,2019,10,4.666666666666667,3,280.0,1184.0,4.228571428571429,298,1.006711409395973
776296,2019,11,4.0,2,282.0,1192.0,4.226950354609929,288,0.6944444444444444
776296,2019,12,4.666666666666667,3,285.0,1206.0,4.231578947368421,197,1.5228426395939088
776296,2020,1,4.75,4,289.0,1225.0,4.2387543252595155,205,1.951219512195122
776296,2020,2,4.0,2,291.0,1233.0,4.237113402061856,235,0.851063829787234
776296,2020,3,4.5,4,295.0,1251.0,4.240677966101695,173,2.312138728323699
776296,2020,8,3.0,2,297.0,1257.0,4.232323232323233,226,0.8849557522123894
776296,2020,11,5.0,1,298.0,1262.0,4.23489932885906,120,0.8333333333333334
776477,2013,2,4.0,2,2.0,8.0,4.0,54,3.7037037037037033
776477,2013,3,3.0,1,3.0,11.0,3.6666666666666665,57,1.7543859649122806
776477,2013,4,3.0,1,4.0,14.0,3.5,50,2.0
776477,2013,7,4.0,1,5.0,18.0,3.6,94,1.0638297872340425
776477,2013,11,5.0,1,6.0,23.0,3.8333333333333335,52,1.9230769230769231
776477,2014,3,5.0,1,7.0,28.0,4.0,61,1.639344262295082
776477,2014,5,4.0,1,8.0,32.0,4.0,89,1.1235955056179776
776477,2014,9,4.0,1,9.0,36.0,4.0,132,0.7575757575757576
776477,2014,10,3.0,1,10.0,39.0,3.9,118,0.847457627118644
776477,2014,11,5.0,1,11.0,44.0,4.0,122,0.819672131147541
776477,2014,12,4.0,1,12.0,48.0,4.0,102,0.9803921568627451
776477,2015,4,4.0,2,14.0,56.0,4.0,111,1.8018018018018018
776477,2015,5,4.5,2,16.0,65.0,4.0625,169,1.183431952662722
776477,2015,6,3.5,2,18.0,72.0,4.0,159,1.257861635220126
776477,2015,9,4.5,2,20.0,81.0,4.05,238,0.8403361344537815
776477,2015,11,2.0,2,22.0,85.0,3.8636363636363638,149,1.342281879194631
776477,2015,12,3.0,1,23.0,88.0,3.8260869565217392,184,0.5434782608695652
776477,2016,1,4.0,1,24.0,92.0,3.8333333333333335,279,0.35842293906810035
776477,2016,5,4.0,2,26.0,100.0,3.8461538461538463,255,0.7843137254901961
776477,2016,7,4.4,5,31.0,122.0,3.935483870967742,531,0.9416195856873822
776477,2016,11,5.0,1,32.0,127.0,3.96875,271,0.36900369003690037
776477,2016,12,4.0,1,33.0,131.0,3.9696969696969697,260,0.38461538461538464
776477,2017,2,5.0,1,34.0,136.0,4.0,294,0.3401360544217687
776477,2017,3,4.0,1,35.0,140.0,4.0,297,0.33670033670033667
776477,2017,4,5.0,1,36.0,145.0,4.027777777777778,312,0.3205128205128205
776477,2017,5,5.0,1,37.0,150.0,4.054054054054054,327,0.3058103975535168
776477,2017,7,4.666666666666667,3,40.0,164.0,4.1,600,0.5
776477,2017,8,4.0,2,42.0,172.0,4.095238095238095,456,0.43859649122807015
776477,2017,9,4.0,1,43.0,176.0,4.093023255813954,304,0.3289473684210526
776477,2017,10,5.0,1,44.0,181.0,4.113636363636363,296,0.33783783783783783
776477,2017,12,4.0,1,45.0,185.0,4.111111111111111,261,0.38314176245210724
776477,2018,4,5.0,1,46.0,190.0,4.130434782608695,246,0.40650406504065045
776477,2018,6,5.0,1,47.0,195.0,4.148936170212766,333,0.3003003003003003
776477,2018,8,5.0,1,48.0,200.0,4.166666666666667,506,0.1976284584980237
776477,2018,9,4.0,1,49.0,204.0,4.163265306122449,326,0.3067484662576687
776477,2018,10,4.0,1,50.0,208.0,4.16,294,0.3401360544217687
776477,2018,11,3.0,1,51.0,211.0,4.137254901960785,247,0.4048582995951417
776477,2018,12,2.0,1,52.0,213.0,4.096153846153846,261,0.38314176245210724
776477,2019,1,4.0,1,53.0,217.0,4.09433962264151,308,0.3246753246753247
776477,2019,5,4.0,1,54.0,221.0,4.092592592592593,235,0.425531914893617
776477,2019,7,5.0,1,55.0,226.0,4.109090909090909,451,0.22172949002217296
776477,2019,9,2.0,1,56.0,228.0,4.071428571428571,261,0.38314176245210724
776477,2019,10,5.0,1,57.0,233.0,4.087719298245614,298,0.33557046979865773
776477,2019,12,5.0,1,58.0,238.0,4.103448275862069,197,0.5076142131979695
776477,2020,1,2.0,1,59.0,240.0,4.067796610169491,205,0.4878048780487805
776477,2020,7,5.0,1,60.0,245.0,4.083333333333333,391,0.2557544757033248
776477,2020,8,5.0,1,61.0,250.0,4.098360655737705,226,0.4424778761061947
776477,2020,10,2.0,1,62.0,252.0,4.064516129032258,145,0.6896551724137931
776800,2013,1,4.0,1,1.0,4.0,4.0,47,2.127659574468085
776800,2013,2,5.0,1,2.0,9.0,4.5,54,1.8518518518518516
776800,2013,3,5.0,1,3.0,14.0,4.666666666666667,57,1.7543859649122806
776800,2013,5,4.0,3,6.0,26.0,4.333333333333333,51,5.88235294117647
776800,2013,9,4.0,1,7.0,30.0,4.285714285714286,64,1.5625
776800,2014,1,4.0,1,8.0,34.0,4.25,72,1.3888888888888888
776800,2014,4,5.0,1,9.0,39.0,4.333333333333333,73,1.36986301369863
776800,2014,5,4.0,2,11.0,47.0,4.2727272727272725,89,2.247191011235955
776800,2014,7,5.0,2,13.0,57.0,4.384615384615385,98,2.0408163265306123
776800,2014,8,5.0,2,15.0,67.0,4.466666666666667,134,1.4925373134328357
776800,2014,9,4.0,1,16.0,71.0,4.4375,132,0.7575757575757576
776800,2014,10,2.0,1,17.0,73.0,4.294117647058823,118,0.847457627118644
776800,2014,11,4.0,3,20.0,85.0,4.25,122,2.459016393442623
776800,2015,1,5.0,1,21.0,90.0,4.285714285714286,128,0.78125
776800,2015,5,5.0,1,22.0,95.0,4.318181818181818,169,0.591715976331361
776800,2015,7,5.0,1,23.0,100.0,4.3478260869565215,275,0.36363636363636365
776800,2015,8,4.0,1,24.0,104.0,4.333333333333333,283,0.35335689045936397
776800,2015,9,4.0,3,27.0,116.0,4.296296296296297,238,1.2605042016806722
776800,2015,11,4.0,1,28.0,120.0,4.285714285714286,149,0.6711409395973155
776800,2015,12,4.0,3,31.0,132.0,4.258064516129032,184,1.6304347826086956
776800,2016,1,3.5,2,33.0,139.0,4.212121212121212,279,0.7168458781362007
776800,2016,2,4.0,1,34.0,143.0,4.205882352941177,285,0.3508771929824561
776800,2016,3,5.0,2,36.0,153.0,4.25,348,0.5747126436781609
776800,2016,6,5.0,1,37.0,158.0,4.27027027027027,323,0.30959752321981426
776800,2016,7,3.6666666666666665,3,40.0,169.0,4.225,531,0.5649717514124294
776800,2016,8,4.5,2,42.0,178.0,4.238095238095238,518,0.3861003861003861
776800,2016,11,5.0,1,43.0,183.0,4.255813953488372,271,0.36900369003690037
776800,2016,12,5.0,1,44.0,188.0,4.2727272727272725,260,0.38461538461538464
776800,2017,1,4.0,1,45.0,192.0,4.266666666666667,277,0.36101083032490977
776800,2017,3,4.0,2,47.0,200.0,4.25531914893617,297,0.6734006734006733
776800,2017,4,5.0,1,48.0,205.0,4.270833333333333,312,0.3205128205128205
776800,2017,5,5.0,1,49.0,210.0,4.285714285714286,327,0.3058103975535168
776800,2017,6,4.5,2,51.0,219.0,4.294117647058823,248,0.8064516129032258
776800,2017,7,4.25,4,55.0,236.0,4.290909090909091,600,0.6666666666666667
776800,2017,9,4.0,1,56.0,240.0,4.285714285714286,304,0.3289473684210526
776800,2017,11,5.0,1,57.0,245.0,4.298245614035087,321,0.3115264797507788
776800,2018,1,2.0,1,58.0,247.0,4.258620689655173,269,0.37174721189591076
776800,2018,2,5.0,1,59.0,252.0,4.271186440677966,231,0.4329004329004329
776800,2018,3,3.0,2,61.0,258.0,4.229508196721311,349,0.5730659025787965
776800,2018,4,3.0,1,62.0,261.0,4.209677419354839,246,0.40650406504065045
776800,2018,5,3.25,4,66.0,274.0,4.151515151515151,257,1.556420233463035
776800,2018,8,4.5,2,68.0,283.0,4.161764705882353,506,0.3952569169960474
776800,2018,10,5.0,1,69.0,288.0,4.173913043478261,294,0.3401360544217687
776800,2018,12,4.5,2,71.0,297.0,4.183098591549296,261,0.7662835249042145
776800,2019,7,5.0,1,72.0,302.0,4.194444444444445,451,0.22172949002217296
776800,2019,8,4.0,1,73.0,306.0,4.191780821917808,337,0.2967359050445104
776800,2019,10,5.0,1,74.0,311.0,4.202702702702703,298,0.33557046979865773
776800,2019,12,4.0,2,76.0,319.0,4.197368421052632,197,1.015228426395939
776800,2020,3,5.0,1,77.0,324.0,4.207792207792208,173,0.5780346820809248
776800,2020,7,4.0,3,80.0,336.0,4.2,391,0.7672634271099744
776800,2020,10,3.6666666666666665,3,83.0,347.0,4.180722891566265,145,2.0689655172413794
776804,2014,9,4.0,1,1.0,4.0,4.0,132,0.7575757575757576
776804,2017,2,4.0,1,2.0,8.0,4.0,294,0.3401360544217687
777510,2013,1,5.0,1,1.0,5.0,5.0,47,2.127659574468085
777510,2013,2,4.0,1,2.0,9.0,4.5,54,1.8518518518518516
777510,2013,3,5.0,3,5.0,24.0,4.8,57,5.263157894736842
777510,2013,4,4.0,1,6.0,28.0,4.666666666666667,50,2.0
777510,2013,5,5.0,4,10.0,48.0,4.8,51,7.8431372549019605
777510,2013,6,3.6666666666666665,3,13.0,59.0,4.538461538461538,63,4.761904761904762
777510,2013,7,4.0,5,18.0,79.0,4.388888888888889,94,5.319148936170213
777510,2013,8,4.0,4,22.0,95.0,4.318181818181818,87,4.597701149425287
777510,2013,9,4.666666666666667,3,25.0,109.0,4.36,64,4.6875
777510,2013,11,4.5,2,27.0,118.0,4.37037037037037,52,3.8461538461538463
777510,2013,12,4.0,1,28.0,122.0,4.357142857142857,44,2.272727272727273
777510,2014,1,5.0,2,30.0,132.0,4.4,72,2.7777777777777777
777510,2014,2,4.0,2,32.0,140.0,4.375,48,4.166666666666666
777510,2014,3,4.625,8,40.0,177.0,4.425,61,13.114754098360656
777510,2014,4,4.555555555555555,9,49.0,218.0,4.448979591836735,73,12.32876712328767
777510,2014,5,4.25,4,53.0,235.0,4.433962264150943,89,4.49438202247191
777510,2014,6,4.5,6,59.0,262.0,4.440677966101695,85,7.0588235294117645
777510,2014,7,4.0,4,63.0,278.0,4.412698412698413,98,4.081632653061225
777510,2014,8,3.6,5,68.0,296.0,4.352941176470588,134,3.731343283582089
777510,2014,9,4.142857142857143,7,75.0,325.0,4.333333333333333,132,5.303030303030303
777510,2014,10,4.666666666666667,3,78.0,339.0,4.346153846153846,118,2.5423728813559325
777510,2014,11,4.571428571428571,7,85.0,371.0,4.364705882352941,122,5.737704918032787
777510,2014,12,4.0,5,90.0,391.0,4.344444444444444,102,4.901960784313726
777510,2015,1,4.0,2,92.0,399.0,4.336956521739131,128,1.5625
777510,2015,2,4.538461538461538,13,105.0,458.0,4.3619047619047615,134,9.701492537313433
777510,2015,3,4.4,10,115.0,502.0,4.3652173913043475,160,6.25
777510,2015,4,4.142857142857143,7,122.0,531.0,4.352459016393443,111,6.306306306306306
777510,2015,5,4.428571428571429,7,129.0,562.0,4.3565891472868215,169,4.142011834319527
777510,2015,6,3.75,8,137.0,592.0,4.321167883211679,159,5.031446540880504
777510,2015,7,4.333333333333333,6,143.0,618.0,4.321678321678322,275,2.181818181818182
777510,2015,8,4.1,10,153.0,659.0,4.30718954248366,283,3.53356890459364
777510,2015,9,4.083333333333333,12,165.0,708.0,4.290909090909091,238,5.042016806722689
777510,2015,10,4.4,10,175.0,752.0,4.297142857142857,222,4.504504504504505
777510,2015,11,4.375,8,183.0,787.0,4.300546448087432,149,5.369127516778524
777510,2015,12,4.428571428571429,7,190.0,818.0,4.3052631578947365,184,3.804347826086957
777510,2016,1,4.285714285714286,7,197.0,848.0,4.304568527918781,279,2.5089605734767026
777510,2016,2,4.727272727272728,11,208.0,900.0,4.326923076923077,285,3.8596491228070176
777510,2016,3,4.5,18,226.0,981.0,4.34070796460177,348,5.172413793103448
777510,2016,4,4.470588235294118,17,243.0,1057.0,4.349794238683128,289,5.88235294117647
777510,2016,5,4.529411764705882,17,260.0,1134.0,4.361538461538461,255,6.666666666666667
777510,2016,6,4.6,15,275.0,1203.0,4.374545454545455,323,4.643962848297214
777510,2016,7,4.233333333333333,30,305.0,1330.0,4.360655737704918,531,5.649717514124294
777510,2016,8,4.266666666666667,30,335.0,1458.0,4.352238805970149,518,5.7915057915057915
777510,2016,9,4.125,16,351.0,1524.0,4.3418803418803416,365,4.383561643835616
777510,2016,10,4.125,16,367.0,1590.0,4.332425068119891,371,4.31266846361186
777510,2016,11,4.555555555555555,9,376.0,1631.0,4.337765957446808,271,3.3210332103321036
777510,2016,12,4.133333333333334,15,391.0,1693.0,4.329923273657289,260,5.769230769230769
777510,2017,1,4.470588235294118,17,408.0,1769.0,4.33578431372549,277,6.137184115523466
777510,2017,2,3.9,10,418.0,1808.0,4.3253588516746415,294,3.4013605442176873
777510,2017,3,4.333333333333333,12,430.0,1860.0,4.325581395348837,297,4.040404040404041
777510,2017,4,4.066666666666666,15,445.0,1921.0,4.316853932584269,312,4.807692307692308
777510,2017,5,4.555555555555555,9,454.0,1962.0,4.3215859030837,327,2.7522935779816518
777510,2017,6,3.8333333333333335,12,466.0,2008.0,4.309012875536481,248,4.838709677419355
777510,2017,7,4.294117647058823,17,483.0,2081.0,4.308488612836439,600,2.833333333333333
777510,2017,8,4.352941176470588,17,500.0,2155.0,4.31,456,3.7280701754385963
777510,2017,9,4.0,17,517.0,2223.0,4.299806576402321,304,5.592105263157895
777510,2017,10,4.666666666666667,18,535.0,2307.0,4.31214953271028,296,6.081081081081082
777510,2017,11,3.941176470588236,17,552.0,2374.0,4.300724637681159,321,5.29595015576324
777510,2017,12,4.0,9,561.0,2410.0,4.295900178253119,261,3.4482758620689653
777510,2018,1,4.0,11,572.0,2454.0,4.29020979020979,269,4.089219330855019
777510,2018,2,3.4444444444444446,9,581.0,2485.0,4.27710843373494,231,3.896103896103896
777510,2018,3,4.375,16,597.0,2555.0,4.279731993299833,349,4.584527220630372
777510,2018,4,4.0,13,610.0,2607.0,4.273770491803279,246,5.284552845528456
777510,2018,5,4.5,8,618.0,2643.0,4.276699029126213,257,3.11284046692607
777510,2018,6,4.538461538461538,13,631.0,2702.0,4.282091917591125,333,3.903903903903904
777510,2018,7,4.157894736842105,19,650.0,2781.0,4.2784615384615385,477,3.9832285115303985
777510,2018,8,4.230769230769231,26,676.0,2891.0,4.2766272189349115,506,5.138339920948617
777510,2018,9,3.7142857142857135,14,690.0,2943.0,4.265217391304348,326,4.294478527607362
777510,2018,10,4.285714285714286,7,697.0,2973.0,4.265423242467719,294,2.380952380952381
777510,2018,11,5.0,8,705.0,3013.0,4.273758865248227,247,3.2388663967611335
777510,2018,12,4.142857142857143,7,712.0,3042.0,4.272471910112359,261,2.681992337164751
777510,2019,1,4.083333333333333,12,724.0,3091.0,4.269337016574585,308,3.896103896103896
777510,2019,2,4.333333333333333,6,730.0,3117.0,4.26986301369863,232,2.586206896551724
777510,2019,3,4.6,5,735.0,3140.0,4.272108843537415,265,1.8867924528301887
777510,2019,4,4.2,5,740.0,3161.0,4.271621621621621,233,2.1459227467811157
777510,2019,5,4.285714285714286,7,747.0,3191.0,4.271753681392235,235,2.9787234042553195
777510,2019,6,4.3,10,757.0,3234.0,4.2721268163804496,271,3.6900369003690034
777510,2019,7,4.230769230769231,13,770.0,3289.0,4.271428571428571,451,2.882483370288248
777510,2019,8,3.909090909090909,11,781.0,3332.0,4.266325224071703,337,3.2640949554896146
777510,2019,9,3.6,5,786.0,3350.0,4.262086513994911,261,1.9157088122605364
777510,2019,10,4.25,8,794.0,3384.0,4.261964735516373,298,2.684563758389262
777510,2019,11,4.333333333333333,3,797.0,3397.0,4.262233375156838,288,1.0416666666666665
777510,2019,12,4.0,4,801.0,3413.0,4.260923845193508,197,2.030456852791878
777510,2020,1,3.75,4,805.0,3428.0,4.258385093167702,205,1.951219512195122
777510,2020,2,4.428571428571429,7,812.0,3459.0,4.259852216748769,235,2.9787234042553195
777510,2020,3,4.0,5,817.0,3479.0,4.258261933904529,173,2.8901734104046244
777510,2020,4,5.0,1,818.0,3484.0,4.25916870415648,35,2.857142857142857
777510,2020,6,5.0,1,819.0,3489.0,4.26007326007326,107,0.9345794392523363
777510,2020,7,3.7,10,829.0,3526.0,4.253317249698432,391,2.557544757033248
777510,2020,8,4.25,4,833.0,3543.0,4.2533013205282115,226,1.7699115044247788
777510,2020,9,2.2,5,838.0,3554.0,4.241050119331742,160,3.125
777510,2020,10,2.5,2,840.0,3559.0,4.2369047619047615,145,1.3793103448275863
777510,2020,11,1.0,1,841.0,3560.0,4.233055885850178,120,0.8333333333333334
777511,2013,1,3.0,1,1.0,3.0,3.0,47,2.127659574468085
777511,2013,5,3.0,1,2.0,6.0,3.0,51,1.9607843137254901
777511,2014,4,4.0,1,3.0,10.0,3.3333333333333335,73,1.36986301369863
777511,2014,11,4.0,1,4.0,14.0,3.5,122,0.819672131147541
777511,2015,3,4.0,1,5.0,18.0,3.6,160,0.625
777511,2015,4,4.0,1,6.0,22.0,3.6666666666666665,111,0.9009009009009009
777511,2015,5,5.0,1,7.0,27.0,3.857142857142857,169,0.591715976331361
777511,2015,8,4.5,2,9.0,36.0,4.0,283,0.7067137809187279
777511,2015,10,4.75,4,13.0,55.0,4.230769230769231,222,1.8018018018018018
777511,2016,1,3.6666666666666665,3,16.0,66.0,4.125,279,1.0752688172043012
777511,2016,4,4.0,1,17.0,70.0,4.117647058823529,289,0.34602076124567477
777511,2016,6,3.333333333333333,3,20.0,80.0,4.0,323,0.9287925696594427
777511,2016,7,5.0,2,22.0,90.0,4.090909090909091,531,0.3766478342749529
777511,2016,8,4.0,3,25.0,102.0,4.08,518,0.5791505791505791
777511,2016,9,4.666666666666667,3,28.0,116.0,4.142857142857143,365,0.821917808219178
777511,2016,10,4.0,1,29.0,120.0,4.137931034482759,371,0.2695417789757413
777511,2016,11,5.0,1,30.0,125.0,4.166666666666667,271,0.36900369003690037
777511,2016,12,4.4,5,35.0,147.0,4.2,260,1.9230769230769231
777511,2017,2,4.0,4,39.0,163.0,4.17948717948718,294,1.3605442176870748
777511,2017,3,5.0,1,40.0,168.0,4.2,297,0.33670033670033667
777511,2017,5,2.0,1,41.0,170.0,4.146341463414634,327,0.3058103975535168
777511,2017,6,3.0,2,43.0,176.0,4.093023255813954,248,0.8064516129032258
777511,2017,7,4.0,2,45.0,184.0,4.088888888888889,600,0.33333333333333337
777511,2017,8,4.0,3,48.0,196.0,4.083333333333333,456,0.6578947368421052
777511,2017,9,4.0,1,49.0,200.0,4.081632653061225,304,0.3289473684210526
777511,2017,10,4.0,2,51.0,208.0,4.078431372549019,296,0.6756756756756757
777511,2017,11,3.75,4,55.0,223.0,4.054545454545455,321,1.2461059190031152
777511,2017,12,5.0,1,56.0,228.0,4.071428571428571,261,0.38314176245210724
777511,2018,2,4.0,1,57.0,232.0,4.0701754385964914,231,0.4329004329004329
777511,2018,3,4.0,1,58.0,236.0,4.068965517241379,349,0.28653295128939826
777511,2018,4,5.0,2,60.0,246.0,4.1,246,0.8130081300813009
777511,2018,7,4.0,3,63.0,258.0,4.095238095238095,477,0.628930817610063
777511,2018,8,4.5,2,65.0,267.0,4.107692307692307,506,0.3952569169960474
777511,2018,9,3.4,5,70.0,284.0,4.057142857142857,326,1.5337423312883436
777511,2018,10,5.0,2,72.0,294.0,4.083333333333333,294,0.6802721088435374
777511,2018,12,5.0,1,73.0,299.0,4.095890410958904,261,0.38314176245210724
777511,2019,1,4.0,1,74.0,303.0,4.094594594594595,308,0.3246753246753247
777511,2019,2,5.0,1,75.0,308.0,4.1066666666666665,232,0.43103448275862066
777511,2019,3,5.0,1,76.0,313.0,4.118421052631579,265,0.37735849056603776
777511,2019,4,4.666666666666667,3,79.0,327.0,4.139240506329114,233,1.2875536480686696
777511,2019,7,3.75,4,83.0,342.0,4.120481927710843,451,0.8869179600886918
777511,2019,8,5.0,2,85.0,352.0,4.141176470588236,337,0.5934718100890208
777511,2019,9,2.5,2,87.0,357.0,4.103448275862069,261,0.7662835249042145
777511,2019,10,4.0,1,88.0,361.0,4.1022727272727275,298,0.33557046979865773
777511,2019,11,4.0,1,89.0,365.0,4.101123595505618,288,0.3472222222222222
777511,2019,12,5.0,1,90.0,370.0,4.111111111111111,197,0.5076142131979695
777511,2020,1,5.0,2,92.0,380.0,4.130434782608695,205,0.975609756097561
777511,2020,3,3.0,1,93.0,383.0,4.118279569892473,173,0.5780346820809248
777511,2020,6,5.0,1,94.0,388.0,4.127659574468085,107,0.9345794392523363
777511,2020,7,4.0,1,95.0,392.0,4.126315789473685,391,0.2557544757033248
777511,2020,8,3.25,4,99.0,405.0,4.090909090909091,226,1.7699115044247788
777511,2020,12,5.0,1,100.0,410.0,4.1,81,1.2345679012345678
779314,2013,2,2.5,2,2.0,5.0,2.5,54,3.7037037037037033
779314,2013,4,3.0,1,3.0,8.0,2.6666666666666665,50,2.0
779314,2013,9,4.0,2,5.0,16.0,3.2,64,3.125
779314,2013,11,4.0,1,6.0,20.0,3.3333333333333335,52,1.9230769230769231
779314,2014,1,4.0,1,7.0,24.0,3.4285714285714284,72,1.3888888888888888
779314,2014,2,5.0,1,8.0,29.0,3.625,48,2.083333333333333
779314,2014,3,4.5,2,10.0,38.0,3.8,61,3.278688524590164
779314,2014,4,4.0,1,11.0,42.0,3.8181818181818183,73,1.36986301369863
779314,2014,6,4.0,1,12.0,46.0,3.8333333333333335,85,1.1764705882352942
779314,2014,7,5.0,1,13.0,51.0,3.923076923076923,98,1.0204081632653061
779314,2014,10,3.0,1,14.0,54.0,3.857142857142857,118,0.847457627118644
779314,2014,11,4.5,2,16.0,63.0,3.9375,122,1.639344262295082
779314,2015,1,3.5,2,18.0,70.0,3.888888888888889,128,1.5625
779314,2015,2,4.0,2,20.0,78.0,3.9,134,1.4925373134328357
779314,2015,4,4.0,1,21.0,82.0,3.9047619047619047,111,0.9009009009009009
779314,2015,6,4.5,2,23.0,91.0,3.9565217391304346,159,1.257861635220126
779314,2015,7,3.333333333333333,3,26.0,101.0,3.8846153846153846,275,1.090909090909091
779314,2015,8,4.5,2,28.0,110.0,3.9285714285714284,283,0.7067137809187279
779314,2015,9,4.0,1,29.0,114.0,3.9310344827586206,238,0.42016806722689076
779314,2015,10,3.0,1,30.0,117.0,3.9,222,0.45045045045045046
779314,2015,11,4.5,2,32.0,126.0,3.9375,149,1.342281879194631
779314,2016,1,3.5,2,34.0,133.0,3.911764705882353,279,0.7168458781362007
779314,2016,3,4.333333333333333,6,40.0,159.0,3.975,348,1.7241379310344827
779314,2016,6,4.333333333333333,3,43.0,172.0,4.0,323,0.9287925696594427
779314,2016,7,4.0,1,44.0,176.0,4.0,531,0.18832391713747645
779314,2016,10,4.0,1,45.0,180.0,4.0,371,0.2695417789757413
779314,2016,11,3.0,1,46.0,183.0,3.9782608695652173,271,0.36900369003690037
779314,2016,12,4.5,4,50.0,201.0,4.02,260,1.5384615384615385
779314,2017,2,3.6666666666666665,6,56.0,223.0,3.982142857142857,294,2.0408163265306123
779314,2017,4,4.25,4,60.0,240.0,4.0,312,1.282051282051282
779314,2017,5,3.0,1,61.0,243.0,3.9836065573770494,327,0.3058103975535168
779314,2017,9,5.0,1,62.0,248.0,4.0,304,0.3289473684210526
779314,2017,12,3.5,2,64.0,255.0,3.984375,261,0.7662835249042145
779314,2018,1,4.0,1,65.0,259.0,3.9846153846153847,269,0.37174721189591076
779314,2018,3,2.0,1,66.0,261.0,3.9545454545454546,349,0.28653295128939826
779314,2018,4,3.0,1,67.0,264.0,3.9402985074626864,246,0.40650406504065045
779314,2018,5,5.0,1,68.0,269.0,3.9558823529411766,257,0.38910505836575876
779314,2018,6,3.0,1,69.0,272.0,3.9420289855072466,333,0.3003003003003003
779314,2018,7,5.0,1,70.0,277.0,3.9571428571428573,477,0.20964360587002098
779314,2018,9,5.0,1,71.0,282.0,3.971830985915493,326,0.3067484662576687
779314,2018,10,5.0,1,72.0,287.0,3.986111111111111,294,0.3401360544217687
779314,2018,12,3.0,1,73.0,290.0,3.9726027397260273,261,0.38314176245210724
779314,2019,6,3.0,1,74.0,293.0,3.9594594594594597,271,0.36900369003690037
779314,2019,9,3.0,1,75.0,296.0,3.9466666666666668,261,0.38314176245210724
779314,2019,10,5.0,1,76.0,301.0,3.960526315789474,298,0.33557046979865773
779314,2019,12,4.0,2,78.0,309.0,3.9615384615384617,197,1.015228426395939
779314,2020,3,5.0,1,79.0,314.0,3.9746835443037973,173,0.5780346820809248
779314,2020,7,3.0,1,80.0,317.0,3.9625,391,0.2557544757033248
779314,2020,9,4.5,2,82.0,326.0,3.975609756097561,160,1.25
779314,2020,10,4.0,1,83.0,330.0,3.9759036144578315,145,0.6896551724137931
779314,2020,11,4.0,1,84.0,334.0,3.9761904761904763,120,0.8333333333333334
780205,2013,1,2.0,1,1.0,2.0,2.0,47,2.127659574468085
780205,2013,5,4.0,1,2.0,6.0,3.0,51,1.9607843137254901
780205,2013,12,4.0,1,3.0,10.0,3.3333333333333335,44,2.272727272727273
780205,2014,1,4.0,1,4.0,14.0,3.5,72,1.3888888888888888
780205,2014,5,5.0,1,5.0,19.0,3.8,89,1.1235955056179776
780205,2014,7,2.0,1,6.0,21.0,3.5,98,1.0204081632653061
780205,2014,12,4.0,1,7.0,25.0,3.5714285714285716,102,0.9803921568627451
780205,2015,1,4.5,2,9.0,34.0,3.7777777777777777,128,1.5625
780205,2015,3,4.0,2,11.0,42.0,3.8181818181818183,160,1.25
780205,2015,6,5.0,1,12.0,47.0,3.9166666666666665,159,0.628930817610063
780205,2015,7,4.0,1,13.0,51.0,3.923076923076923,275,0.36363636363636365
780205,2015,8,4.0,1,14.0,55.0,3.9285714285714284,283,0.35335689045936397
780205,2015,9,4.0,1,15.0,59.0,3.933333333333333,238,0.42016806722689076
780205,2015,11,5.0,1,16.0,64.0,4.0,149,0.6711409395973155
780205,2016,1,5.0,1,17.0,69.0,4.0588235294117645,279,0.35842293906810035
780205,2016,2,5.0,1,18.0,74.0,4.111111111111111,285,0.3508771929824561
780205,2016,10,5.0,2,20.0,84.0,4.2,371,0.5390835579514826
780205,2016,11,4.5,2,22.0,93.0,4.2272727272727275,271,0.7380073800738007
780205,2017,1,5.0,1,23.0,98.0,4.260869565217392,277,0.36101083032490977
780205,2017,5,5.0,2,25.0,108.0,4.32,327,0.6116207951070336
780205,2017,6,5.0,1,26.0,113.0,4.346153846153846,248,0.4032258064516129
780205,2017,7,3.6666666666666665,3,29.0,124.0,4.275862068965517,600,0.5
780205,2017,10,3.5,2,31.0,131.0,4.225806451612903,296,0.6756756756756757
780205,2018,2,5.0,1,32.0,136.0,4.25,231,0.4329004329004329
780205,2018,3,5.0,1,33.0,141.0,4.2727272727272725,349,0.28653295128939826
780205,2018,5,5.0,2,35.0,151.0,4.314285714285714,257,0.7782101167315175
780205,2018,6,3.0,1,36.0,154.0,4.277777777777778,333,0.3003003003003003
780205,2018,7,4.5,2,38.0,163.0,4.2894736842105265,477,0.41928721174004197
780205,2018,10,5.0,1,39.0,168.0,4.3076923076923075,294,0.3401360544217687
780205,2018,11,5.0,1,40.0,173.0,4.325,247,0.4048582995951417
780205,2018,12,5.0,1,41.0,178.0,4.341463414634147,261,0.38314176245210724
780205,2019,1,5.0,3,44.0,193.0,4.386363636363637,308,0.974025974025974
780205,2019,2,3.0,1,45.0,196.0,4.355555555555555,232,0.43103448275862066
780205,2019,4,4.0,1,46.0,200.0,4.3478260869565215,233,0.4291845493562232
780205,2019,5,4.5,2,48.0,209.0,4.354166666666667,235,0.851063829787234
780205,2019,11,4.5,2,50.0,218.0,4.36,288,0.6944444444444444
780205,2019,12,4.0,1,51.0,222.0,4.352941176470588,197,0.5076142131979695
780205,2020,6,5.0,1,52.0,227.0,4.365384615384615,107,0.9345794392523363
780205,2020,7,3.75,8,60.0,257.0,4.283333333333333,391,2.0460358056265986
780205,2020,8,4.333333333333333,3,63.0,270.0,4.285714285714286,226,1.3274336283185841
780205,2020,9,5.0,1,64.0,275.0,4.296875,160,0.625
780205,2020,10,5.0,1,65.0,280.0,4.3076923076923075,145,0.6896551724137931
780217,2013,9,5.0,1,1.0,5.0,5.0,64,1.5625
780217,2013,11,5.0,2,3.0,15.0,5.0,52,3.8461538461538463
780217,2014,1,4.0,1,4.0,19.0,4.75,72,1.3888888888888888
780217,2014,3,4.0,1,5.0,23.0,4.6,61,1.639344262295082
780217,2014,5,5.0,2,7.0,33.0,4.714285714285714,89,2.247191011235955
780217,2014,6,5.0,1,8.0,38.0,4.75,85,1.1764705882352942
780217,2014,12,4.0,1,9.0,42.0,4.666666666666667,102,0.9803921568627451
780217,2015,3,4.0,2,11.0,50.0,4.545454545454546,160,1.25
780217,2015,4,4.333333333333333,3,14.0,63.0,4.5,111,2.7027027027027026
780217,2015,6,5.0,1,15.0,68.0,4.533333333333333,159,0.628930817610063
780217,2015,7,3.6666666666666665,3,18.0,79.0,4.388888888888889,275,1.090909090909091
780217,2015,9,5.0,2,20.0,89.0,4.45,238,0.8403361344537815
780217,2015,12,4.0,1,21.0,93.0,4.428571428571429,184,0.5434782608695652
780217,2016,1,5.0,1,22.0,98.0,4.454545454545454,279,0.35842293906810035
780217,2016,2,3.0,1,23.0,101.0,4.391304347826087,285,0.3508771929824561
780217,2016,3,4.0,1,24.0,105.0,4.375,348,0.28735632183908044
780217,2016,4,4.0,1,25.0,109.0,4.36,289,0.34602076124567477
780217,2016,5,3.5,2,27.0,116.0,4.296296296296297,255,0.7843137254901961
780217,2016,6,5.0,1,28.0,121.0,4.321428571428571,323,0.30959752321981426
780217,2016,7,4.333333333333333,3,31.0,134.0,4.32258064516129,531,0.5649717514124294
780217,2016,8,3.0,1,32.0,137.0,4.28125,518,0.19305019305019305
780217,2016,9,4.5,2,34.0,146.0,4.294117647058823,365,0.547945205479452
780217,2016,11,4.5,2,36.0,155.0,4.305555555555555,271,0.7380073800738007
780217,2017,1,2.6666666666666665,3,39.0,163.0,4.17948717948718,277,1.083032490974729
780217,2017,2,3.5,2,41.0,170.0,4.146341463414634,294,0.6802721088435374
780217,2017,3,2.0,1,42.0,172.0,4.095238095238095,297,0.33670033670033667
780217,2017,4,4.0,3,45.0,184.0,4.088888888888889,312,0.9615384615384616
780217,2017,5,5.0,1,46.0,189.0,4.108695652173913,327,0.3058103975535168
780217,2017,6,2.5,2,48.0,194.0,4.041666666666667,248,0.8064516129032258
780217,2017,7,4.0,2,50.0,202.0,4.04,600,0.33333333333333337
780217,2017,8,4.0,3,53.0,214.0,4.037735849056604,456,0.6578947368421052
780217,2017,9,3.0,1,54.0,217.0,4.018518518518518,304,0.3289473684210526
780217,2017,10,5.0,1,55.0,222.0,4.036363636363636,296,0.33783783783783783
780217,2017,11,3.0,2,57.0,228.0,4.0,321,0.6230529595015576
780217,2018,2,5.0,1,58.0,233.0,4.017241379310345,231,0.4329004329004329
780217,2018,3,4.0,3,61.0,245.0,4.016393442622951,349,0.8595988538681949
780217,2018,4,3.0,1,62.0,248.0,4.0,246,0.40650406504065045
780217,2018,6,3.0,2,64.0,254.0,3.96875,333,0.6006006006006006
780217,2018,7,4.5,2,66.0,263.0,3.984848484848485,477,0.41928721174004197
780217,2018,8,4.666666666666667,3,69.0,277.0,4.0144927536231885,506,0.592885375494071
780217,2018,10,5.0,1,70.0,282.0,4.0285714285714285,294,0.3401360544217687
780217,2018,11,3.0,2,72.0,288.0,4.0,247,0.8097165991902834
780217,2018,12,4.0,1,73.0,292.0,4.0,261,0.38314176245210724
780217,2019,2,2.0,1,74.0,294.0,3.972972972972973,232,0.43103448275862066
780217,2019,4,2.5,2,76.0,299.0,3.9342105263157894,233,0.8583690987124464
780217,2019,7,2.0,1,77.0,301.0,3.909090909090909,451,0.22172949002217296
780217,2019,9,4.0,1,78.0,305.0,3.91025641025641,261,0.38314176245210724
780217,2020,1,5.0,2,80.0,315.0,3.9375,205,0.975609756097561
780217,2020,2,4.5,2,82.0,324.0,3.951219512195122,235,0.851063829787234
780217,2020,3,5.0,2,84.0,334.0,3.9761904761904763,173,1.1560693641618496
780217,2020,8,4.5,2,86.0,343.0,3.988372093023256,226,0.8849557522123894
780217,2020,9,5.0,1,87.0,348.0,4.0,160,0.625
780217,2020,10,5.0,1,88.0,353.0,4.011363636363637,145,0.6896551724137931
780247,2014,7,4.0,1,1.0,4.0,4.0,98,1.0204081632653061
780247,2015,5,2.0,1,2.0,6.0,3.0,169,0.591715976331361
780247,2016,9,5.0,1,3.0,11.0,3.6666666666666665,365,0.273972602739726
780247,2016,11,3.0,1,4.0,14.0,3.5,271,0.36900369003690037
780247,2016,12,4.0,1,5.0,18.0,3.6,260,0.38461538461538464
780247,2017,11,5.0,1,6.0,23.0,3.8333333333333335,321,0.3115264797507788
780247,2018,9,4.0,1,7.0,27.0,3.857142857142857,326,0.3067484662576687
780247,2019,3,4.0,1,8.0,31.0,3.875,265,0.37735849056603776
780247,2019,4,4.0,1,9.0,35.0,3.888888888888889,233,0.4291845493562232
780247,2020,7,3.0,1,10.0,38.0,3.8,391,0.2557544757033248
781180,2013,1,4.0,1,1.0,4.0,4.0,47,2.127659574468085
781180,2013,6,5.0,1,2.0,9.0,4.5,63,1.5873015873015872
781180,2013,7,4.0,1,3.0,13.0,4.333333333333333,94,1.0638297872340425
781180,2013,8,4.0,1,4.0,17.0,4.25,87,1.1494252873563218
781180,2014,3,4.0,1,5.0,21.0,4.2,61,1.639344262295082
781180,2014,9,3.0,1,6.0,24.0,4.0,132,0.7575757575757576
781180,2015,4,5.0,1,7.0,29.0,4.142857142857143,111,0.9009009009009009
781180,2015,8,5.0,1,8.0,34.0,4.25,283,0.35335689045936397
781180,2015,12,4.0,1,9.0,38.0,4.222222222222222,184,0.5434782608695652
781180,2016,1,4.5,2,11.0,47.0,4.2727272727272725,279,0.7168458781362007
781180,2016,2,5.0,1,12.0,52.0,4.333333333333333,285,0.3508771929824561
781180,2016,12,4.0,2,14.0,60.0,4.285714285714286,260,0.7692307692307693
781180,2017,3,1.0,1,15.0,61.0,4.066666666666666,297,0.33670033670033667
781180,2017,5,4.5,2,17.0,70.0,4.117647058823529,327,0.6116207951070336
781180,2017,7,4.0,1,18.0,74.0,4.111111111111111,600,0.16666666666666669
781180,2017,9,4.5,2,20.0,83.0,4.15,304,0.6578947368421052
781180,2017,10,5.0,1,21.0,88.0,4.190476190476191,296,0.33783783783783783
781180,2018,3,4.0,1,22.0,92.0,4.181818181818182,349,0.28653295128939826
781180,2018,4,5.0,1,23.0,97.0,4.217391304347826,246,0.40650406504065045
781180,2018,7,5.0,1,24.0,102.0,4.25,477,0.20964360587002098
781180,2019,8,5.0,1,25.0,107.0,4.28,337,0.2967359050445104
781180,2019,10,4.0,1,26.0,111.0,4.269230769230769,298,0.33557046979865773
781180,2019,11,4.0,1,27.0,115.0,4.2592592592592595,288,0.3472222222222222
781180,2020,2,4.0,1,28.0,119.0,4.25,235,0.425531914893617
781189,2013,5,4.0,1,1.0,4.0,4.0,51,1.9607843137254901
781189,2013,10,5.0,1,2.0,9.0,4.5,56,1.7857142857142856
781189,2014,1,4.0,1,3.0,13.0,4.333333333333333,72,1.3888888888888888
781189,2014,8,3.0,1,4.0,16.0,4.0,134,0.7462686567164178
781189,2015,1,4.0,1,5.0,20.0,4.0,128,0.78125
781189,2015,2,4.0,1,6.0,24.0,4.0,134,0.7462686567164178
781189,2015,7,4.5,2,8.0,33.0,4.125,275,0.7272727272727273
781189,2015,8,5.0,1,9.0,38.0,4.222222222222222,283,0.35335689045936397
781189,2015,9,1.0,1,10.0,39.0,3.9,238,0.42016806722689076
781189,2015,10,4.0,1,11.0,43.0,3.909090909090909,222,0.45045045045045046
781189,2015,11,3.0,1,12.0,46.0,3.8333333333333335,149,0.6711409395973155
781189,2015,12,4.0,1,13.0,50.0,3.8461538461538463,184,0.5434782608695652
781189,2016,1,1.5,2,15.0,53.0,3.533333333333333,279,0.7168458781362007
781189,2016,2,4.0,1,16.0,57.0,3.5625,285,0.3508771929824561
781189,2016,3,2.5,2,18.0,62.0,3.4444444444444446,348,0.5747126436781609
781189,2016,9,4.0,1,19.0,66.0,3.473684210526316,365,0.273972602739726
781189,2016,10,4.0,1,20.0,70.0,3.5,371,0.2695417789757413
781189,2016,11,3.0,1,21.0,73.0,3.4761904761904763,271,0.36900369003690037
781189,2017,3,4.0,1,22.0,77.0,3.5,297,0.33670033670033667
781189,2017,7,4.0,1,23.0,81.0,3.5217391304347827,600,0.16666666666666669
781189,2017,8,5.0,1,24.0,86.0,3.5833333333333335,456,0.21929824561403508
781189,2017,9,5.0,1,25.0,91.0,3.64,304,0.3289473684210526
781189,2017,10,5.0,1,26.0,96.0,3.6923076923076925,296,0.33783783783783783
781189,2017,11,5.0,1,27.0,101.0,3.740740740740741,321,0.3115264797507788
781189,2017,12,4.0,1,28.0,105.0,3.75,261,0.38314176245210724
781189,2018,1,5.0,1,29.0,110.0,3.793103448275862,269,0.37174721189591076
781189,2018,2,5.0,1,30.0,115.0,3.8333333333333335,231,0.4329004329004329
781189,2018,3,1.0,1,31.0,116.0,3.7419354838709675,349,0.28653295128939826
781189,2018,8,5.0,1,32.0,121.0,3.78125,506,0.1976284584980237
781189,2018,10,1.0,1,33.0,122.0,3.696969696969697,294,0.3401360544217687
781189,2018,12,2.5,2,35.0,127.0,3.6285714285714286,261,0.7662835249042145
781189,2019,3,5.0,1,36.0,132.0,3.6666666666666665,265,0.37735849056603776
781189,2019,8,3.0,1,37.0,135.0,3.6486486486486487,337,0.2967359050445104
781189,2019,10,1.0,1,38.0,136.0,3.5789473684210527,298,0.33557046979865773
781189,2019,11,3.0,1,39.0,139.0,3.5641025641025643,288,0.3472222222222222
781189,2020,7,5.0,1,40.0,144.0,3.6,391,0.2557544757033248
781536,2013,1,3.0,1,1.0,3.0,3.0,47,2.127659574468085
781536,2013,3,3.0,1,2.0,6.0,3.0,57,1.7543859649122806
781536,2013,5,3.5,2,4.0,13.0,3.25,51,3.9215686274509802
781536,2013,7,3.0,1,5.0,16.0,3.2,94,1.0638297872340425
781536,2013,10,4.0,1,6.0,20.0,3.3333333333333335,56,1.7857142857142856
781536,2014,3,4.0,1,7.0,24.0,3.4285714285714284,61,1.639344262295082
781536,2014,4,3.0,1,8.0,27.0,3.375,73,1.36986301369863
781536,2014,8,4.0,3,11.0,39.0,3.5454545454545454,134,2.2388059701492535
781536,2014,9,3.0,1,12.0,42.0,3.5,132,0.7575757575757576
781536,2014,10,4.0,1,13.0,46.0,3.5384615384615383,118,0.847457627118644
781536,2014,11,5.0,1,14.0,51.0,3.642857142857143,122,0.819672131147541
781536,2015,1,4.0,5,19.0,71.0,3.736842105263158,128,3.90625
781536,2015,2,3.6666666666666665,3,22.0,82.0,3.727272727272727,134,2.2388059701492535
781536,2015,3,5.0,1,23.0,87.0,3.782608695652174,160,0.625
781536,2015,4,5.0,1,24.0,92.0,3.8333333333333335,111,0.9009009009009009
781536,2015,7,5.0,1,25.0,97.0,3.88,275,0.36363636363636365
781536,2015,8,4.0,1,26.0,101.0,3.8846153846153846,283,0.35335689045936397
781536,2015,10,1.75,4,30.0,108.0,3.6,222,1.8018018018018018
781536,2015,11,5.0,2,32.0,118.0,3.6875,149,1.342281879194631
781536,2015,12,4.0,1,33.0,122.0,3.696969696969697,184,0.5434782608695652
781536,2016,1,4.0,1,34.0,126.0,3.7058823529411766,279,0.35842293906810035
781536,2016,2,4.0,1,35.0,130.0,3.7142857142857144,285,0.3508771929824561
781536,2016,3,4.0,1,36.0,134.0,3.7222222222222223,348,0.28735632183908044
781536,2016,4,5.0,1,37.0,139.0,3.7567567567567566,289,0.34602076124567477
781536,2016,5,2.0,2,39.0,143.0,3.6666666666666665,255,0.7843137254901961
781536,2016,6,3.333333333333333,3,42.0,153.0,3.642857142857143,323,0.9287925696594427
781536,2016,7,3.5,2,44.0,160.0,3.6363636363636362,531,0.3766478342749529
781536,2016,8,3.0,2,46.0,166.0,3.608695652173913,518,0.3861003861003861
781536,2016,10,3.8,5,51.0,185.0,3.627450980392157,371,1.3477088948787064
781536,2016,11,4.0,1,52.0,189.0,3.6346153846153846,271,0.36900369003690037
781536,2016,12,3.5,2,54.0,196.0,3.6296296296296298,260,0.7692307692307693
781536,2017,1,4.2,5,59.0,217.0,3.6779661016949152,277,1.8050541516245486
781536,2017,3,3.333333333333333,3,62.0,227.0,3.661290322580645,297,1.0101010101010102
781536,2017,4,3.0,2,64.0,233.0,3.640625,312,0.641025641025641
781536,2017,5,4.0,4,68.0,249.0,3.661764705882353,327,1.2232415902140672
781536,2017,7,3.5,6,74.0,270.0,3.6486486486486487,600,1.0
781536,2017,8,3.5,6,80.0,291.0,3.6375,456,1.3157894736842104
781536,2017,10,2.0,1,81.0,293.0,3.617283950617284,296,0.33783783783783783
781536,2017,11,2.5,2,83.0,298.0,3.5903614457831323,321,0.6230529595015576
781536,2018,2,3.0,1,84.0,301.0,3.5833333333333335,231,0.4329004329004329
781536,2018,3,4.0,1,85.0,305.0,3.588235294117647,349,0.28653295128939826
781536,2018,4,3.0,2,87.0,311.0,3.574712643678161,246,0.8130081300813009
781536,2018,6,1.0,1,88.0,312.0,3.5454545454545454,333,0.3003003003003003
781536,2018,9,5.0,1,89.0,317.0,3.561797752808989,326,0.3067484662576687
781536,2018,10,5.0,1,90.0,322.0,3.577777777777778,294,0.3401360544217687
781536,2018,11,3.0,1,91.0,325.0,3.5714285714285716,247,0.4048582995951417
781536,2018,12,3.0,3,94.0,334.0,3.5531914893617023,261,1.1494252873563218
781536,2019,1,3.5,4,98.0,348.0,3.5510204081632653,308,1.2987012987012987
781536,2019,2,4.0,1,99.0,352.0,3.5555555555555554,232,0.43103448275862066
781536,2019,3,5.0,1,100.0,357.0,3.57,265,0.37735849056603776
781536,2019,4,2.6666666666666665,3,103.0,365.0,3.5436893203883497,233,1.2875536480686696
781536,2019,6,5.0,2,105.0,375.0,3.5714285714285716,271,0.7380073800738007
781536,2019,7,4.0,1,106.0,379.0,3.5754716981132075,451,0.22172949002217296
781536,2019,8,2.0,1,107.0,381.0,3.560747663551402,337,0.2967359050445104
781536,2019,10,3.0,1,108.0,384.0,3.5555555555555554,298,0.33557046979865773
781536,2020,1,4.0,1,109.0,388.0,3.5596330275229358,205,0.4878048780487805
781536,2020,2,4.0,1,110.0,392.0,3.5636363636363635,235,0.425531914893617
781536,2020,8,3.0,2,112.0,398.0,3.5535714285714284,226,0.8849557522123894
781536,2020,9,4.0,1,113.0,402.0,3.5575221238938055,160,0.625
782837,2013,2,3.0,1,1.0,3.0,3.0,54,1.8518518518518516
782837,2013,7,3.0,1,2.0,6.0,3.0,94,1.0638297872340425
782837,2013,8,4.0,1,3.0,10.0,3.3333333333333335,87,1.1494252873563218
782837,2013,9,4.0,1,4.0,14.0,3.5,64,1.5625
782837,2014,4,2.0,1,5.0,16.0,3.2,73,1.36986301369863
782837,2014,5,2.5,2,7.0,21.0,3.0,89,2.247191011235955
782837,2014,7,3.0,1,8.0,24.0,3.0,98,1.0204081632653061
782837,2014,8,3.0,1,9.0,27.0,3.0,134,0.7462686567164178
782837,2014,9,4.0,1,10.0,31.0,3.1,132,0.7575757575757576
782837,2014,11,3.5,2,12.0,38.0,3.1666666666666665,122,1.639344262295082
782837,2014,12,4.0,1,13.0,42.0,3.230769230769231,102,0.9803921568627451
782837,2015,1,3.0,1,14.0,45.0,3.2142857142857144,128,0.78125
782837,2015,2,4.0,1,15.0,49.0,3.2666666666666666,134,0.7462686567164178
782837,2015,3,3.0,1,16.0,52.0,3.25,160,0.625
782837,2015,4,3.5,2,18.0,59.0,3.2777777777777777,111,1.8018018018018018
782837,2015,5,5.0,1,19.0,64.0,3.3684210526315788,169,0.591715976331361
782837,2015,6,3.0,3,22.0,73.0,3.3181818181818183,159,1.8867924528301887
782837,2015,7,4.333333333333333,3,25.0,86.0,3.44,275,1.090909090909091
782837,2015,10,3.0,2,27.0,92.0,3.4074074074074074,222,0.9009009009009009
782837,2015,11,4.0,2,29.0,100.0,3.4482758620689653,149,1.342281879194631
782837,2016,2,2.6666666666666665,3,32.0,108.0,3.375,285,1.0526315789473684
782837,2016,3,2.5,2,34.0,113.0,3.323529411764706,348,0.5747126436781609
782837,2016,4,2.0,1,35.0,115.0,3.2857142857142856,289,0.34602076124567477
782837,2016,5,3.0,1,36.0,118.0,3.2777777777777777,255,0.39215686274509803
782837,2016,6,3.5,2,38.0,125.0,3.289473684210526,323,0.6191950464396285
782837,2016,7,3.0,1,39.0,128.0,3.282051282051282,531,0.18832391713747645
782837,2016,8,3.0,2,41.0,134.0,3.268292682926829,518,0.3861003861003861
782837,2016,9,5.0,1,42.0,139.0,3.3095238095238093,365,0.273972602739726
782837,2016,10,4.0,4,46.0,155.0,3.369565217391304,371,1.078167115902965
782837,2016,12,2.5,4,50.0,165.0,3.3,260,1.5384615384615385
782837,2017,1,3.5,2,52.0,172.0,3.3076923076923075,277,0.7220216606498195
782837,2017,3,2.0,1,53.0,174.0,3.2830188679245285,297,0.33670033670033667
782837,2017,4,3.5,2,55.0,181.0,3.290909090909091,312,0.641025641025641
782837,2017,5,3.0,2,57.0,187.0,3.280701754385965,327,0.6116207951070336
782837,2017,6,3.0,2,59.0,193.0,3.2711864406779663,248,0.8064516129032258
782837,2017,7,2.333333333333333,3,62.0,200.0,3.225806451612903,600,0.5
782837,2017,8,3.0,1,63.0,203.0,3.2222222222222223,456,0.21929824561403508
782837,2017,9,3.0,1,64.0,206.0,3.21875,304,0.3289473684210526
782837,2017,10,3.0,1,65.0,209.0,3.2153846153846155,296,0.33783783783783783
782837,2017,11,4.0,2,67.0,217.0,3.2388059701492535,321,0.6230529595015576
782837,2017,12,3.5,2,69.0,224.0,3.246376811594203,261,0.7662835249042145
782837,2018,1,3.0,1,70.0,227.0,3.242857142857143,269,0.37174721189591076
782837,2018,2,1.0,2,72.0,229.0,3.1805555555555554,231,0.8658008658008658
782837,2018,3,3.333333333333333,3,75.0,239.0,3.1866666666666665,349,0.8595988538681949
782837,2018,4,3.0,1,76.0,242.0,3.1842105263157894,246,0.40650406504065045
782837,2018,5,3.0,1,77.0,245.0,3.1818181818181817,257,0.38910505836575876
782837,2018,6,2.0,2,79.0,249.0,3.151898734177215,333,0.6006006006006006
782837,2018,8,3.6666666666666665,3,82.0,260.0,3.1707317073170733,506,0.592885375494071
782837,2018,9,4.5,2,84.0,269.0,3.2023809523809526,326,0.6134969325153374
782837,2018,10,2.25,4,88.0,278.0,3.159090909090909,294,1.3605442176870748
782837,2018,11,4.0,1,89.0,282.0,3.168539325842697,247,0.4048582995951417
782837,2018,12,2.5,2,91.0,287.0,3.1538461538461537,261,0.7662835249042145
782837,2019,1,2.0,3,94.0,293.0,3.117021276595745,308,0.974025974025974
782837,2019,2,3.0,1,95.0,296.0,3.1157894736842104,232,0.43103448275862066
782837,2019,3,2.0,1,96.0,298.0,3.1041666666666665,265,0.37735849056603776
782837,2019,4,3.5,2,98.0,305.0,3.1122448979591835,233,0.8583690987124464
782837,2019,5,4.0,1,99.0,309.0,3.121212121212121,235,0.425531914893617
782837,2019,6,5.0,1,100.0,314.0,3.14,271,0.36900369003690037
782837,2019,7,4.0,1,101.0,318.0,3.1485148514851486,451,0.22172949002217296
782837,2019,10,4.0,3,104.0,330.0,3.173076923076923,298,1.006711409395973
782837,2019,11,1.5,2,106.0,333.0,3.141509433962264,288,0.6944444444444444
782837,2020,1,3.0,1,107.0,336.0,3.1401869158878504,205,0.4878048780487805
782837,2020,3,3.0,2,109.0,342.0,3.1376146788990824,173,1.1560693641618496
782837,2020,6,4.0,1,110.0,346.0,3.1454545454545455,107,0.9345794392523363
782837,2020,7,1.5,2,112.0,349.0,3.1160714285714284,391,0.5115089514066496
782837,2020,8,1.3333333333333333,3,115.0,353.0,3.0695652173913044,226,1.3274336283185841
784275,2013,1,5.0,1,1.0,5.0,5.0,47,2.127659574468085
784275,2013,2,5.0,1,2.0,10.0,5.0,54,1.8518518518518516
784275,2013,3,4.666666666666667,3,5.0,24.0,4.8,57,5.263157894736842
784275,2013,5,4.0,1,6.0,28.0,4.666666666666667,51,1.9607843137254901
784275,2013,6,4.0,1,7.0,32.0,4.571428571428571,63,1.5873015873015872
784275,2013,7,4.333333333333333,3,10.0,45.0,4.5,94,3.1914893617021276
784275,2013,11,5.0,1,11.0,50.0,4.545454545454546,52,1.9230769230769231
784275,2013,12,5.0,1,12.0,55.0,4.583333333333333,44,2.272727272727273
784275,2014,1,5.0,3,15.0,70.0,4.666666666666667,72,4.166666666666666
784275,2014,2,4.5,2,17.0,79.0,4.647058823529412,48,4.166666666666666
784275,2014,3,5.0,2,19.0,89.0,4.684210526315789,61,3.278688524590164
784275,2014,5,4.5,2,21.0,98.0,4.666666666666667,89,2.247191011235955
784275,2014,6,4.0,4,25.0,114.0,4.56,85,4.705882352941177
784275,2014,7,4.666666666666667,3,28.0,128.0,4.571428571428571,98,3.061224489795918
784275,2014,8,4.5,2,30.0,137.0,4.566666666666666,134,1.4925373134328357
784275,2014,9,4.222222222222222,9,39.0,175.0,4.487179487179487,132,6.8181818181818175
784275,2014,10,4.666666666666667,3,42.0,189.0,4.5,118,2.5423728813559325
784275,2014,11,4.5,2,44.0,198.0,4.5,122,1.639344262295082
784275,2014,12,3.5,2,46.0,205.0,4.456521739130435,102,1.9607843137254901
784275,2015,1,5.0,2,48.0,215.0,4.479166666666667,128,1.5625
784275,2015,2,4.5,2,50.0,224.0,4.48,134,1.4925373134328357
784275,2015,3,4.666666666666667,3,53.0,238.0,4.490566037735849,160,1.875
784275,2015,4,5.0,1,54.0,243.0,4.5,111,0.9009009009009009
784275,2015,5,5.0,1,55.0,248.0,4.509090909090909,169,0.591715976331361
784275,2015,7,4.0,1,56.0,252.0,4.5,275,0.36363636363636365
784275,2015,8,4.666666666666667,3,59.0,266.0,4.508474576271187,283,1.0600706713780919
784275,2015,9,5.0,7,66.0,301.0,4.5606060606060606,238,2.941176470588235
784275,2015,10,4.5,4,70.0,319.0,4.557142857142857,222,1.8018018018018018
784275,2016,1,4.75,4,74.0,338.0,4.5675675675675675,279,1.4336917562724014
784275,2016,2,4.25,4,78.0,355.0,4.551282051282051,285,1.4035087719298245
784275,2016,3,4.142857142857143,7,85.0,384.0,4.517647058823529,348,2.0114942528735633
784275,2016,4,4.75,4,89.0,403.0,4.52808988764045,289,1.384083044982699
784275,2016,5,5.0,3,92.0,418.0,4.543478260869565,255,1.1764705882352942
784275,2016,7,4.555555555555555,9,101.0,459.0,4.544554455445544,531,1.694915254237288
784275,2016,8,4.5,4,105.0,477.0,4.542857142857143,518,0.7722007722007722
784275,2016,9,5.0,1,106.0,482.0,4.547169811320755,365,0.273972602739726
784275,2016,10,4.5,4,110.0,500.0,4.545454545454546,371,1.078167115902965
784275,2016,11,4.333333333333333,3,113.0,513.0,4.539823008849558,271,1.107011070110701
784275,2016,12,3.5,2,115.0,520.0,4.521739130434782,260,0.7692307692307693
784275,2017,1,4.333333333333333,3,118.0,533.0,4.516949152542373,277,1.083032490974729
784275,2017,2,4.666666666666667,3,121.0,547.0,4.520661157024794,294,1.0204081632653061
784275,2017,3,4.333333333333333,3,124.0,560.0,4.516129032258065,297,1.0101010101010102
784275,2017,4,4.666666666666667,3,127.0,574.0,4.519685039370079,312,0.9615384615384616
784275,2017,5,5.0,1,128.0,579.0,4.5234375,327,0.3058103975535168
784275,2017,6,2.0,1,129.0,581.0,4.503875968992248,248,0.4032258064516129
784275,2017,7,5.0,2,131.0,591.0,4.511450381679389,600,0.33333333333333337
784275,2017,8,3.75,4,135.0,606.0,4.488888888888889,456,0.8771929824561403
784275,2017,9,4.2,5,140.0,627.0,4.478571428571429,304,1.644736842105263
784275,2017,11,4.0,1,141.0,631.0,4.475177304964539,321,0.3115264797507788
784275,2017,12,5.0,1,142.0,636.0,4.47887323943662,261,0.38314176245210724
784275,2018,1,4.0,1,143.0,640.0,4.475524475524476,269,0.37174721189591076
784275,2018,2,2.0,1,144.0,642.0,4.458333333333333,231,0.4329004329004329
784275,2018,3,3.5,2,146.0,649.0,4.445205479452055,349,0.5730659025787965
784275,2018,5,5.0,2,148.0,659.0,4.452702702702703,257,0.7782101167315175
784275,2018,7,3.5,2,150.0,666.0,4.44,477,0.41928721174004197
784275,2018,8,4.333333333333333,3,153.0,679.0,4.437908496732026,506,0.592885375494071
784275,2018,9,4.2,5,158.0,700.0,4.430379746835443,326,1.5337423312883436
784275,2018,10,5.0,1,159.0,705.0,4.433962264150943,294,0.3401360544217687
784275,2018,11,4.0,4,163.0,721.0,4.423312883435583,247,1.6194331983805668
784275,2018,12,4.0,4,167.0,737.0,4.413173652694611,261,1.532567049808429
784275,2019,1,4.0,2,169.0,745.0,4.408284023668639,308,0.6493506493506493
784275,2019,3,4.5,2,171.0,754.0,4.409356725146199,265,0.7547169811320755
784275,2019,4,4.75,4,175.0,773.0,4.417142857142857,233,1.7167381974248928
784275,2019,5,4.0,3,178.0,785.0,4.410112359550562,235,1.276595744680851
784275,2019,6,4.0,1,179.0,789.0,4.407821229050279,271,0.36900369003690037
784275,2019,7,4.0,3,182.0,801.0,4.4010989010989015,451,0.6651884700665188
784275,2019,8,5.0,3,185.0,816.0,4.410810810810811,337,0.8902077151335311
784275,2019,9,3.333333333333333,3,188.0,826.0,4.3936170212765955,261,1.1494252873563218
784275,2019,10,3.6666666666666665,3,191.0,837.0,4.382198952879581,298,1.006711409395973
784275,2019,11,5.0,2,193.0,847.0,4.38860103626943,288,0.6944444444444444
784275,2019,12,5.0,2,195.0,857.0,4.394871794871795,197,1.015228426395939
784275,2020,1,4.75,4,199.0,876.0,4.402010050251256,205,1.951219512195122
784275,2020,2,5.0,1,200.0,881.0,4.405,235,0.425531914893617
784275,2020,3,4.666666666666667,3,203.0,895.0,4.4088669950738915,173,1.7341040462427744
784275,2020,6,4.5,2,205.0,904.0,4.409756097560976,107,1.8691588785046727
784275,2020,7,4.857142857142857,7,212.0,938.0,4.4245283018867925,391,1.7902813299232736
784275,2020,8,4.5,2,214.0,947.0,4.425233644859813,226,0.8849557522123894
784275,2020,10,5.0,3,217.0,962.0,4.433179723502304,145,2.0689655172413794
784275,2020,11,4.666666666666667,3,220.0,976.0,4.4363636363636365,120,2.5
784275,2020,12,2.5,2,222.0,981.0,4.418918918918919,81,2.4691358024691357
784304,2013,6,5.0,1,1.0,5.0,5.0,63,1.5873015873015872
784304,2014,3,4.0,1,2.0,9.0,4.5,61,1.639344262295082
784304,2014,6,1.0,1,3.0,10.0,3.3333333333333335,85,1.1764705882352942
784304,2014,10,5.0,1,4.0,15.0,3.75,118,0.847457627118644
784304,2015,2,4.0,1,5.0,19.0,3.8,134,0.7462686567164178
784304,2015,5,4.0,1,6.0,23.0,3.8333333333333335,169,0.591715976331361
784304,2015,11,4.0,1,7.0,27.0,3.857142857142857,149,0.6711409395973155
784304,2016,2,4.0,1,8.0,31.0,3.875,285,0.3508771929824561
784304,2016,3,5.0,1,9.0,36.0,4.0,348,0.28735632183908044
784304,2016,7,4.0,1,10.0,40.0,4.0,531,0.18832391713747645
784304,2016,8,4.0,1,11.0,44.0,4.0,518,0.19305019305019305
784304,2016,10,5.0,1,12.0,49.0,4.083333333333333,371,0.2695417789757413
784304,2017,1,3.0,1,13.0,52.0,4.0,277,0.36101083032490977
784304,2017,3,5.0,1,14.0,57.0,4.071428571428571,297,0.33670033670033667
784304,2017,5,5.0,1,15.0,62.0,4.133333333333334,327,0.3058103975535168
784304,2017,6,1.0,1,16.0,63.0,3.9375,248,0.4032258064516129
784304,2017,7,2.0,1,17.0,65.0,3.823529411764706,600,0.16666666666666669
784304,2017,10,4.0,1,18.0,69.0,3.8333333333333335,296,0.33783783783783783
784304,2017,11,2.0,1,19.0,71.0,3.736842105263158,321,0.3115264797507788
784304,2018,3,2.5,2,21.0,76.0,3.619047619047619,349,0.5730659025787965
784304,2018,7,2.0,1,22.0,78.0,3.5454545454545454,477,0.20964360587002098
784304,2018,8,2.0,1,23.0,80.0,3.4782608695652173,506,0.1976284584980237
784304,2019,4,1.0,1,24.0,81.0,3.375,233,0.4291845493562232
784304,2019,8,1.6666666666666667,3,27.0,86.0,3.185185185185185,337,0.8902077151335311
784304,2019,9,5.0,1,28.0,91.0,3.25,261,0.38314176245210724
784304,2020,1,1.0,1,29.0,92.0,3.1724137931034484,205,0.4878048780487805
784304,2020,2,4.0,1,30.0,96.0,3.2,235,0.425531914893617
784304,2020,3,3.5,2,32.0,103.0,3.21875,173,1.1560693641618496
784304,2020,6,4.0,1,33.0,107.0,3.242424242424242,107,0.9345794392523363
785477,2013,1,4.0,1,1.0,4.0,4.0,47,2.127659574468085
785477,2014,5,4.0,1,2.0,8.0,4.0,89,1.1235955056179776
785477,2015,3,5.0,1,3.0,13.0,4.333333333333333,160,0.625
785477,2015,6,4.0,1,4.0,17.0,4.25,159,0.628930817610063
785477,2015,9,5.0,2,6.0,27.0,4.5,238,0.8403361344537815
785477,2015,11,5.0,1,7.0,32.0,4.571428571428571,149,0.6711409395973155
785477,2016,2,4.0,1,8.0,36.0,4.5,285,0.3508771929824561
785477,2016,3,3.333333333333333,3,11.0,46.0,4.181818181818182,348,0.8620689655172413
785477,2016,5,3.0,1,12.0,49.0,4.083333333333333,255,0.39215686274509803
785477,2016,8,3.0,1,13.0,52.0,4.0,518,0.19305019305019305
785477,2016,9,3.0,1,14.0,55.0,3.9285714285714284,365,0.273972602739726
785477,2016,10,3.0,1,15.0,58.0,3.8666666666666667,371,0.2695417789757413
785477,2017,1,3.0,1,16.0,61.0,3.8125,277,0.36101083032490977
785477,2017,7,4.0,1,17.0,65.0,3.823529411764706,600,0.16666666666666669
785477,2017,11,2.0,1,18.0,67.0,3.7222222222222223,321,0.3115264797507788
785477,2019,2,3.0,1,19.0,70.0,3.6842105263157894,232,0.43103448275862066
785477,2019,8,2.0,1,20.0,72.0,3.6,337,0.2967359050445104
785480,2015,9,4.0,1,1.0,4.0,4.0,238,0.42016806722689076
785480,2015,10,3.0,1,2.0,7.0,3.5,222,0.45045045045045046
785480,2016,1,3.0,1,3.0,10.0,3.3333333333333335,279,0.35842293906810035
785480,2016,8,3.0,1,4.0,13.0,3.25,518,0.19305019305019305
785480,2016,10,3.5,2,6.0,20.0,3.3333333333333335,371,0.5390835579514826
785480,2016,12,4.0,1,7.0,24.0,3.4285714285714284,260,0.38461538461538464
785480,2017,6,5.0,1,8.0,29.0,3.625,248,0.4032258064516129
785480,2017,7,3.0,1,9.0,32.0,3.5555555555555554,600,0.16666666666666669
785480,2018,12,4.0,1,10.0,36.0,3.6,261,0.38314176245210724
785487,2013,9,1.0,1,1.0,1.0,1.0,64,1.5625
785487,2014,9,3.0,2,3.0,7.0,2.3333333333333335,132,1.5151515151515151
785487,2014,12,3.0,1,4.0,10.0,2.5,102,0.9803921568627451
785487,2015,4,3.0,1,5.0,13.0,2.6,111,0.9009009009009009
785487,2015,6,5.0,1,6.0,18.0,3.0,159,0.628930817610063
785487,2015,8,4.0,1,7.0,22.0,3.142857142857143,283,0.35335689045936397
785487,2016,7,4.333333333333333,3,10.0,35.0,3.5,531,0.5649717514124294
785487,2017,4,4.0,1,11.0,39.0,3.5454545454545454,312,0.3205128205128205
785487,2017,6,4.0,1,12.0,43.0,3.5833333333333335,248,0.4032258064516129
785487,2017,9,3.0,1,13.0,46.0,3.5384615384615383,304,0.3289473684210526
785487,2017,11,1.0,1,14.0,47.0,3.357142857142857,321,0.3115264797507788
785487,2018,6,5.0,1,15.0,52.0,3.466666666666667,333,0.3003003003003003
785487,2018,9,5.0,1,16.0,57.0,3.5625,326,0.3067484662576687
785487,2019,3,5.0,1,17.0,62.0,3.6470588235294117,265,0.37735849056603776
785487,2019,7,3.0,1,18.0,65.0,3.611111111111111,451,0.22172949002217296
785487,2019,8,4.0,1,19.0,69.0,3.6315789473684212,337,0.2967359050445104
785487,2019,12,1.0,1,20.0,70.0,3.5,197,0.5076142131979695
785494,2013,1,4.0,1,1.0,4.0,4.0,47,2.127659574468085
785494,2013,7,4.5,2,3.0,13.0,4.333333333333333,94,2.127659574468085
785494,2013,9,5.0,1,4.0,18.0,4.5,64,1.5625
785494,2014,3,4.5,2,6.0,27.0,4.5,61,3.278688524590164
785494,2014,7,5.0,1,7.0,32.0,4.571428571428571,98,1.0204081632653061
785494,2014,8,3.0,1,8.0,35.0,4.375,134,0.7462686567164178
785494,2014,9,4.0,2,10.0,43.0,4.3,132,1.5151515151515151
785494,2014,10,5.0,1,11.0,48.0,4.363636363636363,118,0.847457627118644
785494,2014,11,4.0,1,12.0,52.0,4.333333333333333,122,0.819672131147541
785494,2015,2,5.0,1,13.0,57.0,4.384615384615385,134,0.7462686567164178
785494,2015,8,4.0,3,16.0,69.0,4.3125,283,1.0600706713780919
785494,2015,9,4.666666666666667,3,19.0,83.0,4.368421052631579,238,1.2605042016806722
785494,2015,11,3.0,2,21.0,89.0,4.238095238095238,149,1.342281879194631
785494,2016,1,5.0,1,22.0,94.0,4.2727272727272725,279,0.35842293906810035
785494,2016,2,4.0,1,23.0,98.0,4.260869565217392,285,0.3508771929824561
785494,2016,3,4.0,1,24.0,102.0,4.25,348,0.28735632183908044
785494,2016,4,5.0,1,25.0,107.0,4.28,289,0.34602076124567477
785494,2016,5,2.5,2,27.0,112.0,4.148148148148148,255,0.7843137254901961
785494,2016,7,4.0,3,30.0,124.0,4.133333333333334,531,0.5649717514124294
785494,2016,8,2.5,4,34.0,134.0,3.9411764705882355,518,0.7722007722007722
785494,2016,10,3.0,1,35.0,137.0,3.914285714285714,371,0.2695417789757413
785494,2016,11,5.0,1,36.0,142.0,3.9444444444444446,271,0.36900369003690037
785494,2017,1,5.0,1,37.0,147.0,3.972972972972973,277,0.36101083032490977
785494,2017,2,2.0,2,39.0,151.0,3.871794871794872,294,0.6802721088435374
785494,2017,3,2.0,2,41.0,155.0,3.7804878048780486,297,0.6734006734006733
785494,2017,4,5.0,2,43.0,165.0,3.8372093023255816,312,0.641025641025641
785494,2017,5,4.5,2,45.0,174.0,3.8666666666666667,327,0.6116207951070336
785494,2017,6,2.0,1,46.0,176.0,3.8260869565217392,248,0.4032258064516129
785494,2017,7,4.75,4,50.0,195.0,3.9,600,0.6666666666666667
785494,2017,8,3.0,2,52.0,201.0,3.8653846153846154,456,0.43859649122807015
785494,2017,9,2.5,2,54.0,206.0,3.814814814814815,304,0.6578947368421052
785494,2017,10,4.0,2,56.0,214.0,3.8214285714285716,296,0.6756756756756757
785494,2017,11,3.0,1,57.0,217.0,3.807017543859649,321,0.3115264797507788
785494,2018,2,3.0,1,58.0,220.0,3.793103448275862,231,0.4329004329004329
785494,2018,3,4.0,1,59.0,224.0,3.7966101694915255,349,0.28653295128939826
785494,2018,4,3.0,1,60.0,227.0,3.783333333333333,246,0.40650406504065045
785494,2018,5,4.0,3,63.0,239.0,3.7936507936507935,257,1.1673151750972763
785494,2018,6,4.0,3,66.0,251.0,3.803030303030303,333,0.9009009009009009
785494,2018,7,3.0,3,69.0,260.0,3.7681159420289854,477,0.628930817610063
785494,2018,8,3.6,5,74.0,278.0,3.7567567567567566,506,0.9881422924901186
785494,2018,10,3.5,2,76.0,285.0,3.75,294,0.6802721088435374
785494,2018,12,4.0,1,77.0,289.0,3.7532467532467533,261,0.38314176245210724
785494,2019,2,4.0,1,78.0,293.0,3.7564102564102564,232,0.43103448275862066
785494,2019,3,3.5,2,80.0,300.0,3.75,265,0.7547169811320755
785494,2019,4,3.6666666666666665,3,83.0,311.0,3.746987951807229,233,1.2875536480686696
785494,2019,5,2.0,1,84.0,313.0,3.7261904761904763,235,0.425531914893617
785494,2019,6,4.714285714285714,7,91.0,346.0,3.802197802197802,271,2.5830258302583027
785494,2019,7,5.0,1,92.0,351.0,3.8152173913043477,451,0.22172949002217296
785494,2019,8,2.5,2,94.0,356.0,3.7872340425531914,337,0.5934718100890208
785494,2019,10,5.0,3,97.0,371.0,3.8247422680412373,298,1.006711409395973
785494,2019,11,5.0,7,104.0,406.0,3.9038461538461537,288,2.430555555555556
785494,2020,1,1.0,1,105.0,407.0,3.876190476190476,205,0.4878048780487805
785494,2020,2,4.0,5,110.0,427.0,3.881818181818182,235,2.127659574468085
785494,2020,7,3.2,5,115.0,443.0,3.8521739130434782,391,1.278772378516624
785494,2020,8,4.0,4,119.0,459.0,3.857142857142857,226,1.7699115044247788
785494,2020,9,4.6,5,124.0,482.0,3.8870967741935485,160,3.125
785494,2020,10,5.0,1,125.0,487.0,3.896,145,0.6896551724137931
785494,2020,11,5.0,4,129.0,507.0,3.9302325581395348,120,3.3333333333333335
785494,2020,12,5.0,1,130.0,512.0,3.9384615384615387,81,1.2345679012345678
785501,2014,12,5.0,1,1.0,5.0,5.0,102,0.9803921568627451
785501,2015,9,5.0,1,2.0,10.0,5.0,238,0.42016806722689076
785501,2015,10,5.0,1,3.0,15.0,5.0,222,0.45045045045045046
785501,2016,1,5.0,1,4.0,20.0,5.0,279,0.35842293906810035
785501,2016,3,3.0,1,5.0,23.0,4.6,348,0.28735632183908044
785501,2016,5,5.0,1,6.0,28.0,4.666666666666667,255,0.39215686274509803
785501,2016,6,4.0,1,7.0,32.0,4.571428571428571,323,0.30959752321981426
785501,2016,9,5.0,1,8.0,37.0,4.625,365,0.273972602739726
785501,2016,12,4.0,1,9.0,41.0,4.555555555555555,260,0.38461538461538464
785501,2017,2,5.0,2,11.0,51.0,4.636363636363637,294,0.6802721088435374
785501,2017,3,5.0,1,12.0,56.0,4.666666666666667,297,0.33670033670033667
785501,2017,7,3.5,4,16.0,70.0,4.375,600,0.6666666666666667
785501,2017,8,5.0,1,17.0,75.0,4.411764705882353,456,0.21929824561403508
785501,2017,11,3.0,1,18.0,78.0,4.333333333333333,321,0.3115264797507788
785501,2018,3,5.0,1,19.0,83.0,4.368421052631579,349,0.28653295128939826
785501,2018,4,4.0,1,20.0,87.0,4.35,246,0.40650406504065045
785501,2018,6,5.0,1,21.0,92.0,4.380952380952381,333,0.3003003003003003
785501,2018,9,4.0,2,23.0,100.0,4.3478260869565215,326,0.6134969325153374
785501,2018,11,4.0,1,24.0,104.0,4.333333333333333,247,0.4048582995951417
785501,2019,4,5.0,1,25.0,109.0,4.36,233,0.4291845493562232
785501,2019,10,5.0,1,26.0,114.0,4.384615384615385,298,0.33557046979865773
785501,2019,12,4.5,2,28.0,123.0,4.392857142857143,197,1.015228426395939
785501,2020,3,3.0,1,29.0,126.0,4.344827586206897,173,0.5780346820809248
785501,2020,4,5.0,1,30.0,131.0,4.366666666666666,35,2.857142857142857
785501,2020,12,4.0,1,31.0,135.0,4.354838709677419,81,1.2345679012345678
785517,2013,2,4.0,1,1.0,4.0,4.0,54,1.8518518518518516
785517,2013,4,4.0,2,3.0,12.0,4.0,50,4.0
785517,2013,9,4.5,2,5.0,21.0,4.2,64,3.125
785517,2013,11,4.0,1,6.0,25.0,4.166666666666667,52,1.9230769230769231
785517,2013,12,4.0,1,7.0,29.0,4.142857142857143,44,2.272727272727273
785517,2014,2,4.0,1,8.0,33.0,4.125,48,2.083333333333333
785517,2014,4,3.5,2,10.0,40.0,4.0,73,2.73972602739726
785517,2014,6,5.0,1,11.0,45.0,4.090909090909091,85,1.1764705882352942
785517,2014,8,3.0,1,12.0,48.0,4.0,134,0.7462686567164178
785517,2014,10,4.5,2,14.0,57.0,4.071428571428571,118,1.694915254237288
785517,2015,1,4.5,2,16.0,66.0,4.125,128,1.5625
785517,2015,2,5.0,1,17.0,71.0,4.176470588235294,134,0.7462686567164178
785517,2015,3,3.5,2,19.0,78.0,4.105263157894737,160,1.25
785517,2015,5,5.0,1,20.0,83.0,4.15,169,0.591715976331361
785517,2015,6,4.0,1,21.0,87.0,4.142857142857143,159,0.628930817610063
785517,2015,9,5.0,1,22.0,92.0,4.181818181818182,238,0.42016806722689076
785517,2015,10,5.0,1,23.0,97.0,4.217391304347826,222,0.45045045045045046
785517,2015,12,4.0,1,24.0,101.0,4.208333333333333,184,0.5434782608695652
785517,2016,2,5.0,1,25.0,106.0,4.24,285,0.3508771929824561
785517,2016,4,3.6666666666666665,3,28.0,117.0,4.178571428571429,289,1.0380622837370241
785517,2016,5,4.0,1,29.0,121.0,4.172413793103448,255,0.39215686274509803
785517,2016,6,4.0,1,30.0,125.0,4.166666666666667,323,0.30959752321981426
785517,2016,7,4.5,2,32.0,134.0,4.1875,531,0.3766478342749529
785517,2016,8,3.5,2,34.0,141.0,4.147058823529412,518,0.3861003861003861
785517,2016,9,3.0,1,35.0,144.0,4.114285714285714,365,0.273972602739726
785517,2016,11,4.0,1,36.0,148.0,4.111111111111111,271,0.36900369003690037
785517,2017,4,4.0,1,37.0,152.0,4.108108108108108,312,0.3205128205128205
785517,2017,7,5.0,1,38.0,157.0,4.131578947368421,600,0.16666666666666669
785517,2018,1,5.0,1,39.0,162.0,4.153846153846154,269,0.37174721189591076
785517,2018,3,4.0,1,40.0,166.0,4.15,349,0.28653295128939826
785517,2018,4,4.0,1,41.0,170.0,4.146341463414634,246,0.40650406504065045
785517,2018,5,4.333333333333333,3,44.0,183.0,4.159090909090909,257,1.1673151750972763
785517,2018,6,4.0,1,45.0,187.0,4.155555555555556,333,0.3003003003003003
785517,2018,8,5.0,1,46.0,192.0,4.173913043478261,506,0.1976284584980237
785517,2018,9,3.0,2,48.0,198.0,4.125,326,0.6134969325153374
785517,2018,10,4.0,1,49.0,202.0,4.122448979591836,294,0.3401360544217687
785517,2019,1,4.0,1,50.0,206.0,4.12,308,0.3246753246753247
785517,2019,7,5.0,1,51.0,211.0,4.137254901960785,451,0.22172949002217296
785517,2019,8,5.0,1,52.0,216.0,4.153846153846154,337,0.2967359050445104
785517,2019,10,5.0,1,53.0,221.0,4.169811320754717,298,0.33557046979865773
785517,2019,11,5.0,1,54.0,226.0,4.185185185185185,288,0.3472222222222222
785517,2020,7,4.0,1,55.0,230.0,4.181818181818182,391,0.2557544757033248
787923,2013,1,4.5,2,2.0,9.0,4.5,47,4.25531914893617
787923,2013,2,5.0,1,3.0,14.0,4.666666666666667,54,1.8518518518518516
787923,2013,6,4.0,1,4.0,18.0,4.5,63,1.5873015873015872
787923,2013,8,3.0,1,5.0,21.0,4.2,87,1.1494252873563218
787923,2013,9,5.0,1,6.0,26.0,4.333333333333333,64,1.5625
787923,2013,10,4.0,2,8.0,34.0,4.25,56,3.571428571428571
787923,2014,2,1.0,1,9.0,35.0,3.888888888888889,48,2.083333333333333
787923,2014,3,3.0,2,11.0,41.0,3.727272727272727,61,3.278688524590164
787923,2014,7,3.5,2,13.0,48.0,3.6923076923076925,98,2.0408163265306123
787923,2014,10,3.5,2,15.0,55.0,3.6666666666666665,118,1.694915254237288
787923,2014,11,4.333333333333333,3,18.0,68.0,3.7777777777777777,122,2.459016393442623
787923,2014,12,4.0,3,21.0,80.0,3.8095238095238093,102,2.941176470588235
787923,2015,1,3.333333333333333,3,24.0,90.0,3.75,128,2.34375
787923,2015,2,4.0,2,26.0,98.0,3.769230769230769,134,1.4925373134328357
787923,2015,4,5.0,1,27.0,103.0,3.814814814814815,111,0.9009009009009009
787923,2015,5,5.0,2,29.0,113.0,3.896551724137931,169,1.183431952662722
787923,2015,7,4.0,1,30.0,117.0,3.9,275,0.36363636363636365
787923,2015,8,5.0,1,31.0,122.0,3.935483870967742,283,0.35335689045936397
787923,2015,9,4.0,1,32.0,126.0,3.9375,238,0.42016806722689076
787923,2015,10,4.5,2,34.0,135.0,3.9705882352941178,222,0.9009009009009009
787923,2015,11,4.25,4,38.0,152.0,4.0,149,2.684563758389262
787923,2015,12,4.0,1,39.0,156.0,4.0,184,0.5434782608695652
787923,2016,1,4.2,5,44.0,177.0,4.0227272727272725,279,1.7921146953405016
787923,2016,2,5.0,1,45.0,182.0,4.044444444444444,285,0.3508771929824561
787923,2016,3,4.666666666666667,6,51.0,210.0,4.117647058823529,348,1.7241379310344827
787923,2016,4,4.0,4,55.0,226.0,4.109090909090909,289,1.384083044982699
787923,2016,5,4.833333333333333,6,61.0,255.0,4.180327868852459,255,2.3529411764705883
787923,2016,6,4.5,2,63.0,264.0,4.190476190476191,323,0.6191950464396285
787923,2016,7,4.0,6,69.0,288.0,4.173913043478261,531,1.1299435028248588
787923,2016,8,4.666666666666667,3,72.0,302.0,4.194444444444445,518,0.5791505791505791
787923,2016,9,4.5,2,74.0,311.0,4.202702702702703,365,0.547945205479452
787923,2016,10,3.6666666666666665,3,77.0,322.0,4.181818181818182,371,0.8086253369272237
787923,2016,11,3.5,2,79.0,329.0,4.1645569620253164,271,0.7380073800738007
787923,2016,12,3.5,2,81.0,336.0,4.148148148148148,260,0.7692307692307693
787923,2017,1,4.5,4,85.0,354.0,4.1647058823529415,277,1.444043321299639
787923,2017,2,4.333333333333333,3,88.0,367.0,4.170454545454546,294,1.0204081632653061
787923,2017,3,2.0,1,89.0,369.0,4.146067415730337,297,0.33670033670033667
787923,2017,4,4.666666666666667,3,92.0,383.0,4.163043478260869,312,0.9615384615384616
787923,2017,5,3.5,4,96.0,397.0,4.135416666666667,327,1.2232415902140672
787923,2017,6,4.0,1,97.0,401.0,4.134020618556701,248,0.4032258064516129
787923,2017,7,4.333333333333333,6,103.0,427.0,4.145631067961165,600,1.0
787923,2017,8,3.8333333333333335,6,109.0,450.0,4.128440366972477,456,1.3157894736842104
787923,2017,9,3.5,2,111.0,457.0,4.117117117117117,304,0.6578947368421052
787923,2017,10,4.333333333333333,3,114.0,470.0,4.12280701754386,296,1.0135135135135136
787923,2017,11,4.0,1,115.0,474.0,4.121739130434783,321,0.3115264797507788
787923,2017,12,4.0,1,116.0,478.0,4.120689655172414,261,0.38314176245210724
787923,2018,1,4.0,3,119.0,490.0,4.117647058823529,269,1.1152416356877324
787923,2018,2,3.0,1,120.0,493.0,4.108333333333333,231,0.4329004329004329
787923,2018,3,4.5,4,124.0,511.0,4.120967741935484,349,1.146131805157593
787923,2018,5,1.5,2,126.0,514.0,4.079365079365079,257,0.7782101167315175
787923,2018,6,3.6666666666666665,3,129.0,525.0,4.069767441860465,333,0.9009009009009009
787923,2018,8,3.6666666666666665,3,132.0,536.0,4.0606060606060606,506,0.592885375494071
787923,2018,9,3.5,2,134.0,543.0,4.052238805970149,326,0.6134969325153374
787923,2018,10,3.0,2,136.0,549.0,4.036764705882353,294,0.6802721088435374
787923,2018,11,4.0,2,138.0,557.0,4.036231884057971,247,0.8097165991902834
787923,2018,12,3.6666666666666665,3,141.0,568.0,4.028368794326241,261,1.1494252873563218
787923,2019,1,3.0,1,142.0,571.0,4.02112676056338,308,0.3246753246753247
787923,2019,2,5.0,1,143.0,576.0,4.027972027972028,232,0.43103448275862066
787923,2019,3,3.0,2,145.0,582.0,4.0137931034482754,265,0.7547169811320755
787923,2019,4,1.0,1,146.0,583.0,3.993150684931507,233,0.4291845493562232
787923,2019,5,1.6666666666666667,3,149.0,588.0,3.946308724832215,235,1.276595744680851
787923,2019,6,2.0,2,151.0,592.0,3.9205298013245033,271,0.7380073800738007
787923,2019,7,1.5,2,153.0,595.0,3.888888888888889,451,0.4434589800443459
787923,2019,8,2.5,2,155.0,600.0,3.870967741935484,337,0.5934718100890208
787923,2019,9,3.0,1,156.0,603.0,3.8653846153846154,261,0.38314176245210724
787923,2019,10,2.0,1,157.0,605.0,3.8535031847133756,298,0.33557046979865773
787923,2019,11,3.75,4,161.0,620.0,3.8509316770186337,288,1.3888888888888888
787923,2019,12,3.5,2,163.0,627.0,3.8466257668711656,197,1.015228426395939
787923,2020,7,5.0,1,164.0,632.0,3.8536585365853657,391,0.2557544757033248
787923,2020,8,2.5,2,166.0,637.0,3.8373493975903616,226,0.8849557522123894
787923,2020,9,4.0,1,167.0,641.0,3.838323353293413,160,0.625
787939,2013,6,3.0,1,1.0,3.0,3.0,63,1.5873015873015872
787939,2014,7,4.0,1,2.0,7.0,3.5,98,1.0204081632653061
787939,2014,11,4.0,1,3.0,11.0,3.6666666666666665,122,0.819672131147541
787939,2015,10,3.0,1,4.0,14.0,3.5,222,0.45045045045045046
787939,2015,12,3.5,2,6.0,21.0,3.5,184,1.0869565217391304
787939,2016,1,5.0,1,7.0,26.0,3.7142857142857144,279,0.35842293906810035
787939,2016,7,4.0,1,8.0,30.0,3.75,531,0.18832391713747645
787939,2016,8,4.0,1,9.0,34.0,3.7777777777777777,518,0.19305019305019305
787939,2016,11,2.0,1,10.0,36.0,3.6,271,0.36900369003690037
787939,2016,12,4.0,1,11.0,40.0,3.6363636363636362,260,0.38461538461538464
787939,2017,1,2.0,1,12.0,42.0,3.5,277,0.36101083032490977
787939,2017,4,3.0,1,13.0,45.0,3.4615384615384617,312,0.3205128205128205
787939,2018,8,5.0,1,14.0,50.0,3.5714285714285716,506,0.1976284584980237
787939,2020,1,2.0,1,15.0,52.0,3.466666666666667,205,0.4878048780487805
788221,2014,8,5.0,1,1.0,5.0,5.0,134,0.7462686567164178
788221,2015,5,4.0,1,2.0,9.0,4.5,169,0.591715976331361
788221,2015,10,4.0,1,3.0,13.0,4.333333333333333,222,0.45045045045045046
788221,2015,12,5.0,1,4.0,18.0,4.5,184,0.5434782608695652
788221,2016,2,3.0,1,5.0,21.0,4.2,285,0.3508771929824561
788221,2016,3,4.333333333333333,3,8.0,34.0,4.25,348,0.8620689655172413
788221,2016,5,4.0,1,9.0,38.0,4.222222222222222,255,0.39215686274509803
788221,2016,8,5.0,1,10.0,43.0,4.3,518,0.19305019305019305
788221,2016,9,4.0,1,11.0,47.0,4.2727272727272725,365,0.273972602739726
788221,2016,10,4.0,2,13.0,55.0,4.230769230769231,371,0.5390835579514826
788221,2017,7,4.0,2,15.0,63.0,4.2,600,0.33333333333333337
788221,2017,9,2.5,2,17.0,68.0,4.0,304,0.6578947368421052
788221,2018,7,5.0,1,18.0,73.0,4.055555555555555,477,0.20964360587002098
788221,2019,2,2.0,1,19.0,75.0,3.9473684210526314,232,0.43103448275862066
788221,2019,4,4.0,1,20.0,79.0,3.95,233,0.4291845493562232
788221,2020,10,5.0,1,21.0,84.0,4.0,145,0.6896551724137931
788221,2020,12,5.0,1,22.0,89.0,4.045454545454546,81,1.2345679012345678
788807,2013,10,3.0,1,1.0,3.0,3.0,56,1.7857142857142856
788807,2014,4,2.0,1,2.0,5.0,2.5,73,1.36986301369863
788807,2014,5,4.0,1,3.0,9.0,3.0,89,1.1235955056179776
788807,2014,6,3.0,2,5.0,15.0,3.0,85,2.3529411764705883
788807,2014,7,1.0,1,6.0,16.0,2.6666666666666665,98,1.0204081632653061
788807,2014,10,4.0,1,7.0,20.0,2.857142857142857,118,0.847457627118644
788807,2014,12,4.0,1,8.0,24.0,3.0,102,0.9803921568627451
788807,2015,1,4.0,1,9.0,28.0,3.111111111111111,128,0.78125
788807,2015,2,4.0,1,10.0,32.0,3.2,134,0.7462686567164178
788807,2015,3,4.0,1,11.0,36.0,3.272727272727273,160,0.625
788807,2015,6,5.0,1,12.0,41.0,3.4166666666666665,159,0.628930817610063
788807,2015,8,3.5,2,14.0,48.0,3.4285714285714284,283,0.7067137809187279
788807,2015,9,3.0,2,16.0,54.0,3.375,238,0.8403361344537815
788807,2015,12,4.0,1,17.0,58.0,3.411764705882353,184,0.5434782608695652
788807,2016,1,4.0,2,19.0,66.0,3.473684210526316,279,0.7168458781362007
788807,2016,2,4.0,1,20.0,70.0,3.5,285,0.3508771929824561
788807,2016,3,3.0,1,21.0,73.0,3.4761904761904763,348,0.28735632183908044
788807,2016,5,4.0,2,23.0,81.0,3.5217391304347827,255,0.7843137254901961
788807,2016,7,3.0,2,25.0,87.0,3.48,531,0.3766478342749529
788807,2016,8,4.0,1,26.0,91.0,3.5,518,0.19305019305019305
788807,2016,10,4.0,1,27.0,95.0,3.5185185185185186,371,0.2695417789757413
788807,2017,3,4.5,2,29.0,104.0,3.586206896551724,297,0.6734006734006733
788807,2017,7,4.0,1,30.0,108.0,3.6,600,0.16666666666666669
788807,2017,8,3.5,2,32.0,115.0,3.59375,456,0.43859649122807015
788807,2017,9,2.5,2,34.0,120.0,3.5294117647058822,304,0.6578947368421052
788807,2017,11,4.0,1,35.0,124.0,3.5428571428571427,321,0.3115264797507788
788807,2018,2,3.0,1,36.0,127.0,3.5277777777777777,231,0.4329004329004329
788807,2018,3,5.0,1,37.0,132.0,3.5675675675675675,349,0.28653295128939826
788807,2018,5,3.0,1,38.0,135.0,3.5526315789473686,257,0.38910505836575876
788807,2018,9,3.0,2,40.0,141.0,3.525,326,0.6134969325153374
788807,2019,4,2.0,1,41.0,143.0,3.4878048780487805,233,0.4291845493562232
788807,2019,8,3.0,1,42.0,146.0,3.4761904761904763,337,0.2967359050445104
788807,2019,9,1.0,1,43.0,147.0,3.4186046511627906,261,0.38314176245210724
788807,2019,10,2.0,2,45.0,151.0,3.3555555555555556,298,0.6711409395973155
788807,2020,6,2.0,1,46.0,153.0,3.3260869565217392,107,0.9345794392523363
789054,2013,1,4.0,1,1.0,4.0,4.0,47,2.127659574468085
789054,2013,3,5.0,3,4.0,19.0,4.75,57,5.263157894736842
789054,2013,6,5.0,1,5.0,24.0,4.8,63,1.5873015873015872
789054,2013,7,4.333333333333333,3,8.0,37.0,4.625,94,3.1914893617021276
789054,2013,8,4.0,1,9.0,41.0,4.555555555555555,87,1.1494252873563218
789054,2013,10,4.0,2,11.0,49.0,4.454545454545454,56,3.571428571428571
789054,2013,11,5.0,1,12.0,54.0,4.5,52,1.9230769230769231
789054,2014,1,4.0,1,13.0,58.0,4.461538461538462,72,1.3888888888888888
789054,2014,5,4.0,1,14.0,62.0,4.428571428571429,89,1.1235955056179776
789054,2014,6,4.333333333333333,3,17.0,75.0,4.411764705882353,85,3.5294117647058822
789054,2014,8,4.0,2,19.0,83.0,4.368421052631579,134,1.4925373134328357
789054,2014,10,4.0,1,20.0,87.0,4.35,118,0.847457627118644
789054,2014,11,4.0,1,21.0,91.0,4.333333333333333,122,0.819672131147541
789054,2015,1,4.0,1,22.0,95.0,4.318181818181818,128,0.78125
789054,2015,2,5.0,1,23.0,100.0,4.3478260869565215,134,0.7462686567164178
789054,2015,3,4.5,2,25.0,109.0,4.36,160,1.25
789054,2015,4,5.0,1,26.0,114.0,4.384615384615385,111,0.9009009009009009
789054,2015,6,5.0,2,28.0,124.0,4.428571428571429,159,1.257861635220126
789054,2015,7,5.0,1,29.0,129.0,4.448275862068965,275,0.36363636363636365
789054,2015,8,4.666666666666667,6,35.0,157.0,4.485714285714286,283,2.1201413427561837
789054,2015,9,4.0,1,36.0,161.0,4.472222222222222,238,0.42016806722689076
789054,2015,10,4.5,2,38.0,170.0,4.473684210526316,222,0.9009009009009009
789054,2015,11,5.0,2,40.0,180.0,4.5,149,1.342281879194631
789054,2015,12,4.0,1,41.0,184.0,4.487804878048781,184,0.5434782608695652
789054,2016,1,3.2,5,46.0,200.0,4.3478260869565215,279,1.7921146953405016
789054,2016,2,5.0,1,47.0,205.0,4.361702127659575,285,0.3508771929824561
789054,2016,3,3.6666666666666665,3,50.0,216.0,4.32,348,0.8620689655172413
789054,2016,4,3.0,1,51.0,219.0,4.294117647058823,289,0.34602076124567477
789054,2016,5,4.333333333333333,3,54.0,232.0,4.296296296296297,255,1.1764705882352942
789054,2016,7,4.2,5,59.0,253.0,4.288135593220339,531,0.9416195856873822
789054,2016,8,4.333333333333333,3,62.0,266.0,4.290322580645161,518,0.5791505791505791
789054,2016,9,4.0,1,63.0,270.0,4.285714285714286,365,0.273972602739726
789054,2016,11,4.0,1,64.0,274.0,4.28125,271,0.36900369003690037
789054,2016,12,5.0,1,65.0,279.0,4.292307692307692,260,0.38461538461538464
789054,2017,3,4.0,3,68.0,291.0,4.279411764705882,297,1.0101010101010102
789054,2017,6,4.0,1,69.0,295.0,4.27536231884058,248,0.4032258064516129
789054,2017,7,4.333333333333333,3,72.0,308.0,4.277777777777778,600,0.5
789054,2017,8,5.0,1,73.0,313.0,4.287671232876712,456,0.21929824561403508
789054,2017,9,5.0,1,74.0,318.0,4.297297297297297,304,0.3289473684210526
789054,2017,10,5.0,1,75.0,323.0,4.306666666666667,296,0.33783783783783783
789054,2017,11,5.0,3,78.0,338.0,4.333333333333333,321,0.9345794392523363
789054,2017,12,4.0,1,79.0,342.0,4.329113924050633,261,0.38314176245210724
789054,2018,1,5.0,1,80.0,347.0,4.3375,269,0.37174721189591076
789054,2018,3,3.6666666666666665,3,83.0,358.0,4.313253012048193,349,0.8595988538681949
789054,2018,4,3.0,4,87.0,370.0,4.252873563218391,246,1.6260162601626018
789054,2018,6,3.0,1,88.0,373.0,4.238636363636363,333,0.3003003003003003
789054,2018,7,4.0,3,91.0,385.0,4.230769230769231,477,0.628930817610063
789054,2018,9,5.0,1,92.0,390.0,4.239130434782608,326,0.3067484662576687
789054,2018,10,4.0,1,93.0,394.0,4.236559139784946,294,0.3401360544217687
789054,2018,11,5.0,1,94.0,399.0,4.24468085106383,247,0.4048582995951417
789054,2019,1,5.0,1,95.0,404.0,4.252631578947368,308,0.3246753246753247
789054,2019,6,5.0,2,97.0,414.0,4.268041237113402,271,0.7380073800738007
789054,2019,7,5.0,1,98.0,419.0,4.275510204081633,451,0.22172949002217296
789054,2019,8,5.0,4,102.0,439.0,4.303921568627451,337,1.1869436201780417
789054,2019,9,5.0,1,103.0,444.0,4.310679611650485,261,0.38314176245210724
789054,2019,10,5.0,2,105.0,454.0,4.3238095238095235,298,0.6711409395973155
789054,2019,11,2.0,1,106.0,456.0,4.30188679245283,288,0.3472222222222222
789054,2019,12,5.0,1,107.0,461.0,4.308411214953271,197,0.5076142131979695
789054,2020,4,5.0,1,108.0,466.0,4.314814814814815,35,2.857142857142857
789054,2020,7,3.0,1,109.0,469.0,4.302752293577981,391,0.2557544757033248
789054,2020,8,1.0,1,110.0,470.0,4.2727272727272725,226,0.4424778761061947
789054,2020,11,3.0,1,111.0,473.0,4.261261261261262,120,0.8333333333333334
789054,2020,12,3.5,2,113.0,480.0,4.247787610619469,81,2.4691358024691357
794671,2013,4,3.0,1,1.0,3.0,3.0,50,2.0
794671,2013,6,4.0,2,3.0,11.0,3.6666666666666665,63,3.1746031746031744
794671,2014,6,3.5,2,5.0,18.0,3.6,85,2.3529411764705883
794671,2014,9,4.0,1,6.0,22.0,3.6666666666666665,132,0.7575757575757576
794671,2014,10,4.0,1,7.0,26.0,3.7142857142857144,118,0.847457627118644
794671,2015,4,5.0,1,8.0,31.0,3.875,111,0.9009009009009009
794671,2015,5,5.0,1,9.0,36.0,4.0,169,0.591715976331361
794671,2015,11,3.0,1,10.0,39.0,3.9,149,0.6711409395973155
794671,2016,8,5.0,1,11.0,44.0,4.0,518,0.19305019305019305
794671,2017,5,5.0,1,12.0,49.0,4.083333333333333,327,0.3058103975535168
794671,2017,8,5.0,2,14.0,59.0,4.214285714285714,456,0.43859649122807015
794671,2018,1,5.0,1,15.0,64.0,4.266666666666667,269,0.37174721189591076
794671,2018,3,4.0,1,16.0,68.0,4.25,349,0.28653295128939826
794671,2019,9,3.0,1,17.0,71.0,4.176470588235294,261,0.38314176245210724
794671,2019,10,4.0,1,18.0,75.0,4.166666666666667,298,0.33557046979865773
794671,2020,4,2.0,1,19.0,77.0,4.052631578947368,35,2.857142857142857
794671,2020,6,1.0,1,20.0,78.0,3.9,107,0.9345794392523363
796601,2016,8,4.0,1,1.0,4.0,4.0,518,0.19305019305019305
796601,2019,8,5.0,1,2.0,9.0,4.5,337,0.2967359050445104
796601,2019,11,4.0,1,3.0,13.0,4.333333333333333,288,0.3472222222222222
796601,2020,2,5.0,1,4.0,18.0,4.5,235,0.425531914893617
796601,2020,6,5.0,1,5.0,23.0,4.6,107,0.9345794392523363
796813,2013,8,5.0,1,1.0,5.0,5.0,87,1.1494252873563218
796813,2015,5,5.0,1,2.0,10.0,5.0,169,0.591715976331361
796813,2016,10,4.0,1,3.0,14.0,4.666666666666667,371,0.2695417789757413
796813,2017,7,4.0,1,4.0,18.0,4.5,600,0.16666666666666669
796813,2017,11,1.0,1,5.0,19.0,3.8,321,0.3115264797507788
798685,2015,3,3.0,1,1.0,3.0,3.0,160,0.625
798685,2017,5,3.0,1,2.0,6.0,3.0,327,0.3058103975535168
798685,2020,8,5.0,1,3.0,11.0,3.6666666666666665,226,0.4424778761061947
804970,2015,8,5.0,1,1.0,5.0,5.0,283,0.35335689045936397
804970,2015,9,3.0,1,2.0,8.0,4.0,238,0.42016806722689076
804970,2017,2,5.0,1,3.0,13.0,4.333333333333333,294,0.3401360544217687
804970,2019,7,5.0,1,4.0,18.0,4.5,451,0.22172949002217296
804970,2019,11,4.0,1,5.0,22.0,4.4,288,0.3472222222222222
804970,2020,9,2.0,1,6.0,24.0,4.0,160,0.625
805138,2013,3,4.0,1,1.0,4.0,4.0,57,1.7543859649122806
805138,2013,7,5.0,1,2.0,9.0,4.5,94,1.0638297872340425
805138,2013,12,4.0,1,3.0,13.0,4.333333333333333,44,2.272727272727273
805138,2014,3,4.0,1,4.0,17.0,4.25,61,1.639344262295082
805138,2014,10,3.0,1,5.0,20.0,4.0,118,0.847457627118644
805138,2015,4,4.0,1,6.0,24.0,4.0,111,0.9009009009009009
805138,2015,7,3.0,1,7.0,27.0,3.857142857142857,275,0.36363636363636365
805138,2016,4,3.0,1,8.0,30.0,3.75,289,0.34602076124567477
805138,2016,6,4.0,1,9.0,34.0,3.7777777777777777,323,0.30959752321981426
805138,2016,8,4.0,1,10.0,38.0,3.8,518,0.19305019305019305
805138,2016,9,5.0,1,11.0,43.0,3.909090909090909,365,0.273972602739726
805138,2016,12,3.0,1,12.0,46.0,3.8333333333333335,260,0.38461538461538464
805138,2017,3,4.0,2,14.0,54.0,3.857142857142857,297,0.6734006734006733
805138,2017,4,4.0,2,16.0,62.0,3.875,312,0.641025641025641
805138,2017,7,5.0,1,17.0,67.0,3.9411764705882355,600,0.16666666666666669
805138,2017,11,4.0,1,18.0,71.0,3.9444444444444446,321,0.3115264797507788
805138,2018,1,4.0,2,20.0,79.0,3.95,269,0.7434944237918215
805138,2018,4,2.0,1,21.0,81.0,3.857142857142857,246,0.40650406504065045
805138,2018,5,4.0,1,22.0,85.0,3.8636363636363638,257,0.38910505836575876
805138,2018,6,2.0,1,23.0,87.0,3.782608695652174,333,0.3003003003003003
805138,2018,8,2.0,1,24.0,89.0,3.7083333333333335,506,0.1976284584980237
805138,2020,1,3.0,1,25.0,92.0,3.68,205,0.4878048780487805
805138,2020,2,3.0,2,27.0,98.0,3.6296296296296298,235,0.851063829787234
812763,2014,6,3.0,1,1.0,3.0,3.0,85,1.1764705882352942
812763,2016,3,4.0,1,2.0,7.0,3.5,348,0.28735632183908044
812763,2016,6,4.0,1,3.0,11.0,3.6666666666666665,323,0.30959752321981426
812763,2017,6,4.0,1,4.0,15.0,3.75,248,0.4032258064516129
812763,2017,10,3.0,1,5.0,18.0,3.6,296,0.33783783783783783
812763,2018,4,4.0,1,6.0,22.0,3.6666666666666665,246,0.40650406504065045
812763,2019,1,4.0,1,7.0,26.0,3.7142857142857144,308,0.3246753246753247
814096,2013,1,4.0,1,1.0,4.0,4.0,47,2.127659574468085
814096,2013,2,5.0,1,2.0,9.0,4.5,54,1.8518518518518516
814096,2013,3,3.5,2,4.0,16.0,4.0,57,3.508771929824561
814096,2013,4,4.0,1,5.0,20.0,4.0,50,2.0
814096,2013,7,5.0,1,6.0,25.0,4.166666666666667,94,1.0638297872340425
814096,2013,9,4.0,1,7.0,29.0,4.142857142857143,64,1.5625
814096,2014,1,4.0,1,8.0,33.0,4.125,72,1.3888888888888888
814096,2014,8,4.0,1,9.0,37.0,4.111111111111111,134,0.7462686567164178
814096,2015,3,4.0,1,10.0,41.0,4.1,160,0.625
814096,2015,4,5.0,1,11.0,46.0,4.181818181818182,111,0.9009009009009009
814096,2015,6,4.0,1,12.0,50.0,4.166666666666667,159,0.628930817610063
814096,2015,7,5.0,1,13.0,55.0,4.230769230769231,275,0.36363636363636365
814096,2015,8,4.0,1,14.0,59.0,4.214285714285714,283,0.35335689045936397
814096,2015,9,4.0,1,15.0,63.0,4.2,238,0.42016806722689076
814096,2015,10,3.0,1,16.0,66.0,4.125,222,0.45045045045045046
814096,2015,12,3.5,2,18.0,73.0,4.055555555555555,184,1.0869565217391304
814096,2016,4,3.6666666666666665,3,21.0,84.0,4.0,289,1.0380622837370241
814096,2016,9,5.0,2,23.0,94.0,4.086956521739131,365,0.547945205479452
814096,2016,10,5.0,1,24.0,99.0,4.125,371,0.2695417789757413
814096,2016,11,5.0,1,25.0,104.0,4.16,271,0.36900369003690037
814096,2017,4,5.0,2,27.0,114.0,4.222222222222222,312,0.641025641025641
814096,2017,6,5.0,1,28.0,119.0,4.25,248,0.4032258064516129
814096,2017,7,5.0,1,29.0,124.0,4.275862068965517,600,0.16666666666666669
814096,2017,8,4.0,1,30.0,128.0,4.266666666666667,456,0.21929824561403508
814096,2017,9,3.5,2,32.0,135.0,4.21875,304,0.6578947368421052
814096,2017,10,4.0,1,33.0,139.0,4.212121212121212,296,0.33783783783783783
814096,2017,11,4.0,1,34.0,143.0,4.205882352941177,321,0.3115264797507788
814096,2017,12,5.0,1,35.0,148.0,4.228571428571429,261,0.38314176245210724
814096,2018,6,4.0,1,36.0,152.0,4.222222222222222,333,0.3003003003003003
814096,2019,2,4.0,1,37.0,156.0,4.216216216216216,232,0.43103448275862066
814096,2019,5,4.0,1,38.0,160.0,4.2105263157894735,235,0.425531914893617
814096,2020,1,4.0,1,39.0,164.0,4.205128205128205,205,0.4878048780487805
814096,2020,7,4.0,1,40.0,168.0,4.2,391,0.2557544757033248
814096,2020,10,4.0,1,41.0,172.0,4.195121951219512,145,0.6896551724137931
814940,2015,2,4.0,1,1.0,4.0,4.0,134,0.7462686567164178
814940,2016,7,4.0,1,2.0,8.0,4.0,531,0.18832391713747645
814940,2016,8,3.0,1,3.0,11.0,3.6666666666666665,518,0.19305019305019305
814940,2017,6,3.0,1,4.0,14.0,3.5,248,0.4032258064516129
814940,2017,7,3.0,1,5.0,17.0,3.4,600,0.16666666666666669
814940,2018,2,4.0,1,6.0,21.0,3.5,231,0.4329004329004329
814940,2018,7,5.0,1,7.0,26.0,3.7142857142857144,477,0.20964360587002098
815332,2013,2,5.0,1,1.0,5.0,5.0,54,1.8518518518518516
815332,2013,7,4.0,1,2.0,9.0,4.5,94,1.0638297872340425
815332,2014,2,3.0,1,3.0,12.0,4.0,48,2.083333333333333
815332,2014,4,4.0,1,4.0,16.0,4.0,73,1.36986301369863
815332,2014,6,5.0,1,5.0,21.0,4.2,85,1.1764705882352942
815332,2014,8,3.0,1,6.0,24.0,4.0,134,0.7462686567164178
815332,2014,10,5.0,1,7.0,29.0,4.142857142857143,118,0.847457627118644
815332,2014,12,3.0,1,8.0,32.0,4.0,102,0.9803921568627451
815332,2015,7,4.75,4,12.0,51.0,4.25,275,1.4545454545454546
815332,2015,8,5.0,1,13.0,56.0,4.3076923076923075,283,0.35335689045936397
815332,2015,10,5.0,1,14.0,61.0,4.357142857142857,222,0.45045045045045046
815332,2015,11,5.0,1,15.0,66.0,4.4,149,0.6711409395973155
815332,2015,12,5.0,1,16.0,71.0,4.4375,184,0.5434782608695652
815332,2016,3,5.0,2,18.0,81.0,4.5,348,0.5747126436781609
815332,2016,6,4.0,1,19.0,85.0,4.473684210526316,323,0.30959752321981426
815332,2016,8,3.5,2,21.0,92.0,4.380952380952381,518,0.3861003861003861
815332,2016,9,4.0,1,22.0,96.0,4.363636363636363,365,0.273972602739726
815332,2016,10,5.0,1,23.0,101.0,4.391304347826087,371,0.2695417789757413
815332,2016,11,5.0,3,26.0,116.0,4.461538461538462,271,1.107011070110701
815332,2016,12,4.0,1,27.0,120.0,4.444444444444445,260,0.38461538461538464
815332,2017,1,4.25,4,31.0,137.0,4.419354838709677,277,1.444043321299639
815332,2017,3,3.5,2,33.0,144.0,4.363636363636363,297,0.6734006734006733
815332,2017,4,4.0,1,34.0,148.0,4.352941176470588,312,0.3205128205128205
815332,2017,7,4.0,1,35.0,152.0,4.3428571428571425,600,0.16666666666666669
815332,2017,12,5.0,1,36.0,157.0,4.361111111111111,261,0.38314176245210724
815332,2018,2,5.0,1,37.0,162.0,4.378378378378378,231,0.4329004329004329
815332,2018,3,4.0,1,38.0,166.0,4.368421052631579,349,0.28653295128939826
815332,2018,4,2.0,1,39.0,168.0,4.3076923076923075,246,0.40650406504065045
815332,2018,7,4.0,1,40.0,172.0,4.3,477,0.20964360587002098
815332,2018,9,5.0,1,41.0,177.0,4.317073170731708,326,0.3067484662576687
815332,2018,12,4.0,1,42.0,181.0,4.309523809523809,261,0.38314176245210724
815332,2019,6,5.0,1,43.0,186.0,4.325581395348837,271,0.36900369003690037
815332,2019,7,4.0,2,45.0,194.0,4.311111111111111,451,0.4434589800443459
815332,2020,3,5.0,1,46.0,199.0,4.326086956521739,173,0.5780346820809248
815332,2020,8,4.0,2,48.0,207.0,4.3125,226,0.8849557522123894
815551,2015,4,4.0,1,1.0,4.0,4.0,111,0.9009009009009009
815551,2015,12,5.0,1,2.0,9.0,4.5,184,0.5434782608695652
815551,2016,4,5.0,1,3.0,14.0,4.666666666666667,289,0.34602076124567477
815551,2016,7,2.0,1,4.0,16.0,4.0,531,0.18832391713747645
815551,2017,1,5.0,1,5.0,21.0,4.2,277,0.36101083032490977
815551,2017,7,3.333333333333333,3,8.0,31.0,3.875,600,0.5
815551,2017,8,4.0,1,9.0,35.0,3.888888888888889,456,0.21929824561403508
815551,2017,12,4.0,1,10.0,39.0,3.9,261,0.38314176245210724
815551,2018,2,3.0,1,11.0,42.0,3.8181818181818183,231,0.4329004329004329
815551,2018,3,4.0,1,12.0,46.0,3.8333333333333335,349,0.28653295128939826
815551,2018,5,5.0,1,13.0,51.0,3.923076923076923,257,0.38910505836575876
815551,2018,7,4.0,1,14.0,55.0,3.9285714285714284,477,0.20964360587002098
815551,2018,11,1.0,1,15.0,56.0,3.7333333333333334,247,0.4048582995951417
815551,2019,1,4.0,1,16.0,60.0,3.75,308,0.3246753246753247
815563,2015,11,3.0,1,1.0,3.0,3.0,149,0.6711409395973155
815563,2015,12,2.0,1,2.0,5.0,2.5,184,0.5434782608695652
815563,2016,7,2.0,2,4.0,9.0,2.25,531,0.3766478342749529
815563,2017,9,3.0,1,5.0,12.0,2.4,304,0.3289473684210526
816100,2013,6,3.0,1,1.0,3.0,3.0,63,1.5873015873015872
816100,2014,9,4.0,1,2.0,7.0,3.5,132,0.7575757575757576
866703,2015,3,1.0,1,1.0,1.0,1.0,160,0.625
877322,2013,6,4.0,1,1.0,4.0,4.0,63,1.5873015873015872
877322,2014,1,4.0,1,2.0,8.0,4.0,72,1.3888888888888888
877322,2014,2,4.0,1,3.0,12.0,4.0,48,2.083333333333333
877322,2014,4,3.0,1,4.0,15.0,3.75,73,1.36986301369863
877322,2014,11,4.0,1,5.0,19.0,3.8,122,0.819672131147541
877322,2015,2,3.0,1,6.0,22.0,3.6666666666666665,134,0.7462686567164178
877322,2015,6,4.0,1,7.0,26.0,3.7142857142857144,159,0.628930817610063
877322,2015,7,3.0,3,10.0,35.0,3.5,275,1.090909090909091
877322,2015,8,3.0,1,11.0,38.0,3.4545454545454546,283,0.35335689045936397
877322,2015,9,1.0,1,12.0,39.0,3.25,238,0.42016806722689076
877322,2015,12,2.0,1,13.0,41.0,3.1538461538461537,184,0.5434782608695652
877322,2016,3,3.0,3,16.0,50.0,3.125,348,0.8620689655172413
877322,2016,5,3.5,2,18.0,57.0,3.1666666666666665,255,0.7843137254901961
877322,2016,6,3.6666666666666665,3,21.0,68.0,3.238095238095238,323,0.9287925696594427
877322,2016,7,1.0,1,22.0,69.0,3.1363636363636362,531,0.18832391713747645
877322,2016,8,3.0,1,23.0,72.0,3.130434782608696,518,0.19305019305019305
877322,2016,9,3.0,1,24.0,75.0,3.125,365,0.273972602739726
877322,2016,12,3.0,1,25.0,78.0,3.12,260,0.38461538461538464
877322,2017,3,4.0,1,26.0,82.0,3.1538461538461537,297,0.33670033670033667
877322,2017,4,3.5,2,28.0,89.0,3.1785714285714284,312,0.641025641025641
877322,2017,5,2.0,1,29.0,91.0,3.1379310344827585,327,0.3058103975535168
877322,2017,6,3.0,1,30.0,94.0,3.1333333333333333,248,0.4032258064516129
877322,2017,7,4.0,3,33.0,106.0,3.212121212121212,600,0.5
877322,2017,10,5.0,2,35.0,116.0,3.3142857142857145,296,0.6756756756756757
877322,2017,12,1.5,2,37.0,119.0,3.2162162162162162,261,0.7662835249042145
877322,2018,3,3.0,1,38.0,122.0,3.210526315789474,349,0.28653295128939826
877322,2018,4,3.0,1,39.0,125.0,3.2051282051282053,246,0.40650406504065045
877322,2018,6,4.0,1,40.0,129.0,3.225,333,0.3003003003003003
877322,2018,7,5.0,1,41.0,134.0,3.268292682926829,477,0.20964360587002098
877322,2018,8,5.0,1,42.0,139.0,3.3095238095238093,506,0.1976284584980237
877322,2019,1,4.0,1,43.0,143.0,3.3255813953488373,308,0.3246753246753247
877322,2019,3,3.0,3,46.0,152.0,3.3043478260869565,265,1.1320754716981132
877322,2019,5,1.5,2,48.0,155.0,3.2291666666666665,235,0.851063829787234
877322,2019,9,3.0,2,50.0,161.0,3.22,261,0.7662835249042145
877322,2019,12,4.0,1,51.0,165.0,3.235294117647059,197,0.5076142131979695
877322,2020,12,3.0,1,52.0,168.0,3.230769230769231,81,1.2345679012345678
877536,2013,1,4.5,2,2.0,9.0,4.5,47,4.25531914893617
877536,2013,3,4.0,2,4.0,17.0,4.25,57,3.508771929824561
877536,2014,8,4.0,1,5.0,21.0,4.2,134,0.7462686567164178
877536,2014,9,4.0,1,6.0,25.0,4.166666666666667,132,0.7575757575757576
877536,2014,11,3.0,1,7.0,28.0,4.0,122,0.819672131147541
877536,2014,12,5.0,1,8.0,33.0,4.125,102,0.9803921568627451
877536,2015,1,4.5,2,10.0,42.0,4.2,128,1.5625
877536,2015,5,4.0,1,11.0,46.0,4.181818181818182,169,0.591715976331361
877536,2015,6,4.0,1,12.0,50.0,4.166666666666667,159,0.628930817610063
877536,2015,7,4.333333333333333,3,15.0,63.0,4.2,275,1.090909090909091
877536,2015,8,5.0,2,17.0,73.0,4.294117647058823,283,0.7067137809187279
877536,2015,10,3.25,4,21.0,86.0,4.095238095238095,222,1.8018018018018018
877536,2015,12,4.0,2,23.0,94.0,4.086956521739131,184,1.0869565217391304
877536,2016,1,3.5,2,25.0,101.0,4.04,279,0.7168458781362007
877536,2016,2,4.0,1,26.0,105.0,4.038461538461538,285,0.3508771929824561
877536,2016,3,5.0,2,28.0,115.0,4.107142857142857,348,0.5747126436781609
877536,2016,4,3.333333333333333,3,31.0,125.0,4.032258064516129,289,1.0380622837370241
877536,2016,5,4.666666666666667,3,34.0,139.0,4.088235294117647,255,1.1764705882352942
877536,2016,6,4.0,1,35.0,143.0,4.085714285714285,323,0.30959752321981426
877536,2016,7,4.0,1,36.0,147.0,4.083333333333333,531,0.18832391713747645
877536,2016,8,3.333333333333333,3,39.0,157.0,4.0256410256410255,518,0.5791505791505791
877536,2016,9,4.0,2,41.0,165.0,4.024390243902439,365,0.547945205479452
877536,2016,11,4.0,1,42.0,169.0,4.023809523809524,271,0.36900369003690037
877536,2016,12,4.0,3,45.0,181.0,4.022222222222222,260,1.153846153846154
877536,2017,1,3.75,4,49.0,196.0,4.0,277,1.444043321299639
877536,2017,2,3.0,2,51.0,202.0,3.9607843137254903,294,0.6802721088435374
877536,2017,3,3.0,2,53.0,208.0,3.9245283018867925,297,0.6734006734006733
877536,2017,6,3.5,2,55.0,215.0,3.909090909090909,248,0.8064516129032258
877536,2017,7,4.666666666666667,6,61.0,243.0,3.9836065573770494,600,1.0
877536,2017,8,4.5,4,65.0,261.0,4.015384615384615,456,0.8771929824561403
877536,2017,9,4.5,2,67.0,270.0,4.029850746268656,304,0.6578947368421052
877536,2017,10,4.0,2,69.0,278.0,4.028985507246377,296,0.6756756756756757
877536,2017,11,2.0,1,70.0,280.0,4.0,321,0.3115264797507788
877536,2018,1,4.0,2,72.0,288.0,4.0,269,0.7434944237918215
877536,2018,2,3.6666666666666665,3,75.0,299.0,3.986666666666667,231,1.2987012987012987
877536,2018,3,4.0,1,76.0,303.0,3.986842105263158,349,0.28653295128939826
877536,2018,5,3.0,2,78.0,309.0,3.9615384615384617,257,0.7782101167315175
877536,2018,8,4.0,1,79.0,313.0,3.962025316455696,506,0.1976284584980237
877536,2018,9,3.6666666666666665,3,82.0,324.0,3.951219512195122,326,0.9202453987730062
877536,2018,10,4.0,2,84.0,332.0,3.9523809523809526,294,0.6802721088435374
877536,2018,12,5.0,2,86.0,342.0,3.9767441860465116,261,0.7662835249042145
877536,2019,1,4.5,2,88.0,351.0,3.9886363636363638,308,0.6493506493506493
877536,2019,2,4.0,1,89.0,355.0,3.9887640449438204,232,0.43103448275862066
877536,2019,3,5.0,2,91.0,365.0,4.010989010989011,265,0.7547169811320755
877536,2019,5,5.0,1,92.0,370.0,4.021739130434782,235,0.425531914893617
877536,2019,6,1.5,2,94.0,373.0,3.9680851063829787,271,0.7380073800738007
877536,2019,7,2.5,4,98.0,383.0,3.9081632653061225,451,0.8869179600886918
877536,2019,8,4.0,3,101.0,395.0,3.910891089108911,337,0.8902077151335311
877536,2019,9,5.0,1,102.0,400.0,3.9215686274509802,261,0.38314176245210724
877536,2019,10,4.5,2,104.0,409.0,3.9326923076923075,298,0.6711409395973155
877536,2019,12,3.0,1,105.0,412.0,3.9238095238095236,197,0.5076142131979695
877536,2020,1,4.0,1,106.0,416.0,3.9245283018867925,205,0.4878048780487805
877536,2020,2,5.0,1,107.0,421.0,3.9345794392523366,235,0.425531914893617
877536,2020,3,4.0,1,108.0,425.0,3.935185185185185,173,0.5780346820809248
877536,2020,7,3.0,1,109.0,428.0,3.926605504587156,391,0.2557544757033248
877536,2020,8,4.0,1,110.0,432.0,3.9272727272727272,226,0.4424778761061947
877536,2020,10,5.0,1,111.0,437.0,3.936936936936937,145,0.6896551724137931
877536,2020,11,1.0,1,112.0,438.0,3.9107142857142856,120,0.8333333333333334
887003,2016,8,4.0,1,1.0,4.0,4.0,518,0.19305019305019305
887003,2017,4,3.0,1,2.0,7.0,3.5,312,0.3205128205128205
887003,2017,7,4.0,1,3.0,11.0,3.6666666666666665,600,0.16666666666666669
887003,2018,7,2.0,1,4.0,13.0,3.25,477,0.20964360587002098
887003,2020,6,4.5,2,6.0,22.0,3.6666666666666665,107,1.8691588785046727
896880,2015,6,5.0,1,1.0,5.0,5.0,159,0.628930817610063
896880,2017,3,2.0,1,2.0,7.0,3.5,297,0.33670033670033667
896880,2017,5,3.0,1,3.0,10.0,3.3333333333333335,327,0.3058103975535168
896880,2018,10,5.0,1,4.0,15.0,3.75,294,0.3401360544217687
896880,2019,6,5.0,1,5.0,20.0,4.0,271,0.36900369003690037
911239,2016,8,3.0,1,1.0,3.0,3.0,518,0.19305019305019305
911239,2017,3,1.0,1,2.0,4.0,2.0,297,0.33670033670033667
911239,2018,1,2.0,1,3.0,6.0,2.0,269,0.37174721189591076
929064,2013,3,3.0,1,1.0,3.0,3.0,57,1.7543859649122806
929064,2014,2,3.0,1,2.0,6.0,3.0,48,2.083333333333333
929064,2014,5,4.0,1,3.0,10.0,3.3333333333333335,89,1.1235955056179776
929064,2014,7,1.0,1,4.0,11.0,2.75,98,1.0204081632653061
929064,2014,10,3.0,1,5.0,14.0,2.8,118,0.847457627118644
929064,2015,3,3.0,1,6.0,17.0,2.8333333333333335,160,0.625
929064,2015,5,4.0,1,7.0,21.0,3.0,169,0.591715976331361
929064,2015,12,4.0,1,8.0,25.0,3.125,184,0.5434782608695652
929064,2016,8,5.0,1,9.0,30.0,3.3333333333333335,518,0.19305019305019305
929064,2016,10,4.0,1,10.0,34.0,3.4,371,0.2695417789757413
929064,2018,6,4.0,1,11.0,38.0,3.4545454545454546,333,0.3003003003003003
929064,2018,8,3.0,1,12.0,41.0,3.4166666666666665,506,0.1976284584980237
929064,2018,10,4.0,1,13.0,45.0,3.4615384615384617,294,0.3401360544217687
929064,2018,11,4.0,1,14.0,49.0,3.5,247,0.4048582995951417
929064,2018,12,4.0,2,16.0,57.0,3.5625,261,0.7662835249042145
929064,2019,1,3.0,1,17.0,60.0,3.5294117647058822,308,0.3246753246753247
929064,2019,3,3.0,1,18.0,63.0,3.5,265,0.37735849056603776
929064,2019,5,3.0,1,19.0,66.0,3.473684210526316,235,0.425531914893617
929064,2019,8,3.0,1,20.0,69.0,3.45,337,0.2967359050445104
929064,2020,1,3.5,2,22.0,76.0,3.4545454545454546,205,0.975609756097561
940759,2013,3,4.0,1,1.0,4.0,4.0,57,1.7543859649122806
940759,2013,6,3.0,1,2.0,7.0,3.5,63,1.5873015873015872
940759,2014,3,3.0,1,3.0,10.0,3.3333333333333335,61,1.639344262295082
940759,2014,10,4.0,1,4.0,14.0,3.5,118,0.847457627118644
940759,2016,1,3.0,1,5.0,17.0,3.4,279,0.35842293906810035
940759,2018,5,1.0,1,6.0,18.0,3.0,257,0.38910505836575876
941703,2013,1,5.0,1,1.0,5.0,5.0,47,2.127659574468085
941703,2013,2,5.0,1,2.0,10.0,5.0,54,1.8518518518518516
941703,2013,3,5.0,3,5.0,25.0,5.0,57,5.263157894736842
941703,2013,4,4.0,2,7.0,33.0,4.714285714285714,50,4.0
941703,2013,5,4.0,1,8.0,37.0,4.625,51,1.9607843137254901
941703,2013,6,4.0,1,9.0,41.0,4.555555555555555,63,1.5873015873015872
941703,2013,7,5.0,1,10.0,46.0,4.6,94,1.0638297872340425
941703,2013,8,5.0,2,12.0,56.0,4.666666666666667,87,2.2988505747126435
941703,2013,11,5.0,1,13.0,61.0,4.6923076923076925,52,1.9230769230769231
941703,2014,1,4.0,1,14.0,65.0,4.642857142857143,72,1.3888888888888888
941703,2014,6,5.0,1,15.0,70.0,4.666666666666667,85,1.1764705882352942
941703,2014,7,4.5,2,17.0,79.0,4.647058823529412,98,2.0408163265306123
941703,2014,8,4.333333333333333,3,20.0,92.0,4.6,134,2.2388059701492535
941703,2014,9,4.5,4,24.0,110.0,4.583333333333333,132,3.0303030303030303
941703,2014,10,4.5,2,26.0,119.0,4.576923076923077,118,1.694915254237288
941703,2014,11,4.666666666666667,3,29.0,133.0,4.586206896551724,122,2.459016393442623
941703,2014,12,5.0,1,30.0,138.0,4.6,102,0.9803921568627451
941703,2015,2,4.25,4,34.0,155.0,4.5588235294117645,134,2.9850746268656714
941703,2015,3,4.333333333333333,6,40.0,181.0,4.525,160,3.75
941703,2015,4,4.6,5,45.0,204.0,4.533333333333333,111,4.504504504504505
941703,2015,5,4.571428571428571,7,52.0,236.0,4.538461538461538,169,4.142011834319527
941703,2015,6,4.2,5,57.0,257.0,4.508771929824562,159,3.1446540880503147
941703,2015,7,4.25,4,61.0,274.0,4.491803278688525,275,1.4545454545454546
941703,2015,8,4.153846153846154,13,74.0,328.0,4.4324324324324325,283,4.593639575971731
941703,2015,9,4.0,3,77.0,340.0,4.415584415584416,238,1.2605042016806722
941703,2015,10,4.0,5,82.0,360.0,4.390243902439025,222,2.2522522522522523
941703,2015,11,4.0,4,86.0,376.0,4.372093023255814,149,2.684563758389262
941703,2015,12,4.75,4,90.0,395.0,4.388888888888889,184,2.1739130434782608
941703,2016,1,4.222222222222222,9,99.0,433.0,4.373737373737374,279,3.225806451612903
941703,2016,2,4.545454545454546,11,110.0,483.0,4.390909090909091,285,3.8596491228070176
941703,2016,3,4.384615384615385,13,123.0,540.0,4.390243902439025,348,3.7356321839080464
941703,2016,4,4.153846153846154,13,136.0,594.0,4.367647058823529,289,4.498269896193772
941703,2016,5,4.1,10,146.0,635.0,4.3493150684931505,255,3.9215686274509802
941703,2016,6,4.642857142857143,14,160.0,700.0,4.375,323,4.3343653250774
941703,2016,7,4.636363636363637,22,182.0,802.0,4.406593406593407,531,4.143126177024483
941703,2016,8,4.478260869565218,23,205.0,905.0,4.414634146341464,518,4.440154440154441
941703,2016,9,4.583333333333333,12,217.0,960.0,4.423963133640553,365,3.287671232876712
941703,2016,10,4.0,7,224.0,988.0,4.410714285714286,371,1.8867924528301887
941703,2016,11,4.714285714285714,7,231.0,1021.0,4.41991341991342,271,2.5830258302583027
941703,2016,12,4.875,8,239.0,1060.0,4.435146443514644,260,3.076923076923077
941703,2017,1,4.333333333333333,6,245.0,1086.0,4.43265306122449,277,2.166064981949458
941703,2017,2,4.071428571428571,14,259.0,1143.0,4.413127413127413,294,4.761904761904762
941703,2017,3,4.285714285714286,7,266.0,1173.0,4.409774436090226,297,2.356902356902357
941703,2017,4,4.181818181818182,11,277.0,1219.0,4.40072202166065,312,3.5256410256410255
941703,2017,5,4.384615384615385,13,290.0,1276.0,4.4,327,3.9755351681957185
941703,2017,6,4.0,4,294.0,1292.0,4.394557823129252,248,1.6129032258064515
941703,2017,7,4.555555555555555,18,312.0,1374.0,4.403846153846154,600,3.0
941703,2017,8,4.217391304347826,23,335.0,1471.0,4.391044776119403,456,5.0438596491228065
941703,2017,9,4.25,8,343.0,1505.0,4.387755102040816,304,2.631578947368421
941703,2017,10,4.428571428571429,7,350.0,1536.0,4.388571428571429,296,2.364864864864865
941703,2017,11,4.75,8,358.0,1574.0,4.396648044692737,321,2.4922118380062304
941703,2017,12,4.0,3,361.0,1586.0,4.393351800554017,261,1.1494252873563218
941703,2018,1,4.25,4,365.0,1603.0,4.391780821917808,269,1.486988847583643
941703,2018,2,4.4,5,370.0,1625.0,4.391891891891892,231,2.1645021645021645
941703,2018,3,4.222222222222222,9,379.0,1663.0,4.387862796833773,349,2.5787965616045847
941703,2018,4,4.166666666666667,6,385.0,1688.0,4.384415584415584,246,2.4390243902439024
941703,2018,5,4.833333333333333,6,391.0,1717.0,4.391304347826087,257,2.3346303501945527
941703,2018,6,4.875,8,399.0,1756.0,4.401002506265664,333,2.4024024024024024
941703,2018,7,4.421052631578948,19,418.0,1840.0,4.401913875598086,477,3.9832285115303985
941703,2018,8,4.416666666666667,12,430.0,1893.0,4.402325581395349,506,2.371541501976284
941703,2018,9,4.4,5,435.0,1915.0,4.402298850574713,326,1.5337423312883436
941703,2018,10,4.333333333333333,9,444.0,1954.0,4.400900900900901,294,3.061224489795918
941703,2018,11,4.0,4,448.0,1970.0,4.397321428571429,247,1.6194331983805668
941703,2018,12,4.25,8,456.0,2004.0,4.394736842105263,261,3.065134099616858
941703,2019,1,4.5,8,464.0,2040.0,4.396551724137931,308,2.5974025974025974
941703,2019,2,4.5,4,468.0,2058.0,4.397435897435898,232,1.7241379310344827
941703,2019,3,4.4,5,473.0,2080.0,4.397463002114165,265,1.8867924528301887
941703,2019,4,4.0,2,475.0,2088.0,4.395789473684211,233,0.8583690987124464
941703,2019,5,4.5,8,483.0,2124.0,4.39751552795031,235,3.404255319148936
941703,2019,6,4.0,6,489.0,2148.0,4.392638036809816,271,2.214022140221402
941703,2019,7,4.705882352941177,17,506.0,2228.0,4.403162055335969,451,3.7694013303769403
941703,2019,8,4.75,4,510.0,2247.0,4.405882352941177,337,1.1869436201780417
941703,2019,9,4.666666666666667,6,516.0,2275.0,4.408914728682171,261,2.2988505747126435
941703,2019,10,4.714285714285714,7,523.0,2308.0,4.413001912045889,298,2.348993288590604
941703,2019,11,4.333333333333333,6,529.0,2334.0,4.4120982986767485,288,2.083333333333333
941703,2019,12,5.0,1,530.0,2339.0,4.413207547169812,197,0.5076142131979695
941703,2020,1,4.0,2,532.0,2347.0,4.411654135338346,205,0.975609756097561
941703,2020,2,4.5,8,540.0,2383.0,4.412962962962963,235,3.404255319148936
941703,2020,3,5.0,1,541.0,2388.0,4.414048059149723,173,0.5780346820809248
941703,2020,6,4.0,3,544.0,2400.0,4.411764705882353,107,2.803738317757009
941703,2020,7,4.285714285714286,7,551.0,2430.0,4.41016333938294,391,1.7902813299232736
941703,2020,8,3.5,2,553.0,2437.0,4.406871609403255,226,0.8849557522123894
941703,2020,9,4.5,2,555.0,2446.0,4.4072072072072075,160,1.25
941703,2020,10,4.0,6,561.0,2470.0,4.402852049910874,145,4.137931034482759
943254,2014,5,4.0,1,1.0,4.0,4.0,89,1.1235955056179776
943254,2016,5,5.0,1,2.0,9.0,4.5,255,0.39215686274509803
943254,2016,7,4.0,1,3.0,13.0,4.333333333333333,531,0.18832391713747645
943254,2016,8,1.0,1,4.0,14.0,3.5,518,0.19305019305019305
943254,2016,9,5.0,1,5.0,19.0,3.8,365,0.273972602739726
943254,2017,2,4.0,1,6.0,23.0,3.8333333333333335,294,0.3401360544217687
943254,2017,12,3.0,1,7.0,26.0,3.7142857142857144,261,0.38314176245210724
943254,2018,5,4.0,1,8.0,30.0,3.75,257,0.38910505836575876
951036,2013,7,4.0,1,1.0,4.0,4.0,94,1.0638297872340425
951036,2013,9,4.0,1,2.0,8.0,4.0,64,1.5625
951036,2014,2,4.0,1,3.0,12.0,4.0,48,2.083333333333333
951036,2014,12,5.0,1,4.0,17.0,4.25,102,0.9803921568627451
951036,2015,1,4.5,2,6.0,26.0,4.333333333333333,128,1.5625
951036,2015,3,5.0,1,7.0,31.0,4.428571428571429,160,0.625
951036,2015,4,1.0,1,8.0,32.0,4.0,111,0.9009009009009009
951036,2015,6,5.0,1,9.0,37.0,4.111111111111111,159,0.628930817610063
951036,2015,7,4.666666666666667,3,12.0,51.0,4.25,275,1.090909090909091
951036,2015,10,5.0,1,13.0,56.0,4.3076923076923075,222,0.45045045045045046
951036,2015,11,4.0,1,14.0,60.0,4.285714285714286,149,0.6711409395973155
951036,2016,1,3.6666666666666665,3,17.0,71.0,4.176470588235294,279,1.0752688172043012
951036,2016,4,5.0,1,18.0,76.0,4.222222222222222,289,0.34602076124567477
951036,2016,7,5.0,1,19.0,81.0,4.2631578947368425,531,0.18832391713747645
951036,2016,8,4.5,4,23.0,99.0,4.304347826086956,518,0.7722007722007722
951036,2016,9,4.0,1,24.0,103.0,4.291666666666667,365,0.273972602739726
951036,2016,10,4.666666666666667,3,27.0,117.0,4.333333333333333,371,0.8086253369272237
951036,2017,1,5.0,1,28.0,122.0,4.357142857142857,277,0.36101083032490977
951036,2017,2,5.0,1,29.0,127.0,4.379310344827586,294,0.3401360544217687
951036,2017,3,5.0,1,30.0,132.0,4.4,297,0.33670033670033667
951036,2017,5,4.5,2,32.0,141.0,4.40625,327,0.6116207951070336
951036,2017,6,4.4,5,37.0,163.0,4.405405405405405,248,2.0161290322580645
951036,2017,7,5.0,1,38.0,168.0,4.421052631578948,600,0.16666666666666669
951036,2017,8,5.0,3,41.0,183.0,4.463414634146342,456,0.6578947368421052
951036,2017,11,3.0,1,42.0,186.0,4.428571428571429,321,0.3115264797507788
951036,2017,12,5.0,1,43.0,191.0,4.441860465116279,261,0.38314176245210724
951036,2018,8,4.0,1,44.0,195.0,4.431818181818182,506,0.1976284584980237
951036,2018,9,5.0,1,45.0,200.0,4.444444444444445,326,0.3067484662576687
951036,2019,1,5.0,1,46.0,205.0,4.456521739130435,308,0.3246753246753247
951036,2019,3,4.0,2,48.0,213.0,4.4375,265,0.7547169811320755
951036,2019,5,4.0,1,49.0,217.0,4.428571428571429,235,0.425531914893617
951036,2019,6,4.0,1,50.0,221.0,4.42,271,0.36900369003690037
951036,2019,7,4.5,2,52.0,230.0,4.423076923076923,451,0.4434589800443459
951036,2019,9,5.0,1,53.0,235.0,4.433962264150943,261,0.38314176245210724
951036,2019,11,5.0,1,54.0,240.0,4.444444444444445,288,0.3472222222222222
951036,2019,12,4.0,1,55.0,244.0,4.4363636363636365,197,0.5076142131979695
951036,2020,1,5.0,1,56.0,249.0,4.446428571428571,205,0.4878048780487805
951036,2020,6,4.0,1,57.0,253.0,4.43859649122807,107,0.9345794392523363
951036,2020,8,4.5,2,59.0,262.0,4.440677966101695,226,0.8849557522123894
951036,2020,10,4.0,2,61.0,270.0,4.426229508196721,145,1.3793103448275863
966267,2013,2,4.0,1,1.0,4.0,4.0,54,1.8518518518518516
966267,2018,7,3.0,1,2.0,7.0,3.5,477,0.20964360587002098
966267,2018,8,4.0,1,3.0,11.0,3.6666666666666665,506,0.1976284584980237
966267,2019,1,3.0,1,4.0,14.0,3.5,308,0.3246753246753247
966267,2019,6,4.0,1,5.0,18.0,3.6,271,0.36900369003690037
966267,2019,8,4.0,1,6.0,22.0,3.6666666666666665,337,0.2967359050445104
966267,2019,12,4.0,1,7.0,26.0,3.7142857142857144,197,0.5076142131979695
967232,2013,6,3.0,1,1.0,3.0,3.0,63,1.5873015873015872
967232,2014,2,4.0,1,2.0,7.0,3.5,48,2.083333333333333
967232,2014,10,4.0,1,3.0,11.0,3.6666666666666665,118,0.847457627118644
967232,2015,4,5.0,1,4.0,16.0,4.0,111,0.9009009009009009
967232,2015,7,3.0,1,5.0,19.0,3.8,275,0.36363636363636365
967232,2015,10,5.0,2,7.0,29.0,4.142857142857143,222,0.9009009009009009
967232,2016,1,4.0,1,8.0,33.0,4.125,279,0.35842293906810035
967232,2016,3,5.0,2,10.0,43.0,4.3,348,0.5747126436781609
967232,2016,4,4.0,1,11.0,47.0,4.2727272727272725,289,0.34602076124567477
967232,2016,5,3.5,2,13.0,54.0,4.153846153846154,255,0.7843137254901961
967232,2016,8,4.0,1,14.0,58.0,4.142857142857143,518,0.19305019305019305
967232,2017,1,2.0,1,15.0,60.0,4.0,277,0.36101083032490977
967232,2017,5,5.0,1,16.0,65.0,4.0625,327,0.3058103975535168
967232,2017,9,5.0,1,17.0,70.0,4.117647058823529,304,0.3289473684210526
967232,2018,2,4.0,1,18.0,74.0,4.111111111111111,231,0.4329004329004329
967232,2019,1,3.0,1,19.0,77.0,4.052631578947368,308,0.3246753246753247
967232,2019,8,3.0,2,21.0,83.0,3.9523809523809526,337,0.5934718100890208
967232,2020,1,1.0,1,22.0,84.0,3.8181818181818183,205,0.4878048780487805
967232,2020,8,4.0,1,23.0,88.0,3.8260869565217392,226,0.4424778761061947
967232,2020,9,5.0,1,24.0,93.0,3.875,160,0.625
967232,2020,10,2.0,1,25.0,95.0,3.8,145,0.6896551724137931
967232,2020,11,5.0,1,26.0,100.0,3.8461538461538463,120,0.8333333333333334
1010495,2016,3,5.0,1,1.0,5.0,5.0,348,0.28735632183908044
1010495,2016,10,1.0,1,2.0,6.0,3.0,371,0.2695417789757413
1010495,2018,1,4.0,1,3.0,10.0,3.3333333333333335,269,0.37174721189591076
1020913,2014,12,5.0,1,1.0,5.0,5.0,102,0.9803921568627451
1020913,2015,7,5.0,1,2.0,10.0,5.0,275,0.36363636363636365
1020913,2015,9,5.0,1,3.0,15.0,5.0,238,0.42016806722689076
1020913,2016,5,4.0,1,4.0,19.0,4.75,255,0.39215686274509803
1020913,2018,12,5.0,1,5.0,24.0,4.8,261,0.38314176245210724
1020913,2019,6,5.0,1,6.0,29.0,4.833333333333333,271,0.36900369003690037
1030563,2013,5,4.0,1,1.0,4.0,4.0,51,1.9607843137254901
1030563,2013,6,4.0,1,2.0,8.0,4.0,63,1.5873015873015872
1030563,2014,8,4.0,1,3.0,12.0,4.0,134,0.7462686567164178
1030563,2014,10,5.0,1,4.0,17.0,4.25,118,0.847457627118644
1030563,2015,1,5.0,1,5.0,22.0,4.4,128,0.78125
1030563,2015,2,5.0,1,6.0,27.0,4.5,134,0.7462686567164178
1030563,2015,3,4.0,1,7.0,31.0,4.428571428571429,160,0.625
1030563,2015,6,5.0,1,8.0,36.0,4.5,159,0.628930817610063
1030563,2015,7,2.5,2,10.0,41.0,4.1,275,0.7272727272727273
1030563,2015,12,4.0,1,11.0,45.0,4.090909090909091,184,0.5434782608695652
1030563,2016,4,5.0,1,12.0,50.0,4.166666666666667,289,0.34602076124567477
1030563,2016,6,4.333333333333333,3,15.0,63.0,4.2,323,0.9287925696594427
1030563,2016,7,3.0,1,16.0,66.0,4.125,531,0.18832391713747645
1030563,2016,9,5.0,1,17.0,71.0,4.176470588235294,365,0.273972602739726
1030563,2018,7,5.0,1,18.0,76.0,4.222222222222222,477,0.20964360587002098
1030563,2019,5,5.0,1,19.0,81.0,4.2631578947368425,235,0.425531914893617
1030563,2020,2,4.0,1,20.0,85.0,4.25,235,0.425531914893617
1036567,2013,3,4.0,1,1.0,4.0,4.0,57,1.7543859649122806
1036567,2013,6,4.5,2,3.0,13.0,4.333333333333333,63,3.1746031746031744
1036567,2013,7,5.0,1,4.0,18.0,4.5,94,1.0638297872340425
1036567,2013,12,5.0,1,5.0,23.0,4.6,44,2.272727272727273
1036567,2014,1,2.5,2,7.0,28.0,4.0,72,2.7777777777777777
1036567,2014,4,4.0,1,8.0,32.0,4.0,73,1.36986301369863
1036567,2014,8,4.0,1,9.0,36.0,4.0,134,0.7462686567164178
1036567,2014,10,4.0,1,10.0,40.0,4.0,118,0.847457627118644
1036567,2014,11,5.0,1,11.0,45.0,4.090909090909091,122,0.819672131147541
1036567,2014,12,4.0,1,12.0,49.0,4.083333333333333,102,0.9803921568627451
1036567,2015,5,1.0,1,13.0,50.0,3.8461538461538463,169,0.591715976331361
1036567,2015,6,4.666666666666667,3,16.0,64.0,4.0,159,1.8867924528301887
1036567,2015,7,5.0,1,17.0,69.0,4.0588235294117645,275,0.36363636363636365
1036567,2015,8,4.0,3,20.0,81.0,4.05,283,1.0600706713780919
1036567,2015,9,4.0,2,22.0,89.0,4.045454545454546,238,0.8403361344537815
1036567,2015,10,4.0,1,23.0,93.0,4.043478260869565,222,0.45045045045045046
1036567,2016,1,4.0,4,27.0,109.0,4.037037037037037,279,1.4336917562724014
1036567,2016,2,4.0,4,31.0,125.0,4.032258064516129,285,1.4035087719298245
1036567,2016,4,5.0,1,32.0,130.0,4.0625,289,0.34602076124567477
1036567,2016,6,4.0,1,33.0,134.0,4.0606060606060606,323,0.30959752321981426
1036567,2016,7,5.0,1,34.0,139.0,4.088235294117647,531,0.18832391713747645
1036567,2016,8,3.0,1,35.0,142.0,4.057142857142857,518,0.19305019305019305
1036567,2016,9,4.0,3,38.0,154.0,4.052631578947368,365,0.821917808219178
1036567,2016,10,5.0,1,39.0,159.0,4.076923076923077,371,0.2695417789757413
1036567,2016,11,3.5,2,41.0,166.0,4.048780487804878,271,0.7380073800738007
1036567,2017,2,4.5,2,43.0,175.0,4.069767441860465,294,0.6802721088435374
1036567,2017,3,5.0,1,44.0,180.0,4.090909090909091,297,0.33670033670033667
1036567,2017,4,5.0,1,45.0,185.0,4.111111111111111,312,0.3205128205128205
1036567,2017,6,3.0,1,46.0,188.0,4.086956521739131,248,0.4032258064516129
1036567,2017,7,4.0,3,49.0,200.0,4.081632653061225,600,0.5
1036567,2017,8,5.0,2,51.0,210.0,4.117647058823529,456,0.43859649122807015
1036567,2017,9,4.0,1,52.0,214.0,4.115384615384615,304,0.3289473684210526
1036567,2017,10,4.0,1,53.0,218.0,4.113207547169812,296,0.33783783783783783
1036567,2017,11,4.0,1,54.0,222.0,4.111111111111111,321,0.3115264797507788
1036567,2017,12,4.0,1,55.0,226.0,4.109090909090909,261,0.38314176245210724
1036567,2018,4,5.0,1,56.0,231.0,4.125,246,0.40650406504065045
1036567,2018,5,4.0,1,57.0,235.0,4.12280701754386,257,0.38910505836575876
1036567,2018,9,5.0,1,58.0,240.0,4.137931034482759,326,0.3067484662576687
1036567,2018,11,4.5,2,60.0,249.0,4.15,247,0.8097165991902834
1036567,2018,12,5.0,1,61.0,254.0,4.163934426229508,261,0.38314176245210724
1036567,2019,2,5.0,1,62.0,259.0,4.17741935483871,232,0.43103448275862066
1036567,2019,3,3.0,1,63.0,262.0,4.158730158730159,265,0.37735849056603776
1036567,2019,4,5.0,1,64.0,267.0,4.171875,233,0.4291845493562232
1036567,2019,6,4.5,2,66.0,276.0,4.181818181818182,271,0.7380073800738007
1036567,2019,7,4.0,2,68.0,284.0,4.176470588235294,451,0.4434589800443459
1036567,2019,8,4.5,2,70.0,293.0,4.185714285714286,337,0.5934718100890208
1036567,2019,10,5.0,1,71.0,298.0,4.197183098591549,298,0.33557046979865773
1036567,2020,2,4.0,1,72.0,302.0,4.194444444444445,235,0.425531914893617
1036567,2020,7,4.0,1,73.0,306.0,4.191780821917808,391,0.2557544757033248
1056416,2014,6,2.0,1,1.0,2.0,2.0,85,1.1764705882352942
1056416,2015,1,3.0,1,2.0,5.0,2.5,128,0.78125
1056416,2016,9,3.0,1,3.0,8.0,2.6666666666666665,365,0.273972602739726
1056416,2017,8,3.0,1,4.0,11.0,2.75,456,0.21929824561403508
1056416,2017,10,3.0,1,5.0,14.0,2.8,296,0.33783783783783783
1056416,2017,12,5.0,1,6.0,19.0,3.1666666666666665,261,0.38314176245210724
1056416,2019,7,4.0,1,7.0,23.0,3.2857142857142856,451,0.22172949002217296
1056733,2013,7,4.0,1,1.0,4.0,4.0,94,1.0638297872340425
1056733,2014,9,4.0,1,2.0,8.0,4.0,132,0.7575757575757576
1056733,2015,1,3.0,1,3.0,11.0,3.6666666666666665,128,0.78125
1056733,2016,4,4.0,1,4.0,15.0,3.75,289,0.34602076124567477
1056733,2016,6,4.5,2,6.0,24.0,4.0,323,0.6191950464396285
1056733,2016,11,4.0,1,7.0,28.0,4.0,271,0.36900369003690037
1056733,2017,3,5.0,1,8.0,33.0,4.125,297,0.33670033670033667
1056733,2017,7,2.6666666666666665,3,11.0,41.0,3.727272727272727,600,0.5
1056733,2017,11,4.5,2,13.0,50.0,3.8461538461538463,321,0.6230529595015576
1056733,2018,2,4.0,1,14.0,54.0,3.857142857142857,231,0.4329004329004329
1056733,2018,6,4.0,1,15.0,58.0,3.8666666666666667,333,0.3003003003003003
1056733,2019,5,4.0,1,16.0,62.0,3.875,235,0.425531914893617
1066418,2018,11,3.0,1,1.0,3.0,3.0,247,0.4048582995951417
1066418,2019,7,1.0,1,2.0,4.0,2.0,451,0.22172949002217296
1070646,2013,2,3.0,1,1.0,3.0,3.0,54,1.8518518518518516
1070646,2013,7,3.0,1,2.0,6.0,3.0,94,1.0638297872340425
1070646,2013,9,3.0,1,3.0,9.0,3.0,64,1.5625
1070646,2013,10,5.0,1,4.0,14.0,3.5,56,1.7857142857142856
1070646,2013,11,3.5,2,6.0,21.0,3.5,52,3.8461538461538463
1070646,2013,12,3.0,1,7.0,24.0,3.4285714285714284,44,2.272727272727273
1070646,2014,2,2.5,2,9.0,29.0,3.2222222222222223,48,4.166666666666666
1070646,2014,8,4.0,1,10.0,33.0,3.3,134,0.7462686567164178
1070646,2014,9,2.0,1,11.0,35.0,3.1818181818181817,132,0.7575757575757576
1070646,2014,11,4.5,2,13.0,44.0,3.3846153846153846,122,1.639344262295082
1070646,2015,3,4.5,2,15.0,53.0,3.533333333333333,160,1.25
1070646,2015,4,4.0,1,16.0,57.0,3.5625,111,0.9009009009009009
1070646,2015,6,3.0,1,17.0,60.0,3.5294117647058822,159,0.628930817610063
1070646,2015,7,4.0,1,18.0,64.0,3.5555555555555554,275,0.36363636363636365
1070646,2015,8,4.5,2,20.0,73.0,3.65,283,0.7067137809187279
1070646,2015,9,3.5,2,22.0,80.0,3.6363636363636362,238,0.8403361344537815
1070646,2015,10,5.0,2,24.0,90.0,3.75,222,0.9009009009009009
1070646,2015,12,4.0,2,26.0,98.0,3.769230769230769,184,1.0869565217391304
1070646,2016,1,4.666666666666667,3,29.0,112.0,3.8620689655172415,279,1.0752688172043012
1070646,2016,2,4.333333333333333,3,32.0,125.0,3.90625,285,1.0526315789473684
1070646,2016,3,5.0,1,33.0,130.0,3.9393939393939394,348,0.28735632183908044
1070646,2016,5,2.0,2,35.0,134.0,3.8285714285714287,255,0.7843137254901961
1070646,2016,8,3.25,4,39.0,147.0,3.769230769230769,518,0.7722007722007722
1070646,2016,10,4.0,1,40.0,151.0,3.775,371,0.2695417789757413
1070646,2016,11,4.0,1,41.0,155.0,3.7804878048780486,271,0.36900369003690037
1070646,2016,12,4.0,1,42.0,159.0,3.7857142857142856,260,0.38461538461538464
1070646,2017,1,4.0,2,44.0,167.0,3.7954545454545454,277,0.7220216606498195
1070646,2017,2,4.0,2,46.0,175.0,3.8043478260869565,294,0.6802721088435374
1070646,2017,4,3.0,2,48.0,181.0,3.7708333333333335,312,0.641025641025641
1070646,2017,6,3.5,2,50.0,188.0,3.76,248,0.8064516129032258
1070646,2017,7,1.0,1,51.0,189.0,3.7058823529411766,600,0.16666666666666669
1070646,2017,12,3.0,4,55.0,201.0,3.6545454545454548,261,1.532567049808429
1070646,2018,1,3.0,1,56.0,204.0,3.642857142857143,269,0.37174721189591076
1070646,2018,3,1.0,1,57.0,205.0,3.5964912280701755,349,0.28653295128939826
1070646,2018,5,2.0,1,58.0,207.0,3.5689655172413794,257,0.38910505836575876
1070646,2018,9,2.0,1,59.0,209.0,3.542372881355932,326,0.3067484662576687
1070646,2018,10,3.0,2,61.0,215.0,3.5245901639344264,294,0.6802721088435374
1070646,2018,11,4.0,2,63.0,223.0,3.5396825396825395,247,0.8097165991902834
1070646,2018,12,4.0,1,64.0,227.0,3.546875,261,0.38314176245210724
1070646,2019,1,1.0,1,65.0,228.0,3.5076923076923077,308,0.3246753246753247
1070646,2019,3,4.0,1,66.0,232.0,3.515151515151515,265,0.37735849056603776
1070646,2019,5,4.0,3,69.0,244.0,3.536231884057971,235,1.276595744680851
1070646,2019,7,4.0,3,72.0,256.0,3.5555555555555554,451,0.6651884700665188
1070646,2019,8,4.0,1,73.0,260.0,3.5616438356164384,337,0.2967359050445104
1070646,2019,10,4.0,1,74.0,264.0,3.5675675675675675,298,0.33557046979865773
1070646,2020,1,4.0,1,75.0,268.0,3.5733333333333333,205,0.4878048780487805
1070646,2020,8,5.0,1,76.0,273.0,3.5921052631578947,226,0.4424778761061947
1070646,2020,10,4.0,1,77.0,277.0,3.5974025974025974,145,0.6896551724137931
1070647,2013,2,5.0,1,1.0,5.0,5.0,54,1.8518518518518516
1070647,2013,5,4.0,1,2.0,9.0,4.5,51,1.9607843137254901
1070647,2013,6,5.0,1,3.0,14.0,4.666666666666667,63,1.5873015873015872
1070647,2013,7,5.0,1,4.0,19.0,4.75,94,1.0638297872340425
1070647,2013,8,5.0,1,5.0,24.0,4.8,87,1.1494252873563218
1070647,2013,11,4.0,1,6.0,28.0,4.666666666666667,52,1.9230769230769231
1070647,2013,12,5.0,1,7.0,33.0,4.714285714285714,44,2.272727272727273
1070647,2014,2,4.0,1,8.0,37.0,4.625,48,2.083333333333333
1070647,2014,3,4.0,1,9.0,41.0,4.555555555555555,61,1.639344262295082
1070647,2014,5,4.0,1,10.0,45.0,4.5,89,1.1235955056179776
1070647,2014,6,4.666666666666667,3,13.0,59.0,4.538461538461538,85,3.5294117647058822
1070647,2014,8,5.0,3,16.0,74.0,4.625,134,2.2388059701492535
1070647,2014,9,4.0,1,17.0,78.0,4.588235294117647,132,0.7575757575757576
1070647,2014,10,5.0,1,18.0,83.0,4.611111111111111,118,0.847457627118644
1070647,2014,11,5.0,2,20.0,93.0,4.65,122,1.639344262295082
1070647,2014,12,5.0,1,21.0,98.0,4.666666666666667,102,0.9803921568627451
1070647,2015,1,5.0,1,22.0,103.0,4.681818181818182,128,0.78125
1070647,2015,2,4.6,5,27.0,126.0,4.666666666666667,134,3.731343283582089
1070647,2015,3,4.5,2,29.0,135.0,4.655172413793103,160,1.25
1070647,2015,4,5.0,1,30.0,140.0,4.666666666666667,111,0.9009009009009009
1070647,2015,5,4.0,1,31.0,144.0,4.645161290322581,169,0.591715976331361
1070647,2015,6,4.0,3,34.0,156.0,4.588235294117647,159,1.8867924528301887
1070647,2015,7,4.625,8,42.0,193.0,4.595238095238095,275,2.909090909090909
1070647,2015,8,4.75,4,46.0,212.0,4.608695652173913,283,1.4134275618374559
1070647,2015,9,5.0,3,49.0,227.0,4.63265306122449,238,1.2605042016806722
1070647,2015,10,3.75,4,53.0,242.0,4.566037735849057,222,1.8018018018018018
1070647,2015,11,4.5,4,57.0,260.0,4.56140350877193,149,2.684563758389262
1070647,2015,12,3.0,1,58.0,263.0,4.5344827586206895,184,0.5434782608695652
1070647,2016,1,4.333333333333333,3,61.0,276.0,4.524590163934426,279,1.0752688172043012
1070647,2016,2,4.285714285714286,7,68.0,306.0,4.5,285,2.456140350877193
1070647,2016,3,5.0,2,70.0,316.0,4.514285714285714,348,0.5747126436781609
1070647,2016,4,4.285714285714286,7,77.0,346.0,4.4935064935064934,289,2.422145328719723
1070647,2016,5,4.0,1,78.0,350.0,4.487179487179487,255,0.39215686274509803
1070647,2016,6,4.666666666666667,3,81.0,364.0,4.493827160493828,323,0.9287925696594427
1070647,2016,7,4.2,5,86.0,385.0,4.476744186046512,531,0.9416195856873822
1070647,2016,8,4.25,4,90.0,402.0,4.466666666666667,518,0.7722007722007722
1070647,2016,9,3.75,4,94.0,417.0,4.4361702127659575,365,1.095890410958904
1070647,2016,11,4.5,2,96.0,426.0,4.4375,271,0.7380073800738007
1070647,2017,1,4.666666666666667,3,99.0,440.0,4.444444444444445,277,1.083032490974729
1070647,2017,2,4.4,5,104.0,462.0,4.4423076923076925,294,1.7006802721088436
1070647,2017,3,5.0,1,105.0,467.0,4.447619047619048,297,0.33670033670033667
1070647,2017,4,4.666666666666667,3,108.0,481.0,4.453703703703703,312,0.9615384615384616
1070647,2017,5,5.0,2,110.0,491.0,4.463636363636364,327,0.6116207951070336
1070647,2017,6,1.0,1,111.0,492.0,4.4324324324324325,248,0.4032258064516129
1070647,2017,7,2.6666666666666665,3,114.0,500.0,4.385964912280702,600,0.5
1070647,2017,8,5.0,2,116.0,510.0,4.396551724137931,456,0.43859649122807015
1070647,2017,9,5.0,1,117.0,515.0,4.401709401709402,304,0.3289473684210526
1070647,2017,12,4.5,2,119.0,524.0,4.4033613445378155,261,0.7662835249042145
1070647,2018,2,4.0,2,121.0,532.0,4.396694214876033,231,0.8658008658008658
1070647,2018,3,4.333333333333333,3,124.0,545.0,4.395161290322581,349,0.8595988538681949
1070647,2018,4,5.0,1,125.0,550.0,4.4,246,0.40650406504065045
1070647,2018,5,5.0,1,126.0,555.0,4.404761904761905,257,0.38910505836575876
1070647,2018,6,5.0,1,127.0,560.0,4.409448818897638,333,0.3003003003003003
1070647,2018,7,2.0,1,128.0,562.0,4.390625,477,0.20964360587002098
1070647,2018,8,4.8,5,133.0,586.0,4.406015037593985,506,0.9881422924901186
1070647,2018,9,2.0,1,134.0,588.0,4.388059701492537,326,0.3067484662576687
1070647,2018,11,2.0,1,135.0,590.0,4.37037037037037,247,0.4048582995951417
1070647,2018,12,3.5,2,137.0,597.0,4.357664233576642,261,0.7662835249042145
1070647,2019,1,4.8,5,142.0,621.0,4.373239436619718,308,1.6233766233766231
1070647,2019,2,5.0,1,143.0,626.0,4.3776223776223775,232,0.43103448275862066
1070647,2019,3,4.5,2,145.0,635.0,4.379310344827586,265,0.7547169811320755
1070647,2019,4,4.75,4,149.0,654.0,4.389261744966443,233,1.7167381974248928
1070647,2019,5,5.0,2,151.0,664.0,4.397350993377484,235,0.851063829787234
1070647,2019,6,5.0,1,152.0,669.0,4.401315789473684,271,0.36900369003690037
1070647,2019,7,4.8,5,157.0,693.0,4.414012738853503,451,1.1086474501108647
1070647,2019,8,5.0,2,159.0,703.0,4.421383647798742,337,0.5934718100890208
1070647,2019,10,5.0,1,160.0,708.0,4.425,298,0.33557046979865773
1070647,2019,11,5.0,1,161.0,713.0,4.428571428571429,288,0.3472222222222222
1070647,2020,1,5.0,1,162.0,718.0,4.432098765432099,205,0.4878048780487805
1070647,2020,3,5.0,1,163.0,723.0,4.435582822085889,173,0.5780346820809248
1070647,2020,6,1.0,1,164.0,724.0,4.414634146341464,107,0.9345794392523363
1070647,2020,7,3.5,2,166.0,731.0,4.403614457831325,391,0.5115089514066496
1070647,2020,9,3.333333333333333,3,169.0,741.0,4.384615384615385,160,1.875
1070647,2020,10,3.0,1,170.0,744.0,4.376470588235295,145,0.6896551724137931
1070647,2020,11,5.0,1,171.0,749.0,4.380116959064328,120,0.8333333333333334
1096940,2016,1,5.0,2,2.0,10.0,5.0,279,0.7168458781362007
1096940,2019,5,4.0,1,3.0,14.0,4.666666666666667,235,0.425531914893617
1096940,2019,7,3.0,1,4.0,17.0,4.25,451,0.22172949002217296
1096940,2019,11,4.0,1,5.0,21.0,4.2,288,0.3472222222222222
1101882,2013,1,5.0,1,1.0,5.0,5.0,47,2.127659574468085
1101882,2013,2,4.5,2,3.0,14.0,4.666666666666667,54,3.7037037037037033
1101882,2013,4,4.5,2,5.0,23.0,4.6,50,4.0
1101882,2013,5,5.0,2,7.0,33.0,4.714285714285714,51,3.9215686274509802
1101882,2013,6,5.0,1,8.0,38.0,4.75,63,1.5873015873015872
1101882,2013,7,5.0,1,9.0,43.0,4.777777777777778,94,1.0638297872340425
1101882,2013,8,4.5,2,11.0,52.0,4.7272727272727275,87,2.2988505747126435
1101882,2013,10,5.0,1,12.0,57.0,4.75,56,1.7857142857142856
1101882,2013,12,5.0,2,14.0,67.0,4.785714285714286,44,4.545454545454546
1101882,2014,1,4.5,2,16.0,76.0,4.75,72,2.7777777777777777
1101882,2014,3,4.0,1,17.0,80.0,4.705882352941177,61,1.639344262295082
1101882,2014,4,4.0,1,18.0,84.0,4.666666666666667,73,1.36986301369863
1101882,2014,6,4.0,2,20.0,92.0,4.6,85,2.3529411764705883
1101882,2014,7,4.0,2,22.0,100.0,4.545454545454546,98,2.0408163265306123
1101882,2014,8,4.5,4,26.0,118.0,4.538461538461538,134,2.9850746268656714
1101882,2014,10,5.0,1,27.0,123.0,4.555555555555555,118,0.847457627118644
1101882,2014,11,2.5,2,29.0,128.0,4.413793103448276,122,1.639344262295082
1101882,2014,12,4.0,1,30.0,132.0,4.4,102,0.9803921568627451
1101882,2015,3,4.2,5,35.0,153.0,4.371428571428571,160,3.125
1101882,2015,4,5.0,1,36.0,158.0,4.388888888888889,111,0.9009009009009009
1101882,2015,5,4.0,2,38.0,166.0,4.368421052631579,169,1.183431952662722
1101882,2015,6,4.0,2,40.0,174.0,4.35,159,1.257861635220126
1101882,2015,7,4.333333333333333,3,43.0,187.0,4.348837209302325,275,1.090909090909091
1101882,2015,8,4.333333333333333,3,46.0,200.0,4.3478260869565215,283,1.0600706713780919
1101882,2015,9,4.333333333333333,6,52.0,226.0,4.346153846153846,238,2.5210084033613445
1101882,2015,10,4.2,5,57.0,247.0,4.333333333333333,222,2.2522522522522523
1101882,2015,11,4.666666666666667,3,60.0,261.0,4.35,149,2.013422818791946
1101882,2015,12,5.0,1,61.0,266.0,4.360655737704918,184,0.5434782608695652
1101882,2016,1,5.0,1,62.0,271.0,4.370967741935484,279,0.35842293906810035
1101882,2016,2,4.4,5,67.0,293.0,4.373134328358209,285,1.7543859649122806
1101882,2016,3,4.0,4,71.0,309.0,4.352112676056338,348,1.1494252873563218
1101882,2016,4,4.0,5,76.0,329.0,4.328947368421052,289,1.7301038062283738
1101882,2016,5,5.0,3,79.0,344.0,4.3544303797468356,255,1.1764705882352942
1101882,2016,6,5.0,3,82.0,359.0,4.378048780487805,323,0.9287925696594427
1101882,2016,7,4.571428571428571,7,89.0,391.0,4.393258426966292,531,1.3182674199623352
1101882,2016,8,4.333333333333333,3,92.0,404.0,4.391304347826087,518,0.5791505791505791
1101882,2016,9,4.75,4,96.0,423.0,4.40625,365,1.095890410958904
1101882,2016,10,5.0,3,99.0,438.0,4.424242424242424,371,0.8086253369272237
1101882,2016,11,4.5,2,101.0,447.0,4.425742574257426,271,0.7380073800738007
1101882,2016,12,4.333333333333333,3,104.0,460.0,4.423076923076923,260,1.153846153846154
1101882,2017,1,4.4,5,109.0,482.0,4.422018348623853,277,1.8050541516245486
1101882,2017,2,4.5,2,111.0,491.0,4.423423423423423,294,0.6802721088435374
1101882,2017,3,4.142857142857143,7,118.0,520.0,4.406779661016949,297,2.356902356902357
1101882,2017,4,5.0,3,121.0,535.0,4.421487603305785,312,0.9615384615384616
1101882,2017,5,4.625,8,129.0,572.0,4.434108527131783,327,2.4464831804281344
1101882,2017,6,5.0,1,130.0,577.0,4.438461538461539,248,0.4032258064516129
1101882,2017,7,4.8,5,135.0,601.0,4.451851851851852,600,0.8333333333333334
1101882,2017,8,4.727272727272728,11,146.0,653.0,4.472602739726027,456,2.4122807017543857
1101882,2017,9,4.4,5,151.0,675.0,4.470198675496689,304,1.644736842105263
1101882,2017,10,3.8333333333333335,6,157.0,698.0,4.445859872611465,296,2.027027027027027
1101882,2017,11,4.75,4,161.0,717.0,4.453416149068323,321,1.2461059190031152
1101882,2017,12,4.333333333333333,3,164.0,730.0,4.451219512195122,261,1.1494252873563218
1101882,2018,1,4.5,4,168.0,748.0,4.4523809523809526,269,1.486988847583643
1101882,2018,2,5.0,5,173.0,773.0,4.468208092485549,231,2.1645021645021645
1101882,2018,3,4.75,4,177.0,792.0,4.47457627118644,349,1.146131805157593
1101882,2018,4,4.75,4,181.0,811.0,4.480662983425415,246,1.6260162601626018
1101882,2018,6,4.666666666666667,3,184.0,825.0,4.483695652173913,333,0.9009009009009009
1101882,2018,7,4.857142857142857,7,191.0,859.0,4.49738219895288,477,1.4675052410901468
1101882,2018,8,4.583333333333333,12,203.0,914.0,4.502463054187192,506,2.371541501976284
1101882,2018,9,5.0,2,205.0,924.0,4.507317073170731,326,0.6134969325153374
1101882,2018,10,5.0,2,207.0,934.0,4.51207729468599,294,0.6802721088435374
1101882,2018,11,4.8,5,212.0,958.0,4.518867924528302,247,2.0242914979757085
1101882,2018,12,4.5,2,214.0,967.0,4.518691588785047,261,0.7662835249042145
1101882,2019,1,4.0,5,219.0,987.0,4.506849315068493,308,1.6233766233766231
1101882,2019,2,4.5,2,221.0,996.0,4.506787330316742,232,0.8620689655172413
1101882,2019,3,3.6666666666666665,3,224.0,1007.0,4.495535714285714,265,1.1320754716981132
1101882,2019,5,4.666666666666667,3,227.0,1021.0,4.497797356828194,235,1.276595744680851
1101882,2019,6,4.6,5,232.0,1044.0,4.5,271,1.8450184501845017
1101882,2019,7,5.0,3,235.0,1059.0,4.506382978723404,451,0.6651884700665188
1101882,2019,8,4.25,4,239.0,1076.0,4.502092050209205,337,1.1869436201780417
1101882,2019,9,4.666666666666667,3,242.0,1090.0,4.5041322314049586,261,1.1494252873563218
1101882,2019,10,5.0,2,244.0,1100.0,4.508196721311475,298,0.6711409395973155
1101882,2019,11,5.0,1,245.0,1105.0,4.510204081632653,288,0.3472222222222222
1101882,2019,12,4.5,2,247.0,1114.0,4.510121457489879,197,1.015228426395939
1101882,2020,1,4.0,1,248.0,1118.0,4.508064516129032,205,0.4878048780487805
1101882,2020,2,4.0,3,251.0,1130.0,4.50199203187251,235,1.276595744680851
1101882,2020,4,5.0,1,252.0,1135.0,4.503968253968254,35,2.857142857142857
1101882,2020,7,5.0,1,253.0,1140.0,4.5059288537549405,391,0.2557544757033248
1101882,2020,12,4.0,1,254.0,1144.0,4.503937007874016,81,1.2345679012345678
1141529,2014,3,5.0,1,1.0,5.0,5.0,61,1.639344262295082
1141529,2014,4,3.0,1,2.0,8.0,4.0,73,1.36986301369863
1141529,2016,10,5.0,1,3.0,13.0,4.333333333333333,371,0.2695417789757413
1141529,2016,11,4.0,1,4.0,17.0,4.25,271,0.36900369003690037
1141529,2017,12,4.0,1,5.0,21.0,4.2,261,0.38314176245210724
1141529,2018,6,4.0,1,6.0,25.0,4.166666666666667,333,0.3003003003003003
1153493,2015,5,1.0,1,1.0,1.0,1.0,169,0.591715976331361
1153493,2015,7,5.0,1,2.0,6.0,3.0,275,0.36363636363636365
1153493,2015,8,4.0,1,3.0,10.0,3.3333333333333335,283,0.35335689045936397
1153493,2016,9,1.0,1,4.0,11.0,2.75,365,0.273972602739726
1190685,2013,8,5.0,1,1.0,5.0,5.0,87,1.1494252873563218
1190685,2014,1,4.0,1,2.0,9.0,4.5,72,1.3888888888888888
1190685,2016,3,4.0,1,3.0,13.0,4.333333333333333,348,0.28735632183908044
1190685,2016,9,1.0,1,4.0,14.0,3.5,365,0.273972602739726
1190685,2017,2,5.0,1,5.0,19.0,3.8,294,0.3401360544217687
1190685,2017,3,3.0,1,6.0,22.0,3.6666666666666665,297,0.33670033670033667
1190685,2017,4,4.0,1,7.0,26.0,3.7142857142857144,312,0.3205128205128205
1190685,2017,9,2.0,1,8.0,28.0,3.5,304,0.3289473684210526
1190685,2018,8,5.0,1,9.0,33.0,3.6666666666666665,506,0.1976284584980237
1190685,2019,9,5.0,1,10.0,38.0,3.8,261,0.38314176245210724
1190685,2019,10,5.0,1,11.0,43.0,3.909090909090909,298,0.33557046979865773
1190685,2020,2,4.0,1,12.0,47.0,3.9166666666666665,235,0.425531914893617
1315092,2013,1,3.0,1,1.0,3.0,3.0,47,2.127659574468085
1315092,2013,7,4.0,1,2.0,7.0,3.5,94,1.0638297872340425
1315092,2013,8,3.0,1,3.0,10.0,3.3333333333333335,87,1.1494252873563218
1315092,2013,12,4.0,1,4.0,14.0,3.5,44,2.272727272727273
1315092,2014,2,4.0,1,5.0,18.0,3.6,48,2.083333333333333
1315092,2014,5,3.0,1,6.0,21.0,3.5,89,1.1235955056179776
1315092,2014,11,4.0,1,7.0,25.0,3.5714285714285716,122,0.819672131147541
1315092,2014,12,3.0,1,8.0,28.0,3.5,102,0.9803921568627451
1315092,2015,5,3.0,1,9.0,31.0,3.4444444444444446,169,0.591715976331361
1315092,2015,7,4.0,1,10.0,35.0,3.5,275,0.36363636363636365
1315092,2015,10,3.0,1,11.0,38.0,3.4545454545454546,222,0.45045045045045046
1315092,2016,8,4.0,1,12.0,42.0,3.5,518,0.19305019305019305
1315092,2016,10,4.0,1,13.0,46.0,3.5384615384615383,371,0.2695417789757413
1315092,2016,11,4.0,1,14.0,50.0,3.5714285714285716,271,0.36900369003690037
1315092,2017,3,2.0,1,15.0,52.0,3.466666666666667,297,0.33670033670033667
1315092,2017,4,3.0,2,17.0,58.0,3.411764705882353,312,0.641025641025641
1315092,2017,12,3.0,1,18.0,61.0,3.388888888888889,261,0.38314176245210724
1315092,2018,3,4.0,1,19.0,65.0,3.4210526315789473,349,0.28653295128939826
1315092,2018,5,3.0,1,20.0,68.0,3.4,257,0.38910505836575876
1315092,2018,6,3.0,1,21.0,71.0,3.380952380952381,333,0.3003003003003003
1315092,2018,9,3.0,1,22.0,74.0,3.3636363636363638,326,0.3067484662576687
1315092,2018,10,5.0,1,23.0,79.0,3.4347826086956523,294,0.3401360544217687
1315092,2018,12,3.0,1,24.0,82.0,3.4166666666666665,261,0.38314176245210724
1315092,2019,1,4.0,1,25.0,86.0,3.44,308,0.3246753246753247
1315092,2019,5,5.0,1,26.0,91.0,3.5,235,0.425531914893617
1315092,2019,8,4.0,1,27.0,95.0,3.5185185185185186,337,0.2967359050445104
1315092,2019,11,3.0,1,28.0,98.0,3.5,288,0.3472222222222222
1315092,2020,7,4.5,2,30.0,107.0,3.566666666666667,391,0.5115089514066496
1495308,2013,3,5.0,1,1.0,5.0,5.0,57,1.7543859649122806
1495308,2013,4,5.0,1,2.0,10.0,5.0,50,2.0
1495308,2013,7,5.0,1,3.0,15.0,5.0,94,1.0638297872340425
1495308,2013,8,4.0,3,6.0,27.0,4.5,87,3.4482758620689653
1495308,2013,10,5.0,1,7.0,32.0,4.571428571428571,56,1.7857142857142856
1495308,2013,11,4.0,1,8.0,36.0,4.5,52,1.9230769230769231
1495308,2013,12,4.0,1,9.0,40.0,4.444444444444445,44,2.272727272727273
1495308,2014,2,5.0,1,10.0,45.0,4.5,48,2.083333333333333
1495308,2014,3,5.0,2,12.0,55.0,4.583333333333333,61,3.278688524590164
1495308,2014,4,5.0,2,14.0,65.0,4.642857142857143,73,2.73972602739726
1495308,2014,5,5.0,1,15.0,70.0,4.666666666666667,89,1.1235955056179776
1495308,2014,6,4.0,1,16.0,74.0,4.625,85,1.1764705882352942
1495308,2014,7,5.0,1,17.0,79.0,4.647058823529412,98,1.0204081632653061
1495308,2014,8,4.25,4,21.0,96.0,4.571428571428571,134,2.9850746268656714
1495308,2014,9,3.8333333333333335,6,27.0,119.0,4.407407407407407,132,4.545454545454546
1495308,2014,10,4.0,5,32.0,139.0,4.34375,118,4.23728813559322
1495308,2014,11,4.5,2,34.0,148.0,4.352941176470588,122,1.639344262295082
1495308,2014,12,5.0,1,35.0,153.0,4.371428571428571,102,0.9803921568627451
1495308,2015,1,4.5,2,37.0,162.0,4.378378378378378,128,1.5625
1495308,2015,2,5.0,1,38.0,167.0,4.394736842105263,134,0.7462686567164178
1495308,2015,3,4.0,2,40.0,175.0,4.375,160,1.25
1495308,2015,4,5.0,1,41.0,180.0,4.390243902439025,111,0.9009009009009009
1495308,2015,5,4.333333333333333,3,44.0,193.0,4.386363636363637,169,1.7751479289940828
1495308,2015,6,5.0,1,45.0,198.0,4.4,159,0.628930817610063
1495308,2015,7,4.666666666666667,3,48.0,212.0,4.416666666666667,275,1.090909090909091
1495308,2015,8,4.5,6,54.0,239.0,4.425925925925926,283,2.1201413427561837
1495308,2015,9,4.666666666666667,9,63.0,281.0,4.4603174603174605,238,3.7815126050420167
1495308,2015,10,4.333333333333333,6,69.0,307.0,4.449275362318841,222,2.7027027027027026
1495308,2015,12,4.0,2,71.0,315.0,4.436619718309859,184,1.0869565217391304
1495308,2016,1,5.0,2,73.0,325.0,4.4520547945205475,279,0.7168458781362007
1495308,2016,2,4.333333333333333,3,76.0,338.0,4.447368421052632,285,1.0526315789473684
1495308,2016,3,5.0,1,77.0,343.0,4.454545454545454,348,0.28735632183908044
1495308,2016,4,4.333333333333333,3,80.0,356.0,4.45,289,1.0380622837370241
1495308,2016,6,4.5,2,82.0,365.0,4.451219512195122,323,0.6191950464396285
1495308,2016,7,4.75,4,86.0,384.0,4.465116279069767,531,0.7532956685499058
1495308,2016,8,4.333333333333333,6,92.0,410.0,4.456521739130435,518,1.1583011583011582
1495308,2016,9,5.0,2,94.0,420.0,4.468085106382978,365,0.547945205479452
1495308,2016,10,4.0,1,95.0,424.0,4.463157894736842,371,0.2695417789757413
1495308,2016,11,3.0,1,96.0,427.0,4.447916666666667,271,0.36900369003690037
1495308,2016,12,5.0,2,98.0,437.0,4.459183673469388,260,0.7692307692307693
1495308,2017,1,4.0,1,99.0,441.0,4.454545454545454,277,0.36101083032490977
1495308,2017,5,4.0,1,100.0,445.0,4.45,327,0.3058103975535168
1495308,2017,6,4.0,2,102.0,453.0,4.4411764705882355,248,0.8064516129032258
1495308,2017,7,4.0,5,107.0,473.0,4.420560747663552,600,0.8333333333333334
1495308,2017,8,4.0,3,110.0,485.0,4.409090909090909,456,0.6578947368421052
1495308,2017,9,5.0,1,111.0,490.0,4.414414414414415,304,0.3289473684210526
1495308,2017,10,3.6666666666666665,3,114.0,501.0,4.394736842105263,296,1.0135135135135136
1495308,2017,11,5.0,1,115.0,506.0,4.4,321,0.3115264797507788
1495308,2018,1,4.5,2,117.0,515.0,4.401709401709402,269,0.7434944237918215
1495308,2018,2,4.5,2,119.0,524.0,4.4033613445378155,231,0.8658008658008658
1495308,2018,3,4.5,2,121.0,533.0,4.404958677685951,349,0.5730659025787965
1495308,2018,4,3.0,1,122.0,536.0,4.39344262295082,246,0.40650406504065045
1495308,2018,6,4.5,2,124.0,545.0,4.395161290322581,333,0.6006006006006006
1495308,2018,7,4.0,3,127.0,557.0,4.3858267716535435,477,0.628930817610063
1495308,2018,8,5.0,2,129.0,567.0,4.395348837209302,506,0.3952569169960474
1495308,2018,9,4.5,2,131.0,576.0,4.396946564885496,326,0.6134969325153374
1495308,2018,10,2.0,1,132.0,578.0,4.378787878787879,294,0.3401360544217687
1495308,2018,11,1.0,1,133.0,579.0,4.353383458646617,247,0.4048582995951417
1495308,2019,1,4.0,1,134.0,583.0,4.350746268656716,308,0.3246753246753247
1495308,2019,3,3.0,1,135.0,586.0,4.340740740740741,265,0.37735849056603776
1495308,2019,4,4.0,1,136.0,590.0,4.338235294117647,233,0.4291845493562232
1495308,2019,6,4.0,3,139.0,602.0,4.330935251798561,271,1.107011070110701
1495308,2019,8,5.0,1,140.0,607.0,4.335714285714285,337,0.2967359050445104
1495308,2019,9,4.25,4,144.0,624.0,4.333333333333333,261,1.532567049808429
1495308,2019,10,4.0,2,146.0,632.0,4.328767123287672,298,0.6711409395973155
1495308,2019,11,5.0,1,147.0,637.0,4.333333333333333,288,0.3472222222222222
1495308,2020,3,5.0,1,148.0,642.0,4.337837837837838,173,0.5780346820809248
1495308,2020,8,2.0,1,149.0,644.0,4.322147651006712,226,0.4424778761061947
1495308,2020,11,5.0,1,150.0,649.0,4.326666666666667,120,0.8333333333333334
1495308,2020,12,4.0,1,151.0,653.0,4.324503311258278,81,1.2345679012345678
1504721,2013,3,4.0,1,1.0,4.0,4.0,57,1.7543859649122806
1504721,2013,7,5.0,1,2.0,9.0,4.5,94,1.0638297872340425
1504721,2013,11,5.0,1,3.0,14.0,4.666666666666667,52,1.9230769230769231
1504721,2014,12,5.0,1,4.0,19.0,4.75,102,0.9803921568627451
1504721,2015,4,4.0,1,5.0,23.0,4.6,111,0.9009009009009009
1504721,2016,4,5.0,1,6.0,28.0,4.666666666666667,289,0.34602076124567477
1504721,2016,5,4.0,1,7.0,32.0,4.571428571428571,255,0.39215686274509803
1504721,2016,6,5.0,1,8.0,37.0,4.625,323,0.30959752321981426
1504721,2016,7,5.0,1,9.0,42.0,4.666666666666667,531,0.18832391713747645
1504721,2016,8,4.666666666666667,3,12.0,56.0,4.666666666666667,518,0.5791505791505791
1504721,2016,10,4.0,1,13.0,60.0,4.615384615384615,371,0.2695417789757413
1504721,2016,11,4.0,1,14.0,64.0,4.571428571428571,271,0.36900369003690037
1504721,2016,12,4.0,1,15.0,68.0,4.533333333333333,260,0.38461538461538464
1504721,2017,1,4.0,2,17.0,76.0,4.470588235294118,277,0.7220216606498195
1504721,2017,3,4.5,2,19.0,85.0,4.473684210526316,297,0.6734006734006733
1504721,2017,7,4.0,1,20.0,89.0,4.45,600,0.16666666666666669
1504721,2017,9,5.0,1,21.0,94.0,4.476190476190476,304,0.3289473684210526
1504721,2017,10,4.0,1,22.0,98.0,4.454545454545454,296,0.33783783783783783
1504721,2017,11,5.0,1,23.0,103.0,4.478260869565218,321,0.3115264797507788
1504721,2018,6,4.0,1,24.0,107.0,4.458333333333333,333,0.3003003003003003
1504721,2018,8,4.5,2,26.0,116.0,4.461538461538462,506,0.3952569169960474
1504721,2018,10,5.0,1,27.0,121.0,4.481481481481482,294,0.3401360544217687
1504721,2019,2,4.0,1,28.0,125.0,4.464285714285714,232,0.43103448275862066
1504721,2019,7,5.0,1,29.0,130.0,4.482758620689655,451,0.22172949002217296
1504721,2020,7,4.0,1,30.0,134.0,4.466666666666667,391,0.2557544757033248
1522297,2013,2,5.0,1,1.0,5.0,5.0,54,1.8518518518518516
1522297,2013,3,4.0,1,2.0,9.0,4.5,57,1.7543859649122806
1522297,2013,4,4.0,2,4.0,17.0,4.25,50,4.0
1522297,2013,5,5.0,1,5.0,22.0,4.4,51,1.9607843137254901
1522297,2013,6,5.0,2,7.0,32.0,4.571428571428571,63,3.1746031746031744
1522297,2013,7,5.0,2,9.0,42.0,4.666666666666667,94,2.127659574468085
1522297,2013,8,5.0,2,11.0,52.0,4.7272727272727275,87,2.2988505747126435
1522297,2013,9,5.0,3,14.0,67.0,4.785714285714286,64,4.6875
1522297,2013,10,4.333333333333333,3,17.0,80.0,4.705882352941177,56,5.357142857142857
1522297,2014,2,5.0,2,19.0,90.0,4.7368421052631575,48,4.166666666666666
1522297,2014,4,5.0,1,20.0,95.0,4.75,73,1.36986301369863
1522297,2014,5,5.0,1,21.0,100.0,4.761904761904762,89,1.1235955056179776
1522297,2014,6,4.0,1,22.0,104.0,4.7272727272727275,85,1.1764705882352942
1522297,2014,7,5.0,2,24.0,114.0,4.75,98,2.0408163265306123
1522297,2014,8,4.0,2,26.0,122.0,4.6923076923076925,134,1.4925373134328357
1522297,2014,9,5.0,1,27.0,127.0,4.703703703703703,132,0.7575757575757576
1522297,2014,10,4.5,2,29.0,136.0,4.689655172413793,118,1.694915254237288
1522297,2014,11,5.0,1,30.0,141.0,4.7,122,0.819672131147541
1522297,2014,12,4.0,1,31.0,145.0,4.67741935483871,102,0.9803921568627451
1522297,2015,2,5.0,1,32.0,150.0,4.6875,134,0.7462686567164178
1522297,2015,3,5.0,2,34.0,160.0,4.705882352941177,160,1.25
1522297,2015,4,3.0,1,35.0,163.0,4.6571428571428575,111,0.9009009009009009
1522297,2015,5,5.0,1,36.0,168.0,4.666666666666667,169,0.591715976331361
1522297,2015,6,5.0,1,37.0,173.0,4.675675675675675,159,0.628930817610063
1522297,2015,7,5.0,1,38.0,178.0,4.684210526315789,275,0.36363636363636365
1522297,2015,8,5.0,2,40.0,188.0,4.7,283,0.7067137809187279
1522297,2015,9,4.666666666666667,3,43.0,202.0,4.6976744186046515,238,1.2605042016806722
1522297,2015,10,4.166666666666667,6,49.0,227.0,4.63265306122449,222,2.7027027027027026
1522297,2015,11,5.0,3,52.0,242.0,4.653846153846154,149,2.013422818791946
1522297,2015,12,4.5,4,56.0,260.0,4.642857142857143,184,2.1739130434782608
1522297,2016,1,3.0,2,58.0,266.0,4.586206896551724,279,0.7168458781362007
1522297,2016,2,4.0,2,60.0,274.0,4.566666666666666,285,0.7017543859649122
1522297,2016,3,5.0,3,63.0,289.0,4.587301587301587,348,0.8620689655172413
1522297,2016,4,5.0,1,64.0,294.0,4.59375,289,0.34602076124567477
1522297,2016,5,5.0,1,65.0,299.0,4.6,255,0.39215686274509803
1522297,2016,6,3.5,2,67.0,306.0,4.567164179104478,323,0.6191950464396285
1522297,2016,7,4.833333333333333,6,73.0,335.0,4.589041095890411,531,1.1299435028248588
1522297,2016,8,5.0,3,76.0,350.0,4.605263157894737,518,0.5791505791505791
1522297,2016,9,5.0,1,77.0,355.0,4.6103896103896105,365,0.273972602739726
1522297,2016,10,5.0,7,84.0,390.0,4.642857142857143,371,1.8867924528301887
1522297,2016,11,5.0,1,85.0,395.0,4.647058823529412,271,0.36900369003690037
1522297,2016,12,4.0,1,86.0,399.0,4.6395348837209305,260,0.38461538461538464
1522297,2017,2,3.5,2,88.0,406.0,4.613636363636363,294,0.6802721088435374
1522297,2017,3,5.0,3,91.0,421.0,4.626373626373627,297,1.0101010101010102
1522297,2017,4,5.0,2,93.0,431.0,4.634408602150538,312,0.641025641025641
1522297,2017,5,5.0,3,96.0,446.0,4.645833333333333,327,0.9174311926605505
1522297,2017,6,5.0,1,97.0,451.0,4.649484536082475,248,0.4032258064516129
1522297,2017,7,4.6,5,102.0,474.0,4.647058823529412,600,0.8333333333333334
1522297,2017,8,4.666666666666667,3,105.0,488.0,4.647619047619048,456,0.6578947368421052
1522297,2017,9,5.0,2,107.0,498.0,4.654205607476635,304,0.6578947368421052
1522297,2017,10,3.5,2,109.0,505.0,4.63302752293578,296,0.6756756756756757
1522297,2017,11,3.333333333333333,3,112.0,515.0,4.598214285714286,321,0.9345794392523363
1522297,2017,12,5.0,2,114.0,525.0,4.605263157894737,261,0.7662835249042145
1522297,2018,2,5.0,2,116.0,535.0,4.612068965517241,231,0.8658008658008658
1522297,2018,3,5.0,1,117.0,540.0,4.615384615384615,349,0.28653295128939826
1522297,2018,5,3.5,2,119.0,547.0,4.5966386554621845,257,0.7782101167315175
1522297,2018,6,5.0,1,120.0,552.0,4.6,333,0.3003003003003003
1522297,2018,7,5.0,2,122.0,562.0,4.60655737704918,477,0.41928721174004197
1522297,2018,8,4.0,1,123.0,566.0,4.6016260162601625,506,0.1976284584980237
1522297,2018,9,4.5,2,125.0,575.0,4.6,326,0.6134969325153374
1522297,2018,10,4.0,2,127.0,583.0,4.590551181102362,294,0.6802721088435374
1522297,2018,11,4.0,1,128.0,587.0,4.5859375,247,0.4048582995951417
1522297,2019,1,4.0,1,129.0,591.0,4.5813953488372094,308,0.3246753246753247
1522297,2019,2,3.0,1,130.0,594.0,4.569230769230769,232,0.43103448275862066
1522297,2019,3,1.0,1,131.0,595.0,4.541984732824427,265,0.37735849056603776
1522297,2019,5,5.0,1,132.0,600.0,4.545454545454546,235,0.425531914893617
1522297,2019,7,5.0,2,134.0,610.0,4.552238805970149,451,0.4434589800443459
1522297,2019,8,5.0,1,135.0,615.0,4.555555555555555,337,0.2967359050445104
1522297,2019,9,3.0,1,136.0,618.0,4.544117647058823,261,0.38314176245210724
1522297,2019,10,4.0,1,137.0,622.0,4.54014598540146,298,0.33557046979865773
1522297,2020,1,5.0,1,138.0,627.0,4.543478260869565,205,0.4878048780487805
1522297,2020,2,5.0,2,140.0,637.0,4.55,235,0.851063829787234
1522297,2020,3,4.0,1,141.0,641.0,4.546099290780142,173,0.5780346820809248
1522297,2020,7,5.0,1,142.0,646.0,4.549295774647887,391,0.2557544757033248
1522297,2020,8,5.0,2,144.0,656.0,4.555555555555555,226,0.8849557522123894
1522297,2020,9,5.0,1,145.0,661.0,4.558620689655172,160,0.625
1522297,2020,11,3.6666666666666665,3,148.0,672.0,4.54054054054054,120,2.5
1522297,2020,12,5.0,1,149.0,677.0,4.543624161073826,81,1.2345679012345678
1541478,2013,1,4.0,1,1.0,4.0,4.0,47,2.127659574468085
1541478,2013,2,5.0,1,2.0,9.0,4.5,54,1.8518518518518516
1541478,2013,3,5.0,1,3.0,14.0,4.666666666666667,57,1.7543859649122806
1541478,2013,4,5.0,2,5.0,24.0,4.8,50,4.0
1541478,2013,6,5.0,1,6.0,29.0,4.833333333333333,63,1.5873015873015872
1541478,2013,7,3.0,1,7.0,32.0,4.571428571428571,94,1.0638297872340425
1541478,2013,9,4.0,1,8.0,36.0,4.5,64,1.5625
1541478,2013,10,3.5,2,10.0,43.0,4.3,56,3.571428571428571
1541478,2014,1,4.5,2,12.0,52.0,4.333333333333333,72,2.7777777777777777
1541478,2014,4,5.0,1,13.0,57.0,4.384615384615385,73,1.36986301369863
1541478,2014,5,5.0,2,15.0,67.0,4.466666666666667,89,2.247191011235955
1541478,2014,6,4.0,1,16.0,71.0,4.4375,85,1.1764705882352942
1541478,2014,7,5.0,1,17.0,76.0,4.470588235294118,98,1.0204081632653061
1541478,2014,8,4.0,1,18.0,80.0,4.444444444444445,134,0.7462686567164178
1541478,2014,9,2.0,1,19.0,82.0,4.315789473684211,132,0.7575757575757576
1541478,2014,10,4.0,1,20.0,86.0,4.3,118,0.847457627118644
1541478,2014,11,4.5,2,22.0,95.0,4.318181818181818,122,1.639344262295082
1541478,2014,12,4.0,2,24.0,103.0,4.291666666666667,102,1.9607843137254901
1541478,2015,1,4.0,1,25.0,107.0,4.28,128,0.78125
1541478,2015,2,4.0,1,26.0,111.0,4.269230769230769,134,0.7462686567164178
1541478,2015,5,5.0,1,27.0,116.0,4.296296296296297,169,0.591715976331361
1541478,2015,7,4.5,4,31.0,134.0,4.32258064516129,275,1.4545454545454546
1541478,2015,8,5.0,1,32.0,139.0,4.34375,283,0.35335689045936397
1541478,2015,9,3.5,4,36.0,153.0,4.25,238,1.680672268907563
1541478,2015,10,4.0,2,38.0,161.0,4.2368421052631575,222,0.9009009009009009
1541478,2015,11,5.0,1,39.0,166.0,4.256410256410256,149,0.6711409395973155
1541478,2015,12,4.0,1,40.0,170.0,4.25,184,0.5434782608695652
1541478,2016,2,4.5,2,42.0,179.0,4.261904761904762,285,0.7017543859649122
1541478,2016,3,4.333333333333333,3,45.0,192.0,4.266666666666667,348,0.8620689655172413
1541478,2016,4,4.0,2,47.0,200.0,4.25531914893617,289,0.6920415224913495
1541478,2016,6,5.0,1,48.0,205.0,4.270833333333333,323,0.30959752321981426
1541478,2016,7,4.0,2,50.0,213.0,4.26,531,0.3766478342749529
1541478,2016,9,4.333333333333333,3,53.0,226.0,4.264150943396227,365,0.821917808219178
1541478,2016,10,3.0,1,54.0,229.0,4.2407407407407405,371,0.2695417789757413
1541478,2017,3,4.5,2,56.0,238.0,4.25,297,0.6734006734006733
1541478,2017,4,4.0,1,57.0,242.0,4.245614035087719,312,0.3205128205128205
1541478,2017,5,4.0,2,59.0,250.0,4.237288135593221,327,0.6116207951070336
1541478,2017,8,5.0,2,61.0,260.0,4.262295081967213,456,0.43859649122807015
1541478,2017,9,3.5,2,63.0,267.0,4.238095238095238,304,0.6578947368421052
1541478,2017,11,5.0,1,64.0,272.0,4.25,321,0.3115264797507788
1541478,2018,1,5.0,1,65.0,277.0,4.2615384615384615,269,0.37174721189591076
1541478,2018,9,3.0,1,66.0,280.0,4.242424242424242,326,0.3067484662576687
1541478,2018,10,5.0,1,67.0,285.0,4.253731343283582,294,0.3401360544217687
1541478,2018,12,5.0,1,68.0,290.0,4.264705882352941,261,0.38314176245210724
1541478,2019,3,3.5,2,70.0,297.0,4.242857142857143,265,0.7547169811320755
1541478,2019,7,4.0,1,71.0,301.0,4.23943661971831,451,0.22172949002217296
1541478,2019,8,4.5,2,73.0,310.0,4.2465753424657535,337,0.5934718100890208
1541478,2019,9,5.0,1,74.0,315.0,4.256756756756757,261,0.38314176245210724
1541478,2019,11,2.0,1,75.0,317.0,4.226666666666667,288,0.3472222222222222
1541478,2020,1,4.0,2,77.0,325.0,4.220779220779221,205,0.975609756097561
1541478,2020,11,4.5,2,79.0,334.0,4.227848101265823,120,1.6666666666666667
1595184,2013,4,3.0,1,1.0,3.0,3.0,50,2.0
1595184,2013,8,2.5,2,3.0,8.0,2.6666666666666665,87,2.2988505747126435
1595184,2013,10,2.5,2,5.0,13.0,2.6,56,3.571428571428571
1595184,2014,5,3.0,1,6.0,16.0,2.6666666666666665,89,1.1235955056179776
1595184,2014,7,3.0,1,7.0,19.0,2.7142857142857144,98,1.0204081632653061
1595184,2014,8,3.333333333333333,3,10.0,29.0,2.9,134,2.2388059701492535
1595184,2014,9,4.5,2,12.0,38.0,3.1666666666666665,132,1.5151515151515151
1595184,2014,10,4.0,1,13.0,42.0,3.230769230769231,118,0.847457627118644
1595184,2015,2,3.6666666666666665,3,16.0,53.0,3.3125,134,2.2388059701492535
1595184,2015,4,4.0,1,17.0,57.0,3.3529411764705883,111,0.9009009009009009
1595184,2015,5,3.0,1,18.0,60.0,3.3333333333333335,169,0.591715976331361
1595184,2015,6,4.0,1,19.0,64.0,3.3684210526315788,159,0.628930817610063
1595184,2015,7,2.0,1,20.0,66.0,3.3,275,0.36363636363636365
1595184,2015,8,3.0,1,21.0,69.0,3.2857142857142856,283,0.35335689045936397
1595184,2016,4,4.0,1,22.0,73.0,3.3181818181818183,289,0.34602076124567477
1595184,2016,5,3.5,2,24.0,80.0,3.3333333333333335,255,0.7843137254901961
1595184,2016,6,4.0,1,25.0,84.0,3.36,323,0.30959752321981426
1595184,2016,7,1.0,1,26.0,85.0,3.269230769230769,531,0.18832391713747645
1595184,2016,8,4.0,1,27.0,89.0,3.2962962962962963,518,0.19305019305019305
1595184,2016,10,2.0,1,28.0,91.0,3.25,371,0.2695417789757413
1595184,2016,11,3.0,1,29.0,94.0,3.2413793103448274,271,0.36900369003690037
1595184,2017,5,2.5,2,31.0,99.0,3.193548387096774,327,0.6116207951070336
1595184,2017,6,4.0,1,32.0,103.0,3.21875,248,0.4032258064516129
1595184,2017,7,3.5,2,34.0,110.0,3.235294117647059,600,0.33333333333333337
1595184,2017,8,4.0,1,35.0,114.0,3.257142857142857,456,0.21929824561403508
1595184,2017,10,1.0,1,36.0,115.0,3.1944444444444446,296,0.33783783783783783
1595184,2017,11,4.0,1,37.0,119.0,3.2162162162162162,321,0.3115264797507788
1595184,2018,5,3.0,1,38.0,122.0,3.210526315789474,257,0.38910505836575876
1595184,2018,8,2.5,2,40.0,127.0,3.175,506,0.3952569169960474
1595184,2018,9,3.0,1,41.0,130.0,3.1707317073170733,326,0.3067484662576687
1595184,2018,10,5.0,1,42.0,135.0,3.2142857142857144,294,0.3401360544217687
1595184,2019,1,4.0,1,43.0,139.0,3.2325581395348837,308,0.3246753246753247
1595184,2019,2,4.0,1,44.0,143.0,3.25,232,0.43103448275862066
1595184,2019,4,5.0,1,45.0,148.0,3.2888888888888888,233,0.4291845493562232
1595184,2019,5,5.0,1,46.0,153.0,3.3260869565217392,235,0.425531914893617
1595184,2019,7,2.5,2,48.0,158.0,3.2916666666666665,451,0.4434589800443459
1595184,2019,8,3.0,2,50.0,164.0,3.28,337,0.5934718100890208
1595184,2020,8,4.0,1,51.0,168.0,3.2941176470588234,226,0.4424778761061947
1640894,2013,1,5.0,1,1.0,5.0,5.0,47,2.127659574468085
1640894,2013,4,5.0,1,2.0,10.0,5.0,50,2.0
1640894,2015,1,5.0,1,3.0,15.0,5.0,128,0.78125
1640894,2015,11,5.0,1,4.0,20.0,5.0,149,0.6711409395973155
1784944,2013,1,2.0,1,1.0,2.0,2.0,47,2.127659574468085
1784944,2013,2,4.5,2,3.0,11.0,3.6666666666666665,54,3.7037037037037033
1784944,2013,3,5.0,1,4.0,16.0,4.0,57,1.7543859649122806
1784944,2013,4,4.0,2,6.0,24.0,4.0,50,4.0
1784944,2013,7,3.6,5,11.0,42.0,3.8181818181818183,94,5.319148936170213
1784944,2013,8,3.5,2,13.0,49.0,3.769230769230769,87,2.2988505747126435
1784944,2013,9,3.0,1,14.0,52.0,3.7142857142857144,64,1.5625
1784944,2013,10,3.0,2,16.0,58.0,3.625,56,3.571428571428571
1784944,2013,11,5.0,1,17.0,63.0,3.7058823529411766,52,1.9230769230769231
1784944,2014,1,3.0,1,18.0,66.0,3.6666666666666665,72,1.3888888888888888
1784944,2014,6,2.0,1,19.0,68.0,3.5789473684210527,85,1.1764705882352942
1784944,2014,9,2.0,1,20.0,70.0,3.5,132,0.7575757575757576
1784944,2015,1,4.0,2,22.0,78.0,3.5454545454545454,128,1.5625
1784944,2015,2,4.0,1,23.0,82.0,3.5652173913043477,134,0.7462686567164178
1784944,2015,3,4.0,1,24.0,86.0,3.5833333333333335,160,0.625
1784944,2015,5,2.0,1,25.0,88.0,3.52,169,0.591715976331361
1784944,2015,6,3.0,1,26.0,91.0,3.5,159,0.628930817610063
1784944,2015,8,3.5,2,28.0,98.0,3.5,283,0.7067137809187279
1784944,2015,9,4.0,2,30.0,106.0,3.533333333333333,238,0.8403361344537815
1784944,2015,10,4.4,5,35.0,128.0,3.657142857142857,222,2.2522522522522523
1784944,2016,1,3.333333333333333,3,38.0,138.0,3.6315789473684212,279,1.0752688172043012
1784944,2016,2,4.25,4,42.0,155.0,3.6904761904761907,285,1.4035087719298245
1784944,2016,3,3.5,2,44.0,162.0,3.6818181818181817,348,0.5747126436781609
1784944,2016,4,3.0,1,45.0,165.0,3.6666666666666665,289,0.34602076124567477
1784944,2016,6,4.0,2,47.0,173.0,3.6808510638297873,323,0.6191950464396285
1784944,2016,7,2.333333333333333,3,50.0,180.0,3.6,531,0.5649717514124294
1784944,2016,8,3.5,2,52.0,187.0,3.5961538461538463,518,0.3861003861003861
1784944,2016,9,5.0,3,55.0,202.0,3.672727272727273,365,0.821917808219178
1784944,2016,10,4.0,1,56.0,206.0,3.6785714285714284,371,0.2695417789757413
1784944,2016,11,3.5,4,60.0,220.0,3.6666666666666665,271,1.4760147601476015
1784944,2017,1,4.0,2,62.0,228.0,3.6774193548387095,277,0.7220216606498195
1784944,2017,2,3.6666666666666665,3,65.0,239.0,3.6769230769230767,294,1.0204081632653061
1784944,2017,5,3.5,2,67.0,246.0,3.671641791044776,327,0.6116207951070336
1784944,2017,6,4.333333333333333,3,70.0,259.0,3.7,248,1.2096774193548387
1784944,2017,7,4.2,5,75.0,280.0,3.7333333333333334,600,0.8333333333333334
1784944,2017,8,3.6666666666666665,3,78.0,291.0,3.730769230769231,456,0.6578947368421052
1784944,2017,9,3.6666666666666665,3,81.0,302.0,3.728395061728395,304,0.9868421052631579
1784944,2017,10,5.0,1,82.0,307.0,3.7439024390243905,296,0.33783783783783783
1784944,2017,12,2.0,1,83.0,309.0,3.7228915662650603,261,0.38314176245210724
1784944,2018,2,5.0,2,85.0,319.0,3.7529411764705882,231,0.8658008658008658
1784944,2018,5,4.333333333333333,3,88.0,332.0,3.772727272727273,257,1.1673151750972763
1784944,2018,6,5.0,1,89.0,337.0,3.7865168539325844,333,0.3003003003003003
1784944,2018,7,4.0,2,91.0,345.0,3.791208791208791,477,0.41928721174004197
1784944,2018,8,4.0,7,98.0,373.0,3.806122448979592,506,1.383399209486166
1784944,2018,9,4.5,2,100.0,382.0,3.82,326,0.6134969325153374
1784944,2018,11,4.5,2,102.0,391.0,3.8333333333333335,247,0.8097165991902834
1784944,2018,12,5.0,2,104.0,401.0,3.855769230769231,261,0.7662835249042145
1784944,2019,1,4.5,2,106.0,410.0,3.8679245283018866,308,0.6493506493506493
1784944,2019,2,3.5,2,108.0,417.0,3.861111111111111,232,0.8620689655172413
1784944,2019,3,5.0,1,109.0,422.0,3.871559633027523,265,0.37735849056603776
1784944,2019,4,3.0,1,110.0,425.0,3.8636363636363638,233,0.4291845493562232
1784944,2019,5,4.0,1,111.0,429.0,3.864864864864865,235,0.425531914893617
1784944,2019,7,4.5,4,115.0,447.0,3.8869565217391306,451,0.8869179600886918
1784944,2019,8,5.0,2,117.0,457.0,3.905982905982906,337,0.5934718100890208
1784944,2019,9,4.0,3,120.0,469.0,3.908333333333333,261,1.1494252873563218
1784944,2019,10,4.0,1,121.0,473.0,3.909090909090909,298,0.33557046979865773
1784944,2019,11,4.0,3,124.0,485.0,3.911290322580645,288,1.0416666666666665
1784944,2020,2,5.0,1,125.0,490.0,3.92,235,0.425531914893617
1784944,2020,6,2.5,4,129.0,500.0,3.875968992248062,107,3.7383177570093453
1784944,2020,12,3.6666666666666665,3,132.0,511.0,3.871212121212121,81,3.7037037037037033
1833309,2013,2,3.0,1,1.0,3.0,3.0,54,1.8518518518518516
1833309,2013,3,4.0,1,2.0,7.0,3.5,57,1.7543859649122806
1833309,2013,4,3.0,1,3.0,10.0,3.3333333333333335,50,2.0
1833309,2013,10,3.0,1,4.0,13.0,3.25,56,1.7857142857142856
1833309,2013,12,4.0,1,5.0,17.0,3.4,44,2.272727272727273
1833309,2014,1,3.0,1,6.0,20.0,3.3333333333333335,72,1.3888888888888888
1833309,2014,5,4.0,1,7.0,24.0,3.4285714285714284,89,1.1235955056179776
1833309,2014,6,5.0,1,8.0,29.0,3.625,85,1.1764705882352942
1833309,2014,8,5.0,1,9.0,34.0,3.7777777777777777,134,0.7462686567164178
1833309,2014,12,4.0,1,10.0,38.0,3.8,102,0.9803921568627451
1833309,2015,5,3.6666666666666665,3,13.0,49.0,3.769230769230769,169,1.7751479289940828
1833309,2015,6,3.5,2,15.0,56.0,3.7333333333333334,159,1.257861635220126
1833309,2015,7,3.0,1,16.0,59.0,3.6875,275,0.36363636363636365
1833309,2015,9,5.0,2,18.0,69.0,3.8333333333333335,238,0.8403361344537815
1833309,2015,10,3.5,2,20.0,76.0,3.8,222,0.9009009009009009
1833309,2015,11,5.0,1,21.0,81.0,3.857142857142857,149,0.6711409395973155
1833309,2016,1,4.0,1,22.0,85.0,3.8636363636363638,279,0.35842293906810035
1833309,2016,3,4.0,3,25.0,97.0,3.88,348,0.8620689655172413
1833309,2016,5,5.0,1,26.0,102.0,3.923076923076923,255,0.39215686274509803
1833309,2016,6,3.0,1,27.0,105.0,3.888888888888889,323,0.30959752321981426
1833309,2016,7,2.0,2,29.0,109.0,3.7586206896551726,531,0.3766478342749529
1833309,2016,8,2.0,1,30.0,111.0,3.7,518,0.19305019305019305
1833309,2016,11,4.0,1,31.0,115.0,3.7096774193548385,271,0.36900369003690037
1833309,2016,12,5.0,1,32.0,120.0,3.75,260,0.38461538461538464
1833309,2017,6,4.5,2,34.0,129.0,3.7941176470588234,248,0.8064516129032258
1833309,2017,7,2.75,4,38.0,140.0,3.6842105263157894,600,0.6666666666666667
1833309,2017,8,3.5,2,40.0,147.0,3.675,456,0.43859649122807015
1833309,2017,11,3.0,1,41.0,150.0,3.658536585365854,321,0.3115264797507788
1833309,2018,1,5.0,1,42.0,155.0,3.6904761904761907,269,0.37174721189591076
1833309,2018,4,4.0,1,43.0,159.0,3.697674418604651,246,0.40650406504065045
1833309,2018,7,2.5,2,45.0,164.0,3.6444444444444444,477,0.41928721174004197
1833309,2019,1,4.0,1,46.0,168.0,3.652173913043478,308,0.3246753246753247
1833309,2019,7,3.0,1,47.0,171.0,3.6382978723404253,451,0.22172949002217296
1892912,2015,8,4.0,1,1.0,4.0,4.0,283,0.35335689045936397
1892912,2016,2,4.0,1,2.0,8.0,4.0,285,0.3508771929824561
1892912,2016,7,5.0,1,3.0,13.0,4.333333333333333,531,0.18832391713747645
1892912,2016,8,5.0,1,4.0,18.0,4.5,518,0.19305019305019305
1892912,2016,11,5.0,1,5.0,23.0,4.6,271,0.36900369003690037
1892912,2017,6,5.0,1,6.0,28.0,4.666666666666667,248,0.4032258064516129
1892912,2017,7,2.0,1,7.0,30.0,4.285714285714286,600,0.16666666666666669
1892912,2017,9,4.0,1,8.0,34.0,4.25,304,0.3289473684210526
1892912,2018,7,5.0,1,9.0,39.0,4.333333333333333,477,0.20964360587002098
1892912,2018,8,3.333333333333333,3,12.0,49.0,4.083333333333333,506,0.592885375494071
1892912,2019,1,5.0,1,13.0,54.0,4.153846153846154,308,0.3246753246753247
1892912,2019,3,4.0,1,14.0,58.0,4.142857142857143,265,0.37735849056603776
1892912,2019,7,3.5,2,16.0,65.0,4.0625,451,0.4434589800443459
1892912,2019,8,4.0,2,18.0,73.0,4.055555555555555,337,0.5934718100890208
1892912,2019,12,5.0,1,19.0,78.0,4.105263157894737,197,0.5076142131979695
1892912,2020,7,5.0,2,21.0,88.0,4.190476190476191,391,0.5115089514066496
1892912,2020,8,3.5,2,23.0,95.0,4.130434782608695,226,0.8849557522123894
1892912,2020,12,5.0,1,24.0,100.0,4.166666666666667,81,1.2345679012345678
1925496,2013,4,4.0,1,1.0,4.0,4.0,50,2.0
1925496,2015,9,4.0,1,2.0,8.0,4.0,238,0.42016806722689076
1925496,2016,6,5.0,2,4.0,18.0,4.5,323,0.6191950464396285
1925496,2018,2,3.0,1,5.0,21.0,4.2,231,0.4329004329004329
1925496,2018,3,3.5,2,7.0,28.0,4.0,349,0.5730659025787965
1933697,2015,3,4.0,1,1.0,4.0,4.0,160,0.625
1933697,2015,5,3.0,1,2.0,7.0,3.5,169,0.591715976331361
1933697,2015,7,3.0,1,3.0,10.0,3.3333333333333335,275,0.36363636363636365
1933697,2016,8,3.0,1,4.0,13.0,3.25,518,0.19305019305019305
2144118,2013,1,4.0,1,1.0,4.0,4.0,47,2.127659574468085
2144118,2013,2,5.0,1,2.0,9.0,4.5,54,1.8518518518518516
2144118,2013,12,4.0,1,3.0,13.0,4.333333333333333,44,2.272727272727273
2144118,2014,10,4.0,2,5.0,21.0,4.2,118,1.694915254237288
2144118,2015,1,4.0,2,7.0,29.0,4.142857142857143,128,1.5625
2144118,2015,2,4.5,2,9.0,38.0,4.222222222222222,134,1.4925373134328357
2144118,2015,4,4.5,2,11.0,47.0,4.2727272727272725,111,1.8018018018018018
2144118,2015,5,3.5,2,13.0,54.0,4.153846153846154,169,1.183431952662722
2144118,2015,6,4.0,1,14.0,58.0,4.142857142857143,159,0.628930817610063
2144118,2015,7,1.0,1,15.0,59.0,3.933333333333333,275,0.36363636363636365
2144118,2015,8,3.5,2,17.0,66.0,3.8823529411764706,283,0.7067137809187279
2144118,2015,9,1.0,2,19.0,68.0,3.5789473684210527,238,0.8403361344537815
2144118,2015,10,4.0,2,21.0,76.0,3.619047619047619,222,0.9009009009009009
2144118,2016,1,4.0,2,23.0,84.0,3.652173913043478,279,0.7168458781362007
2144118,2016,2,3.0,2,25.0,90.0,3.6,285,0.7017543859649122
2144118,2016,4,4.0,1,26.0,94.0,3.6153846153846154,289,0.34602076124567477
2144118,2016,5,4.5,2,28.0,103.0,3.6785714285714284,255,0.7843137254901961
2144118,2016,7,5.0,1,29.0,108.0,3.7241379310344827,531,0.18832391713747645
2144118,2016,8,4.75,4,33.0,127.0,3.8484848484848486,518,0.7722007722007722
2144118,2016,9,5.0,1,34.0,132.0,3.8823529411764706,365,0.273972602739726
2144118,2016,10,5.0,1,35.0,137.0,3.914285714285714,371,0.2695417789757413
2144118,2016,11,4.0,1,36.0,141.0,3.9166666666666665,271,0.36900369003690037
2144118,2016,12,3.0,1,37.0,144.0,3.891891891891892,260,0.38461538461538464
2144118,2017,2,3.0,2,39.0,150.0,3.8461538461538463,294,0.6802721088435374
2144118,2017,3,3.6666666666666665,3,42.0,161.0,3.8333333333333335,297,1.0101010101010102
2144118,2017,4,5.0,1,43.0,166.0,3.86046511627907,312,0.3205128205128205
2144118,2017,5,4.5,2,45.0,175.0,3.888888888888889,327,0.6116207951070336
2144118,2017,7,4.333333333333333,3,48.0,188.0,3.9166666666666665,600,0.5
2144118,2017,9,4.0,2,50.0,196.0,3.92,304,0.6578947368421052
2144118,2017,10,4.0,1,51.0,200.0,3.9215686274509802,296,0.33783783783783783
2144118,2017,11,4.0,1,52.0,204.0,3.923076923076923,321,0.3115264797507788
2144118,2017,12,1.0,1,53.0,205.0,3.8679245283018866,261,0.38314176245210724
2144118,2018,1,4.0,1,54.0,209.0,3.8703703703703702,269,0.37174721189591076
2144118,2018,2,3.0,1,55.0,212.0,3.8545454545454545,231,0.4329004329004329
2144118,2018,3,4.0,1,56.0,216.0,3.857142857142857,349,0.28653295128939826
2144118,2018,5,4.5,2,58.0,225.0,3.8793103448275863,257,0.7782101167315175
2144118,2018,6,4.0,1,59.0,229.0,3.8813559322033897,333,0.3003003003003003
2144118,2018,7,2.5,2,61.0,234.0,3.8360655737704916,477,0.41928721174004197
2144118,2018,8,4.0,3,64.0,246.0,3.84375,506,0.592885375494071
2144118,2018,9,3.0,1,65.0,249.0,3.830769230769231,326,0.3067484662576687
2144118,2018,10,3.0,1,66.0,252.0,3.8181818181818183,294,0.3401360544217687
2144118,2018,11,1.0,1,67.0,253.0,3.7761194029850746,247,0.4048582995951417
2144118,2019,2,3.0,2,69.0,259.0,3.753623188405797,232,0.8620689655172413
2144118,2019,3,4.0,1,70.0,263.0,3.757142857142857,265,0.37735849056603776
2144118,2019,6,3.6666666666666665,3,73.0,274.0,3.7534246575342465,271,1.107011070110701
2144118,2019,7,4.0,1,74.0,278.0,3.7567567567567566,451,0.22172949002217296
2144118,2019,8,4.0,1,75.0,282.0,3.76,337,0.2967359050445104
2144118,2019,9,2.0,1,76.0,284.0,3.736842105263158,261,0.38314176245210724
2144118,2019,12,4.0,2,78.0,292.0,3.7435897435897436,197,1.015228426395939
2144118,2020,2,2.0,2,80.0,296.0,3.7,235,0.851063829787234
2144118,2020,4,4.0,1,81.0,300.0,3.7037037037037037,35,2.857142857142857
2144118,2020,6,3.0,1,82.0,303.0,3.6951219512195124,107,0.9345794392523363
2144118,2020,7,3.5,2,84.0,310.0,3.6904761904761907,391,0.5115089514066496
2144118,2020,8,3.0,1,85.0,313.0,3.6823529411764704,226,0.4424778761061947
2144118,2020,9,4.0,2,87.0,321.0,3.689655172413793,160,1.25
2241591,2013,4,4.0,1,1.0,4.0,4.0,50,2.0
2241591,2013,8,3.0,1,2.0,7.0,3.5,87,1.1494252873563218
2241591,2013,11,2.5,2,4.0,12.0,3.0,52,3.8461538461538463
2241591,2015,8,3.0,1,5.0,15.0,3.0,283,0.35335689045936397
2241591,2016,2,3.0,1,6.0,18.0,3.0,285,0.3508771929824561
2241591,2016,7,1.0,1,7.0,19.0,2.7142857142857144,531,0.18832391713747645
2241591,2017,7,5.0,1,8.0,24.0,3.0,600,0.16666666666666669
2241591,2017,12,1.0,1,9.0,25.0,2.7777777777777777,261,0.38314176245210724
2241591,2018,6,4.0,1,10.0,29.0,2.9,333,0.3003003003003003
2241591,2018,9,3.0,1,11.0,32.0,2.909090909090909,326,0.3067484662576687
2241591,2020,7,1.0,1,12.0,33.0,2.75,391,0.2557544757033248
2243503,2013,4,5.0,1,1.0,5.0,5.0,50,2.0
2243503,2014,1,5.0,1,2.0,10.0,5.0,72,1.3888888888888888
2243503,2015,2,1.0,1,3.0,11.0,3.6666666666666665,134,0.7462686567164178
2243503,2015,4,4.0,1,4.0,15.0,3.75,111,0.9009009009009009
2243503,2016,4,5.0,1,5.0,20.0,4.0,289,0.34602076124567477
2243503,2016,6,5.0,1,6.0,25.0,4.166666666666667,323,0.30959752321981426
2243503,2017,8,4.5,2,8.0,34.0,4.25,456,0.43859649122807015
2243503,2018,2,4.0,1,9.0,38.0,4.222222222222222,231,0.4329004329004329
2243503,2018,6,5.0,1,10.0,43.0,4.3,333,0.3003003003003003
2243503,2019,11,2.0,1,11.0,45.0,4.090909090909091,288,0.3472222222222222
2243503,2020,8,2.0,1,12.0,47.0,3.9166666666666665,226,0.4424778761061947
2243503,2020,10,5.0,1,13.0,52.0,4.0,145,0.6896551724137931
2243503,2020,11,4.0,1,14.0,56.0,4.0,120,0.8333333333333334
2244262,2017,3,3.0,1,1.0,3.0,3.0,297,0.33670033670033667
2346139,2014,1,4.0,1,1.0,4.0,4.0,72,1.3888888888888888
2346139,2014,4,5.0,1,2.0,9.0,4.5,73,1.36986301369863
2346139,2014,5,4.0,1,3.0,13.0,4.333333333333333,89,1.1235955056179776
2346139,2014,7,5.0,1,4.0,18.0,4.5,98,1.0204081632653061
2346139,2014,8,5.0,1,5.0,23.0,4.6,134,0.7462686567164178
2346139,2014,9,5.0,1,6.0,28.0,4.666666666666667,132,0.7575757575757576
2346139,2014,10,3.5,2,8.0,35.0,4.375,118,1.694915254237288
2346139,2014,11,2.5,2,10.0,40.0,4.0,122,1.639344262295082
2346139,2015,1,4.0,1,11.0,44.0,4.0,128,0.78125
2346139,2015,2,4.666666666666667,3,14.0,58.0,4.142857142857143,134,2.2388059701492535
2346139,2015,4,5.0,2,16.0,68.0,4.25,111,1.8018018018018018
2346139,2015,5,5.0,1,17.0,73.0,4.294117647058823,169,0.591715976331361
2346139,2015,6,4.0,1,18.0,77.0,4.277777777777778,159,0.628930817610063
2346139,2015,9,4.0,2,20.0,85.0,4.25,238,0.8403361344537815
2346139,2015,10,3.75,4,24.0,100.0,4.166666666666667,222,1.8018018018018018
2346139,2015,11,4.0,1,25.0,104.0,4.16,149,0.6711409395973155
2346139,2015,12,3.0,1,26.0,107.0,4.115384615384615,184,0.5434782608695652
2346139,2016,1,4.0,1,27.0,111.0,4.111111111111111,279,0.35842293906810035
2346139,2016,4,2.5,2,29.0,116.0,4.0,289,0.6920415224913495
2346139,2016,5,4.5,2,31.0,125.0,4.032258064516129,255,0.7843137254901961
2346139,2016,8,4.0,1,32.0,129.0,4.03125,518,0.19305019305019305
2346139,2016,9,5.0,1,33.0,134.0,4.0606060606060606,365,0.273972602739726
2346139,2016,10,3.5,2,35.0,141.0,4.0285714285714285,371,0.5390835579514826
2346139,2016,11,5.0,1,36.0,146.0,4.055555555555555,271,0.36900369003690037
2346139,2017,1,4.0,4,40.0,162.0,4.05,277,1.444043321299639
2346139,2017,2,4.5,4,44.0,180.0,4.090909090909091,294,1.3605442176870748
2346139,2017,3,4.5,2,46.0,189.0,4.108695652173913,297,0.6734006734006733
2346139,2017,4,3.5,2,48.0,196.0,4.083333333333333,312,0.641025641025641
2346139,2017,5,4.0,1,49.0,200.0,4.081632653061225,327,0.3058103975535168
2346139,2017,8,4.5,2,51.0,209.0,4.098039215686274,456,0.43859649122807015
2346139,2017,9,4.0,1,52.0,213.0,4.096153846153846,304,0.3289473684210526
2346139,2017,10,2.6666666666666665,3,55.0,221.0,4.0181818181818185,296,1.0135135135135136
2346139,2017,11,4.0,2,57.0,229.0,4.017543859649122,321,0.6230529595015576
2346139,2018,3,4.0,1,58.0,233.0,4.017241379310345,349,0.28653295128939826
2346139,2018,4,5.0,1,59.0,238.0,4.033898305084746,246,0.40650406504065045
2346139,2018,10,3.5,2,61.0,245.0,4.016393442622951,294,0.6802721088435374
2346139,2018,12,4.0,1,62.0,249.0,4.016129032258065,261,0.38314176245210724
2346139,2019,2,1.0,1,63.0,250.0,3.9682539682539684,232,0.43103448275862066
2346139,2019,3,4.0,1,64.0,254.0,3.96875,265,0.37735849056603776
2346139,2019,5,3.0,1,65.0,257.0,3.953846153846154,235,0.425531914893617
2346139,2019,6,5.0,1,66.0,262.0,3.9696969696969697,271,0.36900369003690037
2346139,2019,11,4.0,1,67.0,266.0,3.970149253731343,288,0.3472222222222222
2346139,2020,1,5.0,1,68.0,271.0,3.985294117647059,205,0.4878048780487805
2346139,2020,3,5.0,1,69.0,276.0,4.0,173,0.5780346820809248
2346139,2020,11,4.5,2,71.0,285.0,4.014084507042254,120,1.6666666666666667
2386370,2013,1,4.0,1,1.0,4.0,4.0,47,2.127659574468085
2386370,2013,2,4.0,1,2.0,8.0,4.0,54,1.8518518518518516
2386370,2013,5,5.0,2,4.0,18.0,4.5,51,3.9215686274509802
2386370,2013,6,3.0,1,5.0,21.0,4.2,63,1.5873015873015872
2386370,2013,8,3.0,1,6.0,24.0,4.0,87,1.1494252873563218
2386370,2013,9,4.0,1,7.0,28.0,4.0,64,1.5625
2386370,2014,1,5.0,1,8.0,33.0,4.125,72,1.3888888888888888
2386370,2014,3,5.0,1,9.0,38.0,4.222222222222222,61,1.639344262295082
2386370,2014,5,3.0,1,10.0,41.0,4.1,89,1.1235955056179776
2386370,2014,6,4.0,1,11.0,45.0,4.090909090909091,85,1.1764705882352942
2386370,2014,8,4.0,2,13.0,53.0,4.076923076923077,134,1.4925373134328357
2386370,2014,9,3.0,1,14.0,56.0,4.0,132,0.7575757575757576
2386370,2014,10,3.75,4,18.0,71.0,3.9444444444444446,118,3.389830508474576
2386370,2014,11,4.0,1,19.0,75.0,3.9473684210526314,122,0.819672131147541
2386370,2015,1,3.5,2,21.0,82.0,3.9047619047619047,128,1.5625
2386370,2015,5,3.0,1,22.0,85.0,3.8636363636363638,169,0.591715976331361
2386370,2015,7,5.0,1,23.0,90.0,3.9130434782608696,275,0.36363636363636365
2386370,2016,1,4.0,1,24.0,94.0,3.9166666666666665,279,0.35842293906810035
2386370,2016,2,4.0,2,26.0,102.0,3.923076923076923,285,0.7017543859649122
2386370,2016,11,4.0,1,27.0,106.0,3.925925925925926,271,0.36900369003690037
2386370,2016,12,4.0,1,28.0,110.0,3.9285714285714284,260,0.38461538461538464
2386370,2017,2,4.0,1,29.0,114.0,3.9310344827586206,294,0.3401360544217687
2386370,2017,4,4.0,1,30.0,118.0,3.933333333333333,312,0.3205128205128205
2386370,2017,7,4.0,2,32.0,126.0,3.9375,600,0.33333333333333337
2386370,2017,8,4.0,1,33.0,130.0,3.9393939393939394,456,0.21929824561403508
2386370,2017,10,4.0,1,34.0,134.0,3.9411764705882355,296,0.33783783783783783
2386370,2018,8,4.0,1,35.0,138.0,3.942857142857143,506,0.1976284584980237
2386370,2018,11,4.0,1,36.0,142.0,3.9444444444444446,247,0.4048582995951417
2386370,2018,12,3.5,2,38.0,149.0,3.9210526315789473,261,0.7662835249042145
2386370,2019,1,5.0,1,39.0,154.0,3.948717948717949,308,0.3246753246753247
2446773,2013,9,5.0,1,1.0,5.0,5.0,64,1.5625
2446773,2013,12,5.0,1,2.0,10.0,5.0,44,2.272727272727273
2446773,2014,2,5.0,1,3.0,15.0,5.0,48,2.083333333333333
2446773,2014,6,4.5,2,5.0,24.0,4.8,85,2.3529411764705883
2446773,2014,9,5.0,1,6.0,29.0,4.833333333333333,132,0.7575757575757576
2446773,2014,10,5.0,1,7.0,34.0,4.857142857142857,118,0.847457627118644
2446773,2015,3,5.0,1,8.0,39.0,4.875,160,0.625
2446773,2015,5,5.0,1,9.0,44.0,4.888888888888889,169,0.591715976331361
2446773,2015,6,5.0,1,10.0,49.0,4.9,159,0.628930817610063
2446773,2015,8,5.0,1,11.0,54.0,4.909090909090909,283,0.35335689045936397
2446773,2015,9,5.0,2,13.0,64.0,4.923076923076923,238,0.8403361344537815
2446773,2016,2,5.0,1,14.0,69.0,4.928571428571429,285,0.3508771929824561
2446773,2016,3,5.0,1,15.0,74.0,4.933333333333334,348,0.28735632183908044
2446773,2016,4,5.0,1,16.0,79.0,4.9375,289,0.34602076124567477
2446773,2016,5,5.0,1,17.0,84.0,4.9411764705882355,255,0.39215686274509803
2446773,2016,6,5.0,1,18.0,89.0,4.944444444444445,323,0.30959752321981426
2446773,2016,7,5.0,1,19.0,94.0,4.947368421052632,531,0.18832391713747645
2446773,2016,8,5.0,3,22.0,109.0,4.954545454545454,518,0.5791505791505791
2446773,2016,9,5.0,3,25.0,124.0,4.96,365,0.821917808219178
2446773,2016,10,5.0,1,26.0,129.0,4.961538461538462,371,0.2695417789757413
2446773,2016,12,5.0,1,27.0,134.0,4.962962962962963,260,0.38461538461538464
2446773,2017,1,5.0,3,30.0,149.0,4.966666666666667,277,1.083032490974729
2446773,2017,2,5.0,4,34.0,169.0,4.970588235294118,294,1.3605442176870748
2446773,2017,3,5.0,2,36.0,179.0,4.972222222222222,297,0.6734006734006733
2446773,2017,4,5.0,1,37.0,184.0,4.972972972972973,312,0.3205128205128205
2446773,2017,5,5.0,1,38.0,189.0,4.973684210526316,327,0.3058103975535168
2446773,2017,6,5.0,1,39.0,194.0,4.9743589743589745,248,0.4032258064516129
2446773,2017,7,5.0,1,40.0,199.0,4.975,600,0.16666666666666669
2446773,2017,8,5.0,3,43.0,214.0,4.976744186046512,456,0.6578947368421052
2446773,2017,9,5.0,2,45.0,224.0,4.977777777777778,304,0.6578947368421052
2446773,2017,10,5.0,1,46.0,229.0,4.978260869565218,296,0.33783783783783783
2446773,2017,11,5.0,2,48.0,239.0,4.979166666666667,321,0.6230529595015576
2446773,2018,1,5.0,2,50.0,249.0,4.98,269,0.7434944237918215
2446773,2018,2,3.5,2,52.0,256.0,4.923076923076923,231,0.8658008658008658
2446773,2018,3,5.0,3,55.0,271.0,4.927272727272728,349,0.8595988538681949
2446773,2018,4,5.0,1,56.0,276.0,4.928571428571429,246,0.40650406504065045
2446773,2018,5,5.0,2,58.0,286.0,4.931034482758621,257,0.7782101167315175
2446773,2018,7,3.0,1,59.0,289.0,4.898305084745763,477,0.20964360587002098
2446773,2018,8,5.0,2,61.0,299.0,4.901639344262295,506,0.3952569169960474
2446773,2018,10,5.0,1,62.0,304.0,4.903225806451613,294,0.3401360544217687
2446773,2019,3,5.0,2,64.0,314.0,4.90625,265,0.7547169811320755
2446773,2019,5,5.0,1,65.0,319.0,4.907692307692308,235,0.425531914893617
2446773,2019,6,5.0,1,66.0,324.0,4.909090909090909,271,0.36900369003690037
2446773,2019,7,4.0,4,70.0,340.0,4.857142857142857,451,0.8869179600886918
2446773,2019,8,5.0,2,72.0,350.0,4.861111111111111,337,0.5934718100890208
2446773,2019,9,5.0,1,73.0,355.0,4.863013698630137,261,0.38314176245210724
2446773,2019,10,5.0,2,75.0,365.0,4.866666666666666,298,0.6711409395973155
2446773,2020,1,5.0,1,76.0,370.0,4.868421052631579,205,0.4878048780487805
2446773,2020,3,5.0,1,77.0,375.0,4.87012987012987,173,0.5780346820809248
2446773,2020,6,5.0,1,78.0,380.0,4.871794871794871,107,0.9345794392523363
2446773,2020,7,1.0,1,79.0,381.0,4.822784810126582,391,0.2557544757033248
2501100,2013,1,3.0,1,1.0,3.0,3.0,47,2.127659574468085
2501100,2013,6,5.0,1,2.0,8.0,4.0,63,1.5873015873015872
2501100,2014,12,3.0,1,3.0,11.0,3.6666666666666665,102,0.9803921568627451
2617654,2013,8,2.0,1,1.0,2.0,2.0,87,1.1494252873563218
2617654,2015,10,2.0,1,2.0,4.0,2.0,222,0.45045045045045046
2617654,2016,7,4.0,1,3.0,8.0,2.6666666666666665,531,0.18832391713747645
2617654,2016,11,1.0,1,4.0,9.0,2.25,271,0.36900369003690037
2617654,2016,12,2.0,1,5.0,11.0,2.2,260,0.38461538461538464
2617654,2018,6,2.0,1,6.0,13.0,2.1666666666666665,333,0.3003003003003003
2617654,2018,8,1.0,1,7.0,14.0,2.0,506,0.1976284584980237
2619176,2013,1,5.0,1,1.0,5.0,5.0,47,2.127659574468085
2619176,2013,10,1.0,1,2.0,6.0,3.0,56,1.7857142857142856
2619176,2014,1,3.0,2,4.0,12.0,3.0,72,2.7777777777777777
2619176,2014,10,1.0,1,5.0,13.0,2.6,118,0.847457627118644
2619176,2014,11,4.0,1,6.0,17.0,2.8333333333333335,122,0.819672131147541
2619176,2015,5,4.0,1,7.0,21.0,3.0,169,0.591715976331361
2619176,2015,7,3.333333333333333,3,10.0,31.0,3.1,275,1.090909090909091
2619176,2015,10,4.0,1,11.0,35.0,3.1818181818181817,222,0.45045045045045046
2619176,2015,11,4.0,1,12.0,39.0,3.25,149,0.6711409395973155
2619176,2015,12,3.0,2,14.0,45.0,3.2142857142857144,184,1.0869565217391304
2619176,2016,2,4.0,1,15.0,49.0,3.2666666666666666,285,0.3508771929824561
2619176,2016,3,5.0,1,16.0,54.0,3.375,348,0.28735632183908044
2619176,2016,4,5.0,1,17.0,59.0,3.4705882352941178,289,0.34602076124567477
2619176,2016,5,3.5,2,19.0,66.0,3.473684210526316,255,0.7843137254901961
2619176,2016,6,4.0,1,20.0,70.0,3.5,323,0.30959752321981426
2619176,2016,7,4.0,2,22.0,78.0,3.5454545454545454,531,0.3766478342749529
2619176,2016,9,2.0,1,23.0,80.0,3.4782608695652173,365,0.273972602739726
2619176,2016,10,3.25,4,27.0,93.0,3.4444444444444446,371,1.078167115902965
2619176,2016,11,4.5,2,29.0,102.0,3.5172413793103448,271,0.7380073800738007
2619176,2017,1,4.0,1,30.0,106.0,3.533333333333333,277,0.36101083032490977
2619176,2017,2,3.0,1,31.0,109.0,3.5161290322580645,294,0.3401360544217687
2619176,2017,3,4.0,1,32.0,113.0,3.53125,297,0.33670033670033667
2619176,2017,6,4.0,1,33.0,117.0,3.5454545454545454,248,0.4032258064516129
2619176,2017,7,2.75,4,37.0,128.0,3.4594594594594597,600,0.6666666666666667
2619176,2017,8,4.0,2,39.0,136.0,3.4871794871794872,456,0.43859649122807015
2619176,2017,9,2.0,2,41.0,140.0,3.4146341463414633,304,0.6578947368421052
2619176,2017,10,4.0,1,42.0,144.0,3.4285714285714284,296,0.33783783783783783
2619176,2017,11,5.0,2,44.0,154.0,3.5,321,0.6230529595015576
2619176,2017,12,5.0,1,45.0,159.0,3.533333333333333,261,0.38314176245210724
2619176,2018,1,4.0,1,46.0,163.0,3.5434782608695654,269,0.37174721189591076
2619176,2018,2,4.0,1,47.0,167.0,3.5531914893617023,231,0.4329004329004329
2619176,2018,3,3.0,2,49.0,173.0,3.5306122448979593,349,0.5730659025787965
2619176,2018,5,3.0,1,50.0,176.0,3.52,257,0.38910505836575876
2619176,2018,6,5.0,1,51.0,181.0,3.549019607843137,333,0.3003003003003003
2619176,2018,7,4.5,2,53.0,190.0,3.5849056603773586,477,0.41928721174004197
2619176,2018,8,4.0,2,55.0,198.0,3.6,506,0.3952569169960474
2619176,2018,12,1.0,1,56.0,199.0,3.5535714285714284,261,0.38314176245210724
2619176,2019,4,5.0,1,57.0,204.0,3.5789473684210527,233,0.4291845493562232
2619176,2019,6,4.0,1,58.0,208.0,3.586206896551724,271,0.36900369003690037
2619176,2019,7,5.0,1,59.0,213.0,3.610169491525424,451,0.22172949002217296
2619176,2019,8,2.333333333333333,3,62.0,220.0,3.5483870967741935,337,0.8902077151335311
2619176,2019,11,2.5,2,64.0,225.0,3.515625,288,0.6944444444444444
2619176,2020,4,3.0,1,65.0,228.0,3.5076923076923077,35,2.857142857142857
2619176,2020,7,5.0,1,66.0,233.0,3.5303030303030303,391,0.2557544757033248
2619176,2020,9,3.5,2,68.0,240.0,3.5294117647058822,160,1.25
2619176,2020,11,5.0,2,70.0,250.0,3.5714285714285716,120,1.6666666666666667
3175858,2013,10,2.0,1,1.0,2.0,2.0,56,1.7857142857142856
3175858,2013,12,5.0,1,2.0,7.0,3.5,44,2.272727272727273
3175858,2014,11,4.0,1,3.0,11.0,3.6666666666666665,122,0.819672131147541
3175858,2015,8,5.0,1,4.0,16.0,4.0,283,0.35335689045936397
3175858,2016,3,5.0,1,5.0,21.0,4.2,348,0.28735632183908044
3175858,2016,6,4.0,2,7.0,29.0,4.142857142857143,323,0.6191950464396285
3175858,2016,12,3.0,2,9.0,35.0,3.888888888888889,260,0.7692307692307693
3175858,2017,2,5.0,1,10.0,40.0,4.0,294,0.3401360544217687
3175858,2017,12,4.0,1,11.0,44.0,4.0,261,0.38314176245210724
3175858,2018,4,2.0,1,12.0,46.0,3.8333333333333335,246,0.40650406504065045
3175858,2018,7,4.0,1,13.0,50.0,3.8461538461538463,477,0.20964360587002098
3175858,2019,7,4.0,1,14.0,54.0,3.857142857142857,451,0.22172949002217296
3175858,2019,11,5.0,1,15.0,59.0,3.933333333333333,288,0.3472222222222222
3175858,2020,7,3.0,2,17.0,65.0,3.823529411764706,391,0.5115089514066496
3181104,2015,7,5.0,1,1.0,5.0,5.0,275,0.36363636363636365
3181104,2016,6,4.0,1,2.0,9.0,4.5,323,0.30959752321981426
3181104,2017,6,4.0,1,3.0,13.0,4.333333333333333,248,0.4032258064516129
3181104,2017,7,5.0,1,4.0,18.0,4.5,600,0.16666666666666669
3181104,2018,3,5.0,1,5.0,23.0,4.6,349,0.28653295128939826
3181104,2018,7,2.0,1,6.0,25.0,4.166666666666667,477,0.20964360587002098
3181104,2019,8,5.0,1,7.0,30.0,4.285714285714286,337,0.2967359050445104
3181104,2020,6,3.0,1,8.0,33.0,4.125,107,0.9345794392523363
3184034,2015,5,4.0,1,1.0,4.0,4.0,169,0.591715976331361
3184034,2016,6,4.0,1,2.0,8.0,4.0,323,0.30959752321981426
3191225,2016,10,3.0,1,1.0,3.0,3.0,371,0.2695417789757413
3194799,2013,11,5.0,1,1.0,5.0,5.0,52,1.9230769230769231
3194799,2016,12,5.0,1,2.0,10.0,5.0,260,0.38461538461538464
3244257,2015,9,3.0,1,1.0,3.0,3.0,238,0.42016806722689076
3244257,2015,10,4.0,3,4.0,15.0,3.75,222,1.3513513513513513
3244257,2015,11,4.333333333333333,6,10.0,41.0,4.1,149,4.026845637583892
3244257,2015,12,4.0,1,11.0,45.0,4.090909090909091,184,0.5434782608695652
3244257,2016,1,4.0,2,13.0,53.0,4.076923076923077,279,0.7168458781362007
3244257,2016,2,4.125,8,21.0,86.0,4.095238095238095,285,2.807017543859649
3244257,2016,3,3.75,4,25.0,101.0,4.04,348,1.1494252873563218
3244257,2016,4,4.5,2,27.0,110.0,4.074074074074074,289,0.6920415224913495
3244257,2016,5,4.0,2,29.0,118.0,4.068965517241379,255,0.7843137254901961
3244257,2016,6,4.0,3,32.0,130.0,4.0625,323,0.9287925696594427
3244257,2016,7,4.666666666666667,3,35.0,144.0,4.114285714285714,531,0.5649717514124294
3244257,2016,8,4.0,5,40.0,164.0,4.1,518,0.9652509652509652
3244257,2016,9,3.6666666666666665,6,46.0,186.0,4.043478260869565,365,1.643835616438356
3244257,2016,10,4.0,7,53.0,214.0,4.037735849056604,371,1.8867924528301887
3244257,2016,11,4.0,1,54.0,218.0,4.037037037037037,271,0.36900369003690037
3244257,2016,12,4.0,2,56.0,226.0,4.035714285714286,260,0.7692307692307693
3244257,2017,1,3.0,2,58.0,232.0,4.0,277,0.7220216606498195
3244257,2017,2,4.0,2,60.0,240.0,4.0,294,0.6802721088435374
3244257,2017,3,4.0,1,61.0,244.0,4.0,297,0.33670033670033667
3244257,2017,4,4.5,2,63.0,253.0,4.015873015873016,312,0.641025641025641
3244257,2017,5,4.333333333333333,3,66.0,266.0,4.03030303030303,327,0.9174311926605505
3244257,2017,6,5.0,1,67.0,271.0,4.044776119402985,248,0.4032258064516129
3244257,2017,7,4.0,3,70.0,283.0,4.042857142857143,600,0.5
3244257,2017,8,3.6666666666666665,6,76.0,305.0,4.0131578947368425,456,1.3157894736842104
3244257,2017,9,4.111111111111111,9,85.0,342.0,4.023529411764706,304,2.9605263157894735
3244257,2017,10,3.75,4,89.0,357.0,4.01123595505618,296,1.3513513513513513
3244257,2017,11,3.0,3,92.0,366.0,3.9782608695652173,321,0.9345794392523363
3244257,2017,12,4.0,5,97.0,386.0,3.979381443298969,261,1.9157088122605364
3244257,2018,1,3.0,1,98.0,389.0,3.9693877551020407,269,0.37174721189591076
3244257,2018,2,5.0,1,99.0,394.0,3.9797979797979797,231,0.4329004329004329
3244257,2018,3,3.5,4,103.0,408.0,3.9611650485436893,349,1.146131805157593
3244257,2018,4,4.0,4,107.0,424.0,3.9626168224299065,246,1.6260162601626018
3244257,2018,5,3.8,5,112.0,443.0,3.955357142857143,257,1.9455252918287937
3244257,2018,6,5.0,1,113.0,448.0,3.9646017699115044,333,0.3003003003003003
3244257,2018,7,3.0,2,115.0,454.0,3.9478260869565216,477,0.41928721174004197
3244257,2018,8,4.0,10,125.0,494.0,3.952,506,1.9762845849802373
3244257,2018,9,4.25,4,129.0,511.0,3.9612403100775193,326,1.2269938650306749
3244257,2018,10,4.75,4,133.0,530.0,3.9849624060150375,294,1.3605442176870748
3244257,2018,11,3.0,2,135.0,536.0,3.9703703703703703,247,0.8097165991902834
3244257,2018,12,4.2,5,140.0,557.0,3.9785714285714286,261,1.9157088122605364
3244257,2019,2,4.0,1,141.0,561.0,3.978723404255319,232,0.43103448275862066
3244257,2019,4,4.0,1,142.0,565.0,3.9788732394366195,233,0.4291845493562232
3244257,2019,5,2.5,2,144.0,570.0,3.9583333333333335,235,0.851063829787234
3244257,2019,6,3.0,3,147.0,579.0,3.938775510204082,271,1.107011070110701
3244257,2019,7,3.5,4,151.0,593.0,3.9271523178807946,451,0.8869179600886918
3244257,2019,8,4.0,1,152.0,597.0,3.9276315789473686,337,0.2967359050445104
3244257,2019,9,4.0,2,154.0,605.0,3.9285714285714284,261,0.7662835249042145
3244257,2019,10,4.0,2,156.0,613.0,3.9294871794871793,298,0.6711409395973155
3244257,2019,11,3.333333333333333,3,159.0,623.0,3.9182389937106916,288,1.0416666666666665
3244257,2019,12,3.0,1,160.0,626.0,3.9125,197,0.5076142131979695
3244257,2020,2,4.0,5,165.0,646.0,3.915151515151515,235,2.127659574468085
3253652,2015,5,5.0,1,1.0,5.0,5.0,169,0.591715976331361
3253652,2015,9,3.0,1,2.0,8.0,4.0,238,0.42016806722689076
3253652,2017,7,3.0,1,3.0,11.0,3.6666666666666665,600,0.16666666666666669
3253652,2018,5,2.0,1,4.0,13.0,3.25,257,0.38910505836575876
3253652,2018,6,2.0,1,5.0,15.0,3.0,333,0.3003003003003003
3253652,2018,7,4.0,1,6.0,19.0,3.1666666666666665,477,0.20964360587002098
3335470,2016,5,5.0,2,2.0,10.0,5.0,255,0.7843137254901961
3335470,2016,7,4.0,1,3.0,14.0,4.666666666666667,531,0.18832391713747645
3335470,2016,9,4.0,1,4.0,18.0,4.5,365,0.273972602739726
3335470,2019,8,4.0,1,5.0,22.0,4.4,337,0.2967359050445104
3335470,2020,9,5.0,1,6.0,27.0,4.5,160,0.625
3335470,2020,12,2.0,1,7.0,29.0,4.142857142857143,81,1.2345679012345678
3344119,2013,1,2.0,1,1.0,2.0,2.0,47,2.127659574468085
3344119,2013,2,4.0,1,2.0,6.0,3.0,54,1.8518518518518516
3344119,2013,7,4.0,1,3.0,10.0,3.3333333333333335,94,1.0638297872340425
3344119,2015,6,3.0,1,4.0,13.0,3.25,159,0.628930817610063
3344119,2016,2,3.0,1,5.0,16.0,3.2,285,0.3508771929824561
3344119,2016,3,4.333333333333333,3,8.0,29.0,3.625,348,0.8620689655172413
3344119,2016,6,4.0,1,9.0,33.0,3.6666666666666665,323,0.30959752321981426
3344119,2016,7,3.0,1,10.0,36.0,3.6,531,0.18832391713747645
3344119,2016,8,5.0,1,11.0,41.0,3.727272727272727,518,0.19305019305019305
3344119,2017,8,5.0,1,12.0,46.0,3.8333333333333335,456,0.21929824561403508
3367075,2017,7,5.0,1,1.0,5.0,5.0,600,0.16666666666666669
3383040,2013,2,4.0,1,1.0,4.0,4.0,54,1.8518518518518516
3383040,2013,5,4.0,1,2.0,8.0,4.0,51,1.9607843137254901
3383040,2013,6,2.0,1,3.0,10.0,3.3333333333333335,63,1.5873015873015872
3383040,2013,10,4.0,1,4.0,14.0,3.5,56,1.7857142857142856
3383040,2014,8,4.0,1,5.0,18.0,3.6,134,0.7462686567164178
3383040,2016,2,4.0,1,6.0,22.0,3.6666666666666665,285,0.3508771929824561
3383040,2016,7,2.0,1,7.0,24.0,3.4285714285714284,531,0.18832391713747645
3383040,2017,1,3.0,2,9.0,30.0,3.3333333333333335,277,0.7220216606498195
3383040,2017,2,3.0,1,10.0,33.0,3.3,294,0.3401360544217687
3383040,2017,4,4.0,1,11.0,37.0,3.3636363636363638,312,0.3205128205128205
3383040,2017,6,5.0,1,12.0,42.0,3.5,248,0.4032258064516129
3383040,2017,7,3.5,2,14.0,49.0,3.5,600,0.33333333333333337
3383040,2017,8,5.0,1,15.0,54.0,3.6,456,0.21929824561403508
3383040,2017,10,4.5,2,17.0,63.0,3.7058823529411766,296,0.6756756756756757
3383040,2018,3,1.0,1,18.0,64.0,3.5555555555555554,349,0.28653295128939826
3420964,2013,4,5.0,1,1.0,5.0,5.0,50,2.0
3420964,2013,8,5.0,2,3.0,15.0,5.0,87,2.2988505747126435
3420964,2013,9,4.0,1,4.0,19.0,4.75,64,1.5625
3420964,2013,12,3.0,1,5.0,22.0,4.4,44,2.272727272727273
3420964,2014,4,4.0,1,6.0,26.0,4.333333333333333,73,1.36986301369863
3420964,2014,5,4.0,1,7.0,30.0,4.285714285714286,89,1.1235955056179776
3420964,2014,7,4.0,1,8.0,34.0,4.25,98,1.0204081632653061
3420964,2014,11,4.0,1,9.0,38.0,4.222222222222222,122,0.819672131147541
3420964,2014,12,4.0,1,10.0,42.0,4.2,102,0.9803921568627451
3420964,2015,1,4.0,1,11.0,46.0,4.181818181818182,128,0.78125
3420964,2015,3,4.0,2,13.0,54.0,4.153846153846154,160,1.25
3420964,2015,5,4.0,2,15.0,62.0,4.133333333333334,169,1.183431952662722
3420964,2015,6,4.0,2,17.0,70.0,4.117647058823529,159,1.257861635220126
3420964,2015,7,5.0,2,19.0,80.0,4.2105263157894735,275,0.7272727272727273
3420964,2015,8,4.0,1,20.0,84.0,4.2,283,0.35335689045936397
3420964,2015,9,4.666666666666667,3,23.0,98.0,4.260869565217392,238,1.2605042016806722
3420964,2015,10,5.0,3,26.0,113.0,4.346153846153846,222,1.3513513513513513
3420964,2015,12,3.333333333333333,3,29.0,123.0,4.241379310344827,184,1.6304347826086956
3420964,2016,1,5.0,1,30.0,128.0,4.266666666666667,279,0.35842293906810035
3420964,2016,2,4.0,1,31.0,132.0,4.258064516129032,285,0.3508771929824561
3420964,2016,3,4.666666666666667,3,34.0,146.0,4.294117647058823,348,0.8620689655172413
3420964,2016,4,5.0,3,37.0,161.0,4.351351351351352,289,1.0380622837370241
3420964,2016,5,2.0,1,38.0,163.0,4.2894736842105265,255,0.39215686274509803
3420964,2016,7,4.0,1,39.0,167.0,4.282051282051282,531,0.18832391713747645
3420964,2016,8,4.5,2,41.0,176.0,4.2926829268292686,518,0.3861003861003861
3420964,2016,9,4.0,1,42.0,180.0,4.285714285714286,365,0.273972602739726
3420964,2016,11,3.0,1,43.0,183.0,4.255813953488372,271,0.36900369003690037
3420964,2017,1,3.75,4,47.0,198.0,4.212765957446808,277,1.444043321299639
3420964,2017,2,5.0,1,48.0,203.0,4.229166666666667,294,0.3401360544217687
3420964,2017,3,3.5,2,50.0,210.0,4.2,297,0.6734006734006733
3420964,2017,4,4.5,2,52.0,219.0,4.211538461538462,312,0.641025641025641
3420964,2017,5,4.0,1,53.0,223.0,4.2075471698113205,327,0.3058103975535168
3420964,2017,6,4.0,1,54.0,227.0,4.203703703703703,248,0.4032258064516129
3420964,2017,7,5.0,1,55.0,232.0,4.218181818181818,600,0.16666666666666669
3420964,2017,8,4.666666666666667,3,58.0,246.0,4.241379310344827,456,0.6578947368421052
3420964,2017,9,4.5,2,60.0,255.0,4.25,304,0.6578947368421052
3420964,2017,10,5.0,1,61.0,260.0,4.262295081967213,296,0.33783783783783783
3420964,2017,12,5.0,1,62.0,265.0,4.274193548387097,261,0.38314176245210724
3420964,2018,1,4.5,2,64.0,274.0,4.28125,269,0.7434944237918215
3420964,2018,2,4.0,1,65.0,278.0,4.276923076923077,231,0.4329004329004329
3420964,2018,3,3.0,1,66.0,281.0,4.257575757575758,349,0.28653295128939826
3420964,2018,9,4.5,2,68.0,290.0,4.264705882352941,326,0.6134969325153374
3420964,2018,11,5.0,1,69.0,295.0,4.27536231884058,247,0.4048582995951417
3420964,2019,1,4.0,1,70.0,299.0,4.271428571428571,308,0.3246753246753247
3420964,2019,2,5.0,1,71.0,304.0,4.28169014084507,232,0.43103448275862066
3420964,2019,3,5.0,1,72.0,309.0,4.291666666666667,265,0.37735849056603776
3420964,2019,6,4.0,2,74.0,317.0,4.283783783783784,271,0.7380073800738007
3420964,2019,7,4.5,2,76.0,326.0,4.2894736842105265,451,0.4434589800443459
3420964,2019,10,4.0,1,77.0,330.0,4.285714285714286,298,0.33557046979865773
3420964,2019,11,5.0,1,78.0,335.0,4.294871794871795,288,0.3472222222222222
3444035,2013,6,4.0,1,1.0,4.0,4.0,63,1.5873015873015872
3444035,2013,12,3.0,1,2.0,7.0,3.5,44,2.272727272727273
3444035,2014,8,5.0,1,3.0,12.0,4.0,134,0.7462686567164178
3444035,2014,9,5.0,1,4.0,17.0,4.25,132,0.7575757575757576
3444035,2014,12,5.0,1,5.0,22.0,4.4,102,0.9803921568627451
3444035,2015,8,4.0,1,6.0,26.0,4.333333333333333,283,0.35335689045936397
3444035,2015,10,4.0,1,7.0,30.0,4.285714285714286,222,0.45045045045045046
3444035,2016,4,5.0,1,8.0,35.0,4.375,289,0.34602076124567477
3444035,2016,5,5.0,1,9.0,40.0,4.444444444444445,255,0.39215686274509803
3444035,2016,6,5.0,1,10.0,45.0,4.5,323,0.30959752321981426
3444035,2016,7,4.666666666666667,3,13.0,59.0,4.538461538461538,531,0.5649717514124294
3444035,2016,8,5.0,1,14.0,64.0,4.571428571428571,518,0.19305019305019305
3444035,2016,9,5.0,1,15.0,69.0,4.6,365,0.273972602739726
3444035,2017,1,5.0,4,19.0,89.0,4.684210526315789,277,1.444043321299639
3444035,2017,8,5.0,1,20.0,94.0,4.7,456,0.21929824561403508
3444035,2018,2,5.0,1,21.0,99.0,4.714285714285714,231,0.4329004329004329
3444035,2019,6,5.0,1,22.0,104.0,4.7272727272727275,271,0.36900369003690037
3444035,2019,12,5.0,1,23.0,109.0,4.739130434782608,197,0.5076142131979695
3444035,2020,1,5.0,1,24.0,114.0,4.75,205,0.4878048780487805
3650308,2013,1,4.0,1,1.0,4.0,4.0,47,2.127659574468085
3650308,2013,2,3.6666666666666665,3,4.0,15.0,3.75,54,5.555555555555555
3650308,2013,3,4.0,2,6.0,23.0,3.8333333333333335,57,3.508771929824561
3650308,2013,4,4.0,1,7.0,27.0,3.857142857142857,50,2.0
3650308,2013,5,5.0,1,8.0,32.0,4.0,51,1.9607843137254901
3650308,2013,6,5.0,1,9.0,37.0,4.111111111111111,63,1.5873015873015872
3650308,2013,9,3.0,3,12.0,46.0,3.8333333333333335,64,4.6875
3650308,2013,10,4.0,1,13.0,50.0,3.8461538461538463,56,1.7857142857142856
3650308,2013,12,4.666666666666667,3,16.0,64.0,4.0,44,6.8181818181818175
3650308,2014,1,3.0,2,18.0,70.0,3.888888888888889,72,2.7777777777777777
3650308,2014,3,5.0,2,20.0,80.0,4.0,61,3.278688524590164
3650308,2014,5,5.0,2,22.0,90.0,4.090909090909091,89,2.247191011235955
3650308,2014,6,2.0,1,23.0,92.0,4.0,85,1.1764705882352942
3650308,2014,7,5.0,1,24.0,97.0,4.041666666666667,98,1.0204081632653061
3650308,2014,8,3.6666666666666665,3,27.0,108.0,4.0,134,2.2388059701492535
3650308,2014,9,3.6666666666666665,3,30.0,119.0,3.966666666666667,132,2.272727272727273
3650308,2014,10,4.6,5,35.0,142.0,4.057142857142857,118,4.23728813559322
3650308,2014,11,3.5,2,37.0,149.0,4.027027027027027,122,1.639344262295082
3650308,2014,12,4.0,2,39.0,157.0,4.0256410256410255,102,1.9607843137254901
3650308,2015,1,4.333333333333333,3,42.0,170.0,4.0476190476190474,128,2.34375
3650308,2015,2,3.0,2,44.0,176.0,4.0,134,1.4925373134328357
3650308,2015,3,3.333333333333333,3,47.0,186.0,3.9574468085106385,160,1.875
3650308,2015,5,4.428571428571429,7,54.0,217.0,4.018518518518518,169,4.142011834319527
3650308,2015,6,4.5,2,56.0,226.0,4.035714285714286,159,1.257861635220126
3650308,2015,7,4.5,2,58.0,235.0,4.051724137931035,275,0.7272727272727273
3650308,2015,8,5.0,1,59.0,240.0,4.067796610169491,283,0.35335689045936397
3650308,2015,9,4.0,1,60.0,244.0,4.066666666666666,238,0.42016806722689076
3650308,2015,10,2.75,4,64.0,255.0,3.984375,222,1.8018018018018018
3650308,2015,11,1.0,1,65.0,256.0,3.9384615384615387,149,0.6711409395973155
3650308,2015,12,2.25,4,69.0,265.0,3.8405797101449277,184,2.1739130434782608
3650308,2016,1,4.2,5,74.0,286.0,3.864864864864865,279,1.7921146953405016
3650308,2016,2,4.25,4,78.0,303.0,3.8846153846153846,285,1.4035087719298245
3650308,2016,3,3.0,2,80.0,309.0,3.8625,348,0.5747126436781609
3650308,2016,4,4.0,4,84.0,325.0,3.869047619047619,289,1.384083044982699
3650308,2016,5,4.0,1,85.0,329.0,3.8705882352941177,255,0.39215686274509803
3650308,2016,7,3.875,8,93.0,360.0,3.870967741935484,531,1.5065913370998116
3650308,2016,8,4.25,4,97.0,377.0,3.88659793814433,518,0.7722007722007722
3650308,2016,9,4.5,2,99.0,386.0,3.898989898989899,365,0.547945205479452
3650308,2016,10,3.0,2,101.0,392.0,3.881188118811881,371,0.5390835579514826
3650308,2016,11,4.0,4,105.0,408.0,3.8857142857142857,271,1.4760147601476015
3650308,2016,12,5.0,2,107.0,418.0,3.9065420560747666,260,0.7692307692307693
3650308,2017,2,3.0,3,110.0,427.0,3.881818181818182,294,1.0204081632653061
3650308,2017,3,4.333333333333333,3,113.0,440.0,3.893805309734513,297,1.0101010101010102
3650308,2017,5,4.0,3,116.0,452.0,3.896551724137931,327,0.9174311926605505
3650308,2017,7,3.875,8,124.0,483.0,3.8951612903225805,600,1.3333333333333335
3650308,2017,8,4.6,5,129.0,506.0,3.9224806201550386,456,1.0964912280701753
3650308,2017,9,5.0,1,130.0,511.0,3.9307692307692306,304,0.3289473684210526
3650308,2017,10,4.714285714285714,7,137.0,544.0,3.9708029197080292,296,2.364864864864865
3650308,2017,11,4.833333333333333,6,143.0,573.0,4.006993006993007,321,1.8691588785046727
3650308,2018,1,4.5,4,147.0,591.0,4.020408163265306,269,1.486988847583643
3650308,2018,2,4.5,4,151.0,609.0,4.033112582781457,231,1.7316017316017316
3650308,2018,3,4.444444444444445,9,160.0,649.0,4.05625,349,2.5787965616045847
3650308,2018,4,3.0,2,162.0,655.0,4.04320987654321,246,0.8130081300813009
3650308,2018,5,2.5,2,164.0,660.0,4.024390243902439,257,0.7782101167315175
3650308,2018,6,4.666666666666667,3,167.0,674.0,4.0359281437125745,333,0.9009009009009009
3650308,2018,7,4.5,4,171.0,692.0,4.046783625730995,477,0.8385744234800839
3650308,2018,8,3.6666666666666665,6,177.0,714.0,4.033898305084746,506,1.185770750988142
3650308,2018,9,3.333333333333333,3,180.0,724.0,4.022222222222222,326,0.9202453987730062
3650308,2018,10,5.0,2,182.0,734.0,4.032967032967033,294,0.6802721088435374
3650308,2018,11,5.0,1,183.0,739.0,4.038251366120218,247,0.4048582995951417
3650308,2018,12,4.0,1,184.0,743.0,4.038043478260869,261,0.38314176245210724
3650308,2019,1,4.0,1,185.0,747.0,4.037837837837838,308,0.3246753246753247
3650308,2019,2,4.2,5,190.0,768.0,4.042105263157895,232,2.1551724137931036
3650308,2019,3,4.0,1,191.0,772.0,4.041884816753926,265,0.37735849056603776
3650308,2019,4,3.5,2,193.0,779.0,4.036269430051814,233,0.8583690987124464
3650308,2019,5,4.5,2,195.0,788.0,4.041025641025641,235,0.851063829787234
3650308,2019,6,3.333333333333333,3,198.0,798.0,4.03030303030303,271,1.107011070110701
3650308,2019,7,5.0,3,201.0,813.0,4.044776119402985,451,0.6651884700665188
3650308,2019,8,5.0,3,204.0,828.0,4.0588235294117645,337,0.8902077151335311
3650308,2019,9,4.666666666666667,6,210.0,856.0,4.076190476190476,261,2.2988505747126435
3650308,2019,10,4.8,5,215.0,880.0,4.093023255813954,298,1.6778523489932886
3650308,2019,11,3.333333333333333,3,218.0,890.0,4.08256880733945,288,1.0416666666666665
3650308,2019,12,5.0,2,220.0,900.0,4.090909090909091,197,1.015228426395939
3650308,2020,1,5.0,2,222.0,910.0,4.099099099099099,205,0.975609756097561
3650308,2020,2,4.666666666666667,3,225.0,924.0,4.1066666666666665,235,1.276595744680851
3650308,2020,3,5.0,3,228.0,939.0,4.118421052631579,173,1.7341040462427744
3650308,2020,7,4.4,5,233.0,961.0,4.124463519313305,391,1.278772378516624
3650308,2020,8,4.666666666666667,3,236.0,975.0,4.13135593220339,226,1.3274336283185841
3650308,2020,9,5.0,2,238.0,985.0,4.138655462184874,160,1.25
3650308,2020,10,5.0,3,241.0,1000.0,4.149377593360996,145,2.0689655172413794
3650308,2020,11,4.666666666666667,3,244.0,1014.0,4.155737704918033,120,2.5
3650308,2020,12,5.0,1,245.0,1019.0,4.159183673469387,81,1.2345679012345678
3652042,2014,10,5.0,1,1.0,5.0,5.0,118,0.847457627118644
3652042,2017,1,5.0,1,2.0,10.0,5.0,277,0.36101083032490977
3666623,2013,9,3.0,1,1.0,3.0,3.0,64,1.5625
3666623,2013,11,4.0,1,2.0,7.0,3.5,52,1.9230769230769231
3666623,2014,5,4.0,1,3.0,11.0,3.6666666666666665,89,1.1235955056179776
3666623,2014,12,5.0,1,4.0,16.0,4.0,102,0.9803921568627451
3666623,2015,1,4.0,1,5.0,20.0,4.0,128,0.78125
3666623,2015,2,5.0,1,6.0,25.0,4.166666666666667,134,0.7462686567164178
3666623,2015,7,4.0,2,8.0,33.0,4.125,275,0.7272727272727273
3666623,2015,10,5.0,1,9.0,38.0,4.222222222222222,222,0.45045045045045046
3666623,2015,12,4.0,2,11.0,46.0,4.181818181818182,184,1.0869565217391304
3666623,2016,2,4.0,1,12.0,50.0,4.166666666666667,285,0.3508771929824561
3666623,2016,3,3.5,2,14.0,57.0,4.071428571428571,348,0.5747126436781609
3666623,2016,4,4.0,1,15.0,61.0,4.066666666666666,289,0.34602076124567477
3666623,2016,5,2.5,2,17.0,66.0,3.8823529411764706,255,0.7843137254901961
3666623,2016,6,5.0,1,18.0,71.0,3.9444444444444446,323,0.30959752321981426
3666623,2016,7,4.0,1,19.0,75.0,3.9473684210526314,531,0.18832391713747645
3666623,2016,8,4.0,1,20.0,79.0,3.95,518,0.19305019305019305
3666623,2016,9,4.5,2,22.0,88.0,4.0,365,0.547945205479452
3666623,2016,12,3.5,2,24.0,95.0,3.9583333333333335,260,0.7692307692307693
3666623,2017,1,2.0,1,25.0,97.0,3.88,277,0.36101083032490977
3666623,2017,2,4.0,1,26.0,101.0,3.8846153846153846,294,0.3401360544217687
3666623,2017,3,3.5,4,30.0,115.0,3.8333333333333335,297,1.3468013468013467
3666623,2017,4,5.0,1,31.0,120.0,3.870967741935484,312,0.3205128205128205
3666623,2017,6,2.0,1,32.0,122.0,3.8125,248,0.4032258064516129
3666623,2017,8,4.0,1,33.0,126.0,3.8181818181818183,456,0.21929824561403508
3666623,2017,12,4.0,2,35.0,134.0,3.8285714285714287,261,0.7662835249042145
3666623,2018,1,4.0,1,36.0,138.0,3.8333333333333335,269,0.37174721189591076
3666623,2018,9,4.0,1,37.0,142.0,3.8378378378378377,326,0.3067484662576687
3666623,2019,1,3.0,1,38.0,145.0,3.8157894736842106,308,0.3246753246753247
3666623,2019,3,5.0,1,39.0,150.0,3.8461538461538463,265,0.37735849056603776
3753307,2013,7,4.0,1,1.0,4.0,4.0,94,1.0638297872340425
3753307,2013,8,5.0,1,2.0,9.0,4.5,87,1.1494252873563218
3753307,2014,6,4.0,1,3.0,13.0,4.333333333333333,85,1.1764705882352942
3753307,2014,7,3.0,2,5.0,19.0,3.8,98,2.0408163265306123
3753307,2015,7,4.0,2,7.0,27.0,3.857142857142857,275,0.7272727272727273
3753307,2016,9,4.0,1,8.0,31.0,3.875,365,0.273972602739726
3753307,2017,7,1.0,1,9.0,32.0,3.5555555555555554,600,0.16666666666666669
3753307,2018,6,4.0,1,10.0,36.0,3.6,333,0.3003003003003003
3773470,2013,9,5.0,1,1.0,5.0,5.0,64,1.5625
3773470,2014,5,5.0,1,2.0,10.0,5.0,89,1.1235955056179776
3773470,2015,6,5.0,1,3.0,15.0,5.0,159,0.628930817610063
3773470,2015,7,3.0,1,4.0,18.0,4.5,275,0.36363636363636365
3773470,2015,8,4.0,1,5.0,22.0,4.4,283,0.35335689045936397
3773470,2015,9,4.0,1,6.0,26.0,4.333333333333333,238,0.42016806722689076
3773470,2015,10,3.0,1,7.0,29.0,4.142857142857143,222,0.45045045045045046
3773470,2016,7,3.5,2,9.0,36.0,4.0,531,0.3766478342749529
3773470,2016,8,5.0,1,10.0,41.0,4.1,518,0.19305019305019305
3773470,2017,6,4.5,2,12.0,50.0,4.166666666666667,248,0.8064516129032258
3773470,2018,7,5.0,1,13.0,55.0,4.230769230769231,477,0.20964360587002098
3773470,2019,5,5.0,1,14.0,60.0,4.285714285714286,235,0.425531914893617
3773470,2019,6,5.0,1,15.0,65.0,4.333333333333333,271,0.36900369003690037
3773470,2019,8,5.0,1,16.0,70.0,4.375,337,0.2967359050445104
3773470,2020,6,5.0,1,17.0,75.0,4.411764705882353,107,0.9345794392523363
3773470,2020,8,1.0,1,18.0,76.0,4.222222222222222,226,0.4424778761061947
3780525,2013,8,5.0,1,1.0,5.0,5.0,87,1.1494252873563218
3780525,2013,11,5.0,1,2.0,10.0,5.0,52,1.9230769230769231
3780525,2013,12,3.0,1,3.0,13.0,4.333333333333333,44,2.272727272727273
3780525,2014,1,4.0,1,4.0,17.0,4.25,72,1.3888888888888888
3780525,2014,8,5.0,2,6.0,27.0,4.5,134,1.4925373134328357
3780525,2014,9,4.0,1,7.0,31.0,4.428571428571429,132,0.7575757575757576
3780525,2014,12,5.0,1,8.0,36.0,4.5,102,0.9803921568627451
3780525,2015,1,5.0,1,9.0,41.0,4.555555555555555,128,0.78125
3780525,2015,2,5.0,1,10.0,46.0,4.6,134,0.7462686567164178
3780525,2015,4,5.0,1,11.0,51.0,4.636363636363637,111,0.9009009009009009
3780525,2015,6,4.5,2,13.0,60.0,4.615384615384615,159,1.257861635220126
3780525,2016,1,4.0,1,14.0,64.0,4.571428571428571,279,0.35842293906810035
3780525,2016,2,5.0,1,15.0,69.0,4.6,285,0.3508771929824561
3780525,2016,5,5.0,1,16.0,74.0,4.625,255,0.39215686274509803
3780525,2016,6,5.0,1,17.0,79.0,4.647058823529412,323,0.30959752321981426
3780525,2016,7,4.0,2,19.0,87.0,4.578947368421052,531,0.3766478342749529
3780525,2016,8,3.75,4,23.0,102.0,4.434782608695652,518,0.7722007722007722
3780525,2016,9,4.0,1,24.0,106.0,4.416666666666667,365,0.273972602739726
3780525,2016,11,4.0,1,25.0,110.0,4.4,271,0.36900369003690037
3780525,2016,12,5.0,1,26.0,115.0,4.423076923076923,260,0.38461538461538464
3780525,2017,2,4.0,1,27.0,119.0,4.407407407407407,294,0.3401360544217687
3780525,2017,6,3.5,2,29.0,126.0,4.344827586206897,248,0.8064516129032258
3780525,2017,7,5.0,1,30.0,131.0,4.366666666666666,600,0.16666666666666669
3780525,2017,8,4.25,4,34.0,148.0,4.352941176470588,456,0.8771929824561403
3780525,2017,9,5.0,1,35.0,153.0,4.371428571428571,304,0.3289473684210526
3780525,2017,12,4.0,2,37.0,161.0,4.351351351351352,261,0.7662835249042145
3780525,2018,3,3.0,1,38.0,164.0,4.315789473684211,349,0.28653295128939826
3780525,2018,5,4.0,1,39.0,168.0,4.3076923076923075,257,0.38910505836575876
3780525,2018,12,5.0,1,40.0,173.0,4.325,261,0.38314176245210724
3780525,2019,7,3.6666666666666665,3,43.0,184.0,4.27906976744186,451,0.6651884700665188
3780525,2019,8,5.0,1,44.0,189.0,4.295454545454546,337,0.2967359050445104
3780525,2019,10,4.0,1,45.0,193.0,4.288888888888889,298,0.33557046979865773
3780525,2019,12,3.0,1,46.0,196.0,4.260869565217392,197,0.5076142131979695
3780525,2020,7,4.0,3,49.0,208.0,4.244897959183674,391,0.7672634271099744
3780525,2020,9,4.0,1,50.0,212.0,4.24,160,0.625
3801231,2018,1,5.0,1,1.0,5.0,5.0,269,0.37174721189591076
3820367,2013,2,3.0,1,1.0,3.0,3.0,54,1.8518518518518516
3820367,2013,4,4.0,1,2.0,7.0,3.5,50,2.0
3820367,2013,6,1.0,1,3.0,8.0,2.6666666666666665,63,1.5873015873015872
3820367,2013,7,3.0,1,4.0,11.0,2.75,94,1.0638297872340425
3820367,2013,8,4.0,1,5.0,15.0,3.0,87,1.1494252873563218
3820367,2013,9,4.0,1,6.0,19.0,3.1666666666666665,64,1.5625
3820367,2014,1,4.0,1,7.0,23.0,3.2857142857142856,72,1.3888888888888888
3820367,2014,3,4.0,2,9.0,31.0,3.4444444444444446,61,3.278688524590164
3820367,2014,4,4.0,1,10.0,35.0,3.5,73,1.36986301369863
3820367,2014,6,3.5,2,12.0,42.0,3.5,85,2.3529411764705883
3820367,2014,8,4.0,1,13.0,46.0,3.5384615384615383,134,0.7462686567164178
3820367,2014,10,5.0,1,14.0,51.0,3.642857142857143,118,0.847457627118644
3820367,2014,12,2.5,2,16.0,56.0,3.5,102,1.9607843137254901
3820367,2015,1,2.0,1,17.0,58.0,3.411764705882353,128,0.78125
3820367,2015,2,4.0,1,18.0,62.0,3.4444444444444446,134,0.7462686567164178
3820367,2015,4,4.0,1,19.0,66.0,3.473684210526316,111,0.9009009009009009
3820367,2015,6,3.0,1,20.0,69.0,3.45,159,0.628930817610063
3820367,2015,7,5.0,1,21.0,74.0,3.5238095238095237,275,0.36363636363636365
3820367,2015,8,4.0,3,24.0,86.0,3.5833333333333335,283,1.0600706713780919
3820367,2015,9,4.5,2,26.0,95.0,3.6538461538461537,238,0.8403361344537815
3820367,2015,10,5.0,2,28.0,105.0,3.75,222,0.9009009009009009
3820367,2015,11,3.0,1,29.0,108.0,3.7241379310344827,149,0.6711409395973155
3820367,2016,1,3.5,2,31.0,115.0,3.7096774193548385,279,0.7168458781362007
3820367,2016,2,3.0,1,32.0,118.0,3.6875,285,0.3508771929824561
3820367,2016,3,5.0,1,33.0,123.0,3.727272727272727,348,0.28735632183908044
3820367,2016,4,2.0,1,34.0,125.0,3.676470588235294,289,0.34602076124567477
3820367,2016,5,1.0,1,35.0,126.0,3.6,255,0.39215686274509803
3820367,2016,6,3.0,1,36.0,129.0,3.5833333333333335,323,0.30959752321981426
3820367,2016,7,1.0,1,37.0,130.0,3.5135135135135136,531,0.18832391713747645
3820367,2016,8,3.5,2,39.0,137.0,3.5128205128205128,518,0.3861003861003861
3820367,2016,10,1.0,1,40.0,138.0,3.45,371,0.2695417789757413
3820367,2016,11,2.5,2,42.0,143.0,3.4047619047619047,271,0.7380073800738007
3820367,2016,12,4.0,1,43.0,147.0,3.4186046511627906,260,0.38461538461538464
3820367,2017,1,3.333333333333333,3,46.0,157.0,3.4130434782608696,277,1.083032490974729
3820367,2017,2,2.0,1,47.0,159.0,3.382978723404255,294,0.3401360544217687
3820367,2017,4,4.0,1,48.0,163.0,3.3958333333333335,312,0.3205128205128205
3820367,2017,5,4.0,1,49.0,167.0,3.4081632653061225,327,0.3058103975535168
3820367,2017,7,3.333333333333333,3,52.0,177.0,3.4038461538461537,600,0.5
3820367,2017,8,5.0,1,53.0,182.0,3.4339622641509435,456,0.21929824561403508
3820367,2017,11,2.0,1,54.0,184.0,3.4074074074074074,321,0.3115264797507788
3820367,2017,12,3.0,1,55.0,187.0,3.4,261,0.38314176245210724
3820367,2018,1,3.0,1,56.0,190.0,3.392857142857143,269,0.37174721189591076
3820367,2018,3,2.5,2,58.0,195.0,3.3620689655172415,349,0.5730659025787965
3820367,2018,7,5.0,1,59.0,200.0,3.389830508474576,477,0.20964360587002098
3820367,2018,9,5.0,1,60.0,205.0,3.4166666666666665,326,0.3067484662576687
3820367,2018,10,5.0,1,61.0,210.0,3.442622950819672,294,0.3401360544217687
3820367,2019,1,3.0,1,62.0,213.0,3.435483870967742,308,0.3246753246753247
3820367,2019,4,5.0,1,63.0,218.0,3.4603174603174605,233,0.4291845493562232
3820367,2019,6,5.0,1,64.0,223.0,3.484375,271,0.36900369003690037
3820367,2019,7,4.0,1,65.0,227.0,3.4923076923076923,451,0.22172949002217296
3820367,2020,4,4.0,1,66.0,231.0,3.5,35,2.857142857142857
3836396,2013,2,5.0,2,2.0,10.0,5.0,54,3.7037037037037033
3836396,2013,4,3.0,1,3.0,13.0,4.333333333333333,50,2.0
3836396,2013,5,5.0,1,4.0,18.0,4.5,51,1.9607843137254901
3836396,2013,6,4.0,1,5.0,22.0,4.4,63,1.5873015873015872
3836396,2013,7,5.0,1,6.0,27.0,4.5,94,1.0638297872340425
3836396,2014,1,4.0,1,7.0,31.0,4.428571428571429,72,1.3888888888888888
3836396,2014,6,5.0,2,9.0,41.0,4.555555555555555,85,2.3529411764705883
3836396,2014,8,4.0,1,10.0,45.0,4.5,134,0.7462686567164178
3836396,2014,10,5.0,1,11.0,50.0,4.545454545454546,118,0.847457627118644
3836396,2014,11,5.0,1,12.0,55.0,4.583333333333333,122,0.819672131147541
3836396,2014,12,4.0,1,13.0,59.0,4.538461538461538,102,0.9803921568627451
3836396,2015,3,4.0,1,14.0,63.0,4.5,160,0.625
3836396,2015,4,5.0,1,15.0,68.0,4.533333333333333,111,0.9009009009009009
3836396,2015,5,4.0,1,16.0,72.0,4.5,169,0.591715976331361
3836396,2015,8,4.0,1,17.0,76.0,4.470588235294118,283,0.35335689045936397
3836396,2015,9,5.0,1,18.0,81.0,4.5,238,0.42016806722689076
3836396,2015,10,5.0,1,19.0,86.0,4.526315789473684,222,0.45045045045045046
3836396,2016,1,4.0,3,22.0,98.0,4.454545454545454,279,1.0752688172043012
3836396,2016,2,4.8,5,27.0,122.0,4.518518518518518,285,1.7543859649122806
3836396,2016,3,4.5,2,29.0,131.0,4.517241379310345,348,0.5747126436781609
3836396,2016,4,5.0,1,30.0,136.0,4.533333333333333,289,0.34602076124567477
3836396,2016,6,5.0,1,31.0,141.0,4.548387096774194,323,0.30959752321981426
3836396,2016,8,4.5,2,33.0,150.0,4.545454545454546,518,0.3861003861003861
3836396,2017,1,5.0,1,34.0,155.0,4.5588235294117645,277,0.36101083032490977
3836396,2017,4,5.0,1,35.0,160.0,4.571428571428571,312,0.3205128205128205
3836396,2017,5,4.5,2,37.0,169.0,4.5675675675675675,327,0.6116207951070336
3836396,2017,6,5.0,1,38.0,174.0,4.578947368421052,248,0.4032258064516129
3836396,2017,8,5.0,1,39.0,179.0,4.589743589743589,456,0.21929824561403508
3836396,2017,9,5.0,2,41.0,189.0,4.609756097560975,304,0.6578947368421052
3836396,2018,2,4.0,2,43.0,197.0,4.5813953488372094,231,0.8658008658008658
3836396,2018,3,5.0,2,45.0,207.0,4.6,349,0.5730659025787965
3836396,2018,6,4.666666666666667,3,48.0,221.0,4.604166666666667,333,0.9009009009009009
3836396,2018,8,4.0,3,51.0,233.0,4.568627450980392,506,0.592885375494071
3836396,2018,9,4.5,2,53.0,242.0,4.566037735849057,326,0.6134969325153374
3836396,2019,6,4.0,1,54.0,246.0,4.555555555555555,271,0.36900369003690037
3836396,2019,9,5.0,2,56.0,256.0,4.571428571428571,261,0.7662835249042145
3836396,2019,10,5.0,1,57.0,261.0,4.578947368421052,298,0.33557046979865773
3836396,2020,2,5.0,1,58.0,266.0,4.586206896551724,235,0.425531914893617
3836396,2020,3,5.0,1,59.0,271.0,4.593220338983051,173,0.5780346820809248
3836396,2020,11,5.0,1,60.0,276.0,4.6,120,0.8333333333333334
3843322,2017,1,4.0,1,1.0,4.0,4.0,277,0.36101083032490977
3952101,2013,3,5.0,1,1.0,5.0,5.0,57,1.7543859649122806
3952101,2014,7,5.0,1,2.0,10.0,5.0,98,1.0204081632653061
3952101,2015,11,3.0,1,3.0,13.0,4.333333333333333,149,0.6711409395973155
3952101,2017,3,4.0,1,4.0,17.0,4.25,297,0.33670033670033667
3952101,2017,8,4.0,1,5.0,21.0,4.2,456,0.21929824561403508
3952101,2017,10,1.0,1,6.0,22.0,3.6666666666666665,296,0.33783783783783783
3952101,2018,12,5.0,1,7.0,27.0,3.857142857142857,261,0.38314176245210724
3963263,2013,3,5.0,1,1.0,5.0,5.0,57,1.7543859649122806
3963263,2013,7,4.0,2,3.0,13.0,4.333333333333333,94,2.127659574468085
3963263,2013,11,4.0,1,4.0,17.0,4.25,52,1.9230769230769231
3963263,2014,1,3.0,1,5.0,20.0,4.0,72,1.3888888888888888
3963263,2014,5,5.0,1,6.0,25.0,4.166666666666667,89,1.1235955056179776
3963263,2014,7,3.0,1,7.0,28.0,4.0,98,1.0204081632653061
3963263,2014,8,5.0,1,8.0,33.0,4.125,134,0.7462686567164178
3963263,2014,11,4.0,1,9.0,37.0,4.111111111111111,122,0.819672131147541
3963263,2015,5,4.0,1,10.0,41.0,4.1,169,0.591715976331361
3963263,2015,6,4.0,1,11.0,45.0,4.090909090909091,159,0.628930817610063
3963263,2015,7,4.0,2,13.0,53.0,4.076923076923077,275,0.7272727272727273
3963263,2015,8,4.5,2,15.0,62.0,4.133333333333334,283,0.7067137809187279
3963263,2015,9,5.0,1,16.0,67.0,4.1875,238,0.42016806722689076
3963263,2015,10,4.0,1,17.0,71.0,4.176470588235294,222,0.45045045045045046
3963263,2015,12,5.0,1,18.0,76.0,4.222222222222222,184,0.5434782608695652
3963263,2016,2,5.0,1,19.0,81.0,4.2631578947368425,285,0.3508771929824561
3963263,2016,3,5.0,1,20.0,86.0,4.3,348,0.28735632183908044
3963263,2016,4,4.0,1,21.0,90.0,4.285714285714286,289,0.34602076124567477
3963263,2016,6,5.0,1,22.0,95.0,4.318181818181818,323,0.30959752321981426
3963263,2016,7,4.0,3,25.0,107.0,4.28,531,0.5649717514124294
3963263,2016,8,4.333333333333333,3,28.0,120.0,4.285714285714286,518,0.5791505791505791
3963263,2016,9,4.0,1,29.0,124.0,4.275862068965517,365,0.273972602739726
3963263,2016,10,5.0,1,30.0,129.0,4.3,371,0.2695417789757413
3963263,2017,3,4.0,1,31.0,133.0,4.290322580645161,297,0.33670033670033667
3963263,2017,4,3.0,2,33.0,139.0,4.212121212121212,312,0.641025641025641
3963263,2017,5,4.0,1,34.0,143.0,4.205882352941177,327,0.3058103975535168
3963263,2017,6,5.0,1,35.0,148.0,4.228571428571429,248,0.4032258064516129
3963263,2017,7,4.0,3,38.0,160.0,4.2105263157894735,600,0.5
3963263,2017,9,5.0,1,39.0,165.0,4.230769230769231,304,0.3289473684210526
3963263,2017,12,4.0,1,40.0,169.0,4.225,261,0.38314176245210724
3963263,2018,5,5.0,1,41.0,174.0,4.2439024390243905,257,0.38910505836575876
3963263,2018,6,5.0,3,44.0,189.0,4.295454545454546,333,0.9009009009009009
3963263,2018,7,5.0,1,45.0,194.0,4.311111111111111,477,0.20964360587002098
3963263,2018,10,4.5,2,47.0,203.0,4.319148936170213,294,0.6802721088435374
3963263,2018,12,4.0,3,50.0,215.0,4.3,261,1.1494252873563218
3963263,2019,1,4.0,1,51.0,219.0,4.294117647058823,308,0.3246753246753247
3963263,2019,4,3.0,1,52.0,222.0,4.269230769230769,233,0.4291845493562232
3963263,2019,5,4.5,2,54.0,231.0,4.277777777777778,235,0.851063829787234
3963263,2019,6,3.0,2,56.0,237.0,4.232142857142857,271,0.7380073800738007
3963263,2019,8,4.333333333333333,3,59.0,250.0,4.237288135593221,337,0.8902077151335311
3963263,2019,9,2.5,2,61.0,255.0,4.180327868852459,261,0.7662835249042145
3963263,2020,3,5.0,1,62.0,260.0,4.193548387096774,173,0.5780346820809248
3963263,2020,7,4.333333333333333,3,65.0,273.0,4.2,391,0.7672634271099744
4003975,2013,3,4.0,1,1.0,4.0,4.0,57,1.7543859649122806
4003975,2013,6,5.0,1,2.0,9.0,4.5,63,1.5873015873015872
4003975,2014,3,5.0,1,3.0,14.0,4.666666666666667,61,1.639344262295082
4003975,2014,6,5.0,1,4.0,19.0,4.75,85,1.1764705882352942
4003975,2014,9,5.0,1,5.0,24.0,4.8,132,0.7575757575757576
4003975,2015,2,5.0,1,6.0,29.0,4.833333333333333,134,0.7462686567164178
4003975,2015,3,5.0,1,7.0,34.0,4.857142857142857,160,0.625
4003975,2015,7,4.0,1,8.0,38.0,4.75,275,0.36363636363636365
4003975,2015,8,4.0,1,9.0,42.0,4.666666666666667,283,0.35335689045936397
4003975,2015,10,4.0,1,10.0,46.0,4.6,222,0.45045045045045046
4003975,2016,2,5.0,1,11.0,51.0,4.636363636363637,285,0.3508771929824561
4003975,2016,6,5.0,1,12.0,56.0,4.666666666666667,323,0.30959752321981426
4003975,2016,7,5.0,3,15.0,71.0,4.733333333333333,531,0.5649717514124294
4003975,2016,8,5.0,1,16.0,76.0,4.75,518,0.19305019305019305
4003975,2016,9,4.5,2,18.0,85.0,4.722222222222222,365,0.547945205479452
4003975,2016,10,5.0,1,19.0,90.0,4.7368421052631575,371,0.2695417789757413
4003975,2016,12,4.5,2,21.0,99.0,4.714285714285714,260,0.7692307692307693
4003975,2017,8,5.0,2,23.0,109.0,4.739130434782608,456,0.43859649122807015
4003975,2017,9,4.0,1,24.0,113.0,4.708333333333333,304,0.3289473684210526
4003975,2017,11,5.0,1,25.0,118.0,4.72,321,0.3115264797507788
4003975,2018,7,5.0,1,26.0,123.0,4.730769230769231,477,0.20964360587002098
4003975,2018,10,4.0,1,27.0,127.0,4.703703703703703,294,0.3401360544217687
4003975,2018,11,5.0,1,28.0,132.0,4.714285714285714,247,0.4048582995951417
4003975,2019,1,5.0,1,29.0,137.0,4.724137931034483,308,0.3246753246753247
4003975,2019,7,5.0,2,31.0,147.0,4.741935483870968,451,0.4434589800443459
4003975,2019,8,4.0,1,32.0,151.0,4.71875,337,0.2967359050445104
4003975,2019,12,5.0,1,33.0,156.0,4.7272727272727275,197,0.5076142131979695
4003975,2020,3,5.0,1,34.0,161.0,4.735294117647059,173,0.5780346820809248
4003975,2020,7,5.0,1,35.0,166.0,4.742857142857143,391,0.2557544757033248
4004076,2013,6,4.0,1,1.0,4.0,4.0,63,1.5873015873015872
4004076,2014,5,4.0,1,2.0,8.0,4.0,89,1.1235955056179776
4004076,2015,3,4.0,1,3.0,12.0,4.0,160,0.625
4004076,2015,5,4.0,1,4.0,16.0,4.0,169,0.591715976331361
4004076,2015,10,5.0,1,5.0,21.0,4.2,222,0.45045045045045046
4004076,2016,1,4.0,1,6.0,25.0,4.166666666666667,279,0.35842293906810035
4004076,2016,11,5.0,1,7.0,30.0,4.285714285714286,271,0.36900369003690037
4004076,2019,1,5.0,1,8.0,35.0,4.375,308,0.3246753246753247
4038881,2014,2,5.0,1,1.0,5.0,5.0,48,2.083333333333333
4166763,2016,3,4.0,1,1.0,4.0,4.0,348,0.28735632183908044
4166763,2016,10,4.0,1,2.0,8.0,4.0,371,0.2695417789757413
4166763,2016,12,5.0,1,3.0,13.0,4.333333333333333,260,0.38461538461538464
4166763,2017,7,4.0,1,4.0,17.0,4.25,600,0.16666666666666669
4234590,2013,5,5.0,1,1.0,5.0,5.0,51,1.9607843137254901
4234590,2014,9,4.0,1,2.0,9.0,4.5,132,0.7575757575757576
4234590,2015,5,4.0,1,3.0,13.0,4.333333333333333,169,0.591715976331361
4234590,2015,6,5.0,1,4.0,18.0,4.5,159,0.628930817610063
4234590,2015,8,3.0,1,5.0,21.0,4.2,283,0.35335689045936397
4234590,2015,12,4.5,2,7.0,30.0,4.285714285714286,184,1.0869565217391304
4234590,2016,1,4.0,1,8.0,34.0,4.25,279,0.35842293906810035
4234590,2016,4,5.0,1,9.0,39.0,4.333333333333333,289,0.34602076124567477
4234590,2016,5,3.5,2,11.0,46.0,4.181818181818182,255,0.7843137254901961
4234590,2016,7,5.0,1,12.0,51.0,4.25,531,0.18832391713747645
4234590,2016,8,4.0,2,14.0,59.0,4.214285714285714,518,0.3861003861003861
4234590,2016,9,3.0,1,15.0,62.0,4.133333333333334,365,0.273972602739726
4234590,2017,8,5.0,1,16.0,67.0,4.1875,456,0.21929824561403508
4234590,2017,9,5.0,1,17.0,72.0,4.235294117647059,304,0.3289473684210526
4234590,2018,5,5.0,1,18.0,77.0,4.277777777777778,257,0.38910505836575876
4234590,2018,8,4.0,1,19.0,81.0,4.2631578947368425,506,0.1976284584980237
4234590,2019,8,4.0,1,20.0,85.0,4.25,337,0.2967359050445104
4234590,2020,12,5.0,1,21.0,90.0,4.285714285714286,81,1.2345679012345678
4288087,2013,6,4.0,1,1.0,4.0,4.0,63,1.5873015873015872
4288087,2014,3,3.0,1,2.0,7.0,3.5,61,1.639344262295082
4288087,2014,5,4.0,1,3.0,11.0,3.6666666666666665,89,1.1235955056179776
4288087,2014,10,5.0,1,4.0,16.0,4.0,118,0.847457627118644
4288087,2015,6,5.0,1,5.0,21.0,4.2,159,0.628930817610063
4288087,2015,9,3.0,1,6.0,24.0,4.0,238,0.42016806722689076
4288087,2015,10,3.5,2,8.0,31.0,3.875,222,0.9009009009009009
4288087,2015,11,3.0,1,9.0,34.0,3.7777777777777777,149,0.6711409395973155
4288087,2015,12,4.0,1,10.0,38.0,3.8,184,0.5434782608695652
4288087,2016,1,4.0,1,11.0,42.0,3.8181818181818183,279,0.35842293906810035
4288087,2016,4,2.0,1,12.0,44.0,3.6666666666666665,289,0.34602076124567477
4288087,2016,5,4.0,2,14.0,52.0,3.7142857142857144,255,0.7843137254901961
4288087,2016,7,5.0,2,16.0,62.0,3.875,531,0.3766478342749529
4288087,2016,8,5.0,1,17.0,67.0,3.9411764705882355,518,0.19305019305019305
4288087,2016,9,5.0,1,18.0,72.0,4.0,365,0.273972602739726
4288087,2016,10,4.333333333333333,3,21.0,85.0,4.0476190476190474,371,0.8086253369272237
4288087,2016,11,5.0,1,22.0,90.0,4.090909090909091,271,0.36900369003690037
4288087,2016,12,3.5,2,24.0,97.0,4.041666666666667,260,0.7692307692307693
4288087,2017,1,4.0,1,25.0,101.0,4.04,277,0.36101083032490977
4288087,2017,2,4.0,1,26.0,105.0,4.038461538461538,294,0.3401360544217687
4288087,2017,4,5.0,1,27.0,110.0,4.074074074074074,312,0.3205128205128205
4288087,2017,6,5.0,1,28.0,115.0,4.107142857142857,248,0.4032258064516129
4288087,2017,8,4.0,1,29.0,119.0,4.103448275862069,456,0.21929824561403508
4288087,2017,9,3.0,1,30.0,122.0,4.066666666666666,304,0.3289473684210526
4288087,2017,11,4.0,2,32.0,130.0,4.0625,321,0.6230529595015576
4288087,2017,12,3.0,2,34.0,136.0,4.0,261,0.7662835249042145
4288087,2018,2,4.0,1,35.0,140.0,4.0,231,0.4329004329004329
4288087,2018,3,4.0,2,37.0,148.0,4.0,349,0.5730659025787965
4288087,2018,7,3.0,2,39.0,154.0,3.948717948717949,477,0.41928721174004197
4288087,2018,8,4.0,2,41.0,162.0,3.951219512195122,506,0.3952569169960474
4288087,2018,10,4.0,1,42.0,166.0,3.9523809523809526,294,0.3401360544217687
4288087,2018,11,4.0,1,43.0,170.0,3.953488372093023,247,0.4048582995951417
4288087,2019,1,4.0,2,45.0,178.0,3.9555555555555557,308,0.6493506493506493
4288087,2019,4,2.0,1,46.0,180.0,3.9130434782608696,233,0.4291845493562232
4288087,2019,7,5.0,1,47.0,185.0,3.9361702127659575,451,0.22172949002217296
4288087,2019,9,3.0,1,48.0,188.0,3.9166666666666665,261,0.38314176245210724
4288087,2019,10,4.0,1,49.0,192.0,3.9183673469387754,298,0.33557046979865773
4288087,2019,11,3.5,2,51.0,199.0,3.9019607843137254,288,0.6944444444444444
4288087,2020,12,1.0,1,52.0,200.0,3.8461538461538463,81,1.2345679012345678
4367818,2013,6,4.666666666666667,3,3.0,14.0,4.666666666666667,63,4.761904761904762
4367818,2013,7,4.666666666666667,3,6.0,28.0,4.666666666666667,94,3.1914893617021276
4367818,2013,8,4.0,1,7.0,32.0,4.571428571428571,87,1.1494252873563218
4367818,2013,9,4.666666666666667,3,10.0,46.0,4.6,64,4.6875
4367818,2013,10,5.0,3,13.0,61.0,4.6923076923076925,56,5.357142857142857
4367818,2014,3,5.0,1,14.0,66.0,4.714285714285714,61,1.639344262295082
4367818,2014,4,4.0,1,15.0,70.0,4.666666666666667,73,1.36986301369863
4367818,2014,5,4.0,1,16.0,74.0,4.625,89,1.1235955056179776
4367818,2014,7,4.0,1,17.0,78.0,4.588235294117647,98,1.0204081632653061
4367818,2014,8,5.0,1,18.0,83.0,4.611111111111111,134,0.7462686567164178
4367818,2014,9,4.0,2,20.0,91.0,4.55,132,1.5151515151515151
4367818,2015,3,5.0,1,21.0,96.0,4.571428571428571,160,0.625
4367818,2015,4,4.0,1,22.0,100.0,4.545454545454546,111,0.9009009009009009
4367818,2015,5,4.0,1,23.0,104.0,4.521739130434782,169,0.591715976331361
4367818,2015,6,5.0,2,25.0,114.0,4.56,159,1.257861635220126
4367818,2015,7,4.0,6,31.0,138.0,4.451612903225806,275,2.181818181818182
4367818,2015,8,4.5,4,35.0,156.0,4.457142857142857,283,1.4134275618374559
4367818,2015,9,4.5,4,39.0,174.0,4.461538461538462,238,1.680672268907563
4367818,2015,10,5.0,1,40.0,179.0,4.475,222,0.45045045045045046
4367818,2015,11,5.0,2,42.0,189.0,4.5,149,1.342281879194631
4367818,2015,12,5.0,1,43.0,194.0,4.511627906976744,184,0.5434782608695652
4367818,2016,1,4.333333333333333,3,46.0,207.0,4.5,279,1.0752688172043012
4367818,2016,2,4.333333333333333,3,49.0,220.0,4.489795918367347,285,1.0526315789473684
4367818,2016,3,4.333333333333333,3,52.0,233.0,4.480769230769231,348,0.8620689655172413
4367818,2016,4,4.2,5,57.0,254.0,4.456140350877193,289,1.7301038062283738
4367818,2016,5,4.666666666666667,3,60.0,268.0,4.466666666666667,255,1.1764705882352942
4367818,2016,6,4.75,4,64.0,287.0,4.484375,323,1.238390092879257
4367818,2016,7,4.666666666666667,3,67.0,301.0,4.492537313432836,531,0.5649717514124294
4367818,2016,8,4.857142857142857,7,74.0,335.0,4.527027027027027,518,1.3513513513513513
4367818,2016,9,4.5,6,80.0,362.0,4.525,365,1.643835616438356
4367818,2016,10,4.6,5,85.0,385.0,4.529411764705882,371,1.3477088948787064
4367818,2016,11,4.0,1,86.0,389.0,4.523255813953488,271,0.36900369003690037
4367818,2017,1,5.0,2,88.0,399.0,4.534090909090909,277,0.7220216606498195
4367818,2017,2,5.0,2,90.0,409.0,4.544444444444444,294,0.6802721088435374
4367818,2017,4,4.5,2,92.0,418.0,4.543478260869565,312,0.641025641025641
4367818,2017,5,4.25,4,96.0,435.0,4.53125,327,1.2232415902140672
4367818,2017,6,4.333333333333333,3,99.0,448.0,4.525252525252525,248,1.2096774193548387
4367818,2017,7,4.666666666666667,3,102.0,462.0,4.529411764705882,600,0.5
4367818,2017,8,4.428571428571429,7,109.0,493.0,4.522935779816514,456,1.5350877192982455
4367818,2017,9,4.0,1,110.0,497.0,4.5181818181818185,304,0.3289473684210526
4367818,2017,11,5.0,1,111.0,502.0,4.5225225225225225,321,0.3115264797507788
4367818,2017,12,5.0,1,112.0,507.0,4.526785714285714,261,0.38314176245210724
4367818,2018,1,5.0,1,113.0,512.0,4.530973451327434,269,0.37174721189591076
4367818,2018,4,4.5,2,115.0,521.0,4.530434782608696,246,0.8130081300813009
4367818,2018,5,4.0,1,116.0,525.0,4.525862068965517,257,0.38910505836575876
4367818,2018,6,4.666666666666667,3,119.0,539.0,4.529411764705882,333,0.9009009009009009
4367818,2018,7,4.5,2,121.0,548.0,4.528925619834711,477,0.41928721174004197
4367818,2018,8,4.6875,16,137.0,623.0,4.547445255474453,506,3.1620553359683794
4367818,2018,9,4.0,2,139.0,631.0,4.539568345323741,326,0.6134969325153374
4367818,2018,10,4.666666666666667,6,145.0,659.0,4.544827586206897,294,2.0408163265306123
4367818,2018,11,5.0,2,147.0,669.0,4.551020408163265,247,0.8097165991902834
4367818,2019,1,4.333333333333333,3,150.0,682.0,4.546666666666667,308,0.974025974025974
4367818,2019,2,4.0,1,151.0,686.0,4.543046357615894,232,0.43103448275862066
4367818,2019,5,4.0,1,152.0,690.0,4.5394736842105265,235,0.425531914893617
4367818,2019,6,4.666666666666667,3,155.0,704.0,4.541935483870968,271,1.107011070110701
4367818,2019,7,4.666666666666667,3,158.0,718.0,4.544303797468355,451,0.6651884700665188
4367818,2019,8,4.5,2,160.0,727.0,4.54375,337,0.5934718100890208
4367818,2019,9,5.0,2,162.0,737.0,4.549382716049383,261,0.7662835249042145
4367818,2019,11,5.0,1,163.0,742.0,4.552147239263804,288,0.3472222222222222
4367818,2020,1,5.0,2,165.0,752.0,4.557575757575758,205,0.975609756097561
4367818,2020,2,5.0,2,167.0,762.0,4.562874251497006,235,0.851063829787234
4367818,2020,7,4.0,1,168.0,766.0,4.559523809523809,391,0.2557544757033248
4367818,2020,8,5.0,1,169.0,771.0,4.562130177514793,226,0.4424778761061947
4367818,2020,10,4.0,1,170.0,775.0,4.5588235294117645,145,0.6896551724137931
4367818,2020,11,5.0,1,171.0,780.0,4.56140350877193,120,0.8333333333333334
4408623,2013,6,4.5,2,2.0,9.0,4.5,63,3.1746031746031744
4408623,2014,10,3.0,1,3.0,12.0,4.0,118,0.847457627118644
4408623,2015,8,4.0,1,4.0,16.0,4.0,283,0.35335689045936397
4408623,2016,1,4.0,1,5.0,20.0,4.0,279,0.35842293906810035
4408623,2016,4,4.0,1,6.0,24.0,4.0,289,0.34602076124567477
4408623,2016,6,5.0,1,7.0,29.0,4.142857142857143,323,0.30959752321981426
4408623,2016,7,5.0,2,9.0,39.0,4.333333333333333,531,0.3766478342749529
4408623,2016,11,3.5,2,11.0,46.0,4.181818181818182,271,0.7380073800738007
4408623,2017,7,4.5,2,13.0,55.0,4.230769230769231,600,0.33333333333333337
4408623,2017,8,4.0,1,14.0,59.0,4.214285714285714,456,0.21929824561403508
4408623,2018,5,5.0,1,15.0,64.0,4.266666666666667,257,0.38910505836575876
4408623,2018,6,5.0,1,16.0,69.0,4.3125,333,0.3003003003003003
4408623,2019,1,4.0,1,17.0,73.0,4.294117647058823,308,0.3246753246753247
4408623,2019,2,5.0,1,18.0,78.0,4.333333333333333,232,0.43103448275862066
4408623,2019,7,4.0,1,19.0,82.0,4.315789473684211,451,0.22172949002217296
4408623,2019,8,5.0,1,20.0,87.0,4.35,337,0.2967359050445104
4408623,2019,11,5.0,1,21.0,92.0,4.380952380952381,288,0.3472222222222222
4409949,2013,7,4.0,1,1.0,4.0,4.0,94,1.0638297872340425
4409949,2013,11,3.0,1,2.0,7.0,3.5,52,1.9230769230769231
4409949,2015,4,3.0,1,3.0,10.0,3.3333333333333335,111,0.9009009009009009
4409949,2016,5,3.0,1,4.0,13.0,3.25,255,0.39215686274509803
4409949,2016,11,3.0,1,5.0,16.0,3.2,271,0.36900369003690037
4409949,2017,5,4.0,1,6.0,20.0,3.3333333333333335,327,0.3058103975535168
4409949,2018,7,4.0,1,7.0,24.0,3.4285714285714284,477,0.20964360587002098
4409949,2019,3,3.5,2,9.0,31.0,3.4444444444444446,265,0.7547169811320755
4495309,2013,10,5.0,1,1.0,5.0,5.0,56,1.7857142857142856
4495309,2015,7,3.0,1,2.0,8.0,4.0,275,0.36363636363636365
4495309,2015,8,1.75,4,6.0,15.0,2.5,283,1.4134275618374559
4495309,2015,10,2.0,1,7.0,17.0,2.4285714285714284,222,0.45045045045045046
4495309,2015,11,4.0,1,8.0,21.0,2.625,149,0.6711409395973155
4495309,2016,4,1.0,1,9.0,22.0,2.4444444444444446,289,0.34602076124567477
4495309,2016,7,1.0,1,10.0,23.0,2.3,531,0.18832391713747645
4495312,2014,10,5.0,1,1.0,5.0,5.0,118,0.847457627118644
4495312,2015,11,1.0,1,2.0,6.0,3.0,149,0.6711409395973155
4495312,2015,12,1.0,1,3.0,7.0,2.3333333333333335,184,0.5434782608695652
4495312,2016,4,1.0,1,4.0,8.0,2.0,289,0.34602076124567477
4495312,2016,11,5.0,1,5.0,13.0,2.6,271,0.36900369003690037
4495312,2018,1,4.0,1,6.0,17.0,2.8333333333333335,269,0.37174721189591076
4495312,2019,1,1.0,1,7.0,18.0,2.5714285714285716,308,0.3246753246753247
4509764,2013,7,3.0,1,1.0,3.0,3.0,94,1.0638297872340425
4509764,2016,5,4.0,1,2.0,7.0,3.5,255,0.39215686274509803
4509764,2016,6,3.0,1,3.0,10.0,3.3333333333333335,323,0.30959752321981426
4509764,2017,6,4.0,1,4.0,14.0,3.5,248,0.4032258064516129
4509764,2018,11,1.0,1,5.0,15.0,3.0,247,0.4048582995951417
4587997,2014,1,4.0,1,1.0,4.0,4.0,72,1.3888888888888888
4587997,2014,2,4.0,1,2.0,8.0,4.0,48,2.083333333333333
4587997,2014,9,5.0,1,3.0,13.0,4.333333333333333,132,0.7575757575757576
4587997,2014,12,4.0,1,4.0,17.0,4.25,102,0.9803921568627451
4587997,2015,5,3.0,1,5.0,20.0,4.0,169,0.591715976331361
4587997,2015,12,4.0,2,7.0,28.0,4.0,184,1.0869565217391304
4587997,2016,1,4.0,1,8.0,32.0,4.0,279,0.35842293906810035
4587997,2016,2,4.5,2,10.0,41.0,4.1,285,0.7017543859649122
4587997,2016,7,5.0,1,11.0,46.0,4.181818181818182,531,0.18832391713747645
4587997,2016,8,4.0,1,12.0,50.0,4.166666666666667,518,0.19305019305019305
4587997,2017,5,4.0,1,13.0,54.0,4.153846153846154,327,0.3058103975535168
4587997,2017,7,4.0,1,14.0,58.0,4.142857142857143,600,0.16666666666666669
4587997,2018,3,4.0,1,15.0,62.0,4.133333333333334,349,0.28653295128939826
4587997,2019,8,4.0,1,16.0,66.0,4.125,337,0.2967359050445104
4587997,2019,10,4.0,1,17.0,70.0,4.117647058823529,298,0.33557046979865773
4606260,2014,5,5.0,1,1.0,5.0,5.0,89,1.1235955056179776
4606260,2016,9,5.0,1,2.0,10.0,5.0,365,0.273972602739726
4606260,2017,8,4.0,1,3.0,14.0,4.666666666666667,456,0.21929824561403508
4689641,2013,8,4.0,1,1.0,4.0,4.0,87,1.1494252873563218
4689641,2014,1,5.0,1,2.0,9.0,4.5,72,1.3888888888888888
4689641,2014,4,5.0,1,3.0,14.0,4.666666666666667,73,1.36986301369863
4689641,2014,6,4.0,1,4.0,18.0,4.5,85,1.1764705882352942
4689641,2014,7,5.0,1,5.0,23.0,4.6,98,1.0204081632653061
4689641,2015,8,4.666666666666667,3,8.0,37.0,4.625,283,1.0600706713780919
4689641,2015,10,4.0,1,9.0,41.0,4.555555555555555,222,0.45045045045045046
4689641,2016,1,5.0,1,10.0,46.0,4.6,279,0.35842293906810035
4689641,2016,8,4.0,2,12.0,54.0,4.5,518,0.3861003861003861
4689641,2016,12,3.0,1,13.0,57.0,4.384615384615385,260,0.38461538461538464
4689641,2017,3,5.0,1,14.0,62.0,4.428571428571429,297,0.33670033670033667
4689641,2017,4,4.0,1,15.0,66.0,4.4,312,0.3205128205128205
4689641,2017,7,3.0,1,16.0,69.0,4.3125,600,0.16666666666666669
4689641,2018,6,5.0,1,17.0,74.0,4.352941176470588,333,0.3003003003003003
4689641,2018,7,4.0,1,18.0,78.0,4.333333333333333,477,0.20964360587002098
4689641,2018,8,5.0,1,19.0,83.0,4.368421052631579,506,0.1976284584980237
4689641,2018,12,4.0,1,20.0,87.0,4.35,261,0.38314176245210724
4689641,2019,2,5.0,1,21.0,92.0,4.380952380952381,232,0.43103448275862066
4689641,2019,8,5.0,1,22.0,97.0,4.409090909090909,337,0.2967359050445104
4689641,2020,1,4.0,1,23.0,101.0,4.391304347826087,205,0.4878048780487805
4689641,2020,6,5.0,1,24.0,106.0,4.416666666666667,107,0.9345794392523363
4721825,2013,8,5.0,1,1.0,5.0,5.0,87,1.1494252873563218
4721825,2014,8,5.0,1,2.0,10.0,5.0,134,0.7462686567164178
4721825,2015,3,5.0,1,3.0,15.0,5.0,160,0.625
4721825,2015,4,4.0,1,4.0,19.0,4.75,111,0.9009009009009009
4721825,2015,8,3.0,2,6.0,25.0,4.166666666666667,283,0.7067137809187279
4721825,2016,1,5.0,1,7.0,30.0,4.285714285714286,279,0.35842293906810035
4721825,2016,3,4.0,2,9.0,38.0,4.222222222222222,348,0.5747126436781609
4721825,2016,10,4.0,1,10.0,42.0,4.2,371,0.2695417789757413
4721825,2017,4,4.0,1,11.0,46.0,4.181818181818182,312,0.3205128205128205
4721825,2017,7,5.0,2,13.0,56.0,4.3076923076923075,600,0.33333333333333337
4721825,2017,8,4.0,1,14.0,60.0,4.285714285714286,456,0.21929824561403508
4721825,2017,9,5.0,1,15.0,65.0,4.333333333333333,304,0.3289473684210526
4721825,2018,3,4.0,1,16.0,69.0,4.3125,349,0.28653295128939826
4721825,2018,4,4.0,1,17.0,73.0,4.294117647058823,246,0.40650406504065045
4721825,2018,5,5.0,1,18.0,78.0,4.333333333333333,257,0.38910505836575876
4741683,2016,3,4.0,1,1.0,4.0,4.0,348,0.28735632183908044
4875730,2014,3,4.0,1,1.0,4.0,4.0,61,1.639344262295082
4875730,2014,4,4.0,1,2.0,8.0,4.0,73,1.36986301369863
4875730,2014,12,4.0,1,3.0,12.0,4.0,102,0.9803921568627451
4875730,2015,8,4.0,1,4.0,16.0,4.0,283,0.35335689045936397
4875730,2015,9,4.0,1,5.0,20.0,4.0,238,0.42016806722689076
4875730,2016,1,4.0,2,7.0,28.0,4.0,279,0.7168458781362007
4875730,2016,2,4.0,1,8.0,32.0,4.0,285,0.3508771929824561
4875730,2016,4,5.0,1,9.0,37.0,4.111111111111111,289,0.34602076124567477
4875730,2016,6,5.0,1,10.0,42.0,4.2,323,0.30959752321981426
4875730,2016,7,3.0,1,11.0,45.0,4.090909090909091,531,0.18832391713747645
4875730,2017,7,3.0,1,12.0,48.0,4.0,600,0.16666666666666669
4875730,2017,10,4.0,1,13.0,52.0,4.0,296,0.33783783783783783
4875730,2017,12,4.666666666666667,3,16.0,66.0,4.125,261,1.1494252873563218
4875730,2018,1,3.0,1,17.0,69.0,4.0588235294117645,269,0.37174721189591076
4875730,2018,11,4.0,1,18.0,73.0,4.055555555555555,247,0.4048582995951417
4875730,2019,3,4.0,1,19.0,77.0,4.052631578947368,265,0.37735849056603776
4875730,2019,11,5.0,1,20.0,82.0,4.1,288,0.3472222222222222
4875730,2020,3,4.0,1,21.0,86.0,4.095238095238095,173,0.5780346820809248
4876034,2014,4,4.0,1,1.0,4.0,4.0,73,1.36986301369863
4876034,2014,8,4.0,1,2.0,8.0,4.0,134,0.7462686567164178
4876034,2014,11,4.0,1,3.0,12.0,4.0,122,0.819672131147541
4876034,2015,3,5.0,1,4.0,17.0,4.25,160,0.625
4876034,2015,9,3.0,1,5.0,20.0,4.0,238,0.42016806722689076
4876034,2015,10,4.0,1,6.0,24.0,4.0,222,0.45045045045045046
4876034,2016,1,2.0,1,7.0,26.0,3.7142857142857144,279,0.35842293906810035
4876034,2016,2,4.0,4,11.0,42.0,3.8181818181818183,285,1.4035087719298245
4876034,2016,4,4.0,1,12.0,46.0,3.8333333333333335,289,0.34602076124567477
4876034,2016,5,4.0,1,13.0,50.0,3.8461538461538463,255,0.39215686274509803
4876034,2016,11,5.0,1,14.0,55.0,3.9285714285714284,271,0.36900369003690037
4876034,2017,3,4.5,2,16.0,64.0,4.0,297,0.6734006734006733
4876034,2017,4,4.0,1,17.0,68.0,4.0,312,0.3205128205128205
4876034,2017,12,4.0,4,21.0,84.0,4.0,261,1.532567049808429
4876034,2018,6,4.0,1,22.0,88.0,4.0,333,0.3003003003003003
4876034,2018,10,4.5,2,24.0,97.0,4.041666666666667,294,0.6802721088435374
4876034,2018,12,4.0,1,25.0,101.0,4.04,261,0.38314176245210724
4876034,2019,9,4.0,1,26.0,105.0,4.038461538461538,261,0.38314176245210724
4876034,2019,10,5.0,1,27.0,110.0,4.074074074074074,298,0.33557046979865773
4876034,2019,11,2.0,1,28.0,112.0,4.0,288,0.3472222222222222
4876034,2020,1,4.0,2,30.0,120.0,4.0,205,0.975609756097561
4909424,2013,9,3.0,1,1.0,3.0,3.0,64,1.5625
4909424,2014,3,1.0,1,2.0,4.0,2.0,61,1.639344262295082
4909424,2014,5,2.0,1,3.0,6.0,2.0,89,1.1235955056179776
4985919,2014,7,4.0,1,1.0,4.0,4.0,98,1.0204081632653061
4985919,2014,12,3.0,1,2.0,7.0,3.5,102,0.9803921568627451
4985919,2015,2,3.0,1,3.0,10.0,3.3333333333333335,134,0.7462686567164178
4985919,2015,5,4.0,1,4.0,14.0,3.5,169,0.591715976331361
4985919,2015,7,4.0,3,7.0,26.0,3.7142857142857144,275,1.090909090909091
4985919,2015,9,4.0,1,8.0,30.0,3.75,238,0.42016806722689076
4985919,2016,3,5.0,1,9.0,35.0,3.888888888888889,348,0.28735632183908044
4985919,2016,4,5.0,1,10.0,40.0,4.0,289,0.34602076124567477
4985919,2016,5,4.0,1,11.0,44.0,4.0,255,0.39215686274509803
4985919,2016,8,4.0,1,12.0,48.0,4.0,518,0.19305019305019305
4985919,2016,9,3.0,1,13.0,51.0,3.923076923076923,365,0.273972602739726
4985919,2016,12,3.0,2,15.0,57.0,3.8,260,0.7692307692307693
4985919,2017,1,4.0,1,16.0,61.0,3.8125,277,0.36101083032490977
4985919,2017,2,3.5,2,18.0,68.0,3.7777777777777777,294,0.6802721088435374
4985919,2017,7,3.0,1,19.0,71.0,3.736842105263158,600,0.16666666666666669
4985919,2017,10,4.0,1,20.0,75.0,3.75,296,0.33783783783783783
4985919,2017,11,4.0,1,21.0,79.0,3.761904761904762,321,0.3115264797507788
4985919,2018,1,5.0,1,22.0,84.0,3.8181818181818183,269,0.37174721189591076
4985919,2018,8,3.5,2,24.0,91.0,3.7916666666666665,506,0.3952569169960474
4985919,2019,3,2.5,2,26.0,96.0,3.6923076923076925,265,0.7547169811320755
4985919,2019,5,3.0,1,27.0,99.0,3.6666666666666665,235,0.425531914893617
4985919,2019,7,3.0,1,28.0,102.0,3.642857142857143,451,0.22172949002217296
4985919,2020,9,3.0,1,29.0,105.0,3.6206896551724137,160,0.625
4985919,2020,10,5.0,1,30.0,110.0,3.6666666666666665,145,0.6896551724137931
4985919,2020,11,1.0,1,31.0,111.0,3.5806451612903225,120,0.8333333333333334
4992948,2013,10,5.0,1,1.0,5.0,5.0,56,1.7857142857142856
4992948,2013,12,4.5,2,3.0,14.0,4.666666666666667,44,4.545454545454546
4992948,2014,4,4.5,2,5.0,23.0,4.6,73,2.73972602739726
4992948,2014,5,4.0,5,10.0,43.0,4.3,89,5.617977528089887
4992948,2014,8,4.0,1,11.0,47.0,4.2727272727272725,134,0.7462686567164178
4992948,2014,10,4.5,2,13.0,56.0,4.3076923076923075,118,1.694915254237288
4992948,2014,12,4.666666666666667,3,16.0,70.0,4.375,102,2.941176470588235
4992948,2015,1,5.0,1,17.0,75.0,4.411764705882353,128,0.78125
4992948,2015,3,3.0,1,18.0,78.0,4.333333333333333,160,0.625
4992948,2015,7,4.5,2,20.0,87.0,4.35,275,0.7272727272727273
4992948,2015,9,4.0,1,21.0,91.0,4.333333333333333,238,0.42016806722689076
4992948,2015,11,1.0,1,22.0,92.0,4.181818181818182,149,0.6711409395973155
4992948,2016,1,4.0,1,23.0,96.0,4.173913043478261,279,0.35842293906810035
4992948,2016,2,5.0,1,24.0,101.0,4.208333333333333,285,0.3508771929824561
4992948,2016,3,5.0,1,25.0,106.0,4.24,348,0.28735632183908044
4992948,2016,5,5.0,1,26.0,111.0,4.269230769230769,255,0.39215686274509803
4992948,2016,6,4.333333333333333,3,29.0,124.0,4.275862068965517,323,0.9287925696594427
4992948,2016,7,4.75,4,33.0,143.0,4.333333333333333,531,0.7532956685499058
4992948,2016,8,4.444444444444445,9,42.0,183.0,4.357142857142857,518,1.7374517374517375
4992948,2016,9,4.5,2,44.0,192.0,4.363636363636363,365,0.547945205479452
4992948,2016,10,4.2,5,49.0,213.0,4.346938775510204,371,1.3477088948787064
4992948,2016,12,4.0,1,50.0,217.0,4.34,260,0.38461538461538464
4992948,2017,2,5.0,1,51.0,222.0,4.352941176470588,294,0.3401360544217687
4992948,2017,3,4.0,2,53.0,230.0,4.339622641509434,297,0.6734006734006733
4992948,2017,4,5.0,4,57.0,250.0,4.385964912280702,312,1.282051282051282
4992948,2017,5,4.333333333333333,3,60.0,263.0,4.383333333333334,327,0.9174311926605505
4992948,2017,6,4.0,1,61.0,267.0,4.377049180327869,248,0.4032258064516129
4992948,2017,7,4.0,4,65.0,283.0,4.3538461538461535,600,0.6666666666666667
4992948,2017,8,4.333333333333333,3,68.0,296.0,4.352941176470588,456,0.6578947368421052
4992948,2017,9,5.0,1,69.0,301.0,4.36231884057971,304,0.3289473684210526
4992948,2017,10,4.0,2,71.0,309.0,4.352112676056338,296,0.6756756756756757
4992948,2017,11,5.0,1,72.0,314.0,4.361111111111111,321,0.3115264797507788
4992948,2017,12,3.6666666666666665,3,75.0,325.0,4.333333333333333,261,1.1494252873563218
4992948,2018,1,4.0,1,76.0,329.0,4.328947368421052,269,0.37174721189591076
4992948,2018,4,5.0,1,77.0,334.0,4.337662337662338,246,0.40650406504065045
4992948,2018,6,3.0,1,78.0,337.0,4.32051282051282,333,0.3003003003003003
4992948,2018,8,5.0,1,79.0,342.0,4.329113924050633,506,0.1976284584980237
4992948,2018,9,4.0,1,80.0,346.0,4.325,326,0.3067484662576687
4992948,2018,11,3.0,1,81.0,349.0,4.308641975308642,247,0.4048582995951417
4992948,2018,12,4.0,1,82.0,353.0,4.304878048780488,261,0.38314176245210724
4992948,2019,2,5.0,1,83.0,358.0,4.313253012048193,232,0.43103448275862066
4992948,2019,5,4.0,1,84.0,362.0,4.309523809523809,235,0.425531914893617
4992948,2020,3,5.0,1,85.0,367.0,4.317647058823529,173,0.5780346820809248
4992948,2020,7,4.5,2,87.0,376.0,4.32183908045977,391,0.5115089514066496
4992948,2020,8,4.0,1,88.0,380.0,4.318181818181818,226,0.4424778761061947
5039075,2015,1,4.0,1,1.0,4.0,4.0,128,0.78125
5039075,2015,4,4.0,1,2.0,8.0,4.0,111,0.9009009009009009
5039075,2015,8,1.0,1,3.0,9.0,3.0,283,0.35335689045936397
5039075,2016,2,3.0,1,4.0,12.0,3.0,285,0.3508771929824561
5039075,2016,5,4.0,1,5.0,16.0,3.2,255,0.39215686274509803
5039075,2016,7,4.0,4,9.0,32.0,3.5555555555555554,531,0.7532956685499058
5039075,2016,8,4.5,2,11.0,41.0,3.727272727272727,518,0.3861003861003861
5039075,2016,10,4.5,2,13.0,50.0,3.8461538461538463,371,0.5390835579514826
5039075,2016,11,3.0,2,15.0,56.0,3.7333333333333334,271,0.7380073800738007
5039075,2016,12,3.0,1,16.0,59.0,3.6875,260,0.38461538461538464
5039075,2017,1,4.0,1,17.0,63.0,3.7058823529411766,277,0.36101083032490977
5039075,2017,2,5.0,2,19.0,73.0,3.8421052631578947,294,0.6802721088435374
5039075,2017,4,4.0,3,22.0,85.0,3.8636363636363638,312,0.9615384615384616
5039075,2017,5,3.0,1,23.0,88.0,3.8260869565217392,327,0.3058103975535168
5039075,2017,6,3.5,2,25.0,95.0,3.8,248,0.8064516129032258
5039075,2017,7,4.0,2,27.0,103.0,3.814814814814815,600,0.33333333333333337
5039075,2017,8,4.25,4,31.0,120.0,3.870967741935484,456,0.8771929824561403
5039075,2017,11,3.5,2,33.0,127.0,3.8484848484848486,321,0.6230529595015576
5039075,2017,12,4.0,1,34.0,131.0,3.8529411764705883,261,0.38314176245210724
5039075,2018,3,4.0,1,35.0,135.0,3.857142857142857,349,0.28653295128939826
5039075,2018,4,4.0,1,36.0,139.0,3.861111111111111,246,0.40650406504065045
5039075,2018,9,3.0,3,39.0,148.0,3.7948717948717947,326,0.9202453987730062
5039075,2019,4,3.0,1,40.0,151.0,3.775,233,0.4291845493562232
5039075,2019,5,4.0,2,42.0,159.0,3.7857142857142856,235,0.851063829787234
5039075,2019,11,4.0,1,43.0,163.0,3.7906976744186047,288,0.3472222222222222
5039075,2020,2,3.0,1,44.0,166.0,3.772727272727273,235,0.425531914893617
5262282,2013,10,4.0,1,1.0,4.0,4.0,56,1.7857142857142856
5262282,2017,4,3.0,1,2.0,7.0,3.5,312,0.3205128205128205
5499071,2018,1,2.0,1,1.0,2.0,2.0,269,0.37174721189591076
5499071,2018,4,3.0,1,2.0,5.0,2.5,246,0.40650406504065045
5499071,2018,10,2.0,2,4.0,9.0,2.25,294,0.6802721088435374
5499071,2019,4,5.0,1,5.0,14.0,2.8,233,0.4291845493562232
5499071,2019,8,4.0,1,6.0,18.0,3.0,337,0.2967359050445104
5579995,2014,5,5.0,1,1.0,5.0,5.0,89,1.1235955056179776
5579995,2014,9,4.0,2,3.0,13.0,4.333333333333333,132,1.5151515151515151
5579995,2016,2,4.5,2,5.0,22.0,4.4,285,0.7017543859649122
5579995,2016,3,4.0,1,6.0,26.0,4.333333333333333,348,0.28735632183908044
5579995,2016,5,5.0,1,7.0,31.0,4.428571428571429,255,0.39215686274509803
5579995,2017,10,3.0,1,8.0,34.0,4.25,296,0.33783783783783783
5579995,2018,12,5.0,1,9.0,39.0,4.333333333333333,261,0.38314176245210724
5579995,2019,10,4.0,1,10.0,43.0,4.3,298,0.33557046979865773
5771260,2014,7,4.0,1,1.0,4.0,4.0,98,1.0204081632653061
5771260,2015,8,5.0,1,2.0,9.0,4.5,283,0.35335689045936397
5771260,2016,8,3.0,2,4.0,15.0,3.75,518,0.3861003861003861
5771260,2017,1,4.0,1,5.0,19.0,3.8,277,0.36101083032490977
5771260,2018,4,4.0,1,6.0,23.0,3.8333333333333335,246,0.40650406504065045
5771260,2018,5,3.0,1,7.0,26.0,3.7142857142857144,257,0.38910505836575876
5771260,2018,12,5.0,1,8.0,31.0,3.875,261,0.38314176245210724
5771260,2019,6,3.0,1,9.0,34.0,3.7777777777777777,271,0.36900369003690037
5980861,2014,9,2.0,1,1.0,2.0,2.0,132,0.7575757575757576
5980861,2015,4,3.0,2,3.0,8.0,2.6666666666666665,111,1.8018018018018018
5980861,2015,5,4.0,1,4.0,12.0,3.0,169,0.591715976331361
5980861,2015,7,3.0,1,5.0,15.0,3.0,275,0.36363636363636365
5980861,2015,10,3.0,1,6.0,18.0,3.0,222,0.45045045045045046
5980861,2015,12,3.0,1,7.0,21.0,3.0,184,0.5434782608695652
5980861,2016,3,3.0,1,8.0,24.0,3.0,348,0.28735632183908044
5980861,2016,5,4.0,1,9.0,28.0,3.111111111111111,255,0.39215686274509803
5980861,2016,7,4.0,1,10.0,32.0,3.2,531,0.18832391713747645
5980861,2016,12,4.0,1,11.0,36.0,3.272727272727273,260,0.38461538461538464
5980861,2017,5,2.0,1,12.0,38.0,3.1666666666666665,327,0.3058103975535168
5980861,2017,7,2.0,1,13.0,40.0,3.076923076923077,600,0.16666666666666669
5980861,2017,9,4.0,1,14.0,44.0,3.142857142857143,304,0.3289473684210526
5980861,2017,11,3.0,1,15.0,47.0,3.1333333333333333,321,0.3115264797507788
5980861,2017,12,4.5,2,17.0,56.0,3.2941176470588234,261,0.7662835249042145
5980861,2018,1,4.0,1,18.0,60.0,3.3333333333333335,269,0.37174721189591076
5980861,2018,3,4.0,1,19.0,64.0,3.3684210526315788,349,0.28653295128939826
5980861,2018,4,3.0,1,20.0,67.0,3.35,246,0.40650406504065045
5980861,2018,7,4.0,1,21.0,71.0,3.380952380952381,477,0.20964360587002098
5980861,2019,6,4.0,1,22.0,75.0,3.409090909090909,271,0.36900369003690037
5980861,2019,7,1.0,2,24.0,77.0,3.2083333333333335,451,0.4434589800443459
5980861,2019,10,2.0,1,25.0,79.0,3.16,298,0.33557046979865773
5993804,2014,2,3.0,1,1.0,3.0,3.0,48,2.083333333333333
5993804,2015,2,4.0,1,2.0,7.0,3.5,134,0.7462686567164178
5993804,2015,3,4.0,1,3.0,11.0,3.6666666666666665,160,0.625
5993804,2015,7,3.0,1,4.0,14.0,3.5,275,0.36363636363636365
5993804,2015,10,4.0,1,5.0,18.0,3.6,222,0.45045045045045046
5993804,2015,11,3.0,2,7.0,24.0,3.4285714285714284,149,1.342281879194631
5993804,2015,12,5.0,1,8.0,29.0,3.625,184,0.5434782608695652
5993804,2016,1,4.0,1,9.0,33.0,3.6666666666666665,279,0.35842293906810035
5993804,2016,3,4.0,1,10.0,37.0,3.7,348,0.28735632183908044
5993804,2016,4,4.0,1,11.0,41.0,3.727272727272727,289,0.34602076124567477
5993804,2016,5,4.0,1,12.0,45.0,3.75,255,0.39215686274509803
5993804,2016,7,5.0,1,13.0,50.0,3.8461538461538463,531,0.18832391713747645
5993804,2016,9,4.0,1,14.0,54.0,3.857142857142857,365,0.273972602739726
5993804,2016,10,4.5,2,16.0,63.0,3.9375,371,0.5390835579514826
5993804,2016,11,5.0,2,18.0,73.0,4.055555555555555,271,0.7380073800738007
5993804,2016,12,4.0,1,19.0,77.0,4.052631578947368,260,0.38461538461538464
5993804,2017,1,5.0,1,20.0,82.0,4.1,277,0.36101083032490977
5993804,2017,4,4.0,1,21.0,86.0,4.095238095238095,312,0.3205128205128205
5993804,2017,5,5.0,2,23.0,96.0,4.173913043478261,327,0.6116207951070336
5993804,2017,7,4.5,2,25.0,105.0,4.2,600,0.33333333333333337
5993804,2017,8,3.0,1,26.0,108.0,4.153846153846154,456,0.21929824561403508
5993804,2017,9,4.0,1,27.0,112.0,4.148148148148148,304,0.3289473684210526
5993804,2017,10,4.0,1,28.0,116.0,4.142857142857143,296,0.33783783783783783
5993804,2017,11,2.0,2,30.0,120.0,4.0,321,0.6230529595015576
5993804,2017,12,1.5,4,34.0,126.0,3.7058823529411766,261,1.532567049808429
5993804,2018,2,3.0,1,35.0,129.0,3.6857142857142855,231,0.4329004329004329
5993804,2018,3,4.0,2,37.0,137.0,3.7027027027027026,349,0.5730659025787965
5993804,2018,5,2.0,1,38.0,139.0,3.6578947368421053,257,0.38910505836575876
5993804,2018,6,5.0,1,39.0,144.0,3.6923076923076925,333,0.3003003003003003
5993804,2018,8,4.0,1,40.0,148.0,3.7,506,0.1976284584980237
5993804,2018,9,4.0,2,42.0,156.0,3.7142857142857144,326,0.6134969325153374
5993804,2018,12,4.5,2,44.0,165.0,3.75,261,0.7662835249042145
5993804,2019,3,3.6666666666666665,3,47.0,176.0,3.74468085106383,265,1.1320754716981132
5993804,2019,12,4.0,1,48.0,180.0,3.75,197,0.5076142131979695
5993804,2020,2,5.0,1,49.0,185.0,3.7755102040816326,235,0.425531914893617
5993804,2020,8,4.0,2,51.0,193.0,3.784313725490196,226,0.8849557522123894
5993804,2020,11,3.0,1,52.0,196.0,3.769230769230769,120,0.8333333333333334
6204777,2015,5,4.0,1,1.0,4.0,4.0,169,0.591715976331361
6204777,2015,8,2.0,1,2.0,6.0,3.0,283,0.35335689045936397
6438187,2014,3,3.0,1,1.0,3.0,3.0,61,1.639344262295082
6438187,2014,5,5.0,1,2.0,8.0,4.0,89,1.1235955056179776
6438187,2014,6,3.5,2,4.0,15.0,3.75,85,2.3529411764705883
6438187,2015,1,4.0,1,5.0,19.0,3.8,128,0.78125
6438187,2015,2,4.0,1,6.0,23.0,3.8333333333333335,134,0.7462686567164178
6438187,2015,7,4.0,2,8.0,31.0,3.875,275,0.7272727272727273
6438187,2015,8,4.0,1,9.0,35.0,3.888888888888889,283,0.35335689045936397
6438187,2015,9,5.0,1,10.0,40.0,4.0,238,0.42016806722689076
6438187,2015,11,3.0,1,11.0,43.0,3.909090909090909,149,0.6711409395973155
6438187,2015,12,3.75,4,15.0,58.0,3.8666666666666667,184,2.1739130434782608
6438187,2016,1,3.5,2,17.0,65.0,3.823529411764706,279,0.7168458781362007
6438187,2016,2,3.6666666666666665,3,20.0,76.0,3.8,285,1.0526315789473684
6438187,2016,3,4.75,4,24.0,95.0,3.9583333333333335,348,1.1494252873563218
6438187,2016,4,3.0,1,25.0,98.0,3.92,289,0.34602076124567477
6438187,2016,6,4.5,2,27.0,107.0,3.962962962962963,323,0.6191950464396285
6438187,2016,7,5.0,1,28.0,112.0,4.0,531,0.18832391713747645
6438187,2016,8,4.5,2,30.0,121.0,4.033333333333333,518,0.3861003861003861
6438187,2016,10,3.0,1,31.0,124.0,4.0,371,0.2695417789757413
6438187,2016,11,4.0,1,32.0,128.0,4.0,271,0.36900369003690037
6438187,2016,12,3.0,1,33.0,131.0,3.9696969696969697,260,0.38461538461538464
6438187,2017,1,4.0,1,34.0,135.0,3.9705882352941178,277,0.36101083032490977
6438187,2017,2,4.0,2,36.0,143.0,3.9722222222222223,294,0.6802721088435374
6438187,2017,3,3.0,1,37.0,146.0,3.945945945945946,297,0.33670033670033667
6438187,2017,4,3.0,1,38.0,149.0,3.9210526315789473,312,0.3205128205128205
6438187,2017,5,4.0,1,39.0,153.0,3.923076923076923,327,0.3058103975535168
6438187,2017,6,4.0,2,41.0,161.0,3.926829268292683,248,0.8064516129032258
6438187,2017,7,3.6666666666666665,3,44.0,172.0,3.909090909090909,600,0.5
6438187,2017,8,4.5,2,46.0,181.0,3.9347826086956523,456,0.43859649122807015
6438187,2017,9,4.0,1,47.0,185.0,3.9361702127659575,304,0.3289473684210526
6438187,2017,10,4.0,1,48.0,189.0,3.9375,296,0.33783783783783783
6438187,2017,11,4.0,1,49.0,193.0,3.938775510204082,321,0.3115264797507788
6438187,2018,1,3.0,2,51.0,199.0,3.9019607843137254,269,0.7434944237918215
6438187,2018,3,4.0,2,53.0,207.0,3.9056603773584904,349,0.5730659025787965
6438187,2018,4,3.0,1,54.0,210.0,3.888888888888889,246,0.40650406504065045
6438187,2018,8,2.5,2,56.0,215.0,3.8392857142857144,506,0.3952569169960474
6438187,2018,10,4.0,1,57.0,219.0,3.8421052631578947,294,0.3401360544217687
6438187,2018,11,4.0,2,59.0,227.0,3.847457627118644,247,0.8097165991902834
6438187,2018,12,4.0,1,60.0,231.0,3.85,261,0.38314176245210724
6438187,2019,9,3.0,1,61.0,234.0,3.8360655737704916,261,0.38314176245210724
6438187,2019,11,3.0,2,63.0,240.0,3.8095238095238093,288,0.6944444444444444
6438187,2020,1,4.0,2,65.0,248.0,3.8153846153846156,205,0.975609756097561
6438187,2020,6,4.0,1,66.0,252.0,3.8181818181818183,107,0.9345794392523363
6438187,2020,7,3.0,2,68.0,258.0,3.7941176470588234,391,0.5115089514066496
6438187,2020,10,4.0,1,69.0,262.0,3.7971014492753623,145,0.6896551724137931
6451382,2014,3,4.0,1,1.0,4.0,4.0,61,1.639344262295082
6451382,2015,5,4.0,1,2.0,8.0,4.0,169,0.591715976331361
6451382,2018,3,4.0,1,3.0,12.0,4.0,349,0.28653295128939826
6451382,2019,1,5.0,1,4.0,17.0,4.25,308,0.3246753246753247
6506786,2014,4,3.0,2,2.0,6.0,3.0,73,2.73972602739726
6506786,2014,5,3.75,4,6.0,21.0,3.5,89,4.49438202247191
6506786,2014,6,4.666666666666667,3,9.0,35.0,3.888888888888889,85,3.5294117647058822
6506786,2014,8,4.2,5,14.0,56.0,4.0,134,3.731343283582089
6506786,2014,9,4.0,3,17.0,68.0,4.0,132,2.272727272727273
6506786,2014,10,3.5,2,19.0,75.0,3.9473684210526314,118,1.694915254237288
6506786,2014,11,5.0,1,20.0,80.0,4.0,122,0.819672131147541
6506786,2014,12,4.0,3,23.0,92.0,4.0,102,2.941176470588235
6506786,2015,1,4.0,3,26.0,104.0,4.0,128,2.34375
6506786,2015,2,4.666666666666667,3,29.0,118.0,4.068965517241379,134,2.2388059701492535
6506786,2015,3,4.5,4,33.0,136.0,4.121212121212121,160,2.5
6506786,2015,4,2.0,1,34.0,138.0,4.0588235294117645,111,0.9009009009009009
6506786,2015,5,4.0,1,35.0,142.0,4.057142857142857,169,0.591715976331361
6506786,2015,6,2.0,1,36.0,144.0,4.0,159,0.628930817610063
6506786,2015,7,3.5,6,42.0,165.0,3.9285714285714284,275,2.181818181818182
6506786,2015,8,4.0,3,45.0,177.0,3.933333333333333,283,1.0600706713780919
6506786,2015,9,3.0,1,46.0,180.0,3.9130434782608696,238,0.42016806722689076
6506786,2015,10,3.0,3,49.0,189.0,3.857142857142857,222,1.3513513513513513
6506786,2015,11,3.6666666666666665,3,52.0,200.0,3.8461538461538463,149,2.013422818791946
6506786,2015,12,4.0,2,54.0,208.0,3.8518518518518516,184,1.0869565217391304
6506786,2016,1,4.0,3,57.0,220.0,3.8596491228070176,279,1.0752688172043012
6506786,2016,2,4.0,2,59.0,228.0,3.864406779661017,285,0.7017543859649122
6506786,2016,3,4.25,4,63.0,245.0,3.888888888888889,348,1.1494252873563218
6506786,2016,4,4.0,3,66.0,257.0,3.893939393939394,289,1.0380622837370241
6506786,2016,6,4.666666666666667,6,72.0,285.0,3.9583333333333335,323,1.8575851393188854
6506786,2016,7,4.0,2,74.0,293.0,3.9594594594594597,531,0.3766478342749529
6506786,2016,8,5.0,5,79.0,318.0,4.025316455696203,518,0.9652509652509652
6506786,2016,9,4.4,5,84.0,340.0,4.0476190476190474,365,1.36986301369863
6506786,2016,10,3.5,4,88.0,354.0,4.0227272727272725,371,1.078167115902965
6506786,2016,11,4.25,4,92.0,371.0,4.032608695652174,271,1.4760147601476015
6506786,2016,12,4.8,5,97.0,395.0,4.072164948453608,260,1.9230769230769231
6506786,2017,2,4.0,1,98.0,399.0,4.071428571428571,294,0.3401360544217687
6506786,2017,3,3.8333333333333335,6,104.0,422.0,4.0576923076923075,297,2.0202020202020203
6506786,2017,4,4.0,6,110.0,446.0,4.054545454545455,312,1.9230769230769231
6506786,2017,5,4.5,2,112.0,455.0,4.0625,327,0.6116207951070336
6506786,2017,6,2.0,1,113.0,457.0,4.04424778761062,248,0.4032258064516129
6506786,2017,7,4.5,4,117.0,475.0,4.05982905982906,600,0.6666666666666667
6506786,2017,8,3.0,1,118.0,478.0,4.0508474576271185,456,0.21929824561403508
6506786,2017,9,3.5,4,122.0,492.0,4.032786885245901,304,1.3157894736842104
6506786,2017,10,5.0,3,125.0,507.0,4.056,296,1.0135135135135136
6506786,2017,11,4.333333333333333,3,128.0,520.0,4.0625,321,0.9345794392523363
6506786,2017,12,4.0,1,129.0,524.0,4.062015503875969,261,0.38314176245210724
6506786,2018,1,4.666666666666667,3,132.0,538.0,4.075757575757576,269,1.1152416356877324
6506786,2018,2,3.0,3,135.0,547.0,4.051851851851852,231,1.2987012987012987
6506786,2018,3,4.0,1,136.0,551.0,4.051470588235294,349,0.28653295128939826
6506786,2018,4,3.333333333333333,3,139.0,561.0,4.0359712230215825,246,1.2195121951219512
6506786,2018,5,5.0,1,140.0,566.0,4.042857142857143,257,0.38910505836575876
6506786,2018,6,3.857142857142857,7,147.0,593.0,4.034013605442177,333,2.1021021021021022
6506786,2018,7,4.666666666666667,3,150.0,607.0,4.046666666666667,477,0.628930817610063
6506786,2018,8,3.5,4,154.0,621.0,4.032467532467533,506,0.7905138339920948
6506786,2018,9,4.2,5,159.0,642.0,4.037735849056604,326,1.5337423312883436
6506786,2018,10,3.4,5,164.0,659.0,4.0182926829268295,294,1.7006802721088436
6506786,2018,12,5.0,2,166.0,669.0,4.030120481927711,261,0.7662835249042145
6506786,2019,1,4.6,5,171.0,692.0,4.046783625730995,308,1.6233766233766231
6506786,2019,2,4.6,5,176.0,715.0,4.0625,232,2.1551724137931036
6506786,2019,3,3.0,1,177.0,718.0,4.056497175141243,265,0.37735849056603776
6506786,2019,4,4.6,5,182.0,741.0,4.071428571428571,233,2.1459227467811157
6506786,2019,5,3.0,1,183.0,744.0,4.065573770491803,235,0.425531914893617
6506786,2019,6,5.0,3,186.0,759.0,4.080645161290323,271,1.107011070110701
6506786,2019,7,5.0,1,187.0,764.0,4.0855614973262036,451,0.22172949002217296
6506786,2019,8,5.0,3,190.0,779.0,4.1,337,0.8902077151335311
6506786,2019,9,5.0,1,191.0,784.0,4.104712041884817,261,0.38314176245210724
6506786,2019,10,4.666666666666667,3,194.0,798.0,4.11340206185567,298,1.006711409395973
6506786,2019,11,4.333333333333333,3,197.0,811.0,4.116751269035533,288,1.0416666666666665
6506786,2020,2,4.0,5,202.0,831.0,4.1138613861386135,235,2.127659574468085
6506786,2020,3,5.0,1,203.0,836.0,4.1182266009852215,173,0.5780346820809248
6506786,2020,4,2.0,1,204.0,838.0,4.107843137254902,35,2.857142857142857
6506786,2020,6,5.0,1,205.0,843.0,4.11219512195122,107,0.9345794392523363
6506786,2020,7,4.666666666666667,3,208.0,857.0,4.1201923076923075,391,0.7672634271099744
6506786,2020,8,5.0,2,210.0,867.0,4.128571428571429,226,0.8849557522123894
6506786,2020,9,5.0,1,211.0,872.0,4.132701421800948,160,0.625
6506786,2020,11,4.0,1,212.0,876.0,4.132075471698113,120,0.8333333333333334
6509055,2015,9,2.0,1,1.0,2.0,2.0,238,0.42016806722689076
6509055,2016,4,5.0,1,2.0,7.0,3.5,289,0.34602076124567477
6509055,2016,6,4.0,2,4.0,15.0,3.75,323,0.6191950464396285
6509055,2016,7,5.0,1,5.0,20.0,4.0,531,0.18832391713747645
6509055,2017,2,4.0,1,6.0,24.0,4.0,294,0.3401360544217687
6509055,2017,7,4.0,1,7.0,28.0,4.0,600,0.16666666666666669
6509055,2017,9,3.0,1,8.0,31.0,3.875,304,0.3289473684210526
6509055,2018,6,5.0,1,9.0,36.0,4.0,333,0.3003003003003003
6509055,2018,7,5.0,1,10.0,41.0,4.1,477,0.20964360587002098
6509055,2019,5,4.0,1,11.0,45.0,4.090909090909091,235,0.425531914893617
6509055,2019,6,5.0,1,12.0,50.0,4.166666666666667,271,0.36900369003690037
6509055,2019,7,5.0,1,13.0,55.0,4.230769230769231,451,0.22172949002217296
6509055,2019,11,5.0,1,14.0,60.0,4.285714285714286,288,0.3472222222222222
6509055,2020,7,5.0,1,15.0,65.0,4.333333333333333,391,0.2557544757033248
6509055,2020,12,5.0,1,16.0,70.0,4.375,81,1.2345679012345678
6675006,2014,5,5.0,1,1.0,5.0,5.0,89,1.1235955056179776
6675006,2015,6,3.0,2,3.0,11.0,3.6666666666666665,159,1.257861635220126
6675006,2016,1,3.0,1,4.0,14.0,3.5,279,0.35842293906810035
6675006,2016,2,4.0,1,5.0,18.0,3.6,285,0.3508771929824561
6675006,2016,3,4.0,1,6.0,22.0,3.6666666666666665,348,0.28735632183908044
6675006,2016,6,4.0,1,7.0,26.0,3.7142857142857144,323,0.30959752321981426
6675006,2016,7,5.0,1,8.0,31.0,3.875,531,0.18832391713747645
6675006,2016,9,3.0,1,9.0,34.0,3.7777777777777777,365,0.273972602739726
6675006,2016,11,4.0,1,10.0,38.0,3.8,271,0.36900369003690037
6675006,2016,12,4.0,1,11.0,42.0,3.8181818181818183,260,0.38461538461538464
6675006,2017,1,2.0,1,12.0,44.0,3.6666666666666665,277,0.36101083032490977
6675006,2017,3,1.0,2,14.0,46.0,3.2857142857142856,297,0.6734006734006733
6675006,2017,4,3.0,1,15.0,49.0,3.2666666666666666,312,0.3205128205128205
6675006,2017,7,3.0,1,16.0,52.0,3.25,600,0.16666666666666669
6675006,2017,9,3.0,1,17.0,55.0,3.235294117647059,304,0.3289473684210526
6675006,2017,11,5.0,1,18.0,60.0,3.3333333333333335,321,0.3115264797507788
6675006,2018,1,3.0,1,19.0,63.0,3.3157894736842106,269,0.37174721189591076
6675006,2018,6,3.0,1,20.0,66.0,3.3,333,0.3003003003003003
6675006,2018,7,3.0,1,21.0,69.0,3.2857142857142856,477,0.20964360587002098
6675006,2018,9,3.0,2,23.0,75.0,3.260869565217391,326,0.6134969325153374
6675006,2018,10,4.0,1,24.0,79.0,3.2916666666666665,294,0.3401360544217687
6675006,2018,12,4.0,1,25.0,83.0,3.32,261,0.38314176245210724
6675006,2019,1,3.0,1,26.0,86.0,3.3076923076923075,308,0.3246753246753247
6675006,2019,2,3.0,1,27.0,89.0,3.2962962962962963,232,0.43103448275862066
6675006,2019,4,4.0,1,28.0,93.0,3.3214285714285716,233,0.4291845493562232
6675006,2019,8,5.0,1,29.0,98.0,3.3793103448275863,337,0.2967359050445104
6675006,2019,10,2.0,1,30.0,100.0,3.3333333333333335,298,0.33557046979865773
6675006,2020,2,2.0,2,32.0,104.0,3.25,235,0.851063829787234
6675006,2020,11,1.0,1,33.0,105.0,3.1818181818181817,120,0.8333333333333334
6677986,2014,5,5.0,1,1.0,5.0,5.0,89,1.1235955056179776
6677986,2015,3,4.0,1,2.0,9.0,4.5,160,0.625
6677986,2016,6,4.0,1,3.0,13.0,4.333333333333333,323,0.30959752321981426
6677986,2017,5,4.0,1,4.0,17.0,4.25,327,0.3058103975535168
6677986,2017,6,4.0,1,5.0,21.0,4.2,248,0.4032258064516129
6677986,2018,9,5.0,1,6.0,26.0,4.333333333333333,326,0.3067484662576687
6677986,2019,7,4.0,1,7.0,30.0,4.285714285714286,451,0.22172949002217296
6677986,2020,12,5.0,1,8.0,35.0,4.375,81,1.2345679012345678
6702579,2014,5,4.0,1,1.0,4.0,4.0,89,1.1235955056179776
6702579,2015,7,4.0,1,2.0,8.0,4.0,275,0.36363636363636365
6702579,2016,2,5.0,1,3.0,13.0,4.333333333333333,285,0.3508771929824561
6702579,2016,7,4.0,1,4.0,17.0,4.25,531,0.18832391713747645
6702579,2017,7,4.0,1,5.0,21.0,4.2,600,0.16666666666666669
6702579,2018,7,4.0,1,6.0,25.0,4.166666666666667,477,0.20964360587002098
6702579,2018,8,2.0,1,7.0,27.0,3.857142857142857,506,0.1976284584980237
6702579,2020,7,3.5,2,9.0,34.0,3.7777777777777777,391,0.5115089514066496
6736403,2014,6,3.0,1,1.0,3.0,3.0,85,1.1764705882352942
6736403,2015,7,4.0,1,2.0,7.0,3.5,275,0.36363636363636365
6736403,2015,8,4.0,1,3.0,11.0,3.6666666666666665,283,0.35335689045936397
6736403,2016,3,3.0,1,4.0,14.0,3.5,348,0.28735632183908044
6736403,2016,7,3.0,1,5.0,17.0,3.4,531,0.18832391713747645
6736403,2016,10,4.0,1,6.0,21.0,3.5,371,0.2695417789757413
6736403,2016,11,4.0,1,7.0,25.0,3.5714285714285716,271,0.36900369003690037
6736403,2017,2,4.0,1,8.0,29.0,3.625,294,0.3401360544217687
6736403,2017,7,3.0,1,9.0,32.0,3.5555555555555554,600,0.16666666666666669
6736403,2017,8,5.0,1,10.0,37.0,3.7,456,0.21929824561403508
6736403,2019,1,4.5,2,12.0,46.0,3.8333333333333335,308,0.6493506493506493
6736403,2019,5,5.0,1,13.0,51.0,3.923076923076923,235,0.425531914893617
6736403,2020,6,5.0,1,14.0,56.0,4.0,107,0.9345794392523363
6736403,2020,7,3.0,1,15.0,59.0,3.933333333333333,391,0.2557544757033248
6736403,2020,8,5.0,1,16.0,64.0,4.0,226,0.4424778761061947
6878977,2014,7,3.0,1,1.0,3.0,3.0,98,1.0204081632653061
6878977,2016,6,1.0,2,3.0,5.0,1.6666666666666667,323,0.6191950464396285
6878977,2016,7,5.0,1,4.0,10.0,2.5,531,0.18832391713747645
6878977,2016,8,4.0,1,5.0,14.0,2.8,518,0.19305019305019305
6878977,2016,9,2.0,1,6.0,16.0,2.6666666666666665,365,0.273972602739726
6878977,2016,12,2.0,1,7.0,18.0,2.5714285714285716,260,0.38461538461538464
6878977,2017,7,2.0,1,8.0,20.0,2.5,600,0.16666666666666669
6878977,2017,12,2.0,1,9.0,22.0,2.4444444444444446,261,0.38314176245210724
6878977,2018,2,4.0,1,10.0,26.0,2.6,231,0.4329004329004329
6878977,2018,4,1.0,1,11.0,27.0,2.4545454545454546,246,0.40650406504065045
6878977,2018,5,3.5,2,13.0,34.0,2.6153846153846154,257,0.7782101167315175
6878977,2018,7,4.0,2,15.0,42.0,2.8,477,0.41928721174004197
6878977,2018,8,4.0,2,17.0,50.0,2.9411764705882355,506,0.3952569169960474
6878977,2018,9,3.0,1,18.0,53.0,2.9444444444444446,326,0.3067484662576687
6878977,2020,9,2.5,2,20.0,58.0,2.9,160,1.25
6878977,2020,10,2.0,1,21.0,60.0,2.857142857142857,145,0.6896551724137931
6922178,2014,7,4.0,1,1.0,4.0,4.0,98,1.0204081632653061
6922178,2016,3,4.0,1,2.0,8.0,4.0,348,0.28735632183908044
6922178,2018,7,3.0,1,3.0,11.0,3.6666666666666665,477,0.20964360587002098
6922178,2018,8,4.0,1,4.0,15.0,3.75,506,0.1976284584980237
6922178,2020,7,3.0,1,5.0,18.0,3.6,391,0.2557544757033248
6925730,2014,7,5.0,1,1.0,5.0,5.0,98,1.0204081632653061
6925730,2014,8,4.5,2,3.0,14.0,4.666666666666667,134,1.4925373134328357
6925730,2014,9,5.0,2,5.0,24.0,4.8,132,1.5151515151515151
6925730,2014,10,5.0,1,6.0,29.0,4.833333333333333,118,0.847457627118644
6925730,2014,11,4.5,2,8.0,38.0,4.75,122,1.639344262295082
6925730,2015,3,4.5,2,10.0,47.0,4.7,160,1.25
6925730,2015,5,5.0,1,11.0,52.0,4.7272727272727275,169,0.591715976331361
6925730,2015,6,2.0,1,12.0,54.0,4.5,159,0.628930817610063
6925730,2015,7,3.5,2,14.0,61.0,4.357142857142857,275,0.7272727272727273
6925730,2015,11,5.0,1,15.0,66.0,4.4,149,0.6711409395973155
6925730,2016,1,4.5,2,17.0,75.0,4.411764705882353,279,0.7168458781362007
6925730,2016,3,4.333333333333333,3,20.0,88.0,4.4,348,0.8620689655172413
6925730,2016,4,4.5,2,22.0,97.0,4.409090909090909,289,0.6920415224913495
6925730,2016,5,4.0,1,23.0,101.0,4.391304347826087,255,0.39215686274509803
6925730,2016,6,5.0,1,24.0,106.0,4.416666666666667,323,0.30959752321981426
6925730,2016,7,4.0,2,26.0,114.0,4.384615384615385,531,0.3766478342749529
6925730,2016,12,5.0,1,27.0,119.0,4.407407407407407,260,0.38461538461538464
6925730,2017,1,4.25,4,31.0,136.0,4.387096774193548,277,1.444043321299639
6925730,2017,2,2.0,1,32.0,138.0,4.3125,294,0.3401360544217687
6925730,2017,3,2.5,2,34.0,143.0,4.205882352941177,297,0.6734006734006733
6925730,2017,4,5.0,5,39.0,168.0,4.3076923076923075,312,1.6025641025641024
6925730,2017,5,5.0,3,42.0,183.0,4.357142857142857,327,0.9174311926605505
6925730,2017,6,4.5,2,44.0,192.0,4.363636363636363,248,0.8064516129032258
6925730,2017,7,4.75,8,52.0,230.0,4.423076923076923,600,1.3333333333333335
6925730,2017,8,4.6,5,57.0,253.0,4.43859649122807,456,1.0964912280701753
6925730,2017,9,5.0,1,58.0,258.0,4.448275862068965,304,0.3289473684210526
6925730,2017,10,4.5,2,60.0,267.0,4.45,296,0.6756756756756757
6925730,2017,11,5.0,2,62.0,277.0,4.467741935483871,321,0.6230529595015576
6925730,2017,12,4.0,2,64.0,285.0,4.453125,261,0.7662835249042145
6925730,2018,1,4.0,2,66.0,293.0,4.4393939393939394,269,0.7434944237918215
6925730,2018,2,5.0,1,67.0,298.0,4.447761194029851,231,0.4329004329004329
6925730,2018,3,4.0,2,69.0,306.0,4.434782608695652,349,0.5730659025787965
6925730,2018,4,5.0,1,70.0,311.0,4.442857142857143,246,0.40650406504065045
6925730,2018,5,3.0,2,72.0,317.0,4.402777777777778,257,0.7782101167315175
6925730,2018,6,5.0,1,73.0,322.0,4.410958904109589,333,0.3003003003003003
6925730,2018,7,4.25,4,77.0,339.0,4.402597402597403,477,0.8385744234800839
6925730,2018,8,4.2,5,82.0,360.0,4.390243902439025,506,0.9881422924901186
6925730,2018,9,5.0,2,84.0,370.0,4.404761904761905,326,0.6134969325153374
6925730,2018,10,5.0,1,85.0,375.0,4.411764705882353,294,0.3401360544217687
6925730,2019,1,4.333333333333333,3,88.0,388.0,4.409090909090909,308,0.974025974025974
6925730,2019,2,4.5,2,90.0,397.0,4.411111111111111,232,0.8620689655172413
6925730,2019,3,4.0,3,93.0,409.0,4.397849462365591,265,1.1320754716981132
6925730,2019,6,4.0,1,94.0,413.0,4.3936170212765955,271,0.36900369003690037
6925730,2019,7,3.6,5,99.0,431.0,4.353535353535354,451,1.1086474501108647
6925730,2019,8,4.8,5,104.0,455.0,4.375,337,1.483679525222552
6925730,2019,9,5.0,1,105.0,460.0,4.380952380952381,261,0.38314176245210724
6925730,2019,11,4.0,1,106.0,464.0,4.377358490566038,288,0.3472222222222222
6925730,2020,1,3.0,2,108.0,470.0,4.351851851851852,205,0.975609756097561
6925730,2020,2,5.0,1,109.0,475.0,4.3577981651376145,235,0.425531914893617
6925730,2020,3,5.0,1,110.0,480.0,4.363636363636363,173,0.5780346820809248
6925730,2020,7,5.0,1,111.0,485.0,4.36936936936937,391,0.2557544757033248
6925730,2020,8,4.0,2,113.0,493.0,4.3628318584070795,226,0.8849557522123894
6925730,2020,9,2.6666666666666665,3,116.0,501.0,4.318965517241379,160,1.875
7038633,2014,8,5.0,1,1.0,5.0,5.0,134,0.7462686567164178
7038633,2015,4,4.0,2,3.0,13.0,4.333333333333333,111,1.8018018018018018
7038633,2015,9,5.0,1,4.0,18.0,4.5,238,0.42016806722689076
7038633,2016,1,4.0,1,5.0,22.0,4.4,279,0.35842293906810035
7038633,2016,5,4.0,1,6.0,26.0,4.333333333333333,255,0.39215686274509803
7038633,2016,6,4.5,2,8.0,35.0,4.375,323,0.6191950464396285
7038633,2016,10,4.0,2,10.0,43.0,4.3,371,0.5390835579514826
7038633,2016,11,4.0,1,11.0,47.0,4.2727272727272725,271,0.36900369003690037
7038633,2017,8,5.0,1,12.0,52.0,4.333333333333333,456,0.21929824561403508
7038633,2018,1,5.0,1,13.0,57.0,4.384615384615385,269,0.37174721189591076
7038633,2018,10,4.0,1,14.0,61.0,4.357142857142857,294,0.3401360544217687
7038633,2019,7,5.0,2,16.0,71.0,4.4375,451,0.4434589800443459
7038633,2020,10,4.0,1,17.0,75.0,4.411764705882353,145,0.6896551724137931
7052228,2014,8,3.0,1,1.0,3.0,3.0,134,0.7462686567164178
7052228,2016,7,3.0,1,2.0,6.0,3.0,531,0.18832391713747645
7059165,2014,11,4.0,1,1.0,4.0,4.0,122,0.819672131147541
7059165,2014,12,4.0,1,2.0,8.0,4.0,102,0.9803921568627451
7059165,2015,4,5.0,1,3.0,13.0,4.333333333333333,111,0.9009009009009009
7059165,2015,5,4.0,1,4.0,17.0,4.25,169,0.591715976331361
7059165,2015,9,5.0,1,5.0,22.0,4.4,238,0.42016806722689076
7059165,2015,10,3.0,1,6.0,25.0,4.166666666666667,222,0.45045045045045046
7059165,2015,12,5.0,1,7.0,30.0,4.285714285714286,184,0.5434782608695652
7059165,2016,1,3.0,1,8.0,33.0,4.125,279,0.35842293906810035
7059165,2016,3,4.0,1,9.0,37.0,4.111111111111111,348,0.28735632183908044
7059165,2016,8,4.0,3,12.0,49.0,4.083333333333333,518,0.5791505791505791
7059165,2016,10,4.0,1,13.0,53.0,4.076923076923077,371,0.2695417789757413
7059165,2016,11,4.5,2,15.0,62.0,4.133333333333334,271,0.7380073800738007
7059165,2016,12,4.25,4,19.0,79.0,4.157894736842105,260,1.5384615384615385
7059165,2017,1,4.0,1,20.0,83.0,4.15,277,0.36101083032490977
7059165,2017,3,5.0,2,22.0,93.0,4.2272727272727275,297,0.6734006734006733
7059165,2017,4,5.0,2,24.0,103.0,4.291666666666667,312,0.641025641025641
7059165,2017,5,5.0,2,26.0,113.0,4.346153846153846,327,0.6116207951070336
7059165,2017,6,4.0,1,27.0,117.0,4.333333333333333,248,0.4032258064516129
7059165,2017,7,5.0,3,30.0,132.0,4.4,600,0.5
7059165,2017,8,4.0,3,33.0,144.0,4.363636363636363,456,0.6578947368421052
7059165,2017,9,3.5,2,35.0,151.0,4.314285714285714,304,0.6578947368421052
7059165,2017,10,4.0,1,36.0,155.0,4.305555555555555,296,0.33783783783783783
7059165,2017,12,5.0,1,37.0,160.0,4.324324324324325,261,0.38314176245210724
7059165,2018,1,4.0,1,38.0,164.0,4.315789473684211,269,0.37174721189591076
7059165,2018,3,5.0,2,40.0,174.0,4.35,349,0.5730659025787965
7059165,2018,4,4.0,1,41.0,178.0,4.341463414634147,246,0.40650406504065045
7059165,2018,5,5.0,1,42.0,183.0,4.357142857142857,257,0.38910505836575876
7059165,2018,6,4.0,1,43.0,187.0,4.348837209302325,333,0.3003003003003003
7059165,2018,7,3.5,2,45.0,194.0,4.311111111111111,477,0.41928721174004197
7059165,2018,8,5.0,2,47.0,204.0,4.340425531914893,506,0.3952569169960474
7059165,2018,9,5.0,1,48.0,209.0,4.354166666666667,326,0.3067484662576687
7059165,2018,11,4.0,2,50.0,217.0,4.34,247,0.8097165991902834
7059165,2018,12,5.0,1,51.0,222.0,4.352941176470588,261,0.38314176245210724
7059165,2019,1,4.75,4,55.0,241.0,4.381818181818182,308,1.2987012987012987
7059165,2019,5,5.0,1,56.0,246.0,4.392857142857143,235,0.425531914893617
7059165,2019,7,3.0,1,57.0,249.0,4.368421052631579,451,0.22172949002217296
7059165,2019,8,4.5,2,59.0,258.0,4.372881355932203,337,0.5934718100890208
7059165,2019,9,5.0,1,60.0,263.0,4.383333333333334,261,0.38314176245210724
7059165,2019,10,4.5,2,62.0,272.0,4.387096774193548,298,0.6711409395973155
7059165,2019,12,5.0,1,63.0,277.0,4.396825396825397,197,0.5076142131979695
7059165,2020,2,1.0,1,64.0,278.0,4.34375,235,0.425531914893617
7059165,2020,3,3.0,1,65.0,281.0,4.323076923076923,173,0.5780346820809248
7059165,2020,7,5.0,2,67.0,291.0,4.343283582089552,391,0.5115089514066496
7059165,2020,9,4.0,1,68.0,295.0,4.338235294117647,160,0.625
7071211,2014,9,4.0,1,1.0,4.0,4.0,132,0.7575757575757576
7071211,2014,10,4.0,2,3.0,12.0,4.0,118,1.694915254237288
7071211,2014,12,2.0,1,4.0,14.0,3.5,102,0.9803921568627451
7071211,2015,3,4.0,1,5.0,18.0,3.6,160,0.625
7071211,2015,6,5.0,1,6.0,23.0,3.8333333333333335,159,0.628930817610063
7071211,2015,7,4.0,1,7.0,27.0,3.857142857142857,275,0.36363636363636365
7071211,2015,9,3.0,1,8.0,30.0,3.75,238,0.42016806722689076
7071211,2015,11,5.0,1,9.0,35.0,3.888888888888889,149,0.6711409395973155
7071211,2016,1,4.5,2,11.0,44.0,4.0,279,0.7168458781362007
7071211,2016,3,3.333333333333333,3,14.0,54.0,3.857142857142857,348,0.8620689655172413
7071211,2016,4,4.0,1,15.0,58.0,3.8666666666666667,289,0.34602076124567477
7071211,2016,7,3.0,1,16.0,61.0,3.8125,531,0.18832391713747645
7071211,2016,12,4.0,1,17.0,65.0,3.823529411764706,260,0.38461538461538464
7071211,2017,3,5.0,1,18.0,70.0,3.888888888888889,297,0.33670033670033667
7071211,2017,4,4.5,2,20.0,79.0,3.95,312,0.641025641025641
7071211,2017,6,5.0,1,21.0,84.0,4.0,248,0.4032258064516129
7071211,2017,8,4.0,1,22.0,88.0,4.0,456,0.21929824561403508
7071211,2017,10,4.0,1,23.0,92.0,4.0,296,0.33783783783783783
7071211,2018,1,2.0,1,24.0,94.0,3.9166666666666665,269,0.37174721189591076
7071211,2018,2,1.0,1,25.0,95.0,3.8,231,0.4329004329004329
7071211,2018,3,4.5,2,27.0,104.0,3.8518518518518516,349,0.5730659025787965
7071211,2018,5,4.0,1,28.0,108.0,3.857142857142857,257,0.38910505836575876
7071211,2018,8,5.0,1,29.0,113.0,3.896551724137931,506,0.1976284584980237
7071211,2018,11,4.0,1,30.0,117.0,3.9,247,0.4048582995951417
7071211,2019,6,5.0,1,31.0,122.0,3.935483870967742,271,0.36900369003690037
7071211,2019,11,5.0,1,32.0,127.0,3.96875,288,0.3472222222222222
7071211,2020,2,4.0,1,33.0,131.0,3.9696969696969697,235,0.425531914893617
7125783,2014,11,4.0,1,1.0,4.0,4.0,122,0.819672131147541
7125783,2014,12,5.0,2,3.0,14.0,4.666666666666667,102,1.9607843137254901
7125783,2015,3,4.0,1,4.0,18.0,4.5,160,0.625
7125783,2015,5,3.333333333333333,3,7.0,28.0,4.0,169,1.7751479289940828
7125783,2015,7,4.0,1,8.0,32.0,4.0,275,0.36363636363636365
7125783,2015,10,4.0,1,9.0,36.0,4.0,222,0.45045045045045046
7125783,2016,4,4.333333333333333,3,12.0,49.0,4.083333333333333,289,1.0380622837370241
7125783,2016,5,2.0,1,13.0,51.0,3.923076923076923,255,0.39215686274509803
7125783,2016,6,5.0,1,14.0,56.0,4.0,323,0.30959752321981426
7125783,2016,7,5.0,1,15.0,61.0,4.066666666666666,531,0.18832391713747645
7125783,2016,8,4.666666666666667,3,18.0,75.0,4.166666666666667,518,0.5791505791505791
7125783,2016,9,5.0,1,19.0,80.0,4.2105263157894735,365,0.273972602739726
7125783,2016,10,4.0,1,20.0,84.0,4.2,371,0.2695417789757413
7125783,2016,11,4.5,4,24.0,102.0,4.25,271,1.4760147601476015
7125783,2016,12,5.0,2,26.0,112.0,4.3076923076923075,260,0.7692307692307693
7125783,2017,1,4.5,2,28.0,121.0,4.321428571428571,277,0.7220216606498195
7125783,2017,2,5.0,1,29.0,126.0,4.344827586206897,294,0.3401360544217687
7125783,2017,3,4.0,2,31.0,134.0,4.32258064516129,297,0.6734006734006733
7125783,2017,4,5.0,1,32.0,139.0,4.34375,312,0.3205128205128205
7125783,2017,5,4.0,2,34.0,147.0,4.323529411764706,327,0.6116207951070336
7125783,2017,7,5.0,2,36.0,157.0,4.361111111111111,600,0.33333333333333337
7125783,2017,8,3.5,2,38.0,164.0,4.315789473684211,456,0.43859649122807015
7125783,2017,9,5.0,1,39.0,169.0,4.333333333333333,304,0.3289473684210526
7125783,2018,1,4.0,1,40.0,173.0,4.325,269,0.37174721189591076
7125783,2018,5,5.0,1,41.0,178.0,4.341463414634147,257,0.38910505836575876
7125783,2018,6,3.0,1,42.0,181.0,4.309523809523809,333,0.3003003003003003
7125783,2018,7,4.0,1,43.0,185.0,4.3023255813953485,477,0.20964360587002098
7125783,2018,8,1.0,1,44.0,186.0,4.2272727272727275,506,0.1976284584980237
7125783,2018,12,5.0,1,45.0,191.0,4.2444444444444445,261,0.38314176245210724
7125783,2019,2,4.5,2,47.0,200.0,4.25531914893617,232,0.8620689655172413
7125783,2019,3,4.0,1,48.0,204.0,4.25,265,0.37735849056603776
7125783,2019,5,3.0,1,49.0,207.0,4.224489795918367,235,0.425531914893617
7125783,2019,7,4.0,1,50.0,211.0,4.22,451,0.22172949002217296
7125783,2019,8,5.0,1,51.0,216.0,4.235294117647059,337,0.2967359050445104
7125783,2019,10,5.0,1,52.0,221.0,4.25,298,0.33557046979865773
7125783,2020,2,3.0,1,53.0,224.0,4.226415094339623,235,0.425531914893617
7125783,2020,7,4.0,1,54.0,228.0,4.222222222222222,391,0.2557544757033248
7147204,2015,6,4.0,2,2.0,8.0,4.0,159,1.257861635220126
7147204,2016,3,3.5,2,4.0,15.0,3.75,348,0.5747126436781609
7147204,2016,4,3.0,1,5.0,18.0,3.6,289,0.34602076124567477
7147204,2016,6,3.0,1,6.0,21.0,3.5,323,0.30959752321981426
7147204,2016,8,4.0,1,7.0,25.0,3.5714285714285716,518,0.19305019305019305
7147204,2016,10,4.0,1,8.0,29.0,3.625,371,0.2695417789757413
7147204,2016,12,4.0,1,9.0,33.0,3.6666666666666665,260,0.38461538461538464
7147204,2017,2,3.0,1,10.0,36.0,3.6,294,0.3401360544217687
7147204,2017,3,4.0,1,11.0,40.0,3.6363636363636362,297,0.33670033670033667
7147204,2017,5,4.0,1,12.0,44.0,3.6666666666666665,327,0.3058103975535168
7147204,2017,7,4.0,1,13.0,48.0,3.6923076923076925,600,0.16666666666666669
7147204,2017,8,4.0,1,14.0,52.0,3.7142857142857144,456,0.21929824561403508
7147204,2017,12,5.0,1,15.0,57.0,3.8,261,0.38314176245210724
7147204,2018,1,4.0,1,16.0,61.0,3.8125,269,0.37174721189591076
7147204,2020,8,5.0,1,17.0,66.0,3.8823529411764706,226,0.4424778761061947
7175370,2015,2,5.0,1,1.0,5.0,5.0,134,0.7462686567164178
7175370,2015,4,5.0,1,2.0,10.0,5.0,111,0.9009009009009009
7175370,2015,5,3.5,2,4.0,17.0,4.25,169,1.183431952662722
7175370,2015,6,5.0,1,5.0,22.0,4.4,159,0.628930817610063
7175370,2015,12,5.0,1,6.0,27.0,4.5,184,0.5434782608695652
7175370,2016,4,5.0,1,7.0,32.0,4.571428571428571,289,0.34602076124567477
7175370,2016,6,5.0,1,8.0,37.0,4.625,323,0.30959752321981426
7175370,2016,8,3.0,1,9.0,40.0,4.444444444444445,518,0.19305019305019305
7175370,2016,9,4.0,1,10.0,44.0,4.4,365,0.273972602739726
7175370,2017,1,1.0,1,11.0,45.0,4.090909090909091,277,0.36101083032490977
7175370,2017,11,4.0,1,12.0,49.0,4.083333333333333,321,0.3115264797507788
7179848,2014,10,3.0,2,2.0,6.0,3.0,118,1.694915254237288
7179848,2014,11,3.7777777777777777,9,11.0,40.0,3.6363636363636362,122,7.377049180327869
7179848,2014,12,3.4,10,21.0,74.0,3.5238095238095237,102,9.803921568627452
7179848,2015,1,4.2,15,36.0,137.0,3.8055555555555554,128,11.71875
7179848,2015,2,3.727272727272727,11,47.0,178.0,3.7872340425531914,134,8.208955223880597
7179848,2015,3,3.333333333333333,12,59.0,218.0,3.694915254237288,160,7.5
7179848,2015,4,3.333333333333333,3,62.0,228.0,3.6774193548387095,111,2.7027027027027026
7179848,2015,5,4.2,15,77.0,291.0,3.779220779220779,169,8.875739644970414
7179848,2015,6,3.9166666666666665,12,89.0,338.0,3.797752808988764,159,7.547169811320755
7179848,2015,7,3.588235294117647,17,106.0,399.0,3.7641509433962264,275,6.181818181818182
7179848,2015,8,3.647058823529412,17,123.0,461.0,3.747967479674797,283,6.007067137809187
7179848,2015,9,3.875,8,131.0,492.0,3.7557251908396947,238,3.361344537815126
7179848,2015,10,4.2,15,146.0,555.0,3.8013698630136985,222,6.756756756756757
7179848,2015,11,4.0,9,155.0,591.0,3.8129032258064517,149,6.0402684563758395
7179848,2015,12,4.166666666666667,6,161.0,616.0,3.8260869565217392,184,3.260869565217391
7179848,2016,1,4.333333333333333,18,179.0,694.0,3.877094972067039,279,6.451612903225806
7179848,2016,2,4.222222222222222,18,197.0,770.0,3.9086294416243654,285,6.315789473684211
7179848,2016,3,4.444444444444445,27,224.0,890.0,3.9732142857142856,348,7.758620689655173
7179848,2016,4,4.176470588235294,17,241.0,961.0,3.987551867219917,289,5.88235294117647
7179848,2016,5,4.142857142857143,14,255.0,1019.0,3.996078431372549,255,5.490196078431373
7179848,2016,6,4.1875,16,271.0,1086.0,4.007380073800738,323,4.953560371517028
7179848,2016,7,4.0,31,302.0,1210.0,4.006622516556291,531,5.83804143126177
7179848,2016,8,4.057142857142857,35,337.0,1352.0,4.01186943620178,518,6.756756756756757
7179848,2016,9,4.21875,32,369.0,1487.0,4.029810298102981,365,8.767123287671232
7179848,2016,10,4.258064516129032,31,400.0,1619.0,4.0475,371,8.355795148247978
7179848,2016,11,4.105263157894737,19,419.0,1697.0,4.050119331742243,271,7.011070110701106
7179848,2016,12,4.076923076923077,13,432.0,1750.0,4.050925925925926,260,5.0
7179848,2017,1,3.727272727272727,11,443.0,1791.0,4.042889390519187,277,3.9711191335740073
7179848,2017,2,4.142857142857143,14,457.0,1849.0,4.0459518599562365,294,4.761904761904762
7179848,2017,3,4.153846153846154,13,470.0,1903.0,4.048936170212766,297,4.377104377104377
7179848,2017,4,4.0,17,487.0,1971.0,4.047227926078029,312,5.448717948717949
7179848,2017,5,4.368421052631579,19,506.0,2054.0,4.059288537549407,327,5.81039755351682
7179848,2017,6,4.235294117647059,17,523.0,2126.0,4.065009560229446,248,6.854838709677419
7179848,2017,7,4.161290322580645,31,554.0,2255.0,4.0703971119133575,600,5.166666666666667
7179848,2017,8,4.090909090909091,22,576.0,2345.0,4.071180555555555,456,4.824561403508771
7179848,2017,9,4.428571428571429,14,590.0,2407.0,4.079661016949153,304,4.605263157894736
7179848,2017,10,4.333333333333333,9,599.0,2446.0,4.08347245409015,296,3.040540540540541
7179848,2017,11,3.727272727272727,11,610.0,2487.0,4.077049180327869,321,3.4267912772585665
7179848,2017,12,3.8333333333333335,6,616.0,2510.0,4.074675324675325,261,2.2988505747126435
7179848,2018,1,4.125,16,632.0,2576.0,4.075949367088608,269,5.947955390334572
7179848,2018,2,4.666666666666667,6,638.0,2604.0,4.081504702194358,231,2.5974025974025974
7179848,2018,3,3.875,24,662.0,2697.0,4.074018126888218,349,6.876790830945559
7179848,2018,4,3.6666666666666665,9,671.0,2730.0,4.068554396423249,246,3.6585365853658534
7179848,2018,5,3.6666666666666665,3,674.0,2741.0,4.066765578635015,257,1.1673151750972763
7179848,2018,6,4.333333333333333,9,683.0,2780.0,4.070278184480234,333,2.7027027027027026
7179848,2018,7,3.8181818181818175,11,694.0,2822.0,4.066282420749279,477,2.3060796645702304
7179848,2018,8,4.8,5,699.0,2846.0,4.071530758226038,506,0.9881422924901186
7179848,2018,9,4.6,5,704.0,2869.0,4.075284090909091,326,1.5337423312883436
7179848,2018,10,3.8333333333333335,6,710.0,2892.0,4.073239436619718,294,2.0408163265306123
7179848,2018,11,4.333333333333333,6,716.0,2918.0,4.075418994413408,247,2.42914979757085
7179848,2018,12,4.0,9,725.0,2954.0,4.0744827586206895,261,3.4482758620689653
7179848,2019,1,2.6666666666666665,3,728.0,2962.0,4.068681318681318,308,0.974025974025974
7179848,2019,2,4.166666666666667,6,734.0,2987.0,4.069482288828338,232,2.586206896551724
7179848,2019,3,4.5,4,738.0,3005.0,4.071815718157182,265,1.509433962264151
7179848,2019,4,3.75,4,742.0,3020.0,4.070080862533692,233,1.7167381974248928
7179848,2019,5,4.166666666666667,6,748.0,3045.0,4.070855614973262,235,2.553191489361702
7179848,2019,6,4.111111111111111,9,757.0,3082.0,4.071334214002642,271,3.3210332103321036
7179848,2019,7,4.166666666666667,6,763.0,3107.0,4.072083879423329,451,1.3303769401330376
7179848,2019,8,4.0,8,771.0,3139.0,4.0713359273670555,337,2.3738872403560833
7179848,2019,9,3.6666666666666665,6,777.0,3161.0,4.068211068211069,261,2.2988505747126435
7179848,2019,10,4.44,25,802.0,3272.0,4.079800498753118,298,8.389261744966444
7179848,2019,11,4.32258064516129,31,833.0,3406.0,4.088835534213685,288,10.76388888888889
7179848,2019,12,4.266666666666667,15,848.0,3470.0,4.091981132075472,197,7.614213197969544
7179848,2020,1,4.5,16,864.0,3542.0,4.099537037037037,205,7.804878048780488
7179848,2020,2,3.5,6,870.0,3563.0,4.0954022988505745,235,2.553191489361702
7179848,2020,3,2.6666666666666665,3,873.0,3571.0,4.09049255441008,173,1.7341040462427744
7179848,2020,7,3.2857142857142856,14,887.0,3617.0,4.077790304396843,391,3.580562659846547
7179848,2020,8,3.25,4,891.0,3630.0,4.074074074074074,226,1.7699115044247788
7179848,2020,9,3.333333333333333,3,894.0,3640.0,4.0715883668903805,160,1.875
7179848,2020,10,4.0,3,897.0,3652.0,4.0713489409141586,145,2.0689655172413794
7179848,2020,11,4.0,2,899.0,3660.0,4.0711902113459395,120,1.6666666666666667
7179848,2020,12,4.666666666666667,3,902.0,3674.0,4.073170731707317,81,3.7037037037037033
7211471,2014,11,4.0,2,2.0,8.0,4.0,122,1.639344262295082
7211471,2015,2,5.0,1,3.0,13.0,4.333333333333333,134,0.7462686567164178
7211471,2015,3,5.0,1,4.0,18.0,4.5,160,0.625
7211471,2015,4,5.0,1,5.0,23.0,4.6,111,0.9009009009009009
7211471,2015,5,5.0,2,7.0,33.0,4.714285714285714,169,1.183431952662722
7211471,2015,6,5.0,3,10.0,48.0,4.8,159,1.8867924528301887
7211471,2015,7,4.142857142857143,7,17.0,77.0,4.529411764705882,275,2.5454545454545454
7211471,2015,8,3.5,2,19.0,84.0,4.421052631578948,283,0.7067137809187279
7211471,2015,10,4.5,4,23.0,102.0,4.434782608695652,222,1.8018018018018018
7211471,2015,11,4.666666666666667,3,26.0,116.0,4.461538461538462,149,2.013422818791946
7211471,2015,12,4.333333333333333,3,29.0,129.0,4.448275862068965,184,1.6304347826086956
7211471,2016,1,5.0,1,30.0,134.0,4.466666666666667,279,0.35842293906810035
7211471,2016,2,4.5,2,32.0,143.0,4.46875,285,0.7017543859649122
7211471,2016,3,4.333333333333333,3,35.0,156.0,4.457142857142857,348,0.8620689655172413
7211471,2016,4,4.5,2,37.0,165.0,4.45945945945946,289,0.6920415224913495
7211471,2016,5,5.0,1,38.0,170.0,4.473684210526316,255,0.39215686274509803
7211471,2016,6,5.0,1,39.0,175.0,4.487179487179487,323,0.30959752321981426
7211471,2016,7,4.444444444444445,9,48.0,215.0,4.479166666666667,531,1.694915254237288
7211471,2016,8,4.5,4,52.0,233.0,4.480769230769231,518,0.7722007722007722
7211471,2016,9,4.6,5,57.0,256.0,4.491228070175438,365,1.36986301369863
7211471,2016,10,4.555555555555555,9,66.0,297.0,4.5,371,2.4258760107816713
7211471,2016,11,4.8,5,71.0,321.0,4.52112676056338,271,1.8450184501845017
7211471,2016,12,4.571428571428571,7,78.0,353.0,4.5256410256410255,260,2.6923076923076925
7211471,2017,1,4.0,3,81.0,365.0,4.506172839506172,277,1.083032490974729
7211471,2017,2,4.666666666666667,9,90.0,407.0,4.522222222222222,294,3.061224489795918
7211471,2017,3,4.0,6,96.0,431.0,4.489583333333333,297,2.0202020202020203
7211471,2017,4,5.0,1,97.0,436.0,4.494845360824742,312,0.3205128205128205
7211471,2017,5,4.545454545454546,11,108.0,486.0,4.5,327,3.3639143730886847
7211471,2017,6,4.666666666666667,3,111.0,500.0,4.504504504504505,248,1.2096774193548387
7211471,2017,7,4.666666666666667,18,129.0,584.0,4.5271317829457365,600,3.0
7211471,2017,8,3.857142857142857,7,136.0,611.0,4.492647058823529,456,1.5350877192982455
7211471,2017,9,4.4,5,141.0,633.0,4.48936170212766,304,1.644736842105263
7211471,2017,10,4.857142857142857,7,148.0,667.0,4.506756756756757,296,2.364864864864865
7211471,2017,11,4.333333333333333,3,151.0,680.0,4.503311258278146,321,0.9345794392523363
7211471,2017,12,4.5,4,155.0,698.0,4.503225806451613,261,1.532567049808429
7211471,2018,1,3.333333333333333,3,158.0,708.0,4.481012658227848,269,1.1152416356877324
7211471,2018,2,3.333333333333333,3,161.0,718.0,4.459627329192546,231,1.2987012987012987
7211471,2018,3,4.714285714285714,7,168.0,751.0,4.470238095238095,349,2.005730659025788
7211471,2018,4,3.333333333333333,3,171.0,761.0,4.450292397660819,246,1.2195121951219512
7211471,2018,5,5.0,2,173.0,771.0,4.456647398843931,257,0.7782101167315175
7211471,2018,6,4.5,2,175.0,780.0,4.457142857142857,333,0.6006006006006006
7211471,2018,7,4.285714285714286,7,182.0,810.0,4.450549450549451,477,1.4675052410901468
7211471,2018,8,4.4,5,187.0,832.0,4.449197860962567,506,0.9881422924901186
7211471,2018,9,4.333333333333333,3,190.0,845.0,4.447368421052632,326,0.9202453987730062
7211471,2018,10,5.0,1,191.0,850.0,4.450261780104712,294,0.3401360544217687
7211471,2018,11,4.0,3,194.0,862.0,4.443298969072165,247,1.214574898785425
7211471,2018,12,4.0,2,196.0,870.0,4.438775510204081,261,0.7662835249042145
7211471,2019,1,4.666666666666667,3,199.0,884.0,4.442211055276382,308,0.974025974025974
7211471,2019,2,4.0,8,207.0,916.0,4.42512077294686,232,3.4482758620689653
7211471,2019,3,3.333333333333333,6,213.0,936.0,4.394366197183099,265,2.2641509433962264
7211471,2019,4,4.0,1,214.0,940.0,4.392523364485982,233,0.4291845493562232
7211471,2019,5,4.333333333333333,3,217.0,953.0,4.391705069124424,235,1.276595744680851
7211471,2019,6,4.5,2,219.0,962.0,4.392694063926941,271,0.7380073800738007
7211471,2019,7,3.9,10,229.0,1001.0,4.37117903930131,451,2.2172949002217295
7211471,2019,8,4.5,4,233.0,1019.0,4.373390557939914,337,1.1869436201780417
7211471,2019,9,3.5,4,237.0,1033.0,4.358649789029536,261,1.532567049808429
7211471,2019,10,4.0,1,238.0,1037.0,4.357142857142857,298,0.33557046979865773
7211471,2019,12,4.5,2,240.0,1046.0,4.358333333333333,197,1.015228426395939
7211471,2020,1,4.0,1,241.0,1050.0,4.356846473029045,205,0.4878048780487805
7211471,2020,2,5.0,1,242.0,1055.0,4.359504132231405,235,0.425531914893617
7211471,2020,4,4.0,1,243.0,1059.0,4.3580246913580245,35,2.857142857142857
7211471,2020,7,3.75,4,247.0,1074.0,4.348178137651822,391,1.0230179028132993
7211471,2020,8,4.0,1,248.0,1078.0,4.346774193548387,226,0.4424778761061947
7211471,2020,9,4.0,1,249.0,1082.0,4.3453815261044175,160,0.625
7211471,2020,10,4.333333333333333,3,252.0,1095.0,4.345238095238095,145,2.0689655172413794
7211471,2020,12,5.0,2,254.0,1105.0,4.350393700787402,81,2.4691358024691357
7220818,2015,9,5.0,1,1.0,5.0,5.0,238,0.42016806722689076
7220818,2016,7,4.0,1,2.0,9.0,4.5,531,0.18832391713747645
7220818,2017,1,4.0,1,3.0,13.0,4.333333333333333,277,0.36101083032490977
7220818,2017,9,3.0,1,4.0,16.0,4.0,304,0.3289473684210526
7220818,2018,7,4.333333333333333,3,7.0,29.0,4.142857142857143,477,0.628930817610063
7220818,2019,3,5.0,1,8.0,34.0,4.25,265,0.37735849056603776
7220818,2019,7,3.5,2,10.0,41.0,4.1,451,0.4434589800443459
7220818,2019,10,5.0,1,11.0,46.0,4.181818181818182,298,0.33557046979865773
7258860,2014,11,5.0,1,1.0,5.0,5.0,122,0.819672131147541
7258860,2015,5,5.0,1,2.0,10.0,5.0,169,0.591715976331361
7258860,2015,9,5.0,3,5.0,25.0,5.0,238,1.2605042016806722
7258860,2016,4,5.0,1,6.0,30.0,5.0,289,0.34602076124567477
7258860,2016,5,5.0,1,7.0,35.0,5.0,255,0.39215686274509803
7258860,2016,7,5.0,1,8.0,40.0,5.0,531,0.18832391713747645
7258860,2016,8,5.0,1,9.0,45.0,5.0,518,0.19305019305019305
7258860,2017,2,5.0,1,10.0,50.0,5.0,294,0.3401360544217687
7258860,2017,10,5.0,1,11.0,55.0,5.0,296,0.33783783783783783
7258860,2017,11,4.5,2,13.0,64.0,4.923076923076923,321,0.6230529595015576
7258860,2017,12,5.0,1,14.0,69.0,4.928571428571429,261,0.38314176245210724
7258860,2018,2,5.0,2,16.0,79.0,4.9375,231,0.8658008658008658
7258860,2018,8,5.0,1,17.0,84.0,4.9411764705882355,506,0.1976284584980237
7310382,2015,9,4.5,2,2.0,9.0,4.5,238,0.8403361344537815
7310382,2015,12,4.0,1,3.0,13.0,4.333333333333333,184,0.5434782608695652
7310382,2016,2,3.6666666666666665,3,6.0,24.0,4.0,285,1.0526315789473684
7310382,2016,3,4.0,1,7.0,28.0,4.0,348,0.28735632183908044
7310382,2016,7,5.0,1,8.0,33.0,4.125,531,0.18832391713747645
7310382,2016,8,5.0,1,9.0,38.0,4.222222222222222,518,0.19305019305019305
7310382,2016,9,4.0,1,10.0,42.0,4.2,365,0.273972602739726
7310382,2017,4,3.5,2,12.0,49.0,4.083333333333333,312,0.641025641025641
7310382,2018,3,5.0,1,13.0,54.0,4.153846153846154,349,0.28653295128939826
7346841,2014,12,4.0,1,1.0,4.0,4.0,102,0.9803921568627451
7346841,2015,4,5.0,1,2.0,9.0,4.5,111,0.9009009009009009
7346841,2015,5,4.0,1,3.0,13.0,4.333333333333333,169,0.591715976331361
7346841,2015,8,4.333333333333333,3,6.0,26.0,4.333333333333333,283,1.0600706713780919
7346841,2015,11,2.0,1,7.0,28.0,4.0,149,0.6711409395973155
7346841,2016,3,4.0,1,8.0,32.0,4.0,348,0.28735632183908044
7346841,2016,8,4.0,2,10.0,40.0,4.0,518,0.3861003861003861
7346841,2016,9,3.0,1,11.0,43.0,3.909090909090909,365,0.273972602739726
7346841,2017,2,4.0,1,12.0,47.0,3.9166666666666665,294,0.3401360544217687
7346841,2017,6,2.0,1,13.0,49.0,3.769230769230769,248,0.4032258064516129
7346841,2017,9,3.0,1,14.0,52.0,3.7142857142857144,304,0.3289473684210526
7346841,2017,10,4.0,1,15.0,56.0,3.7333333333333334,296,0.33783783783783783
7346841,2018,4,4.0,2,17.0,64.0,3.764705882352941,246,0.8130081300813009
7346841,2018,5,1.0,1,18.0,65.0,3.611111111111111,257,0.38910505836575876
7366221,2014,5,4.0,1,1.0,4.0,4.0,89,1.1235955056179776
7366221,2014,12,4.0,1,2.0,8.0,4.0,102,0.9803921568627451
7366221,2015,7,2.5,4,6.0,18.0,3.0,275,1.4545454545454546
7366221,2015,8,4.5,2,8.0,27.0,3.375,283,0.7067137809187279
7366221,2015,9,5.0,1,9.0,32.0,3.5555555555555554,238,0.42016806722689076
7366221,2015,10,3.0,1,10.0,35.0,3.5,222,0.45045045045045046
7366221,2015,11,4.0,1,11.0,39.0,3.5454545454545454,149,0.6711409395973155
7366221,2015,12,4.0,2,13.0,47.0,3.6153846153846154,184,1.0869565217391304
7366221,2016,1,3.8333333333333335,6,19.0,70.0,3.6842105263157894,279,2.1505376344086025
7366221,2016,2,3.0,2,21.0,76.0,3.619047619047619,285,0.7017543859649122
7366221,2016,3,5.0,2,23.0,86.0,3.739130434782609,348,0.5747126436781609
7366221,2016,4,2.5,2,25.0,91.0,3.64,289,0.6920415224913495
7366221,2016,5,4.0,1,26.0,95.0,3.6538461538461537,255,0.39215686274509803
7366221,2016,6,4.6,5,31.0,118.0,3.806451612903226,323,1.5479876160990713
7366221,2016,7,4.0,4,35.0,134.0,3.8285714285714287,531,0.7532956685499058
7366221,2016,8,4.0,5,40.0,154.0,3.85,518,0.9652509652509652
7366221,2016,9,4.5,2,42.0,163.0,3.880952380952381,365,0.547945205479452
7366221,2016,10,4.0,2,44.0,171.0,3.8863636363636362,371,0.5390835579514826
7366221,2016,11,4.0,1,45.0,175.0,3.888888888888889,271,0.36900369003690037
7366221,2016,12,4.666666666666667,3,48.0,189.0,3.9375,260,1.153846153846154
7366221,2017,1,3.5,2,50.0,196.0,3.92,277,0.7220216606498195
7366221,2017,2,4.333333333333333,3,53.0,209.0,3.943396226415094,294,1.0204081632653061
7366221,2017,3,3.333333333333333,3,56.0,219.0,3.9107142857142856,297,1.0101010101010102
7366221,2017,4,4.5,4,60.0,237.0,3.95,312,1.282051282051282
7366221,2017,5,5.0,1,61.0,242.0,3.9672131147540983,327,0.3058103975535168
7366221,2017,7,5.0,2,63.0,252.0,4.0,600,0.33333333333333337
7366221,2017,8,4.0,3,66.0,264.0,4.0,456,0.6578947368421052
7366221,2017,9,4.0,4,70.0,280.0,4.0,304,1.3157894736842104
7366221,2017,10,5.0,1,71.0,285.0,4.014084507042254,296,0.33783783783783783
7366221,2017,11,5.0,1,72.0,290.0,4.027777777777778,321,0.3115264797507788
7366221,2018,1,5.0,1,73.0,295.0,4.041095890410959,269,0.37174721189591076
7366221,2018,2,5.0,1,74.0,300.0,4.054054054054054,231,0.4329004329004329
7366221,2018,3,5.0,1,75.0,305.0,4.066666666666666,349,0.28653295128939826
7366221,2018,7,4.5,2,77.0,314.0,4.077922077922078,477,0.41928721174004197
7366221,2018,9,3.6666666666666665,3,80.0,325.0,4.0625,326,0.9202453987730062
7366221,2018,10,2.0,1,81.0,327.0,4.037037037037037,294,0.3401360544217687
7366221,2018,11,5.0,1,82.0,332.0,4.048780487804878,247,0.4048582995951417
7366221,2018,12,5.0,1,83.0,337.0,4.0602409638554215,261,0.38314176245210724
7366221,2019,1,4.0,1,84.0,341.0,4.059523809523809,308,0.3246753246753247
7366221,2019,5,4.0,1,85.0,345.0,4.0588235294117645,235,0.425531914893617
7366221,2019,7,4.333333333333333,3,88.0,358.0,4.068181818181818,451,0.6651884700665188
7366221,2019,8,4.0,1,89.0,362.0,4.067415730337078,337,0.2967359050445104
7366221,2019,9,2.5,2,91.0,367.0,4.032967032967033,261,0.7662835249042145
7366221,2020,3,3.0,1,92.0,370.0,4.021739130434782,173,0.5780346820809248
7366221,2020,4,5.0,1,93.0,375.0,4.032258064516129,35,2.857142857142857
7366221,2020,7,3.25,4,97.0,388.0,4.0,391,1.0230179028132993
7366221,2020,8,4.0,1,98.0,392.0,4.0,226,0.4424778761061947
7366221,2020,9,3.0,1,99.0,395.0,3.98989898989899,160,0.625
7379012,2015,9,4.0,1,1.0,4.0,4.0,238,0.42016806722689076
7379012,2016,3,5.0,1,2.0,9.0,4.5,348,0.28735632183908044
7379012,2016,4,5.0,1,3.0,14.0,4.666666666666667,289,0.34602076124567477
7379012,2016,10,4.0,1,4.0,18.0,4.5,371,0.2695417789757413
7379012,2018,8,4.0,1,5.0,22.0,4.4,506,0.1976284584980237
7649693,2015,1,4.0,1,1.0,4.0,4.0,128,0.78125
7649693,2018,7,4.0,1,2.0,8.0,4.0,477,0.20964360587002098
7817819,2015,3,2.0,1,1.0,2.0,2.0,160,0.625
7817819,2015,6,3.0,1,2.0,5.0,2.5,159,0.628930817610063
7817819,2015,7,3.0,1,3.0,8.0,2.6666666666666665,275,0.36363636363636365
7817819,2015,8,3.5,2,5.0,15.0,3.0,283,0.7067137809187279
7817819,2015,9,4.5,2,7.0,24.0,3.4285714285714284,238,0.8403361344537815
7817819,2015,11,4.0,1,8.0,28.0,3.5,149,0.6711409395973155
7817819,2015,12,4.0,1,9.0,32.0,3.5555555555555554,184,0.5434782608695652
7817819,2016,1,4.333333333333333,3,12.0,45.0,3.75,279,1.0752688172043012
7817819,2016,2,4.0,1,13.0,49.0,3.769230769230769,285,0.3508771929824561
7817819,2016,3,3.0,2,15.0,55.0,3.6666666666666665,348,0.5747126436781609
7817819,2016,4,4.5,2,17.0,64.0,3.764705882352941,289,0.6920415224913495
7817819,2016,5,4.0,2,19.0,72.0,3.789473684210526,255,0.7843137254901961
7817819,2016,6,4.0,6,25.0,96.0,3.84,323,1.8575851393188854
7817819,2016,7,5.0,2,27.0,106.0,3.925925925925926,531,0.3766478342749529
7817819,2016,8,4.0,3,30.0,118.0,3.933333333333333,518,0.5791505791505791
7817819,2016,9,4.5,2,32.0,127.0,3.96875,365,0.547945205479452
7817819,2016,10,4.666666666666667,3,35.0,141.0,4.0285714285714285,371,0.8086253369272237
7817819,2016,11,4.0,3,38.0,153.0,4.026315789473684,271,1.107011070110701
7817819,2016,12,4.5,2,40.0,162.0,4.05,260,0.7692307692307693
7817819,2017,1,4.0,1,41.0,166.0,4.048780487804878,277,0.36101083032490977
7817819,2017,2,4.0,1,42.0,170.0,4.0476190476190474,294,0.3401360544217687
7817819,2017,3,3.0,1,43.0,173.0,4.023255813953488,297,0.33670033670033667
7817819,2017,4,3.5,2,45.0,180.0,4.0,312,0.641025641025641
7817819,2017,5,4.25,4,49.0,197.0,4.020408163265306,327,1.2232415902140672
7817819,2017,6,4.6,5,54.0,220.0,4.074074074074074,248,2.0161290322580645
7817819,2017,8,4.0,1,55.0,224.0,4.072727272727272,456,0.21929824561403508
7817819,2017,9,3.75,4,59.0,239.0,4.0508474576271185,304,1.3157894736842104
7817819,2017,10,4.666666666666667,3,62.0,253.0,4.080645161290323,296,1.0135135135135136
7817819,2017,11,3.0,2,64.0,259.0,4.046875,321,0.6230529595015576
7817819,2017,12,4.5,4,68.0,277.0,4.073529411764706,261,1.532567049808429
7817819,2018,2,3.75,4,72.0,292.0,4.055555555555555,231,1.7316017316017316
7817819,2018,3,4.5,2,74.0,301.0,4.0675675675675675,349,0.5730659025787965
7817819,2018,4,3.5,2,76.0,308.0,4.052631578947368,246,0.8130081300813009
7817819,2018,5,4.0,1,77.0,312.0,4.0519480519480515,257,0.38910505836575876
7817819,2018,6,4.0,2,79.0,320.0,4.050632911392405,333,0.6006006006006006
7817819,2018,7,3.0,1,80.0,323.0,4.0375,477,0.20964360587002098
7817819,2018,8,5.0,3,83.0,338.0,4.072289156626506,506,0.592885375494071
7817819,2018,9,4.666666666666667,6,89.0,366.0,4.112359550561798,326,1.8404907975460123
7817819,2018,11,5.0,1,90.0,371.0,4.122222222222222,247,0.4048582995951417
7817819,2018,12,5.0,1,91.0,376.0,4.131868131868132,261,0.38314176245210724
7817819,2019,2,5.0,1,92.0,381.0,4.141304347826087,232,0.43103448275862066
7817819,2019,4,5.0,1,93.0,386.0,4.150537634408602,233,0.4291845493562232
7817819,2019,5,5.0,2,95.0,396.0,4.168421052631579,235,0.851063829787234
7817819,2019,7,5.0,2,97.0,406.0,4.185567010309279,451,0.4434589800443459
7817819,2019,8,4.0,1,98.0,410.0,4.183673469387755,337,0.2967359050445104
7817819,2019,9,5.0,1,99.0,415.0,4.191919191919192,261,0.38314176245210724
7817819,2019,12,4.0,3,102.0,427.0,4.186274509803922,197,1.5228426395939088
7817819,2020,2,4.0,5,107.0,447.0,4.177570093457944,235,2.127659574468085
7817819,2020,6,4.0,1,108.0,451.0,4.175925925925926,107,0.9345794392523363
7817819,2020,7,4.0,3,111.0,463.0,4.171171171171171,391,0.7672634271099744
7817819,2020,8,4.0,1,112.0,467.0,4.169642857142857,226,0.4424778761061947
7817819,2020,11,4.0,1,113.0,471.0,4.168141592920354,120,0.8333333333333334
7824985,2015,3,4.0,1,1.0,4.0,4.0,160,0.625
7824985,2015,5,4.0,1,2.0,8.0,4.0,169,0.591715976331361
7824985,2015,8,5.0,1,3.0,13.0,4.333333333333333,283,0.35335689045936397
7824985,2016,1,3.0,1,4.0,16.0,4.0,279,0.35842293906810035
7824985,2016,2,5.0,1,5.0,21.0,4.2,285,0.3508771929824561
7824985,2016,3,5.0,1,6.0,26.0,4.333333333333333,348,0.28735632183908044
7824985,2016,12,4.0,1,7.0,30.0,4.285714285714286,260,0.38461538461538464
7824985,2017,3,4.0,1,8.0,34.0,4.25,297,0.33670033670033667
7824985,2017,4,5.0,1,9.0,39.0,4.333333333333333,312,0.3205128205128205
7824985,2017,10,4.0,1,10.0,43.0,4.3,296,0.33783783783783783
7824985,2018,2,4.0,1,11.0,47.0,4.2727272727272725,231,0.4329004329004329
7824985,2018,6,5.0,1,12.0,52.0,4.333333333333333,333,0.3003003003003003
7824985,2019,5,5.0,1,13.0,57.0,4.384615384615385,235,0.425531914893617
7824985,2019,7,3.0,1,14.0,60.0,4.285714285714286,451,0.22172949002217296
7886311,2015,3,2.0,1,1.0,2.0,2.0,160,0.625
7886311,2016,1,4.5,2,3.0,11.0,3.6666666666666665,279,0.7168458781362007
7886311,2016,3,4.0,2,5.0,19.0,3.8,348,0.5747126436781609
7886311,2016,4,4.0,1,6.0,23.0,3.8333333333333335,289,0.34602076124567477
7886311,2017,2,4.0,1,7.0,27.0,3.857142857142857,294,0.3401360544217687
7886311,2018,9,4.0,1,8.0,31.0,3.875,326,0.3067484662576687
7886311,2018,10,3.0,1,9.0,34.0,3.7777777777777777,294,0.3401360544217687
7886311,2019,12,3.0,1,10.0,37.0,3.7,197,0.5076142131979695
7886311,2020,10,5.0,1,11.0,42.0,3.8181818181818183,145,0.6896551724137931
7988554,2015,5,4.0,1,1.0,4.0,4.0,169,0.591715976331361
7988554,2016,12,5.0,1,2.0,9.0,4.5,260,0.38461538461538464
7988554,2019,4,5.0,1,3.0,14.0,4.666666666666667,233,0.4291845493562232
8001272,2015,7,5.0,1,1.0,5.0,5.0,275,0.36363636363636365
8001272,2015,8,5.0,1,2.0,10.0,5.0,283,0.35335689045936397
8001272,2015,9,4.333333333333333,3,5.0,23.0,4.6,238,1.2605042016806722
8001272,2015,12,1.5,2,7.0,26.0,3.7142857142857144,184,1.0869565217391304
8001272,2016,1,5.0,2,9.0,36.0,4.0,279,0.7168458781362007
8001272,2016,7,3.0,1,10.0,39.0,3.9,531,0.18832391713747645
8001272,2016,12,3.0,1,11.0,42.0,3.8181818181818183,260,0.38461538461538464
8001272,2017,1,5.0,1,12.0,47.0,3.9166666666666665,277,0.36101083032490977
8025264,2015,5,4.0,1,1.0,4.0,4.0,169,0.591715976331361
8025264,2015,9,4.5,2,3.0,13.0,4.333333333333333,238,0.8403361344537815
8025264,2015,10,5.0,1,4.0,18.0,4.5,222,0.45045045045045046
8025264,2016,1,5.0,1,5.0,23.0,4.6,279,0.35842293906810035
8025264,2016,2,5.0,1,6.0,28.0,4.666666666666667,285,0.3508771929824561
8025264,2016,3,5.0,1,7.0,33.0,4.714285714285714,348,0.28735632183908044
8025264,2016,4,5.0,3,10.0,48.0,4.8,289,1.0380622837370241
8025264,2016,5,5.0,1,11.0,53.0,4.818181818181818,255,0.39215686274509803
8025264,2016,7,4.0,3,14.0,65.0,4.642857142857143,531,0.5649717514124294
8025264,2016,8,5.0,2,16.0,75.0,4.6875,518,0.3861003861003861
8025264,2016,9,4.5,2,18.0,84.0,4.666666666666667,365,0.547945205479452
8025264,2016,10,4.5,2,20.0,93.0,4.65,371,0.5390835579514826
8025264,2016,11,5.0,1,21.0,98.0,4.666666666666667,271,0.36900369003690037
8025264,2016,12,4.833333333333333,6,27.0,127.0,4.703703703703703,260,2.307692307692308
8025264,2017,1,4.5,2,29.0,136.0,4.689655172413793,277,0.7220216606498195
8025264,2017,2,4.666666666666667,3,32.0,150.0,4.6875,294,1.0204081632653061
8025264,2017,3,5.0,2,34.0,160.0,4.705882352941177,297,0.6734006734006733
8025264,2017,5,4.0,1,35.0,164.0,4.685714285714286,327,0.3058103975535168
8025264,2017,6,5.0,2,37.0,174.0,4.702702702702703,248,0.8064516129032258
8025264,2017,7,4.666666666666667,3,40.0,188.0,4.7,600,0.5
8025264,2017,8,4.0,1,41.0,192.0,4.682926829268292,456,0.21929824561403508
8025264,2017,9,4.5,2,43.0,201.0,4.674418604651163,304,0.6578947368421052
8025264,2017,10,5.0,2,45.0,211.0,4.688888888888889,296,0.6756756756756757
8025264,2017,11,2.0,2,47.0,215.0,4.574468085106383,321,0.6230529595015576
8025264,2018,1,3.0,2,49.0,221.0,4.510204081632653,269,0.7434944237918215
8025264,2018,2,3.0,1,50.0,224.0,4.48,231,0.4329004329004329
8025264,2018,3,4.0,1,51.0,228.0,4.470588235294118,349,0.28653295128939826
8025264,2018,4,5.0,1,52.0,233.0,4.480769230769231,246,0.40650406504065045
8025264,2018,5,5.0,1,53.0,238.0,4.490566037735849,257,0.38910505836575876
8025264,2018,6,4.0,1,54.0,242.0,4.481481481481482,333,0.3003003003003003
8025264,2018,8,5.0,2,56.0,252.0,4.5,506,0.3952569169960474
8025264,2018,9,3.0,2,58.0,258.0,4.448275862068965,326,0.6134969325153374
8025264,2019,7,2.5,2,60.0,263.0,4.383333333333334,451,0.4434589800443459
8046125,2015,5,5.0,2,2.0,10.0,5.0,169,1.183431952662722
8046125,2015,9,4.0,2,4.0,18.0,4.5,238,0.8403361344537815
8046125,2016,1,4.0,1,5.0,22.0,4.4,279,0.35842293906810035
8046125,2016,2,5.0,1,6.0,27.0,4.5,285,0.3508771929824561
8046125,2016,3,2.0,1,7.0,29.0,4.142857142857143,348,0.28735632183908044
8046125,2016,6,4.666666666666667,6,13.0,57.0,4.384615384615385,323,1.8575851393188854
8046125,2016,7,4.5,2,15.0,66.0,4.4,531,0.3766478342749529
8046125,2016,8,5.0,1,16.0,71.0,4.4375,518,0.19305019305019305
8046125,2016,9,4.0,4,20.0,87.0,4.35,365,1.095890410958904
8046125,2016,12,4.0,1,21.0,91.0,4.333333333333333,260,0.38461538461538464
8046125,2017,2,3.5,2,23.0,98.0,4.260869565217392,294,0.6802721088435374
8046125,2017,4,4.5,2,25.0,107.0,4.28,312,0.641025641025641
8046125,2017,5,5.0,1,26.0,112.0,4.3076923076923075,327,0.3058103975535168
8046125,2017,7,3.8,5,31.0,131.0,4.225806451612903,600,0.8333333333333334
8046125,2017,8,4.5,2,33.0,140.0,4.242424242424242,456,0.43859649122807015
8046125,2017,10,4.5,2,35.0,149.0,4.257142857142857,296,0.6756756756756757
8046125,2017,11,3.5,2,37.0,156.0,4.216216216216216,321,0.6230529595015576
8046125,2018,2,3.5,2,39.0,163.0,4.17948717948718,231,0.8658008658008658
8046125,2018,5,4.0,1,40.0,167.0,4.175,257,0.38910505836575876
8046125,2018,6,4.0,2,42.0,175.0,4.166666666666667,333,0.6006006006006006
8046125,2018,7,4.375,8,50.0,210.0,4.2,477,1.6771488469601679
8046125,2018,10,1.0,1,51.0,211.0,4.137254901960785,294,0.3401360544217687
8046125,2018,11,5.0,1,52.0,216.0,4.153846153846154,247,0.4048582995951417
8046125,2019,2,3.0,2,54.0,222.0,4.111111111111111,232,0.8620689655172413
8046125,2019,4,2.5,2,56.0,227.0,4.053571428571429,233,0.8583690987124464
8046125,2019,7,4.666666666666667,3,59.0,241.0,4.084745762711864,451,0.6651884700665188
8046125,2019,8,4.5,2,61.0,250.0,4.098360655737705,337,0.5934718100890208
8046125,2019,11,4.0,1,62.0,254.0,4.096774193548387,288,0.3472222222222222
8046125,2020,1,5.0,1,63.0,259.0,4.111111111111111,205,0.4878048780487805
8046125,2020,2,4.0,1,64.0,263.0,4.109375,235,0.425531914893617
8046125,2020,3,5.0,1,65.0,268.0,4.123076923076923,173,0.5780346820809248
8091909,2015,5,4.0,1,1.0,4.0,4.0,169,0.591715976331361
8091909,2015,8,4.0,1,2.0,8.0,4.0,283,0.35335689045936397
8091909,2016,3,4.0,1,3.0,12.0,4.0,348,0.28735632183908044
8091909,2016,6,5.0,1,4.0,17.0,4.25,323,0.30959752321981426
8091909,2016,7,3.0,1,5.0,20.0,4.0,531,0.18832391713747645
8091909,2016,8,4.666666666666667,3,8.0,34.0,4.25,518,0.5791505791505791
8091909,2017,4,5.0,1,9.0,39.0,4.333333333333333,312,0.3205128205128205
8091909,2018,6,5.0,1,10.0,44.0,4.4,333,0.3003003003003003
8091909,2018,8,4.0,1,11.0,48.0,4.363636363636363,506,0.1976284584980237
8091909,2020,3,5.0,1,12.0,53.0,4.416666666666667,173,0.5780346820809248
8091909,2020,8,4.0,1,13.0,57.0,4.384615384615385,226,0.4424778761061947
8099605,2015,5,4.0,1,1.0,4.0,4.0,169,0.591715976331361
8099605,2016,7,4.0,1,2.0,8.0,4.0,531,0.18832391713747645
8223920,2015,6,5.0,2,2.0,10.0,5.0,159,1.257861635220126
8223920,2017,10,5.0,1,3.0,15.0,5.0,296,0.33783783783783783
8272719,2016,8,3.0,1,1.0,3.0,3.0,518,0.19305019305019305
8335599,2015,6,4.0,1,1.0,4.0,4.0,159,0.628930817610063
8335599,2016,9,5.0,1,2.0,9.0,4.5,365,0.273972602739726
8335599,2016,12,4.0,1,3.0,13.0,4.333333333333333,260,0.38461538461538464
8335599,2017,7,5.0,1,4.0,18.0,4.5,600,0.16666666666666669
8335599,2017,8,4.666666666666667,3,7.0,32.0,4.571428571428571,456,0.6578947368421052
8335599,2017,9,4.0,1,8.0,36.0,4.5,304,0.3289473684210526
8335599,2019,3,4.0,1,9.0,40.0,4.444444444444445,265,0.37735849056603776
8335599,2020,7,3.0,1,10.0,43.0,4.3,391,0.2557544757033248
8403481,2015,7,4.0,1,1.0,4.0,4.0,275,0.36363636363636365
8403481,2015,8,3.0,1,2.0,7.0,3.5,283,0.35335689045936397
8403481,2016,2,4.0,1,3.0,11.0,3.6666666666666665,285,0.3508771929824561
8403481,2016,5,2.5,2,5.0,16.0,3.2,255,0.7843137254901961
8403481,2016,9,2.0,1,6.0,18.0,3.0,365,0.273972602739726
8403481,2016,10,4.0,1,7.0,22.0,3.142857142857143,371,0.2695417789757413
8403481,2016,11,3.0,1,8.0,25.0,3.125,271,0.36900369003690037
8403481,2017,1,4.0,1,9.0,29.0,3.2222222222222223,277,0.36101083032490977
8403481,2017,5,3.0,1,10.0,32.0,3.2,327,0.3058103975535168
8403481,2017,6,3.0,1,11.0,35.0,3.1818181818181817,248,0.4032258064516129
8403481,2017,9,1.0,1,12.0,36.0,3.0,304,0.3289473684210526
8403481,2017,11,2.0,1,13.0,38.0,2.923076923076923,321,0.3115264797507788
8403481,2018,2,2.0,1,14.0,40.0,2.857142857142857,231,0.4329004329004329
8403481,2018,4,5.0,1,15.0,45.0,3.0,246,0.40650406504065045
8403481,2018,8,3.0,1,16.0,48.0,3.0,506,0.1976284584980237
8403481,2018,10,4.0,1,17.0,52.0,3.0588235294117645,294,0.3401360544217687
8403481,2018,11,3.0,1,18.0,55.0,3.0555555555555554,247,0.4048582995951417
8403481,2019,3,1.0,1,19.0,56.0,2.9473684210526314,265,0.37735849056603776
8403481,2019,5,5.0,1,20.0,61.0,3.05,235,0.425531914893617
8403481,2019,7,3.0,1,21.0,64.0,3.0476190476190474,451,0.22172949002217296
8403481,2019,9,2.0,3,24.0,70.0,2.9166666666666665,261,1.1494252873563218
8403481,2020,3,2.5,2,26.0,75.0,2.8846153846153846,173,1.1560693641618496
8442393,2015,7,4.0,1,1.0,4.0,4.0,275,0.36363636363636365
8442393,2016,3,4.0,1,2.0,8.0,4.0,348,0.28735632183908044
8442393,2016,6,4.0,1,3.0,12.0,4.0,323,0.30959752321981426
8442393,2018,5,5.0,1,4.0,17.0,4.25,257,0.38910505836575876
8442393,2018,7,4.0,1,5.0,21.0,4.2,477,0.20964360587002098
8442393,2018,9,5.0,1,6.0,26.0,4.333333333333333,326,0.3067484662576687
8449060,2015,7,4.0,1,1.0,4.0,4.0,275,0.36363636363636365
8449060,2015,8,3.0,1,2.0,7.0,3.5,283,0.35335689045936397
8449060,2015,9,3.0,1,3.0,10.0,3.3333333333333335,238,0.42016806722689076
8449060,2016,1,3.5,2,5.0,17.0,3.4,279,0.7168458781362007
8449060,2016,3,4.0,2,7.0,25.0,3.5714285714285716,348,0.5747126436781609
8449060,2016,4,1.0,1,8.0,26.0,3.25,289,0.34602076124567477
8449060,2016,5,5.0,1,9.0,31.0,3.4444444444444446,255,0.39215686274509803
8449060,2016,6,2.0,1,10.0,33.0,3.3,323,0.30959752321981426
8449060,2016,12,4.0,1,11.0,37.0,3.3636363636363638,260,0.38461538461538464
8449060,2017,5,4.0,1,12.0,41.0,3.4166666666666665,327,0.3058103975535168
8449060,2017,7,3.75,4,16.0,56.0,3.5,600,0.6666666666666667
8449060,2017,8,4.0,1,17.0,60.0,3.5294117647058822,456,0.21929824561403508
8449060,2017,11,5.0,1,18.0,65.0,3.611111111111111,321,0.3115264797507788
8449060,2018,3,4.0,1,19.0,69.0,3.6315789473684212,349,0.28653295128939826
8449060,2018,4,5.0,1,20.0,74.0,3.7,246,0.40650406504065045
8449060,2018,6,3.5,2,22.0,81.0,3.6818181818181817,333,0.6006006006006006
8449060,2018,7,4.0,1,23.0,85.0,3.6956521739130435,477,0.20964360587002098
8449060,2018,10,1.0,1,24.0,86.0,3.5833333333333335,294,0.3401360544217687
8449060,2019,1,4.0,1,25.0,90.0,3.6,308,0.3246753246753247
8449060,2019,2,5.0,1,26.0,95.0,3.6538461538461537,232,0.43103448275862066
8449060,2019,7,4.333333333333333,3,29.0,108.0,3.7241379310344827,451,0.6651884700665188
8449060,2019,11,1.0,1,30.0,109.0,3.6333333333333333,288,0.3472222222222222
8449060,2020,7,1.0,1,31.0,110.0,3.5483870967741935,391,0.2557544757033248
8455266,2015,5,3.0,1,1.0,3.0,3.0,169,0.591715976331361
8455266,2015,8,5.0,4,5.0,23.0,4.6,283,1.4134275618374559
8455266,2015,12,5.0,1,6.0,28.0,4.666666666666667,184,0.5434782608695652
8455266,2016,2,5.0,1,7.0,33.0,4.714285714285714,285,0.3508771929824561
8455266,2016,4,5.0,1,8.0,38.0,4.75,289,0.34602076124567477
8455266,2016,7,5.0,1,9.0,43.0,4.777777777777778,531,0.18832391713747645
8455266,2016,8,5.0,2,11.0,53.0,4.818181818181818,518,0.3861003861003861
8455266,2016,9,5.0,2,13.0,63.0,4.846153846153846,365,0.547945205479452
8455266,2016,10,5.0,1,14.0,68.0,4.857142857142857,371,0.2695417789757413
8455266,2017,1,4.0,1,15.0,72.0,4.8,277,0.36101083032490977
8455266,2017,2,5.0,1,16.0,77.0,4.8125,294,0.3401360544217687
8455266,2017,3,5.0,1,17.0,82.0,4.823529411764706,297,0.33670033670033667
8455266,2017,4,5.0,2,19.0,92.0,4.842105263157895,312,0.641025641025641
8455266,2017,8,5.0,2,21.0,102.0,4.857142857142857,456,0.43859649122807015
8455266,2017,10,5.0,1,22.0,107.0,4.863636363636363,296,0.33783783783783783
8455266,2018,1,5.0,1,23.0,112.0,4.869565217391305,269,0.37174721189591076
8455266,2018,5,5.0,1,24.0,117.0,4.875,257,0.38910505836575876
8455266,2018,6,5.0,1,25.0,122.0,4.88,333,0.3003003003003003
8455266,2018,7,5.0,1,26.0,127.0,4.884615384615385,477,0.20964360587002098
8455266,2019,2,5.0,1,27.0,132.0,4.888888888888889,232,0.43103448275862066
8455266,2019,5,5.0,1,28.0,137.0,4.892857142857143,235,0.425531914893617
8455266,2019,7,5.0,1,29.0,142.0,4.896551724137931,451,0.22172949002217296
8455266,2019,9,5.0,1,30.0,147.0,4.9,261,0.38314176245210724
8455266,2019,12,5.0,1,31.0,152.0,4.903225806451613,197,0.5076142131979695
8455266,2020,1,5.0,2,33.0,162.0,4.909090909090909,205,0.975609756097561
8455266,2020,2,5.0,2,35.0,172.0,4.914285714285715,235,0.851063829787234
8455266,2020,7,4.0,1,36.0,176.0,4.888888888888889,391,0.2557544757033248
8459046,2015,6,5.0,1,1.0,5.0,5.0,159,0.628930817610063
8459046,2016,5,4.0,1,2.0,9.0,4.5,255,0.39215686274509803
8459046,2017,6,4.5,2,4.0,18.0,4.5,248,0.8064516129032258
8459046,2017,7,3.0,1,5.0,21.0,4.2,600,0.16666666666666669
8459046,2017,8,4.0,1,6.0,25.0,4.166666666666667,456,0.21929824561403508
8459046,2018,7,4.0,1,7.0,29.0,4.142857142857143,477,0.20964360587002098
8459046,2018,8,3.0,1,8.0,32.0,4.0,506,0.1976284584980237
8459046,2018,12,4.0,1,9.0,36.0,4.0,261,0.38314176245210724
8459046,2019,5,3.0,1,10.0,39.0,3.9,235,0.425531914893617
8476090,2015,7,4.0,1,1.0,4.0,4.0,275,0.36363636363636365
8476090,2015,8,4.0,1,2.0,8.0,4.0,283,0.35335689045936397
8476090,2018,7,4.5,2,4.0,17.0,4.25,477,0.41928721174004197
8476090,2019,6,4.0,1,5.0,21.0,4.2,271,0.36900369003690037
8476090,2019,7,1.0,1,6.0,22.0,3.6666666666666665,451,0.22172949002217296
8476090,2020,7,3.5,2,8.0,29.0,3.625,391,0.5115089514066496
8476090,2020,8,4.0,1,9.0,33.0,3.6666666666666665,226,0.4424778761061947
8478231,2015,7,5.0,1,1.0,5.0,5.0,275,0.36363636363636365
8478231,2015,10,5.0,1,2.0,10.0,5.0,222,0.45045045045045046
8478231,2016,8,4.0,1,3.0,14.0,4.666666666666667,518,0.19305019305019305
8478231,2016,11,4.0,1,4.0,18.0,4.5,271,0.36900369003690037
8478231,2018,7,5.0,1,5.0,23.0,4.6,477,0.20964360587002098
8478231,2019,12,2.0,1,6.0,25.0,4.166666666666667,197,0.5076142131979695
8481963,2015,7,4.0,1,1.0,4.0,4.0,275,0.36363636363636365
8481963,2015,10,5.0,1,2.0,9.0,4.5,222,0.45045045045045046
8481963,2018,8,3.0,1,3.0,12.0,4.0,506,0.1976284584980237
8481963,2019,10,4.0,1,4.0,16.0,4.0,298,0.33557046979865773
8487260,2015,7,2.0,1,1.0,2.0,2.0,275,0.36363636363636365
8499377,2015,8,5.0,1,1.0,5.0,5.0,283,0.35335689045936397
8499377,2016,4,4.0,1,2.0,9.0,4.5,289,0.34602076124567477
8499377,2016,5,3.0,1,3.0,12.0,4.0,255,0.39215686274509803
8499377,2016,6,3.0,2,5.0,18.0,3.6,323,0.6191950464396285
8499377,2016,8,3.0,1,6.0,21.0,3.5,518,0.19305019305019305
8499377,2016,9,4.0,1,7.0,25.0,3.5714285714285716,365,0.273972602739726
8499377,2017,2,5.0,2,9.0,35.0,3.888888888888889,294,0.6802721088435374
8499377,2017,6,5.0,2,11.0,45.0,4.090909090909091,248,0.8064516129032258
8499377,2017,7,4.0,1,12.0,49.0,4.083333333333333,600,0.16666666666666669
8499377,2018,2,4.0,1,13.0,53.0,4.076923076923077,231,0.4329004329004329
8509085,2015,7,4.0,1,1.0,4.0,4.0,275,0.36363636363636365
8509085,2015,8,4.0,2,3.0,12.0,4.0,283,0.7067137809187279
8509085,2015,9,4.0,3,6.0,24.0,4.0,238,1.2605042016806722
8509085,2015,10,4.0,2,8.0,32.0,4.0,222,0.9009009009009009
8509085,2015,11,5.0,1,9.0,37.0,4.111111111111111,149,0.6711409395973155
8509085,2015,12,2.6666666666666665,3,12.0,45.0,3.75,184,1.6304347826086956
8509085,2016,1,4.5,2,14.0,54.0,3.857142857142857,279,0.7168458781362007
8509085,2016,2,4.5,6,20.0,81.0,4.05,285,2.1052631578947367
8509085,2016,3,4.333333333333333,3,23.0,94.0,4.086956521739131,348,0.8620689655172413
8509085,2016,4,4.666666666666667,3,26.0,108.0,4.153846153846154,289,1.0380622837370241
8509085,2016,6,4.666666666666667,3,29.0,122.0,4.206896551724138,323,0.9287925696594427
8509085,2016,7,4.2,5,34.0,143.0,4.205882352941177,531,0.9416195856873822
8509085,2016,8,3.25,4,38.0,156.0,4.105263157894737,518,0.7722007722007722
8509085,2016,9,3.8333333333333335,6,44.0,179.0,4.068181818181818,365,1.643835616438356
8509085,2016,10,4.5,2,46.0,188.0,4.086956521739131,371,0.5390835579514826
8509085,2016,11,3.5,2,48.0,195.0,4.0625,271,0.7380073800738007
8509085,2016,12,3.5,4,52.0,209.0,4.019230769230769,260,1.5384615384615385
8509085,2017,1,3.5,2,54.0,216.0,4.0,277,0.7220216606498195
8509085,2017,2,3.0,4,58.0,228.0,3.9310344827586206,294,1.3605442176870748
8509085,2017,3,4.75,4,62.0,247.0,3.9838709677419355,297,1.3468013468013467
8509085,2017,4,5.0,2,64.0,257.0,4.015625,312,0.641025641025641
8509085,2017,5,3.0,2,66.0,263.0,3.984848484848485,327,0.6116207951070336
8509085,2017,6,3.0,1,67.0,266.0,3.970149253731343,248,0.4032258064516129
8509085,2017,8,4.0,1,68.0,270.0,3.9705882352941178,456,0.21929824561403508
8509085,2017,9,4.5,2,70.0,279.0,3.9857142857142858,304,0.6578947368421052
8509085,2017,10,3.0,1,71.0,282.0,3.971830985915493,296,0.33783783783783783
8509085,2017,12,4.5,2,73.0,291.0,3.9863013698630136,261,0.7662835249042145
8509085,2018,1,4.0,2,75.0,299.0,3.986666666666667,269,0.7434944237918215
8509085,2018,4,5.0,3,78.0,314.0,4.0256410256410255,246,1.2195121951219512
8509085,2018,6,4.5,2,80.0,323.0,4.0375,333,0.6006006006006006
8509085,2018,7,3.333333333333333,3,83.0,333.0,4.0120481927710845,477,0.628930817610063
8509085,2018,8,5.0,4,87.0,353.0,4.057471264367816,506,0.7905138339920948
8509085,2018,9,5.0,2,89.0,363.0,4.078651685393258,326,0.6134969325153374
8509085,2018,11,4.0,1,90.0,367.0,4.0777777777777775,247,0.4048582995951417
8509085,2019,1,5.0,1,91.0,372.0,4.087912087912088,308,0.3246753246753247
8509085,2019,3,4.0,1,92.0,376.0,4.086956521739131,265,0.37735849056603776
8509085,2019,4,5.0,1,93.0,381.0,4.096774193548387,233,0.4291845493562232
8509085,2019,5,4.0,3,96.0,393.0,4.09375,235,1.276595744680851
8509085,2019,8,5.0,1,97.0,398.0,4.103092783505154,337,0.2967359050445104
8509085,2019,10,4.0,1,98.0,402.0,4.1020408163265305,298,0.33557046979865773
8509085,2019,11,5.0,1,99.0,407.0,4.111111111111111,288,0.3472222222222222
8509085,2019,12,4.5,2,101.0,416.0,4.118811881188119,197,1.015228426395939
8509085,2020,2,5.0,1,102.0,421.0,4.127450980392157,235,0.425531914893617
8509085,2020,6,4.0,1,103.0,425.0,4.12621359223301,107,0.9345794392523363
8509085,2020,8,2.0,2,105.0,429.0,4.085714285714285,226,0.8849557522123894
8509085,2020,10,4.0,1,106.0,433.0,4.084905660377358,145,0.6896551724137931
8514152,2015,8,4.666666666666667,6,6.0,28.0,4.666666666666667,283,2.1201413427561837
8514152,2015,9,4.5,8,14.0,64.0,4.571428571428571,238,3.361344537815126
8514152,2015,10,4.5,4,18.0,82.0,4.555555555555555,222,1.8018018018018018
8514152,2015,11,4.5,2,20.0,91.0,4.55,149,1.342281879194631
8514152,2015,12,5.0,3,23.0,106.0,4.608695652173913,184,1.6304347826086956
8514152,2016,1,4.285714285714286,7,30.0,136.0,4.533333333333333,279,2.5089605734767026
8514152,2016,2,4.166666666666667,6,36.0,161.0,4.472222222222222,285,2.1052631578947367
8514152,2016,3,4.5,4,40.0,179.0,4.475,348,1.1494252873563218
8514152,2016,4,5.0,3,43.0,194.0,4.511627906976744,289,1.0380622837370241
8514152,2016,5,5.0,5,48.0,219.0,4.5625,255,1.9607843137254901
8514152,2016,6,4.8,5,53.0,243.0,4.584905660377358,323,1.5479876160990713
8514152,2016,7,4.5,12,65.0,297.0,4.569230769230769,531,2.2598870056497176
8514152,2016,8,4.0,14,79.0,353.0,4.468354430379747,518,2.7027027027027026
8514152,2016,9,4.5,8,87.0,389.0,4.471264367816092,365,2.191780821917808
8514152,2016,10,4.5,8,95.0,425.0,4.473684210526316,371,2.15633423180593
8514152,2016,11,4.714285714285714,7,102.0,458.0,4.490196078431373,271,2.5830258302583027
8514152,2016,12,4.0,4,106.0,474.0,4.471698113207547,260,1.5384615384615385
8514152,2017,1,5.0,1,107.0,479.0,4.4766355140186915,277,0.36101083032490977
8514152,2017,2,4.0,2,109.0,487.0,4.467889908256881,294,0.6802721088435374
8514152,2017,3,5.0,2,111.0,497.0,4.4774774774774775,297,0.6734006734006733
8514152,2017,4,4.5,4,115.0,515.0,4.478260869565218,312,1.282051282051282
8514152,2017,5,4.75,4,119.0,534.0,4.487394957983193,327,1.2232415902140672
8514152,2017,6,3.0,2,121.0,540.0,4.462809917355372,248,0.8064516129032258
8514152,2017,7,4.375,8,129.0,575.0,4.457364341085271,600,1.3333333333333335
8514152,2017,8,4.166666666666667,6,135.0,600.0,4.444444444444445,456,1.3157894736842104
8514152,2017,9,4.5,4,139.0,618.0,4.446043165467626,304,1.3157894736842104
8514152,2017,10,4.5,4,143.0,636.0,4.4475524475524475,296,1.3513513513513513
8514152,2017,11,5.0,3,146.0,651.0,4.458904109589041,321,0.9345794392523363
8514152,2017,12,4.5,2,148.0,660.0,4.45945945945946,261,0.7662835249042145
8514152,2018,2,3.0,1,149.0,663.0,4.449664429530201,231,0.4329004329004329
8514152,2018,3,5.0,1,150.0,668.0,4.453333333333333,349,0.28653295128939826
8514152,2018,4,3.333333333333333,3,153.0,678.0,4.431372549019608,246,1.2195121951219512
8514152,2018,5,5.0,1,154.0,683.0,4.435064935064935,257,0.38910505836575876
8514152,2018,6,4.333333333333333,3,157.0,696.0,4.43312101910828,333,0.9009009009009009
8514152,2018,7,4.0,2,159.0,704.0,4.427672955974843,477,0.41928721174004197
8514152,2018,8,3.75,4,163.0,719.0,4.411042944785276,506,0.7905138339920948
8514152,2018,9,5.0,2,165.0,729.0,4.418181818181818,326,0.6134969325153374
8514152,2018,11,5.0,3,168.0,744.0,4.428571428571429,247,1.214574898785425
8514152,2018,12,5.0,1,169.0,749.0,4.431952662721893,261,0.38314176245210724
8514152,2019,1,3.6666666666666665,6,175.0,771.0,4.405714285714286,308,1.948051948051948
8514152,2019,2,4.0,2,177.0,779.0,4.401129943502825,232,0.8620689655172413
8514152,2019,4,4.5,2,179.0,788.0,4.402234636871508,233,0.8583690987124464
8514152,2019,5,4.8,5,184.0,812.0,4.413043478260869,235,2.127659574468085
8514152,2019,6,4.0,3,187.0,824.0,4.406417112299465,271,1.107011070110701
8514152,2019,7,4.333333333333333,3,190.0,837.0,4.405263157894737,451,0.6651884700665188
8514152,2019,8,3.333333333333333,3,193.0,847.0,4.38860103626943,337,0.8902077151335311
8514152,2019,9,5.0,2,195.0,857.0,4.394871794871795,261,0.7662835249042145
8514152,2019,10,4.0,5,200.0,877.0,4.385,298,1.6778523489932886
8514152,2020,1,5.0,1,201.0,882.0,4.388059701492537,205,0.4878048780487805
8514152,2020,3,4.0,2,203.0,890.0,4.384236453201971,173,1.1560693641618496
8514152,2020,7,4.0,2,205.0,898.0,4.380487804878049,391,0.5115089514066496
8531767,2015,8,3.0,1,1.0,3.0,3.0,283,0.35335689045936397
8531767,2016,2,4.0,1,2.0,7.0,3.5,285,0.3508771929824561
8531767,2016,3,4.0,2,4.0,15.0,3.75,348,0.5747126436781609
8541916,2015,8,5.0,1,1.0,5.0,5.0,283,0.35335689045936397
8541916,2015,10,3.0,1,2.0,8.0,4.0,222,0.45045045045045046
8541916,2015,12,3.5,2,4.0,15.0,3.75,184,1.0869565217391304
8541916,2016,8,3.0,1,5.0,18.0,3.6,518,0.19305019305019305
8541916,2017,8,3.0,1,6.0,21.0,3.5,456,0.21929824561403508
8541916,2018,9,5.0,1,7.0,26.0,3.7142857142857144,326,0.3067484662576687
8541916,2020,12,2.0,1,8.0,28.0,3.5,81,1.2345679012345678
8547266,2015,8,5.0,1,1.0,5.0,5.0,283,0.35335689045936397
8547266,2016,7,4.0,1,2.0,9.0,4.5,531,0.18832391713747645
8547266,2018,7,3.5,2,4.0,16.0,4.0,477,0.41928721174004197
8547266,2020,6,3.0,1,5.0,19.0,3.8,107,0.9345794392523363
8547266,2020,8,4.0,1,6.0,23.0,3.8333333333333335,226,0.4424778761061947
8555497,2015,8,3.0,1,1.0,3.0,3.0,283,0.35335689045936397
8555497,2015,9,4.0,1,2.0,7.0,3.5,238,0.42016806722689076
8555497,2016,2,3.0,1,3.0,10.0,3.3333333333333335,285,0.3508771929824561
8555497,2016,3,4.0,1,4.0,14.0,3.5,348,0.28735632183908044
8555497,2016,6,4.0,1,5.0,18.0,3.6,323,0.30959752321981426
8555497,2016,12,5.0,1,6.0,23.0,3.8333333333333335,260,0.38461538461538464
8555497,2017,7,4.0,1,7.0,27.0,3.857142857142857,600,0.16666666666666669
8555497,2018,7,4.0,2,9.0,35.0,3.888888888888889,477,0.41928721174004197
8555497,2018,9,5.0,1,10.0,40.0,4.0,326,0.3067484662576687
8555497,2020,9,4.0,1,11.0,44.0,4.0,160,0.625
8555499,2015,8,5.0,1,1.0,5.0,5.0,283,0.35335689045936397
8555499,2018,7,5.0,1,2.0,10.0,5.0,477,0.20964360587002098
8565594,2017,7,5.0,1,1.0,5.0,5.0,600,0.16666666666666669
8565594,2018,3,4.0,1,2.0,9.0,4.5,349,0.28653295128939826
8567447,2015,8,3.0,1,1.0,3.0,3.0,283,0.35335689045936397
8567447,2015,9,4.0,1,2.0,7.0,3.5,238,0.42016806722689076
8567447,2015,10,3.0,1,3.0,10.0,3.3333333333333335,222,0.45045045045045046
8567447,2015,12,3.333333333333333,3,6.0,20.0,3.3333333333333335,184,1.6304347826086956
8567447,2016,1,3.5,2,8.0,27.0,3.375,279,0.7168458781362007
8567447,2016,3,4.666666666666667,3,11.0,41.0,3.727272727272727,348,0.8620689655172413
8567447,2016,4,4.333333333333333,3,14.0,54.0,3.857142857142857,289,1.0380622837370241
8567447,2016,7,4.0,1,15.0,58.0,3.8666666666666667,531,0.18832391713747645
8567447,2016,9,4.0,3,18.0,70.0,3.888888888888889,365,0.821917808219178
8567447,2016,10,3.5,2,20.0,77.0,3.85,371,0.5390835579514826
8567447,2017,1,5.0,1,21.0,82.0,3.9047619047619047,277,0.36101083032490977
8567447,2017,2,5.0,1,22.0,87.0,3.9545454545454546,294,0.3401360544217687
8567447,2017,3,5.0,1,23.0,92.0,4.0,297,0.33670033670033667
8567447,2017,4,4.0,1,24.0,96.0,4.0,312,0.3205128205128205
8567447,2017,5,4.5,2,26.0,105.0,4.038461538461538,327,0.6116207951070336
8567447,2017,7,4.5,2,28.0,114.0,4.071428571428571,600,0.33333333333333337
8567447,2017,8,4.0,1,29.0,118.0,4.068965517241379,456,0.21929824561403508
8567447,2017,9,4.5,2,31.0,127.0,4.096774193548387,304,0.6578947368421052
8567447,2017,10,3.0,1,32.0,130.0,4.0625,296,0.33783783783783783
8567447,2018,2,5.0,1,33.0,135.0,4.090909090909091,231,0.4329004329004329
8567447,2018,5,4.0,3,36.0,147.0,4.083333333333333,257,1.1673151750972763
8567447,2018,6,4.0,1,37.0,151.0,4.081081081081081,333,0.3003003003003003
8567447,2018,8,4.0,1,38.0,155.0,4.078947368421052,506,0.1976284584980237
8567447,2018,9,4.0,2,40.0,163.0,4.075,326,0.6134969325153374
8567447,2018,10,4.5,2,42.0,172.0,4.095238095238095,294,0.6802721088435374
8567447,2018,11,5.0,1,43.0,177.0,4.116279069767442,247,0.4048582995951417
8567447,2019,5,4.0,1,44.0,181.0,4.113636363636363,235,0.425531914893617
8567447,2019,7,4.0,1,45.0,185.0,4.111111111111111,451,0.22172949002217296
8567447,2019,8,3.0,1,46.0,188.0,4.086956521739131,337,0.2967359050445104
8567447,2019,9,4.0,1,47.0,192.0,4.085106382978723,261,0.38314176245210724
8567447,2020,8,4.0,1,48.0,196.0,4.083333333333333,226,0.4424778761061947
8568528,2015,8,4.0,1,1.0,4.0,4.0,283,0.35335689045936397
8568528,2015,9,4.0,1,2.0,8.0,4.0,238,0.42016806722689076
8568528,2015,11,5.0,1,3.0,13.0,4.333333333333333,149,0.6711409395973155
8568528,2015,12,4.0,1,4.0,17.0,4.25,184,0.5434782608695652
8568528,2016,1,3.333333333333333,3,7.0,27.0,3.857142857142857,279,1.0752688172043012
8568528,2016,2,4.333333333333333,3,10.0,40.0,4.0,285,1.0526315789473684
8568528,2016,3,3.5,2,12.0,47.0,3.9166666666666665,348,0.5747126436781609
8568528,2016,4,4.0,2,14.0,55.0,3.9285714285714284,289,0.6920415224913495
8568528,2016,7,4.0,2,16.0,63.0,3.9375,531,0.3766478342749529
8568528,2016,9,4.5,2,18.0,72.0,4.0,365,0.547945205479452
8568528,2017,3,5.0,1,19.0,77.0,4.052631578947368,297,0.33670033670033667
8568528,2017,7,4.0,2,21.0,85.0,4.0476190476190474,600,0.33333333333333337
8568528,2017,8,3.333333333333333,3,24.0,95.0,3.9583333333333335,456,0.6578947368421052
8568528,2017,9,4.0,1,25.0,99.0,3.96,304,0.3289473684210526
8568528,2018,1,4.0,1,26.0,103.0,3.9615384615384617,269,0.37174721189591076
8568528,2018,3,4.0,1,27.0,107.0,3.962962962962963,349,0.28653295128939826
8568528,2018,5,4.0,2,29.0,115.0,3.9655172413793105,257,0.7782101167315175
8568528,2018,6,4.0,2,31.0,123.0,3.967741935483871,333,0.6006006006006006
8568528,2018,7,4.0,3,34.0,135.0,3.9705882352941178,477,0.628930817610063
8568528,2018,8,4.0,1,35.0,139.0,3.9714285714285715,506,0.1976284584980237
8568528,2018,9,3.0,1,36.0,142.0,3.9444444444444446,326,0.3067484662576687
8568528,2018,10,4.666666666666667,3,39.0,156.0,4.0,294,1.0204081632653061
8568528,2019,7,5.0,1,40.0,161.0,4.025,451,0.22172949002217296
8568528,2019,9,4.0,1,41.0,165.0,4.024390243902439,261,0.38314176245210724
8568528,2020,2,3.5,2,43.0,172.0,4.0,235,0.851063829787234
8568528,2020,6,4.0,1,44.0,176.0,4.0,107,0.9345794392523363
8569759,2015,11,5.0,1,1.0,5.0,5.0,149,0.6711409395973155
8569759,2016,2,3.0,1,2.0,8.0,4.0,285,0.3508771929824561
8569759,2016,5,4.0,1,3.0,12.0,4.0,255,0.39215686274509803
8569759,2016,11,5.0,1,4.0,17.0,4.25,271,0.36900369003690037
8569759,2017,3,5.0,2,6.0,27.0,4.5,297,0.6734006734006733
8569759,2017,4,5.0,1,7.0,32.0,4.571428571428571,312,0.3205128205128205
8569759,2017,7,5.0,1,8.0,37.0,4.625,600,0.16666666666666669
8569759,2018,2,4.0,2,10.0,45.0,4.5,231,0.8658008658008658
8569759,2018,3,4.5,4,14.0,63.0,4.5,349,1.146131805157593
8569759,2018,7,3.0,1,15.0,66.0,4.4,477,0.20964360587002098
8569759,2018,8,4.0,2,17.0,74.0,4.352941176470588,506,0.3952569169960474
8569759,2019,1,5.0,1,18.0,79.0,4.388888888888889,308,0.3246753246753247
8569759,2019,2,4.0,3,21.0,91.0,4.333333333333333,232,1.293103448275862
8569759,2019,3,5.0,1,22.0,96.0,4.363636363636363,265,0.37735849056603776
8569759,2019,12,4.0,1,23.0,100.0,4.3478260869565215,197,0.5076142131979695
8569759,2020,1,4.0,1,24.0,104.0,4.333333333333333,205,0.4878048780487805
8586246,2015,9,5.0,1,1.0,5.0,5.0,238,0.42016806722689076
8586246,2015,10,5.0,2,3.0,15.0,5.0,222,0.9009009009009009
8586246,2016,2,5.0,1,4.0,20.0,5.0,285,0.3508771929824561
8586246,2016,4,5.0,2,6.0,30.0,5.0,289,0.6920415224913495
8586246,2016,5,5.0,2,8.0,40.0,5.0,255,0.7843137254901961
8586246,2016,6,4.0,1,9.0,44.0,4.888888888888889,323,0.30959752321981426
8586246,2016,7,4.666666666666667,3,12.0,58.0,4.833333333333333,531,0.5649717514124294
8586246,2016,8,5.0,1,13.0,63.0,4.846153846153846,518,0.19305019305019305
8586246,2016,10,5.0,3,16.0,78.0,4.875,371,0.8086253369272237
8586246,2017,2,4.5,2,18.0,87.0,4.833333333333333,294,0.6802721088435374
8586246,2017,3,5.0,2,20.0,97.0,4.85,297,0.6734006734006733
8586246,2017,6,3.0,1,21.0,100.0,4.761904761904762,248,0.4032258064516129
8586246,2017,7,3.0,2,23.0,106.0,4.608695652173913,600,0.33333333333333337
8586246,2017,8,3.0,1,24.0,109.0,4.541666666666667,456,0.21929824561403508
8586246,2018,2,5.0,1,25.0,114.0,4.56,231,0.4329004329004329
8586246,2018,3,5.0,1,26.0,119.0,4.576923076923077,349,0.28653295128939826
8586246,2018,8,2.0,1,27.0,121.0,4.481481481481482,506,0.1976284584980237
8586246,2018,10,4.5,2,29.0,130.0,4.482758620689655,294,0.6802721088435374
8586246,2019,3,4.0,1,30.0,134.0,4.466666666666667,265,0.37735849056603776
8586246,2019,6,5.0,1,31.0,139.0,4.483870967741935,271,0.36900369003690037
8586246,2019,9,4.5,2,33.0,148.0,4.484848484848484,261,0.7662835249042145
8586246,2019,10,5.0,1,34.0,153.0,4.5,298,0.33557046979865773
8586246,2020,11,5.0,1,35.0,158.0,4.514285714285714,120,0.8333333333333334
8587500,2015,8,4.0,1,1.0,4.0,4.0,283,0.35335689045936397
8587500,2016,5,5.0,1,2.0,9.0,4.5,255,0.39215686274509803
8589725,2015,9,2.0,1,1.0,2.0,2.0,238,0.42016806722689076
8589725,2016,1,3.0,1,2.0,5.0,2.5,279,0.35842293906810035
8589725,2016,7,4.0,2,4.0,13.0,3.25,531,0.3766478342749529
8589725,2016,9,3.5,2,6.0,20.0,3.3333333333333335,365,0.547945205479452
8589725,2016,10,4.0,1,7.0,24.0,3.4285714285714284,371,0.2695417789757413
8589725,2016,12,4.0,1,8.0,28.0,3.5,260,0.38461538461538464
8589725,2017,7,5.0,1,9.0,33.0,3.6666666666666665,600,0.16666666666666669
8589725,2018,4,3.0,2,11.0,39.0,3.5454545454545454,246,0.8130081300813009
8589725,2018,7,4.0,1,12.0,43.0,3.5833333333333335,477,0.20964360587002098
8589725,2018,8,4.0,1,13.0,47.0,3.6153846153846154,506,0.1976284584980237
8589725,2019,5,4.0,1,14.0,51.0,3.642857142857143,235,0.425531914893617
8589725,2019,9,3.0,1,15.0,54.0,3.6,261,0.38314176245210724
8590918,2017,10,4.0,1,1.0,4.0,4.0,296,0.33783783783783783
8642136,2015,9,2.0,1,1.0,2.0,2.0,238,0.42016806722689076
8642136,2016,7,2.0,1,2.0,4.0,2.0,531,0.18832391713747645
8642136,2016,8,4.0,1,3.0,8.0,2.6666666666666665,518,0.19305019305019305
8642136,2016,9,2.5,2,5.0,13.0,2.6,365,0.547945205479452
8642136,2017,7,2.4,5,10.0,25.0,2.5,600,0.8333333333333334
8642136,2017,9,2.0,1,11.0,27.0,2.4545454545454546,304,0.3289473684210526
8651444,2015,9,4.0,1,1.0,4.0,4.0,238,0.42016806722689076
8651444,2015,10,2.0,1,2.0,6.0,3.0,222,0.45045045045045046
8651444,2016,2,4.0,1,3.0,10.0,3.3333333333333335,285,0.3508771929824561
8651444,2016,9,3.0,1,4.0,13.0,3.25,365,0.273972602739726
8651444,2017,8,3.0,1,5.0,16.0,3.2,456,0.21929824561403508
8651444,2017,10,3.0,1,6.0,19.0,3.1666666666666665,296,0.33783783783783783
8651444,2017,12,1.0,1,7.0,20.0,2.857142857142857,261,0.38314176245210724
8651444,2018,8,4.0,1,8.0,24.0,3.0,506,0.1976284584980237
8651444,2020,2,1.0,1,9.0,25.0,2.7777777777777777,235,0.425531914893617
8651444,2020,4,1.0,1,10.0,26.0,2.6,35,2.857142857142857
8651692,2015,9,5.0,1,1.0,5.0,5.0,238,0.42016806722689076
8651692,2016,1,3.0,1,2.0,8.0,4.0,279,0.35842293906810035
8651692,2017,5,4.0,1,3.0,12.0,4.0,327,0.3058103975535168
8661938,2015,10,4.0,1,1.0,4.0,4.0,222,0.45045045045045046
8661938,2015,11,3.0,1,2.0,7.0,3.5,149,0.6711409395973155
8661938,2016,9,5.0,1,3.0,12.0,4.0,365,0.273972602739726
8661938,2016,10,2.333333333333333,3,6.0,19.0,3.1666666666666665,371,0.8086253369272237
8661938,2017,1,2.0,1,7.0,21.0,3.0,277,0.36101083032490977
8661938,2017,3,4.0,1,8.0,25.0,3.125,297,0.33670033670033667
8661938,2017,4,2.5,2,10.0,30.0,3.0,312,0.641025641025641
8661938,2017,6,2.0,1,11.0,32.0,2.909090909090909,248,0.4032258064516129
8661938,2017,7,2.5,2,13.0,37.0,2.8461538461538463,600,0.33333333333333337
8661938,2018,1,1.0,1,14.0,38.0,2.7142857142857144,269,0.37174721189591076
8661938,2018,2,2.0,1,15.0,40.0,2.6666666666666665,231,0.4329004329004329
8661938,2018,9,2.0,1,16.0,42.0,2.625,326,0.3067484662576687
8661938,2018,10,3.0,2,18.0,48.0,2.6666666666666665,294,0.6802721088435374
8672575,2015,9,3.0,1,1.0,3.0,3.0,238,0.42016806722689076
8672575,2016,1,4.0,1,2.0,7.0,3.5,279,0.35842293906810035
8672575,2016,3,4.0,1,3.0,11.0,3.6666666666666665,348,0.28735632183908044
8672575,2016,6,3.0,2,5.0,17.0,3.4,323,0.6191950464396285
8672575,2016,10,3.0,1,6.0,20.0,3.3333333333333335,371,0.2695417789757413
8672575,2017,3,4.0,1,7.0,24.0,3.4285714285714284,297,0.33670033670033667
8672575,2017,4,4.0,1,8.0,28.0,3.5,312,0.3205128205128205
8672575,2017,5,4.0,1,9.0,32.0,3.5555555555555554,327,0.3058103975535168
8672575,2017,7,3.0,1,10.0,35.0,3.5,600,0.16666666666666669
8672575,2017,8,4.0,1,11.0,39.0,3.5454545454545454,456,0.21929824561403508
8672575,2017,11,2.0,1,12.0,41.0,3.4166666666666665,321,0.3115264797507788
8672575,2018,2,2.0,1,13.0,43.0,3.3076923076923075,231,0.4329004329004329
8672575,2018,4,4.0,1,14.0,47.0,3.357142857142857,246,0.40650406504065045
8672575,2018,9,2.0,1,15.0,49.0,3.2666666666666666,326,0.3067484662576687
8672575,2018,10,1.0,1,16.0,50.0,3.125,294,0.3401360544217687
8672575,2019,8,4.0,1,17.0,54.0,3.176470588235294,337,0.2967359050445104
8672575,2020,7,2.5,2,19.0,59.0,3.1052631578947367,391,0.5115089514066496
8674004,2015,9,3.0,1,1.0,3.0,3.0,238,0.42016806722689076
8674004,2016,7,2.0,1,2.0,5.0,2.5,531,0.18832391713747645
8674004,2016,8,4.0,1,3.0,9.0,3.0,518,0.19305019305019305
8674004,2017,10,4.0,1,4.0,13.0,3.25,296,0.33783783783783783
8674004,2018,8,5.0,1,5.0,18.0,3.6,506,0.1976284584980237
8730953,2015,10,5.0,1,1.0,5.0,5.0,222,0.45045045045045046
8730953,2015,11,3.6666666666666665,3,4.0,16.0,4.0,149,2.013422818791946
8730953,2015,12,4.2,5,9.0,37.0,4.111111111111111,184,2.717391304347826
8730953,2016,2,5.0,1,10.0,42.0,4.2,285,0.3508771929824561
8730953,2016,4,3.333333333333333,3,13.0,52.0,4.0,289,1.0380622837370241
8730953,2016,5,3.5,4,17.0,66.0,3.8823529411764706,255,1.5686274509803921
8730953,2016,6,4.333333333333333,3,20.0,79.0,3.95,323,0.9287925696594427
8730953,2016,7,5.0,2,22.0,89.0,4.045454545454546,531,0.3766478342749529
8730953,2016,8,4.5,2,24.0,98.0,4.083333333333333,518,0.3861003861003861
8730953,2016,9,4.4,5,29.0,120.0,4.137931034482759,365,1.36986301369863
8730953,2016,10,4.666666666666667,3,32.0,134.0,4.1875,371,0.8086253369272237
8730953,2016,11,4.0,4,36.0,150.0,4.166666666666667,271,1.4760147601476015
8730953,2016,12,3.6666666666666665,3,39.0,161.0,4.128205128205129,260,1.153846153846154
8730953,2017,1,3.5,2,41.0,168.0,4.097560975609756,277,0.7220216606498195
8730953,2017,2,4.0,2,43.0,176.0,4.093023255813954,294,0.6802721088435374
8730953,2017,3,5.0,2,45.0,186.0,4.133333333333334,297,0.6734006734006733
8730953,2017,4,5.0,2,47.0,196.0,4.170212765957447,312,0.641025641025641
8730953,2017,6,5.0,1,48.0,201.0,4.1875,248,0.4032258064516129
8730953,2017,7,5.0,1,49.0,206.0,4.204081632653061,600,0.16666666666666669
8730953,2017,9,3.75,4,53.0,221.0,4.169811320754717,304,1.3157894736842104
8730953,2017,10,4.0,3,56.0,233.0,4.160714285714286,296,1.0135135135135136
8730953,2017,11,4.5,2,58.0,242.0,4.172413793103448,321,0.6230529595015576
8730953,2018,1,4.0,2,60.0,250.0,4.166666666666667,269,0.7434944237918215
8730953,2018,3,4.0,3,63.0,262.0,4.158730158730159,349,0.8595988538681949
8730953,2018,4,5.0,1,64.0,267.0,4.171875,246,0.40650406504065045
8730953,2018,5,5.0,3,67.0,282.0,4.208955223880597,257,1.1673151750972763
8730953,2018,7,4.5,2,69.0,291.0,4.217391304347826,477,0.41928721174004197
8730953,2018,8,3.6666666666666665,3,72.0,302.0,4.194444444444445,506,0.592885375494071
8730953,2018,9,4.0,1,73.0,306.0,4.191780821917808,326,0.3067484662576687
8730953,2018,10,4.0,2,75.0,314.0,4.1866666666666665,294,0.6802721088435374
8730953,2018,12,3.6666666666666665,3,78.0,325.0,4.166666666666667,261,1.1494252873563218
8730953,2019,1,4.0,5,83.0,345.0,4.156626506024097,308,1.6233766233766231
8730953,2019,3,4.0,1,84.0,349.0,4.154761904761905,265,0.37735849056603776
8730953,2019,4,4.666666666666667,3,87.0,363.0,4.172413793103448,233,1.2875536480686696
8730953,2019,8,4.666666666666667,3,90.0,377.0,4.188888888888889,337,0.8902077151335311
8730953,2019,9,5.0,1,91.0,382.0,4.197802197802198,261,0.38314176245210724
8730953,2019,11,4.0,2,93.0,390.0,4.193548387096774,288,0.6944444444444444
8730953,2019,12,3.0,2,95.0,396.0,4.168421052631579,197,1.015228426395939
8730953,2020,1,5.0,2,97.0,406.0,4.185567010309279,205,0.975609756097561
8730953,2020,2,2.5,2,99.0,411.0,4.151515151515151,235,0.851063829787234
8730953,2020,8,5.0,1,100.0,416.0,4.16,226,0.4424778761061947
8730953,2020,11,5.0,1,101.0,421.0,4.1683168316831685,120,0.8333333333333334
8744193,2016,6,3.0,1,1.0,3.0,3.0,323,0.30959752321981426
8747105,2018,12,5.0,1,1.0,5.0,5.0,261,0.38314176245210724
8747105,2020,6,5.0,1,2.0,10.0,5.0,107,0.9345794392523363
8757127,2015,10,4.0,1,1.0,4.0,4.0,222,0.45045045045045046
8757127,2016,1,4.0,3,4.0,16.0,4.0,279,1.0752688172043012
8757127,2016,4,3.0,1,5.0,19.0,3.8,289,0.34602076124567477
8757127,2016,6,4.0,1,6.0,23.0,3.8333333333333335,323,0.30959752321981426
8757127,2016,8,5.0,1,7.0,28.0,4.0,518,0.19305019305019305
8757127,2016,10,5.0,1,8.0,33.0,4.125,371,0.2695417789757413
8757127,2016,11,3.0,1,9.0,36.0,4.0,271,0.36900369003690037
8757127,2017,1,5.0,1,10.0,41.0,4.1,277,0.36101083032490977
8757127,2017,3,4.0,1,11.0,45.0,4.090909090909091,297,0.33670033670033667
8757127,2017,4,3.0,1,12.0,48.0,4.0,312,0.3205128205128205
8757127,2017,6,4.0,1,13.0,52.0,4.0,248,0.4032258064516129
8757127,2017,10,3.6666666666666665,3,16.0,63.0,3.9375,296,1.0135135135135136
8757127,2018,1,4.0,1,17.0,67.0,3.9411764705882355,269,0.37174721189591076
8757127,2018,9,4.0,1,18.0,71.0,3.9444444444444446,326,0.3067484662576687
8757127,2018,10,3.0,1,19.0,74.0,3.8947368421052633,294,0.3401360544217687
8757127,2018,11,4.0,1,20.0,78.0,3.9,247,0.4048582995951417
8757127,2019,2,4.0,2,22.0,86.0,3.909090909090909,232,0.8620689655172413
8757127,2019,3,5.0,1,23.0,91.0,3.9565217391304346,265,0.37735849056603776
8757127,2019,10,5.0,1,24.0,96.0,4.0,298,0.33557046979865773
8757127,2019,11,3.0,1,25.0,99.0,3.96,288,0.3472222222222222
8757127,2020,3,4.0,1,26.0,103.0,3.9615384615384617,173,0.5780346820809248
8757127,2020,4,5.0,1,27.0,108.0,4.0,35,2.857142857142857
8757127,2020,5,5.0,1,28.0,113.0,4.035714285714286,11,9.090909090909092
8757127,2020,7,5.0,1,29.0,118.0,4.068965517241379,391,0.2557544757033248
8757127,2020,9,5.0,1,30.0,123.0,4.1,160,0.625
8770369,2015,10,5.0,1,1.0,5.0,5.0,222,0.45045045045045046
8770369,2016,6,4.5,2,3.0,14.0,4.666666666666667,323,0.6191950464396285
8770369,2016,7,5.0,1,4.0,19.0,4.75,531,0.18832391713747645
8770369,2016,10,5.0,1,5.0,24.0,4.8,371,0.2695417789757413
8770369,2016,11,5.0,1,6.0,29.0,4.833333333333333,271,0.36900369003690037
8770369,2016,12,5.0,2,8.0,39.0,4.875,260,0.7692307692307693
8770369,2017,3,5.0,1,9.0,44.0,4.888888888888889,297,0.33670033670033667
8770369,2017,6,5.0,1,10.0,49.0,4.9,248,0.4032258064516129
8770369,2017,7,4.75,4,14.0,68.0,4.857142857142857,600,0.6666666666666667
8770369,2017,8,5.0,1,15.0,73.0,4.866666666666666,456,0.21929824561403508
8770369,2017,12,5.0,1,16.0,78.0,4.875,261,0.38314176245210724
8770369,2018,2,5.0,1,17.0,83.0,4.882352941176471,231,0.4329004329004329
8770369,2018,4,5.0,1,18.0,88.0,4.888888888888889,246,0.40650406504065045
8770369,2018,7,4.5,2,20.0,97.0,4.85,477,0.41928721174004197
8770369,2018,9,5.0,1,21.0,102.0,4.857142857142857,326,0.3067484662576687
8770369,2018,11,5.0,1,22.0,107.0,4.863636363636363,247,0.4048582995951417
8770369,2019,6,4.0,1,23.0,111.0,4.826086956521739,271,0.36900369003690037
8770369,2019,7,4.0,1,24.0,115.0,4.791666666666667,451,0.22172949002217296
8770369,2019,8,5.0,1,25.0,120.0,4.8,337,0.2967359050445104
8770369,2019,10,5.0,1,26.0,125.0,4.8076923076923075,298,0.33557046979865773
8770369,2020,3,5.0,1,27.0,130.0,4.814814814814815,173,0.5780346820809248
8770369,2020,7,5.0,1,28.0,135.0,4.821428571428571,391,0.2557544757033248
8770369,2020,9,4.0,1,29.0,139.0,4.793103448275862,160,0.625
8770369,2020,11,5.0,1,30.0,144.0,4.8,120,0.8333333333333334
8773207,2015,10,1.0,1,1.0,1.0,1.0,222,0.45045045045045046
8773207,2016,2,3.0,1,2.0,4.0,2.0,285,0.3508771929824561
8773207,2016,5,4.0,1,3.0,8.0,2.6666666666666665,255,0.39215686274509803
8773207,2016,7,2.0,1,4.0,10.0,2.5,531,0.18832391713747645
8773207,2016,10,4.0,1,5.0,14.0,2.8,371,0.2695417789757413
8773207,2018,5,3.0,1,6.0,17.0,2.8333333333333335,257,0.38910505836575876
8773207,2018,7,4.0,1,7.0,21.0,3.0,477,0.20964360587002098
8773207,2018,10,3.0,1,8.0,24.0,3.0,294,0.3401360544217687
8773207,2019,5,3.0,1,9.0,27.0,3.0,235,0.425531914893617
8773207,2019,7,4.0,1,10.0,31.0,3.1,451,0.22172949002217296
8773207,2019,8,4.0,1,11.0,35.0,3.1818181818181817,337,0.2967359050445104
8787629,2015,11,3.0,1,1.0,3.0,3.0,149,0.6711409395973155
8787629,2016,5,2.0,1,2.0,5.0,2.5,255,0.39215686274509803
8787629,2016,6,2.5,2,4.0,10.0,2.5,323,0.6191950464396285
8787629,2016,10,4.0,1,5.0,14.0,2.8,371,0.2695417789757413
8787629,2017,1,4.0,1,6.0,18.0,3.0,277,0.36101083032490977
8787629,2017,2,3.0,2,8.0,24.0,3.0,294,0.6802721088435374
8787629,2017,6,4.0,1,9.0,28.0,3.111111111111111,248,0.4032258064516129
8787629,2017,7,1.0,1,10.0,29.0,2.9,600,0.16666666666666669
8787629,2017,12,3.0,1,11.0,32.0,2.909090909090909,261,0.38314176245210724
8787629,2018,1,2.0,1,12.0,34.0,2.8333333333333335,269,0.37174721189591076
8787629,2018,3,1.0,1,13.0,35.0,2.6923076923076925,349,0.28653295128939826
8787629,2018,8,3.0,1,14.0,38.0,2.7142857142857144,506,0.1976284584980237
8787629,2018,9,3.5,2,16.0,45.0,2.8125,326,0.6134969325153374
8787629,2018,10,4.0,1,17.0,49.0,2.8823529411764706,294,0.3401360544217687
8787629,2019,7,2.0,1,18.0,51.0,2.8333333333333335,451,0.22172949002217296
8787629,2019,11,1.0,1,19.0,52.0,2.736842105263158,288,0.3472222222222222
8787942,2016,2,4.0,2,2.0,8.0,4.0,285,0.7017543859649122
8787942,2016,3,4.0,1,3.0,12.0,4.0,348,0.28735632183908044
8787942,2016,11,5.0,1,4.0,17.0,4.25,271,0.36900369003690037
8787942,2017,2,4.0,1,5.0,21.0,4.2,294,0.3401360544217687
8787942,2017,7,3.0,1,6.0,24.0,4.0,600,0.16666666666666669
8787942,2018,6,4.0,1,7.0,28.0,4.0,333,0.3003003003003003
8787942,2018,7,4.0,1,8.0,32.0,4.0,477,0.20964360587002098
8844798,2015,11,4.0,3,3.0,12.0,4.0,149,2.013422818791946
8844798,2015,12,5.0,1,4.0,17.0,4.25,184,0.5434782608695652
8844798,2016,1,4.0,2,6.0,25.0,4.166666666666667,279,0.7168458781362007
8844798,2016,3,5.0,1,7.0,30.0,4.285714285714286,348,0.28735632183908044
8844798,2016,4,5.0,2,9.0,40.0,4.444444444444445,289,0.6920415224913495
8844798,2016,5,5.0,1,10.0,45.0,4.5,255,0.39215686274509803
8844798,2016,6,4.4,5,15.0,67.0,4.466666666666667,323,1.5479876160990713
8844798,2016,7,4.0,2,17.0,75.0,4.411764705882353,531,0.3766478342749529
8844798,2016,8,5.0,4,21.0,95.0,4.523809523809524,518,0.7722007722007722
8844798,2016,9,3.0,1,22.0,98.0,4.454545454545454,365,0.273972602739726
8844798,2016,10,4.5,2,24.0,107.0,4.458333333333333,371,0.5390835579514826
8844798,2016,11,3.0,1,25.0,110.0,4.4,271,0.36900369003690037
8844798,2016,12,5.0,3,28.0,125.0,4.464285714285714,260,1.153846153846154
8844798,2017,1,4.0,1,29.0,129.0,4.448275862068965,277,0.36101083032490977
8844798,2017,2,4.0,1,30.0,133.0,4.433333333333334,294,0.3401360544217687
8844798,2017,3,5.0,3,33.0,148.0,4.484848484848484,297,1.0101010101010102
8844798,2017,4,5.0,2,35.0,158.0,4.514285714285714,312,0.641025641025641
8844798,2017,5,4.0,3,38.0,170.0,4.473684210526316,327,0.9174311926605505
8844798,2017,6,4.5,2,40.0,179.0,4.475,248,0.8064516129032258
8844798,2017,7,4.0,4,44.0,195.0,4.431818181818182,600,0.6666666666666667
8844798,2017,8,5.0,2,46.0,205.0,4.456521739130435,456,0.43859649122807015
8844798,2017,9,4.5,2,48.0,214.0,4.458333333333333,304,0.6578947368421052
8844798,2017,10,5.0,2,50.0,224.0,4.48,296,0.6756756756756757
8844798,2017,11,3.0,1,51.0,227.0,4.450980392156863,321,0.3115264797507788
8844798,2017,12,5.0,2,53.0,237.0,4.471698113207547,261,0.7662835249042145
8844798,2018,1,3.333333333333333,3,56.0,247.0,4.410714285714286,269,1.1152416356877324
8844798,2018,2,5.0,1,57.0,252.0,4.421052631578948,231,0.4329004329004329
8844798,2018,3,5.0,1,58.0,257.0,4.431034482758621,349,0.28653295128939826
8844798,2018,4,5.0,1,59.0,262.0,4.440677966101695,246,0.40650406504065045
8844798,2018,5,5.0,1,60.0,267.0,4.45,257,0.38910505836575876
8844798,2018,6,3.6666666666666665,3,63.0,278.0,4.412698412698413,333,0.9009009009009009
8844798,2018,7,5.0,1,64.0,283.0,4.421875,477,0.20964360587002098
8844798,2018,8,5.0,3,67.0,298.0,4.447761194029851,506,0.592885375494071
8844798,2018,9,5.0,1,68.0,303.0,4.455882352941177,326,0.3067484662576687
8844798,2018,11,5.0,1,69.0,308.0,4.463768115942029,247,0.4048582995951417
8844798,2018,12,5.0,2,71.0,318.0,4.47887323943662,261,0.7662835249042145
8844798,2019,2,5.0,2,73.0,328.0,4.493150684931507,232,0.8620689655172413
8844798,2019,3,4.0,1,74.0,332.0,4.486486486486487,265,0.37735849056603776
8844798,2019,4,5.0,1,75.0,337.0,4.493333333333333,233,0.4291845493562232
8844798,2019,5,4.0,2,77.0,345.0,4.48051948051948,235,0.851063829787234
8844798,2019,8,5.0,2,79.0,355.0,4.493670886075949,337,0.5934718100890208
8844798,2019,9,4.0,1,80.0,359.0,4.4875,261,0.38314176245210724
8844798,2019,11,4.5,2,82.0,368.0,4.487804878048781,288,0.6944444444444444
8844798,2020,1,5.0,1,83.0,373.0,4.493975903614458,205,0.4878048780487805
8844798,2020,2,5.0,1,84.0,378.0,4.5,235,0.425531914893617
8844798,2020,3,5.0,1,85.0,383.0,4.5058823529411764,173,0.5780346820809248
8844798,2020,7,3.0,1,86.0,386.0,4.488372093023256,391,0.2557544757033248
8845981,2015,11,3.0,1,1.0,3.0,3.0,149,0.6711409395973155
8845981,2016,1,4.0,1,2.0,7.0,3.5,279,0.35842293906810035
8845981,2016,4,4.0,1,3.0,11.0,3.6666666666666665,289,0.34602076124567477
9451409,2016,2,5.0,1,1.0,5.0,5.0,285,0.3508771929824561
9451409,2016,4,3.0,1,2.0,8.0,4.0,289,0.34602076124567477
9451409,2016,5,5.0,1,3.0,13.0,4.333333333333333,255,0.39215686274509803
9451409,2016,6,3.5,2,5.0,20.0,4.0,323,0.6191950464396285
9451409,2016,7,1.0,1,6.0,21.0,3.5,531,0.18832391713747645
9451409,2016,8,4.0,1,7.0,25.0,3.5714285714285716,518,0.19305019305019305
9451409,2016,9,3.0,1,8.0,28.0,3.5,365,0.273972602739726
9451409,2016,11,4.0,1,9.0,32.0,3.5555555555555554,271,0.36900369003690037
9451409,2017,8,3.5,2,11.0,39.0,3.5454545454545454,456,0.43859649122807015
9451409,2017,11,4.0,1,12.0,43.0,3.5833333333333335,321,0.3115264797507788
9451409,2018,4,4.0,1,13.0,47.0,3.6153846153846154,246,0.40650406504065045
9451409,2018,7,5.0,1,14.0,52.0,3.7142857142857144,477,0.20964360587002098
9451409,2018,9,4.0,1,15.0,56.0,3.7333333333333334,326,0.3067484662576687
9451409,2019,3,2.0,1,16.0,58.0,3.625,265,0.37735849056603776
9451409,2019,4,4.0,1,17.0,62.0,3.6470588235294117,233,0.4291845493562232
9451409,2019,5,4.0,1,18.0,66.0,3.6666666666666665,235,0.425531914893617
9451409,2019,7,5.0,1,19.0,71.0,3.736842105263158,451,0.22172949002217296
9451409,2019,8,4.0,1,20.0,75.0,3.75,337,0.2967359050445104
9451409,2019,9,3.0,1,21.0,78.0,3.7142857142857144,261,0.38314176245210724
9451409,2019,10,3.0,1,22.0,81.0,3.6818181818181817,298,0.33557046979865773
9451409,2019,12,4.0,1,23.0,85.0,3.6956521739130435,197,0.5076142131979695
9451409,2020,7,4.0,1,24.0,89.0,3.7083333333333335,391,0.2557544757033248
9451409,2020,8,4.0,1,25.0,93.0,3.72,226,0.4424778761061947
9451409,2020,9,3.0,1,26.0,96.0,3.6923076923076925,160,0.625
9451966,2015,12,3.0,1,1.0,3.0,3.0,184,0.5434782608695652
9451966,2016,8,2.0,1,2.0,5.0,2.5,518,0.19305019305019305
9451966,2019,6,4.0,1,3.0,9.0,3.0,271,0.36900369003690037
9463175,2015,12,4.0,1,1.0,4.0,4.0,184,0.5434782608695652
9463175,2016,1,3.6666666666666665,3,4.0,15.0,3.75,279,1.0752688172043012
9463175,2016,4,5.0,1,5.0,20.0,4.0,289,0.34602076124567477
9463175,2016,6,3.0,1,6.0,23.0,3.8333333333333335,323,0.30959752321981426
9463175,2016,7,4.5,2,8.0,32.0,4.0,531,0.3766478342749529
9463175,2016,8,4.0,3,11.0,44.0,4.0,518,0.5791505791505791
9463175,2017,2,5.0,2,13.0,54.0,4.153846153846154,294,0.6802721088435374
9463175,2017,3,4.0,3,16.0,66.0,4.125,297,1.0101010101010102
9463175,2017,7,4.0,1,17.0,70.0,4.117647058823529,600,0.16666666666666669
9463175,2017,8,3.0,1,18.0,73.0,4.055555555555555,456,0.21929824561403508
9463175,2017,9,4.5,2,20.0,82.0,4.1,304,0.6578947368421052
9463175,2017,10,5.0,1,21.0,87.0,4.142857142857143,296,0.33783783783783783
9463175,2017,12,5.0,1,22.0,92.0,4.181818181818182,261,0.38314176245210724
9463175,2018,4,4.0,1,23.0,96.0,4.173913043478261,246,0.40650406504065045
9463175,2018,6,5.0,1,24.0,101.0,4.208333333333333,333,0.3003003003003003
9463175,2018,9,4.0,2,26.0,109.0,4.1923076923076925,326,0.6134969325153374
9463175,2019,1,3.0,1,27.0,112.0,4.148148148148148,308,0.3246753246753247
9463175,2019,3,4.0,1,28.0,116.0,4.142857142857143,265,0.37735849056603776
9463175,2019,4,2.0,1,29.0,118.0,4.068965517241379,233,0.4291845493562232
9463175,2019,6,5.0,1,30.0,123.0,4.1,271,0.36900369003690037
9463175,2019,7,4.0,1,31.0,127.0,4.096774193548387,451,0.22172949002217296
9463175,2019,9,3.0,1,32.0,130.0,4.0625,261,0.38314176245210724
9463175,2019,11,5.0,1,33.0,135.0,4.090909090909091,288,0.3472222222222222
9463175,2020,5,5.0,1,34.0,140.0,4.117647058823529,11,9.090909090909092
9463175,2020,9,4.0,1,35.0,144.0,4.114285714285714,160,0.625
9466745,2016,2,4.0,1,1.0,4.0,4.0,285,0.3508771929824561
9466745,2017,6,3.0,1,2.0,7.0,3.5,248,0.4032258064516129
9466745,2018,1,3.0,1,3.0,10.0,3.3333333333333335,269,0.37174721189591076
9466745,2019,6,5.0,1,4.0,15.0,3.75,271,0.36900369003690037
9466761,2018,4,5.0,1,1.0,5.0,5.0,246,0.40650406504065045
9554623,2015,12,5.0,1,1.0,5.0,5.0,184,0.5434782608695652
9554623,2018,5,5.0,1,2.0,10.0,5.0,257,0.38910505836575876
9554623,2018,12,5.0,1,3.0,15.0,5.0,261,0.38314176245210724
9554623,2019,12,5.0,2,5.0,25.0,5.0,197,1.015228426395939
9602274,2015,12,5.0,1,1.0,5.0,5.0,184,0.5434782608695652
9602274,2016,2,4.5,2,3.0,14.0,4.666666666666667,285,0.7017543859649122
9602274,2016,3,4.0,1,4.0,18.0,4.5,348,0.28735632183908044
9602274,2016,4,5.0,1,5.0,23.0,4.6,289,0.34602076124567477
9602274,2016,6,4.0,1,6.0,27.0,4.5,323,0.30959752321981426
9602274,2016,8,5.0,1,7.0,32.0,4.571428571428571,518,0.19305019305019305
9602274,2016,9,4.0,1,8.0,36.0,4.5,365,0.273972602739726
9602274,2017,5,5.0,2,10.0,46.0,4.6,327,0.6116207951070336
9602274,2017,6,4.0,1,11.0,50.0,4.545454545454546,248,0.4032258064516129
9602274,2017,7,4.5,2,13.0,59.0,4.538461538461538,600,0.33333333333333337
9602274,2017,8,3.0,1,14.0,62.0,4.428571428571429,456,0.21929824561403508
9602274,2017,9,5.0,1,15.0,67.0,4.466666666666667,304,0.3289473684210526
9602274,2017,11,5.0,1,16.0,72.0,4.5,321,0.3115264797507788
9602274,2018,3,4.0,1,17.0,76.0,4.470588235294118,349,0.28653295128939826
9602274,2018,4,4.0,1,18.0,80.0,4.444444444444445,246,0.40650406504065045
9602274,2018,7,3.5,2,20.0,87.0,4.35,477,0.41928721174004197
9602274,2018,9,4.5,2,22.0,96.0,4.363636363636363,326,0.6134969325153374
9602274,2018,10,5.0,1,23.0,101.0,4.391304347826087,294,0.3401360544217687
9602274,2019,2,5.0,1,24.0,106.0,4.416666666666667,232,0.43103448275862066
9602274,2019,6,4.0,1,25.0,110.0,4.4,271,0.36900369003690037
9602274,2019,8,5.0,2,27.0,120.0,4.444444444444445,337,0.5934718100890208
9602274,2019,9,4.0,1,28.0,124.0,4.428571428571429,261,0.38314176245210724
9602274,2020,2,5.0,1,29.0,129.0,4.448275862068965,235,0.425531914893617
9602274,2020,8,4.0,1,30.0,133.0,4.433333333333334,226,0.4424778761061947
9602376,2016,3,4.5,2,2.0,9.0,4.5,348,0.5747126436781609
9602376,2018,11,4.0,1,3.0,13.0,4.333333333333333,247,0.4048582995951417
9602376,2019,3,3.0,1,4.0,16.0,4.0,265,0.37735849056603776
9602376,2019,10,4.0,1,5.0,20.0,4.0,298,0.33557046979865773
9721093,2016,1,5.0,1,1.0,5.0,5.0,279,0.35842293906810035
9721093,2016,8,5.0,1,2.0,10.0,5.0,518,0.19305019305019305
9721093,2017,8,4.5,2,4.0,19.0,4.75,456,0.43859649122807015
9721093,2017,9,5.0,1,5.0,24.0,4.8,304,0.3289473684210526
9721093,2017,11,5.0,2,7.0,34.0,4.857142857142857,321,0.6230529595015576
9721093,2017,12,5.0,1,8.0,39.0,4.875,261,0.38314176245210724
9721093,2018,1,4.0,1,9.0,43.0,4.777777777777778,269,0.37174721189591076
9721093,2018,2,4.0,1,10.0,47.0,4.7,231,0.4329004329004329
9721093,2018,7,4.0,1,11.0,51.0,4.636363636363637,477,0.20964360587002098
9721093,2018,8,5.0,1,12.0,56.0,4.666666666666667,506,0.1976284584980237
9721093,2018,9,5.0,1,13.0,61.0,4.6923076923076925,326,0.3067484662576687
9721093,2019,2,5.0,1,14.0,66.0,4.714285714285714,232,0.43103448275862066
9721093,2019,3,4.0,2,16.0,74.0,4.625,265,0.7547169811320755
9721093,2019,6,5.0,1,17.0,79.0,4.647058823529412,271,0.36900369003690037
9721093,2019,7,2.0,1,18.0,81.0,4.5,451,0.22172949002217296
9721093,2020,7,5.0,1,19.0,86.0,4.526315789473684,391,0.2557544757033248
9721093,2020,10,4.0,1,20.0,90.0,4.5,145,0.6896551724137931
9721093,2020,12,5.0,1,21.0,95.0,4.523809523809524,81,1.2345679012345678
9723170,2016,8,3.0,1,1.0,3.0,3.0,518,0.19305019305019305
9723170,2016,10,1.0,1,2.0,4.0,2.0,371,0.2695417789757413
9728889,2016,1,2.0,1,1.0,2.0,2.0,279,0.35842293906810035
9728889,2016,3,2.0,1,2.0,4.0,2.0,348,0.28735632183908044
9728889,2016,7,4.0,1,3.0,8.0,2.6666666666666665,531,0.18832391713747645
9728889,2017,4,4.0,1,4.0,12.0,3.0,312,0.3205128205128205
9728889,2018,5,1.0,1,5.0,13.0,2.6,257,0.38910505836575876
9728889,2018,12,3.0,1,6.0,16.0,2.6666666666666665,261,0.38314176245210724
9728889,2019,3,4.0,1,7.0,20.0,2.857142857142857,265,0.37735849056603776
9728889,2019,7,4.0,1,8.0,24.0,3.0,451,0.22172949002217296
9728889,2019,9,4.0,1,9.0,28.0,3.111111111111111,261,0.38314176245210724
9728889,2020,7,3.0,1,10.0,31.0,3.1,391,0.2557544757033248
9728889,2020,8,5.0,2,12.0,41.0,3.4166666666666665,226,0.8849557522123894
9743188,2016,6,1.0,1,1.0,1.0,1.0,323,0.30959752321981426
9743188,2018,8,3.0,1,2.0,4.0,2.0,506,0.1976284584980237
9743188,2018,10,4.0,1,3.0,8.0,2.6666666666666665,294,0.3401360544217687
9743188,2019,5,2.0,1,4.0,10.0,2.5,235,0.425531914893617
9743188,2019,6,4.0,1,5.0,14.0,2.8,271,0.36900369003690037
9743720,2016,1,3.0,1,1.0,3.0,3.0,279,0.35842293906810035
9749678,2016,1,5.0,1,1.0,5.0,5.0,279,0.35842293906810035
9749678,2016,5,4.0,1,2.0,9.0,4.5,255,0.39215686274509803
9749678,2016,9,5.0,1,3.0,14.0,4.666666666666667,365,0.273972602739726
9749678,2017,1,4.5,2,5.0,23.0,4.6,277,0.7220216606498195
9749678,2017,9,4.0,1,6.0,27.0,4.5,304,0.3289473684210526
9749678,2018,1,5.0,1,7.0,32.0,4.571428571428571,269,0.37174721189591076
9749678,2018,2,5.0,1,8.0,37.0,4.625,231,0.4329004329004329
9749678,2019,1,4.0,2,10.0,45.0,4.5,308,0.6493506493506493
9749678,2019,7,4.0,1,11.0,49.0,4.454545454545454,451,0.22172949002217296
9749678,2020,2,4.5,2,13.0,58.0,4.461538461538462,235,0.851063829787234
9764545,2016,2,5.0,1,1.0,5.0,5.0,285,0.3508771929824561
9764545,2018,7,5.0,1,2.0,10.0,5.0,477,0.20964360587002098
9767483,2016,6,4.0,1,1.0,4.0,4.0,323,0.30959752321981426
9767483,2016,9,3.0,1,2.0,7.0,3.5,365,0.273972602739726
9767483,2016,10,4.0,1,3.0,11.0,3.6666666666666665,371,0.2695417789757413
9767483,2016,12,4.0,1,4.0,15.0,3.75,260,0.38461538461538464
9767483,2017,3,3.0,1,5.0,18.0,3.6,297,0.33670033670033667
9767483,2017,4,5.0,1,6.0,23.0,3.8333333333333335,312,0.3205128205128205
9767483,2017,5,4.0,1,7.0,27.0,3.857142857142857,327,0.3058103975535168
9767483,2017,8,2.0,1,8.0,29.0,3.625,456,0.21929824561403508
9767483,2017,9,4.0,1,9.0,33.0,3.6666666666666665,304,0.3289473684210526
9767483,2018,5,5.0,1,10.0,38.0,3.8,257,0.38910505836575876
9767483,2018,10,4.0,1,11.0,42.0,3.8181818181818183,294,0.3401360544217687
9767483,2018,11,4.0,1,12.0,46.0,3.8333333333333335,247,0.4048582995951417
9767483,2019,3,4.0,1,13.0,50.0,3.8461538461538463,265,0.37735849056603776
9767483,2019,4,3.0,1,14.0,53.0,3.7857142857142856,233,0.4291845493562232
9776129,2016,2,4.0,1,1.0,4.0,4.0,285,0.3508771929824561
9776129,2016,4,3.0,1,2.0,7.0,3.5,289,0.34602076124567477
9776129,2016,5,4.0,1,3.0,11.0,3.6666666666666665,255,0.39215686274509803
9776129,2016,6,3.0,1,4.0,14.0,3.5,323,0.30959752321981426
9776129,2016,7,3.5,2,6.0,21.0,3.5,531,0.3766478342749529
9776129,2016,8,4.0,1,7.0,25.0,3.5714285714285716,518,0.19305019305019305
9776129,2016,10,4.0,1,8.0,29.0,3.625,371,0.2695417789757413
9776129,2016,11,5.0,1,9.0,34.0,3.7777777777777777,271,0.36900369003690037
9776129,2016,12,3.0,1,10.0,37.0,3.7,260,0.38461538461538464
9776129,2017,1,3.0,1,11.0,40.0,3.6363636363636362,277,0.36101083032490977
9776129,2017,2,3.0,1,12.0,43.0,3.5833333333333335,294,0.3401360544217687
9776129,2017,4,2.5,2,14.0,48.0,3.4285714285714284,312,0.641025641025641
9776129,2017,6,4.0,3,17.0,60.0,3.5294117647058822,248,1.2096774193548387
9776129,2017,7,5.0,1,18.0,65.0,3.611111111111111,600,0.16666666666666669
9776129,2017,8,3.0,1,19.0,68.0,3.5789473684210527,456,0.21929824561403508
9776129,2017,11,4.0,1,20.0,72.0,3.6,321,0.3115264797507788
9776129,2018,1,4.0,1,21.0,76.0,3.619047619047619,269,0.37174721189591076
9776129,2018,3,3.0,1,22.0,79.0,3.590909090909091,349,0.28653295128939826
9776129,2018,6,2.5,2,24.0,84.0,3.5,333,0.6006006006006006
9776129,2018,8,3.25,4,28.0,97.0,3.4642857142857144,506,0.7905138339920948
9776129,2018,10,4.0,1,29.0,101.0,3.4827586206896552,294,0.3401360544217687
9776129,2018,11,3.0,1,30.0,104.0,3.466666666666667,247,0.4048582995951417
9776129,2019,1,4.0,1,31.0,108.0,3.4838709677419355,308,0.3246753246753247
9776129,2019,2,3.0,1,32.0,111.0,3.46875,232,0.43103448275862066
9776129,2019,4,4.0,1,33.0,115.0,3.484848484848485,233,0.4291845493562232
9776129,2019,5,4.0,1,34.0,119.0,3.5,235,0.425531914893617
9776129,2019,12,2.0,1,35.0,121.0,3.4571428571428573,197,0.5076142131979695
9776129,2020,2,5.0,1,36.0,126.0,3.5,235,0.425531914893617
9835870,2016,2,4.0,1,1.0,4.0,4.0,285,0.3508771929824561
9835870,2016,3,4.5,2,3.0,13.0,4.333333333333333,348,0.5747126436781609
9835870,2016,4,5.0,1,4.0,18.0,4.5,289,0.34602076124567477
9835870,2016,11,3.6666666666666665,3,7.0,29.0,4.142857142857143,271,1.107011070110701
9835870,2016,12,5.0,1,8.0,34.0,4.25,260,0.38461538461538464
9835870,2017,3,4.5,2,10.0,43.0,4.3,297,0.6734006734006733
9835870,2017,4,4.0,3,13.0,55.0,4.230769230769231,312,0.9615384615384616
9835870,2017,5,4.0,1,14.0,59.0,4.214285714285714,327,0.3058103975535168
9835870,2017,6,4.0,1,15.0,63.0,4.2,248,0.4032258064516129
9835870,2017,7,4.25,4,19.0,80.0,4.2105263157894735,600,0.6666666666666667
9835870,2017,8,5.0,1,20.0,85.0,4.25,456,0.21929824561403508
9835870,2017,9,4.0,1,21.0,89.0,4.238095238095238,304,0.3289473684210526
9835870,2017,12,4.0,1,22.0,93.0,4.2272727272727275,261,0.38314176245210724
9835870,2018,3,4.5,2,24.0,102.0,4.25,349,0.5730659025787965
9835870,2018,5,4.0,1,25.0,106.0,4.24,257,0.38910505836575876
9835870,2018,6,4.0,2,27.0,114.0,4.222222222222222,333,0.6006006006006006
9835870,2018,7,5.0,2,29.0,124.0,4.275862068965517,477,0.41928721174004197
9835870,2018,9,4.0,1,30.0,128.0,4.266666666666667,326,0.3067484662576687
9835870,2018,10,4.0,1,31.0,132.0,4.258064516129032,294,0.3401360544217687
9835870,2018,12,5.0,1,32.0,137.0,4.28125,261,0.38314176245210724
9835870,2019,3,5.0,1,33.0,142.0,4.303030303030303,265,0.37735849056603776
9835870,2019,5,3.0,1,34.0,145.0,4.264705882352941,235,0.425531914893617
9835870,2019,7,4.0,1,35.0,149.0,4.257142857142857,451,0.22172949002217296
9835870,2019,8,4.333333333333333,3,38.0,162.0,4.2631578947368425,337,0.8902077151335311
9835870,2019,9,5.0,2,40.0,172.0,4.3,261,0.7662835249042145
9835870,2019,11,4.0,1,41.0,176.0,4.2926829268292686,288,0.3472222222222222
9835870,2020,1,4.5,2,43.0,185.0,4.3023255813953485,205,0.975609756097561
9835870,2020,3,2.0,1,44.0,187.0,4.25,173,0.5780346820809248
9835870,2020,8,4.0,1,45.0,191.0,4.2444444444444445,226,0.4424778761061947
9867736,2016,4,5.0,1,1.0,5.0,5.0,289,0.34602076124567477
9867736,2016,7,5.0,1,2.0,10.0,5.0,531,0.18832391713747645
9867736,2016,12,4.0,1,3.0,14.0,4.666666666666667,260,0.38461538461538464
9867736,2017,7,3.0,1,4.0,17.0,4.25,600,0.16666666666666669
9867736,2017,8,4.0,1,5.0,21.0,4.2,456,0.21929824561403508
9867736,2018,3,4.5,2,7.0,30.0,4.285714285714286,349,0.5730659025787965
9867736,2018,6,5.0,1,8.0,35.0,4.375,333,0.3003003003003003
9867736,2018,9,4.0,1,9.0,39.0,4.333333333333333,326,0.3067484662576687
9867736,2019,1,5.0,1,10.0,44.0,4.4,308,0.3246753246753247
9867736,2020,2,3.0,1,11.0,47.0,4.2727272727272725,235,0.425531914893617
9867736,2020,7,3.0,1,12.0,50.0,4.166666666666667,391,0.2557544757033248
10004357,2016,3,3.5,2,2.0,7.0,3.5,348,0.5747126436781609
10004357,2016,4,4.75,4,6.0,26.0,4.333333333333333,289,1.384083044982699
10004357,2016,5,4.333333333333333,3,9.0,39.0,4.333333333333333,255,1.1764705882352942
10004357,2016,6,3.0,2,11.0,45.0,4.090909090909091,323,0.6191950464396285
10004357,2016,7,3.0,2,13.0,51.0,3.923076923076923,531,0.3766478342749529
10004357,2016,8,2.2,5,18.0,62.0,3.4444444444444446,518,0.9652509652509652
10004357,2016,9,3.0,2,20.0,68.0,3.4,365,0.547945205479452
10004357,2016,10,5.0,1,21.0,73.0,3.4761904761904763,371,0.2695417789757413
10004357,2017,2,4.0,1,22.0,77.0,3.5,294,0.3401360544217687
10004357,2017,3,3.0,1,23.0,80.0,3.4782608695652173,297,0.33670033670033667
10004357,2017,4,4.5,4,27.0,98.0,3.6296296296296298,312,1.282051282051282
10004357,2017,5,3.0,1,28.0,101.0,3.607142857142857,327,0.3058103975535168
10004357,2017,7,4.4,5,33.0,123.0,3.727272727272727,600,0.8333333333333334
10004357,2017,8,4.0,1,34.0,127.0,3.735294117647059,456,0.21929824561403508
10004357,2018,2,5.0,2,36.0,137.0,3.8055555555555554,231,0.8658008658008658
10004357,2018,5,3.0,1,37.0,140.0,3.7837837837837838,257,0.38910505836575876
10004357,2018,6,2.0,2,39.0,144.0,3.6923076923076925,333,0.6006006006006006
10004357,2018,8,5.0,3,42.0,159.0,3.7857142857142856,506,0.592885375494071
10004357,2018,9,4.0,1,43.0,163.0,3.7906976744186047,326,0.3067484662576687
10004357,2018,11,4.0,1,44.0,167.0,3.7954545454545454,247,0.4048582995951417
10004357,2019,2,2.0,1,45.0,169.0,3.7555555555555555,232,0.43103448275862066
10004357,2019,3,3.0,1,46.0,172.0,3.739130434782609,265,0.37735849056603776
10004357,2019,5,5.0,1,47.0,177.0,3.765957446808511,235,0.425531914893617
10004357,2019,7,2.0,1,48.0,179.0,3.7291666666666665,451,0.22172949002217296
10004357,2020,7,5.0,1,49.0,184.0,3.7551020408163267,391,0.2557544757033248
10046513,2016,4,4.8,5,5.0,24.0,4.8,289,1.7301038062283738
10046513,2016,5,4.4,5,10.0,46.0,4.6,255,1.9607843137254901
10046513,2016,6,4.0,1,11.0,50.0,4.545454545454546,323,0.30959752321981426
10046513,2016,10,5.0,1,12.0,55.0,4.583333333333333,371,0.2695417789757413
10046513,2016,11,5.0,2,14.0,65.0,4.642857142857143,271,0.7380073800738007
10046513,2017,2,5.0,1,15.0,70.0,4.666666666666667,294,0.3401360544217687
10046513,2017,3,3.0,1,16.0,73.0,4.5625,297,0.33670033670033667
10046513,2017,4,4.333333333333333,3,19.0,86.0,4.526315789473684,312,0.9615384615384616
10046513,2017,5,5.0,2,21.0,96.0,4.571428571428571,327,0.6116207951070336
10046513,2017,9,3.0,1,22.0,99.0,4.5,304,0.3289473684210526
10046513,2017,10,4.0,1,23.0,103.0,4.478260869565218,296,0.33783783783783783
10046513,2017,11,5.0,1,24.0,108.0,4.5,321,0.3115264797507788
10046513,2018,3,5.0,1,25.0,113.0,4.52,349,0.28653295128939826
10046513,2018,4,5.0,2,27.0,123.0,4.555555555555555,246,0.8130081300813009
10046513,2018,5,5.0,1,28.0,128.0,4.571428571428571,257,0.38910505836575876
10046513,2018,6,4.5,2,30.0,137.0,4.566666666666666,333,0.6006006006006006
10046513,2018,7,5.0,1,31.0,142.0,4.580645161290323,477,0.20964360587002098
10046513,2018,8,4.0,1,32.0,146.0,4.5625,506,0.1976284584980237
10046513,2018,9,5.0,1,33.0,151.0,4.575757575757576,326,0.3067484662576687
10046513,2018,10,5.0,1,34.0,156.0,4.588235294117647,294,0.3401360544217687
10046513,2018,11,5.0,1,35.0,161.0,4.6,247,0.4048582995951417
10046513,2018,12,4.0,1,36.0,165.0,4.583333333333333,261,0.38314176245210724
10046513,2019,3,5.0,2,38.0,175.0,4.605263157894737,265,0.7547169811320755
10046513,2019,9,5.0,1,39.0,180.0,4.615384615384615,261,0.38314176245210724
10046513,2020,2,4.0,1,40.0,184.0,4.6,235,0.425531914893617
10046513,2020,7,5.0,2,42.0,194.0,4.619047619047619,391,0.5115089514066496
10060325,2016,3,5.0,1,1.0,5.0,5.0,348,0.28735632183908044
10060325,2019,8,4.0,1,2.0,9.0,4.5,337,0.2967359050445104
10067359,2016,3,3.0,1,1.0,3.0,3.0,348,0.28735632183908044
10067359,2016,7,4.0,1,2.0,7.0,3.5,531,0.18832391713747645
10067359,2017,10,4.0,1,3.0,11.0,3.6666666666666665,296,0.33783783783783783
10067359,2019,3,4.0,1,4.0,15.0,3.75,265,0.37735849056603776
10067359,2020,2,3.0,1,5.0,18.0,3.6,235,0.425531914893617
10071004,2016,4,4.4,5,5.0,22.0,4.4,289,1.7301038062283738
10071004,2016,5,5.0,6,11.0,52.0,4.7272727272727275,255,2.3529411764705883
10071004,2016,6,5.0,4,15.0,72.0,4.8,323,1.238390092879257
10071004,2016,7,4.8,5,20.0,96.0,4.8,531,0.9416195856873822
10071004,2016,8,4.0,8,28.0,128.0,4.571428571428571,518,1.5444015444015444
10071004,2016,9,4.0,3,31.0,140.0,4.516129032258065,365,0.821917808219178
10071004,2016,10,4.0,5,36.0,160.0,4.444444444444445,371,1.3477088948787064
10071004,2016,11,4.666666666666667,3,39.0,174.0,4.461538461538462,271,1.107011070110701
10071004,2016,12,4.666666666666667,3,42.0,188.0,4.476190476190476,260,1.153846153846154
10071004,2017,1,4.4,5,47.0,210.0,4.468085106382978,277,1.8050541516245486
10071004,2017,5,4.2,5,52.0,231.0,4.4423076923076925,327,1.529051987767584
10071004,2017,6,5.0,2,54.0,241.0,4.462962962962963,248,0.8064516129032258
10071004,2017,7,4.666666666666667,3,57.0,255.0,4.473684210526316,600,0.5
10071004,2017,8,2.0,1,58.0,257.0,4.431034482758621,456,0.21929824561403508
10071004,2017,9,4.0,3,61.0,269.0,4.409836065573771,304,0.9868421052631579
10071004,2017,10,3.0,3,64.0,278.0,4.34375,296,1.0135135135135136
10071004,2017,11,4.25,4,68.0,295.0,4.338235294117647,321,1.2461059190031152
10071004,2017,12,3.75,4,72.0,310.0,4.305555555555555,261,1.532567049808429
10071004,2018,1,4.0,3,75.0,322.0,4.293333333333333,269,1.1152416356877324
10071004,2018,2,2.0,1,76.0,324.0,4.2631578947368425,231,0.4329004329004329
10071004,2018,3,4.0,1,77.0,328.0,4.259740259740259,349,0.28653295128939826
10071004,2018,5,5.0,1,78.0,333.0,4.269230769230769,257,0.38910505836575876
10071004,2018,6,3.5,2,80.0,340.0,4.25,333,0.6006006006006006
10071004,2018,7,5.0,2,82.0,350.0,4.2682926829268295,477,0.41928721174004197
10071004,2018,8,3.5,2,84.0,357.0,4.25,506,0.3952569169960474
10071004,2018,9,5.0,1,85.0,362.0,4.258823529411765,326,0.3067484662576687
10071004,2018,10,4.0,1,86.0,366.0,4.255813953488372,294,0.3401360544217687
10071004,2018,12,4.0,1,87.0,370.0,4.252873563218391,261,0.38314176245210724
10071004,2019,2,4.333333333333333,3,90.0,383.0,4.2555555555555555,232,1.293103448275862
10071004,2019,3,5.0,1,91.0,388.0,4.263736263736264,265,0.37735849056603776
10071004,2019,4,5.0,1,92.0,393.0,4.271739130434782,233,0.4291845493562232
10071004,2019,5,5.0,1,93.0,398.0,4.279569892473118,235,0.425531914893617
10071004,2019,6,3.0,1,94.0,401.0,4.26595744680851,271,0.36900369003690037
10071004,2019,7,4.0,1,95.0,405.0,4.2631578947368425,451,0.22172949002217296
10071004,2019,8,5.0,1,96.0,410.0,4.270833333333333,337,0.2967359050445104
10071004,2019,9,5.0,1,97.0,415.0,4.278350515463917,261,0.38314176245210724
10071004,2019,10,5.0,1,98.0,420.0,4.285714285714286,298,0.33557046979865773
10071004,2019,12,3.5,2,100.0,427.0,4.27,197,1.015228426395939
10071004,2020,3,3.0,1,101.0,430.0,4.257425742574258,173,0.5780346820809248
10071004,2020,7,5.0,1,102.0,435.0,4.264705882352941,391,0.2557544757033248
10071004,2020,10,4.0,1,103.0,439.0,4.262135922330097,145,0.6896551724137931
10071004,2020,11,5.0,1,104.0,444.0,4.269230769230769,120,0.8333333333333334
10077414,2016,3,5.0,1,1.0,5.0,5.0,348,0.28735632183908044
10077414,2016,6,4.0,1,2.0,9.0,4.5,323,0.30959752321981426
10077414,2016,8,4.0,1,3.0,13.0,4.333333333333333,518,0.19305019305019305
10077414,2016,11,3.5,2,5.0,20.0,4.0,271,0.7380073800738007
10077414,2017,2,3.0,1,6.0,23.0,3.8333333333333335,294,0.3401360544217687
10077414,2017,11,4.0,1,7.0,27.0,3.857142857142857,321,0.3115264797507788
10077414,2018,5,5.0,1,8.0,32.0,4.0,257,0.38910505836575876
10077414,2018,11,4.0,1,9.0,36.0,4.0,247,0.4048582995951417
10077414,2019,5,5.0,1,10.0,41.0,4.1,235,0.425531914893617
10077414,2020,1,5.0,1,11.0,46.0,4.181818181818182,205,0.4878048780487805
10077414,2020,2,5.0,1,12.0,51.0,4.25,235,0.425531914893617
10090185,2016,6,4.0,1,1.0,4.0,4.0,323,0.30959752321981426
10090185,2017,1,5.0,1,2.0,9.0,4.5,277,0.36101083032490977
10090185,2017,5,5.0,3,5.0,24.0,4.8,327,0.9174311926605505
10090185,2017,6,5.0,1,6.0,29.0,4.833333333333333,248,0.4032258064516129
10090185,2019,5,5.0,1,7.0,34.0,4.857142857142857,235,0.425531914893617
10145170,2016,4,3.0,1,1.0,3.0,3.0,289,0.34602076124567477
10145170,2017,5,4.0,1,2.0,7.0,3.5,327,0.3058103975535168
10145170,2019,11,5.0,1,3.0,12.0,4.0,288,0.3472222222222222
10145170,2019,12,5.0,1,4.0,17.0,4.25,197,0.5076142131979695
10158185,2017,10,4.0,1,1.0,4.0,4.0,296,0.33783783783783783
10158185,2018,5,5.0,1,2.0,9.0,4.5,257,0.38910505836575876
10158185,2019,1,3.0,1,3.0,12.0,4.0,308,0.3246753246753247
10158185,2020,8,5.0,1,4.0,17.0,4.25,226,0.4424778761061947
10161782,2016,12,5.0,1,1.0,5.0,5.0,260,0.38461538461538464
10161782,2017,2,5.0,1,2.0,10.0,5.0,294,0.3401360544217687
10161782,2017,3,5.0,1,3.0,15.0,5.0,297,0.33670033670033667
10161782,2017,7,3.0,1,4.0,18.0,4.5,600,0.16666666666666669
10161782,2018,5,5.0,1,5.0,23.0,4.6,257,0.38910505836575876
10162353,2016,4,5.0,1,1.0,5.0,5.0,289,0.34602076124567477
10162353,2016,5,5.0,1,2.0,10.0,5.0,255,0.39215686274509803
10162353,2016,6,5.0,2,4.0,20.0,5.0,323,0.6191950464396285
10162353,2016,7,3.5,2,6.0,27.0,4.5,531,0.3766478342749529
10162353,2016,8,4.0,5,11.0,47.0,4.2727272727272725,518,0.9652509652509652
10162353,2016,10,4.0,2,13.0,55.0,4.230769230769231,371,0.5390835579514826
10162353,2017,2,4.333333333333333,3,16.0,68.0,4.25,294,1.0204081632653061
10162353,2017,3,4.666666666666667,3,19.0,82.0,4.315789473684211,297,1.0101010101010102
10162353,2017,4,3.0,1,20.0,85.0,4.25,312,0.3205128205128205
10162353,2017,5,4.0,1,21.0,89.0,4.238095238095238,327,0.3058103975535168
10162353,2017,6,5.0,1,22.0,94.0,4.2727272727272725,248,0.4032258064516129
10162353,2017,7,5.0,1,23.0,99.0,4.304347826086956,600,0.16666666666666669
10162353,2017,9,4.0,3,26.0,111.0,4.269230769230769,304,0.9868421052631579
10162353,2018,2,4.0,1,27.0,115.0,4.2592592592592595,231,0.4329004329004329
10162353,2018,4,4.0,1,28.0,119.0,4.25,246,0.40650406504065045
10162353,2018,5,4.5,2,30.0,128.0,4.266666666666667,257,0.7782101167315175
10162353,2018,7,5.0,1,31.0,133.0,4.290322580645161,477,0.20964360587002098
10162353,2018,8,5.0,1,32.0,138.0,4.3125,506,0.1976284584980237
10162353,2018,9,5.0,1,33.0,143.0,4.333333333333333,326,0.3067484662576687
10162353,2018,12,4.0,1,34.0,147.0,4.323529411764706,261,0.38314176245210724
10162353,2019,1,5.0,1,35.0,152.0,4.3428571428571425,308,0.3246753246753247
10162353,2019,2,5.0,1,36.0,157.0,4.361111111111111,232,0.43103448275862066
10162353,2019,3,3.0,1,37.0,160.0,4.324324324324325,265,0.37735849056603776
10162353,2019,4,5.0,2,39.0,170.0,4.358974358974359,233,0.8583690987124464
10162353,2019,5,5.0,3,42.0,185.0,4.404761904761905,235,1.276595744680851
10162353,2019,6,5.0,1,43.0,190.0,4.4186046511627906,271,0.36900369003690037
10162353,2019,9,2.0,1,44.0,192.0,4.363636363636363,261,0.38314176245210724
10162353,2020,3,4.0,1,45.0,196.0,4.355555555555555,173,0.5780346820809248
10162353,2020,8,4.0,1,46.0,200.0,4.3478260869565215,226,0.4424778761061947
10162353,2020,11,5.0,1,47.0,205.0,4.361702127659575,120,0.8333333333333334
10169146,2016,4,3.5,2,2.0,7.0,3.5,289,0.6920415224913495
10169146,2016,7,3.0,2,4.0,13.0,3.25,531,0.3766478342749529
10169146,2016,10,1.0,1,5.0,14.0,2.8,371,0.2695417789757413
10169146,2016,12,4.0,1,6.0,18.0,3.0,260,0.38461538461538464
10169146,2017,2,3.0,1,7.0,21.0,3.0,294,0.3401360544217687
10169146,2017,3,4.0,1,8.0,25.0,3.125,297,0.33670033670033667
10169146,2017,4,3.0,1,9.0,28.0,3.111111111111111,312,0.3205128205128205
10169146,2017,5,4.5,2,11.0,37.0,3.3636363636363638,327,0.6116207951070336
10169146,2017,6,4.0,1,12.0,41.0,3.4166666666666665,248,0.4032258064516129
10169146,2017,8,5.0,1,13.0,46.0,3.5384615384615383,456,0.21929824561403508
10169146,2017,9,4.0,1,14.0,50.0,3.5714285714285716,304,0.3289473684210526
10169146,2017,10,3.0,1,15.0,53.0,3.533333333333333,296,0.33783783783783783
10169146,2017,12,3.5,2,17.0,60.0,3.5294117647058822,261,0.7662835249042145
10169146,2018,3,2.5,2,19.0,65.0,3.4210526315789473,349,0.5730659025787965
10169146,2018,7,5.0,1,20.0,70.0,3.5,477,0.20964360587002098
10169146,2018,8,4.5,2,22.0,79.0,3.590909090909091,506,0.3952569169960474
10169146,2018,11,4.0,1,23.0,83.0,3.608695652173913,247,0.4048582995951417
10169146,2019,1,4.0,1,24.0,87.0,3.625,308,0.3246753246753247
10169146,2019,2,4.0,1,25.0,91.0,3.64,232,0.43103448275862066
10169146,2019,4,4.0,1,26.0,95.0,3.6538461538461537,233,0.4291845493562232
10205566,2016,4,5.0,2,2.0,10.0,5.0,289,0.6920415224913495
10205566,2016,5,5.0,1,3.0,15.0,5.0,255,0.39215686274509803
10205566,2016,6,5.0,1,4.0,20.0,5.0,323,0.30959752321981426
10205566,2016,7,5.0,2,6.0,30.0,5.0,531,0.3766478342749529
10205566,2016,8,4.5,4,10.0,48.0,4.8,518,0.7722007722007722
10205566,2016,9,4.5,4,14.0,66.0,4.714285714285714,365,1.095890410958904
10205566,2016,10,4.333333333333333,3,17.0,79.0,4.647058823529412,371,0.8086253369272237
10205566,2016,11,5.0,1,18.0,84.0,4.666666666666667,271,0.36900369003690037
10205566,2016,12,4.0,1,19.0,88.0,4.631578947368421,260,0.38461538461538464
10205566,2017,1,4.0,1,20.0,92.0,4.6,277,0.36101083032490977
10205566,2017,2,5.0,2,22.0,102.0,4.636363636363637,294,0.6802721088435374
10205566,2017,4,5.0,1,23.0,107.0,4.6521739130434785,312,0.3205128205128205
10205566,2017,5,5.0,2,25.0,117.0,4.68,327,0.6116207951070336
10205566,2017,6,4.0,1,26.0,121.0,4.653846153846154,248,0.4032258064516129
10205566,2017,7,4.333333333333333,3,29.0,134.0,4.620689655172414,600,0.5
10205566,2017,8,5.0,2,31.0,144.0,4.645161290322581,456,0.43859649122807015
10205566,2017,9,5.0,2,33.0,154.0,4.666666666666667,304,0.6578947368421052
10205566,2017,10,5.0,3,36.0,169.0,4.694444444444445,296,1.0135135135135136
10205566,2017,11,4.0,2,38.0,177.0,4.657894736842105,321,0.6230529595015576
10205566,2018,3,5.0,3,41.0,192.0,4.682926829268292,349,0.8595988538681949
10205566,2018,5,1.0,1,42.0,193.0,4.595238095238095,257,0.38910505836575876
10205566,2018,6,3.0,1,43.0,196.0,4.558139534883721,333,0.3003003003003003
10205566,2018,7,5.0,2,45.0,206.0,4.5777777777777775,477,0.41928721174004197
10205566,2018,8,5.0,1,46.0,211.0,4.586956521739131,506,0.1976284584980237
10205566,2018,9,5.0,1,47.0,216.0,4.595744680851064,326,0.3067484662576687
10205566,2018,11,3.5,2,49.0,223.0,4.551020408163265,247,0.8097165991902834
10205566,2018,12,5.0,1,50.0,228.0,4.56,261,0.38314176245210724
10205566,2019,2,3.0,2,52.0,234.0,4.5,232,0.8620689655172413
10205566,2019,3,4.5,4,56.0,252.0,4.5,265,1.509433962264151
10205566,2019,7,5.0,1,57.0,257.0,4.508771929824562,451,0.22172949002217296
10205566,2019,12,3.0,1,58.0,260.0,4.482758620689655,197,0.5076142131979695
10205566,2020,6,4.0,1,59.0,264.0,4.47457627118644,107,0.9345794392523363
10205566,2020,7,3.0,2,61.0,270.0,4.426229508196721,391,0.5115089514066496
10216325,2016,9,2.0,1,1.0,2.0,2.0,365,0.273972602739726
10216325,2017,3,1.0,1,2.0,3.0,1.5,297,0.33670033670033667
10216325,2017,5,2.0,1,3.0,5.0,1.6666666666666667,327,0.3058103975535168
10216325,2017,7,3.0,1,4.0,8.0,2.0,600,0.16666666666666669
10216325,2017,11,5.0,1,5.0,13.0,2.6,321,0.3115264797507788
10216325,2017,12,5.0,1,6.0,18.0,3.0,261,0.38314176245210724
10216325,2018,6,3.0,1,7.0,21.0,3.0,333,0.3003003003003003
10216325,2018,9,5.0,1,8.0,26.0,3.25,326,0.3067484662576687
10216325,2019,9,1.0,1,9.0,27.0,3.0,261,0.38314176245210724
10220021,2016,4,3.0,1,1.0,3.0,3.0,289,0.34602076124567477
10270751,2016,5,5.0,1,1.0,5.0,5.0,255,0.39215686274509803
10270751,2016,6,4.5,2,3.0,14.0,4.666666666666667,323,0.6191950464396285
10270751,2016,7,5.0,2,5.0,24.0,4.8,531,0.3766478342749529
10270751,2016,8,4.0,1,6.0,28.0,4.666666666666667,518,0.19305019305019305
10270751,2016,9,3.8,5,11.0,47.0,4.2727272727272725,365,1.36986301369863
10270751,2016,10,2.333333333333333,3,14.0,54.0,3.857142857142857,371,0.8086253369272237
10270751,2016,11,4.25,4,18.0,71.0,3.9444444444444446,271,1.4760147601476015
10270751,2016,12,4.0,1,19.0,75.0,3.9473684210526314,260,0.38461538461538464
10270751,2017,1,3.0,1,20.0,78.0,3.9,277,0.36101083032490977
10270751,2017,2,4.0,9,29.0,114.0,3.9310344827586206,294,3.061224489795918
10270751,2017,3,5.0,1,30.0,119.0,3.966666666666667,297,0.33670033670033667
10270751,2017,4,5.0,2,32.0,129.0,4.03125,312,0.641025641025641
10270751,2017,5,4.5,2,34.0,138.0,4.0588235294117645,327,0.6116207951070336
10270751,2017,7,4.666666666666667,3,37.0,152.0,4.108108108108108,600,0.5
10270751,2017,8,5.0,1,38.0,157.0,4.131578947368421,456,0.21929824561403508
10270751,2017,10,4.333333333333333,3,41.0,170.0,4.146341463414634,296,1.0135135135135136
10270751,2018,1,4.0,6,47.0,194.0,4.127659574468085,269,2.2304832713754648
10270751,2018,2,5.0,1,48.0,199.0,4.145833333333333,231,0.4329004329004329
10270751,2018,3,4.666666666666667,3,51.0,213.0,4.176470588235294,349,0.8595988538681949
10270751,2018,6,4.333333333333333,3,54.0,226.0,4.185185185185185,333,0.9009009009009009
10270751,2018,7,4.666666666666667,3,57.0,240.0,4.2105263157894735,477,0.628930817610063
10270751,2018,8,4.666666666666667,3,60.0,254.0,4.233333333333333,506,0.592885375494071
10270751,2018,9,4.0,1,61.0,258.0,4.229508196721311,326,0.3067484662576687
10270751,2018,10,3.0,1,62.0,261.0,4.209677419354839,294,0.3401360544217687
10270751,2018,11,4.5,2,64.0,270.0,4.21875,247,0.8097165991902834
10270751,2018,12,4.0,1,65.0,274.0,4.2153846153846155,261,0.38314176245210724
10270751,2019,1,4.0,1,66.0,278.0,4.212121212121212,308,0.3246753246753247
10270751,2019,2,1.0,1,67.0,279.0,4.164179104477612,232,0.43103448275862066
10270751,2019,3,4.666666666666667,3,70.0,293.0,4.185714285714286,265,1.1320754716981132
10270751,2019,4,5.0,1,71.0,298.0,4.197183098591549,233,0.4291845493562232
10270751,2019,5,4.0,1,72.0,302.0,4.194444444444445,235,0.425531914893617
10270751,2019,6,1.0,1,73.0,303.0,4.1506849315068495,271,0.36900369003690037
10270751,2019,7,4.333333333333333,3,76.0,316.0,4.157894736842105,451,0.6651884700665188
10270751,2019,9,5.0,2,78.0,326.0,4.17948717948718,261,0.7662835249042145
10270751,2019,10,2.0,2,80.0,330.0,4.125,298,0.6711409395973155
10270751,2019,12,3.0,3,83.0,339.0,4.0843373493975905,197,1.5228426395939088
10270751,2020,1,3.0,2,85.0,345.0,4.0588235294117645,205,0.975609756097561
10270751,2020,2,4.0,1,86.0,349.0,4.058139534883721,235,0.425531914893617
10270751,2020,3,5.0,1,87.0,354.0,4.068965517241379,173,0.5780346820809248
10270751,2020,10,5.0,1,88.0,359.0,4.079545454545454,145,0.6896551724137931
10270751,2020,12,2.0,1,89.0,361.0,4.056179775280899,81,1.2345679012345678
10285839,2016,5,3.0,1,1.0,3.0,3.0,255,0.39215686274509803
10293147,2016,5,5.0,1,1.0,5.0,5.0,255,0.39215686274509803
10293147,2017,2,3.0,1,2.0,8.0,4.0,294,0.3401360544217687
10293147,2017,6,4.0,1,3.0,12.0,4.0,248,0.4032258064516129
10293147,2017,7,4.0,1,4.0,16.0,4.0,600,0.16666666666666669
10293147,2018,7,1.0,1,5.0,17.0,3.4,477,0.20964360587002098
10293147,2018,12,4.0,1,6.0,21.0,3.5,261,0.38314176245210724
10293147,2019,7,4.0,1,7.0,25.0,3.5714285714285716,451,0.22172949002217296
10293147,2019,11,1.0,1,8.0,26.0,3.25,288,0.3472222222222222
10293147,2020,2,5.0,1,9.0,31.0,3.4444444444444446,235,0.425531914893617
10312304,2016,5,5.0,1,1.0,5.0,5.0,255,0.39215686274509803
10312304,2016,6,4.0,1,2.0,9.0,4.5,323,0.30959752321981426
10312304,2016,7,5.0,1,3.0,14.0,4.666666666666667,531,0.18832391713747645
10312304,2016,8,4.5,2,5.0,23.0,4.6,518,0.3861003861003861
10312304,2016,9,5.0,1,6.0,28.0,4.666666666666667,365,0.273972602739726
10312304,2016,10,5.0,3,9.0,43.0,4.777777777777778,371,0.8086253369272237
10312304,2016,12,4.0,3,12.0,55.0,4.583333333333333,260,1.153846153846154
10312304,2017,1,2.0,1,13.0,57.0,4.384615384615385,277,0.36101083032490977
10312304,2017,2,4.0,1,14.0,61.0,4.357142857142857,294,0.3401360544217687
10312304,2017,3,5.0,1,15.0,66.0,4.4,297,0.33670033670033667
10312304,2017,4,3.5,2,17.0,73.0,4.294117647058823,312,0.641025641025641
10312304,2017,5,5.0,1,18.0,78.0,4.333333333333333,327,0.3058103975535168
10312304,2017,6,3.0,1,19.0,81.0,4.2631578947368425,248,0.4032258064516129
10312304,2017,7,3.0,2,21.0,87.0,4.142857142857143,600,0.33333333333333337
10312304,2017,8,5.0,1,22.0,92.0,4.181818181818182,456,0.21929824561403508
10312304,2017,9,3.5,2,24.0,99.0,4.125,304,0.6578947368421052
10312304,2017,10,3.0,1,25.0,102.0,4.08,296,0.33783783783783783
10312304,2017,11,3.0,1,26.0,105.0,4.038461538461538,321,0.3115264797507788
10312304,2017,12,5.0,1,27.0,110.0,4.074074074074074,261,0.38314176245210724
10312304,2018,1,3.6666666666666665,3,30.0,121.0,4.033333333333333,269,1.1152416356877324
10312304,2018,3,3.6666666666666665,3,33.0,132.0,4.0,349,0.8595988538681949
10312304,2018,4,4.0,1,34.0,136.0,4.0,246,0.40650406504065045
10312304,2018,8,2.0,1,35.0,138.0,3.942857142857143,506,0.1976284584980237
10312304,2018,9,3.5,2,37.0,145.0,3.918918918918919,326,0.6134969325153374
10312304,2018,10,4.0,1,38.0,149.0,3.9210526315789473,294,0.3401360544217687
10312304,2018,11,4.0,1,39.0,153.0,3.923076923076923,247,0.4048582995951417
10312304,2019,1,4.0,1,40.0,157.0,3.925,308,0.3246753246753247
10312304,2019,2,4.0,2,42.0,165.0,3.9285714285714284,232,0.8620689655172413
10312304,2019,3,3.0,1,43.0,168.0,3.9069767441860463,265,0.37735849056603776
10312304,2019,7,3.6666666666666665,3,46.0,179.0,3.891304347826087,451,0.6651884700665188
10312304,2019,8,5.0,1,47.0,184.0,3.9148936170212765,337,0.2967359050445104
10312304,2019,9,5.0,1,48.0,189.0,3.9375,261,0.38314176245210724
10312304,2019,10,3.0,1,49.0,192.0,3.9183673469387754,298,0.33557046979865773
10312304,2020,8,5.0,1,50.0,197.0,3.94,226,0.4424778761061947
10322767,2016,5,3.0,1,1.0,3.0,3.0,255,0.39215686274509803
10322767,2017,1,3.0,1,2.0,6.0,3.0,277,0.36101083032490977
10322767,2018,2,3.0,1,3.0,9.0,3.0,231,0.4329004329004329
10322767,2019,2,3.0,1,4.0,12.0,3.0,232,0.43103448275862066
10326816,2016,6,4.0,2,2.0,8.0,4.0,323,0.6191950464396285
10326816,2016,8,5.0,1,3.0,13.0,4.333333333333333,518,0.19305019305019305
10326816,2016,11,5.0,1,4.0,18.0,4.5,271,0.36900369003690037
10326816,2017,2,4.5,2,6.0,27.0,4.5,294,0.6802721088435374
10326816,2017,6,5.0,1,7.0,32.0,4.571428571428571,248,0.4032258064516129
10326816,2018,8,3.0,1,8.0,35.0,4.375,506,0.1976284584980237
10326816,2019,3,3.0,1,9.0,38.0,4.222222222222222,265,0.37735849056603776
10326816,2019,12,4.0,1,10.0,42.0,4.2,197,0.5076142131979695
10326816,2020,1,2.0,1,11.0,44.0,4.0,205,0.4878048780487805
10326816,2020,2,3.0,1,12.0,47.0,3.9166666666666665,235,0.425531914893617
10326816,2020,7,3.0,1,13.0,50.0,3.8461538461538463,391,0.2557544757033248
10379928,2016,7,5.0,2,2.0,10.0,5.0,531,0.3766478342749529
10379928,2016,9,4.0,1,3.0,14.0,4.666666666666667,365,0.273972602739726
10379928,2016,11,3.0,1,4.0,17.0,4.25,271,0.36900369003690037
10379928,2017,4,4.5,2,6.0,26.0,4.333333333333333,312,0.641025641025641
10379928,2017,7,5.0,1,7.0,31.0,4.428571428571429,600,0.16666666666666669
10379928,2017,10,3.0,1,8.0,34.0,4.25,296,0.33783783783783783
10379928,2018,1,5.0,1,9.0,39.0,4.333333333333333,269,0.37174721189591076
10379928,2018,2,5.0,1,10.0,44.0,4.4,231,0.4329004329004329
10379928,2018,3,4.5,2,12.0,53.0,4.416666666666667,349,0.5730659025787965
10379928,2018,8,3.0,1,13.0,56.0,4.3076923076923075,506,0.1976284584980237
10379928,2018,10,4.0,1,14.0,60.0,4.285714285714286,294,0.3401360544217687
10379928,2019,2,4.0,1,15.0,64.0,4.266666666666667,232,0.43103448275862066
10379928,2019,3,4.333333333333333,3,18.0,77.0,4.277777777777778,265,1.1320754716981132
10379928,2019,4,4.5,2,20.0,86.0,4.3,233,0.8583690987124464
10379928,2019,7,5.0,1,21.0,91.0,4.333333333333333,451,0.22172949002217296
10379928,2019,8,5.0,2,23.0,101.0,4.391304347826087,337,0.5934718100890208
10379928,2019,10,5.0,1,24.0,106.0,4.416666666666667,298,0.33557046979865773
10379928,2019,11,5.0,1,25.0,111.0,4.44,288,0.3472222222222222
10379928,2019,12,4.5,2,27.0,120.0,4.444444444444445,197,1.015228426395939
10379928,2020,2,5.0,2,29.0,130.0,4.482758620689655,235,0.851063829787234
10379928,2020,7,5.0,2,31.0,140.0,4.516129032258065,391,0.5115089514066496
10379928,2020,8,4.5,2,33.0,149.0,4.515151515151516,226,0.8849557522123894
10379928,2020,10,5.0,2,35.0,159.0,4.542857142857143,145,1.3793103448275863
10379928,2020,11,5.0,1,36.0,164.0,4.555555555555555,120,0.8333333333333334
10379936,2017,7,5.0,1,1.0,5.0,5.0,600,0.16666666666666669
10379936,2018,8,5.0,1,2.0,10.0,5.0,506,0.1976284584980237
10383120,2016,5,4.0,1,1.0,4.0,4.0,255,0.39215686274509803
10383120,2016,7,4.0,2,3.0,12.0,4.0,531,0.3766478342749529
10383120,2016,8,3.5,2,5.0,19.0,3.8,518,0.3861003861003861
10383120,2016,9,4.666666666666667,3,8.0,33.0,4.125,365,0.821917808219178
10383120,2016,10,3.0,1,9.0,36.0,4.0,371,0.2695417789757413
10383120,2016,11,3.0,1,10.0,39.0,3.9,271,0.36900369003690037
10383120,2017,1,4.0,1,11.0,43.0,3.909090909090909,277,0.36101083032490977
10383120,2017,2,3.0,1,12.0,46.0,3.8333333333333335,294,0.3401360544217687
10383120,2017,5,4.0,1,13.0,50.0,3.8461538461538463,327,0.3058103975535168
10383120,2017,7,4.0,1,14.0,54.0,3.857142857142857,600,0.16666666666666669
10383120,2017,8,3.5,4,18.0,68.0,3.7777777777777777,456,0.8771929824561403
10383120,2018,3,4.0,1,19.0,72.0,3.789473684210526,349,0.28653295128939826
10383120,2018,7,4.0,1,20.0,76.0,3.8,477,0.20964360587002098
10383120,2018,8,4.0,2,22.0,84.0,3.8181818181818183,506,0.3952569169960474
10383120,2019,9,4.0,1,23.0,88.0,3.8260869565217392,261,0.38314176245210724
10383120,2019,12,3.0,1,24.0,91.0,3.7916666666666665,197,0.5076142131979695
10383120,2020,9,3.0,1,25.0,94.0,3.76,160,0.625
10438848,2016,6,2.0,1,1.0,2.0,2.0,323,0.30959752321981426
10438848,2016,7,3.0,1,2.0,5.0,2.5,531,0.18832391713747645
10438848,2016,8,5.0,1,3.0,10.0,3.3333333333333335,518,0.19305019305019305
10438848,2017,3,4.0,1,4.0,14.0,3.5,297,0.33670033670033667
10438848,2017,7,4.0,3,7.0,26.0,3.7142857142857144,600,0.5
10438848,2017,10,4.0,1,8.0,30.0,3.75,296,0.33783783783783783
10438848,2018,1,4.0,1,9.0,34.0,3.7777777777777777,269,0.37174721189591076
10438848,2018,8,5.0,1,10.0,39.0,3.9,506,0.1976284584980237
10438848,2019,1,4.0,1,11.0,43.0,3.909090909090909,308,0.3246753246753247
10438848,2019,7,4.0,1,12.0,47.0,3.9166666666666665,451,0.22172949002217296
10438848,2019,8,5.0,2,14.0,57.0,4.071428571428571,337,0.5934718100890208
10438848,2019,10,4.0,1,15.0,61.0,4.066666666666666,298,0.33557046979865773
10438848,2020,7,4.333333333333333,3,18.0,74.0,4.111111111111111,391,0.7672634271099744
10455384,2016,6,4.0,1,1.0,4.0,4.0,323,0.30959752321981426
10455384,2016,8,4.0,2,3.0,12.0,4.0,518,0.3861003861003861
10455384,2016,9,5.0,1,4.0,17.0,4.25,365,0.273972602739726
10455384,2016,11,4.0,1,5.0,21.0,4.2,271,0.36900369003690037
10455384,2016,12,4.0,1,6.0,25.0,4.166666666666667,260,0.38461538461538464
10455384,2017,2,3.0,1,7.0,28.0,4.0,294,0.3401360544217687
10455384,2017,4,4.0,1,8.0,32.0,4.0,312,0.3205128205128205
10455384,2017,8,4.0,1,9.0,36.0,4.0,456,0.21929824561403508
10455384,2017,11,5.0,1,10.0,41.0,4.1,321,0.3115264797507788
10455384,2018,4,4.0,1,11.0,45.0,4.090909090909091,246,0.40650406504065045
10455384,2018,6,4.0,2,13.0,53.0,4.076923076923077,333,0.6006006006006006
10455384,2018,8,4.0,1,14.0,57.0,4.071428571428571,506,0.1976284584980237
10455384,2018,9,5.0,1,15.0,62.0,4.133333333333334,326,0.3067484662576687
10455384,2019,2,4.0,1,16.0,66.0,4.125,232,0.43103448275862066
10455384,2019,4,4.0,1,17.0,70.0,4.117647058823529,233,0.4291845493562232
10455384,2019,7,4.0,1,18.0,74.0,4.111111111111111,451,0.22172949002217296
10455384,2019,9,4.0,1,19.0,78.0,4.105263157894737,261,0.38314176245210724
10455384,2019,11,5.0,1,20.0,83.0,4.15,288,0.3472222222222222
10459131,2016,7,4.666666666666667,3,3.0,14.0,4.666666666666667,531,0.5649717514124294
10459131,2016,9,5.0,1,4.0,19.0,4.75,365,0.273972602739726
10459131,2017,8,5.0,1,5.0,24.0,4.8,456,0.21929824561403508
10459131,2019,7,2.0,1,6.0,26.0,4.333333333333333,451,0.22172949002217296
10464766,2016,6,3.0,1,1.0,3.0,3.0,323,0.30959752321981426
10464766,2016,10,4.0,1,2.0,7.0,3.5,371,0.2695417789757413
10464766,2016,11,4.0,1,3.0,11.0,3.6666666666666665,271,0.36900369003690037
10464766,2017,2,4.0,1,4.0,15.0,3.75,294,0.3401360544217687
10464766,2017,4,4.0,1,5.0,19.0,3.8,312,0.3205128205128205
10464766,2017,8,3.0,1,6.0,22.0,3.6666666666666665,456,0.21929824561403508
10464766,2017,10,5.0,1,7.0,27.0,3.857142857142857,296,0.33783783783783783
10464766,2018,8,5.0,1,8.0,32.0,4.0,506,0.1976284584980237
10464766,2019,3,4.0,1,9.0,36.0,4.0,265,0.37735849056603776
10464766,2019,6,3.0,1,10.0,39.0,3.9,271,0.36900369003690037
10464766,2019,11,1.0,1,11.0,40.0,3.6363636363636362,288,0.3472222222222222
10467946,2016,6,3.0,1,1.0,3.0,3.0,323,0.30959752321981426
10467946,2016,7,4.0,1,2.0,7.0,3.5,531,0.18832391713747645
10467946,2016,9,3.0,1,3.0,10.0,3.3333333333333335,365,0.273972602739726
10469047,2016,6,4.0,1,1.0,4.0,4.0,323,0.30959752321981426
10469047,2016,11,3.0,1,2.0,7.0,3.5,271,0.36900369003690037
10469047,2017,8,5.0,1,3.0,12.0,4.0,456,0.21929824561403508
10469047,2017,11,5.0,1,4.0,17.0,4.25,321,0.3115264797507788
10469047,2018,3,5.0,1,5.0,22.0,4.4,349,0.28653295128939826
10469047,2018,4,1.0,1,6.0,23.0,3.8333333333333335,246,0.40650406504065045
10469047,2019,9,4.0,1,7.0,27.0,3.857142857142857,261,0.38314176245210724
10470176,2016,6,4.0,1,1.0,4.0,4.0,323,0.30959752321981426
10470176,2016,10,3.0,1,2.0,7.0,3.5,371,0.2695417789757413
10470176,2017,1,3.0,1,3.0,10.0,3.3333333333333335,277,0.36101083032490977
10487484,2016,6,5.0,1,1.0,5.0,5.0,323,0.30959752321981426
10487484,2016,10,5.0,1,2.0,10.0,5.0,371,0.2695417789757413
10487595,2016,6,4.0,1,1.0,4.0,4.0,323,0.30959752321981426
10487595,2016,8,3.0,1,2.0,7.0,3.5,518,0.19305019305019305
10487595,2018,8,5.0,1,3.0,12.0,4.0,506,0.1976284584980237
10541030,2016,7,4.0,1,1.0,4.0,4.0,531,0.18832391713747645
10541030,2016,8,4.5,2,3.0,13.0,4.333333333333333,518,0.3861003861003861
10541030,2016,12,5.0,1,4.0,18.0,4.5,260,0.38461538461538464
10541030,2017,7,4.333333333333333,6,10.0,44.0,4.4,600,1.0
10541030,2017,8,5.0,2,12.0,54.0,4.5,456,0.43859649122807015
10541030,2018,6,3.0,1,13.0,57.0,4.384615384615385,333,0.3003003003003003
10541030,2018,7,3.5,2,15.0,64.0,4.266666666666667,477,0.41928721174004197
10541030,2018,8,5.0,1,16.0,69.0,4.3125,506,0.1976284584980237
10541030,2019,6,2.0,2,18.0,73.0,4.055555555555555,271,0.7380073800738007
10541030,2019,7,3.0,4,22.0,85.0,3.8636363636363638,451,0.8869179600886918
10541030,2019,8,4.0,1,23.0,89.0,3.869565217391304,337,0.2967359050445104
10541030,2019,9,5.0,1,24.0,94.0,3.9166666666666665,261,0.38314176245210724
10541030,2020,7,3.6666666666666665,3,27.0,105.0,3.888888888888889,391,0.7672634271099744
10541030,2020,8,4.5,2,29.0,114.0,3.9310344827586206,226,0.8849557522123894
10547326,2016,9,4.857142857142857,7,7.0,34.0,4.857142857142857,365,1.9178082191780823
10547326,2016,10,5.0,3,10.0,49.0,4.9,371,0.8086253369272237
10547326,2016,11,5.0,1,11.0,54.0,4.909090909090909,271,0.36900369003690037
10547326,2016,12,5.0,3,14.0,69.0,4.928571428571429,260,1.153846153846154
10547326,2017,1,4.909090909090909,11,25.0,123.0,4.92,277,3.9711191335740073
10547326,2017,2,5.0,3,28.0,138.0,4.928571428571429,294,1.0204081632653061
10547326,2017,3,5.0,4,32.0,158.0,4.9375,297,1.3468013468013467
10547326,2017,4,5.0,7,39.0,193.0,4.948717948717949,312,2.2435897435897436
10547326,2017,5,5.0,6,45.0,223.0,4.955555555555556,327,1.834862385321101
10547326,2017,6,5.0,3,48.0,238.0,4.958333333333333,248,1.2096774193548387
10547326,2017,7,5.0,3,51.0,253.0,4.96078431372549,600,0.5
10547326,2017,8,4.666666666666667,3,54.0,267.0,4.944444444444445,456,0.6578947368421052
10547326,2017,9,5.0,2,56.0,277.0,4.946428571428571,304,0.6578947368421052
10547326,2017,10,4.666666666666667,3,59.0,291.0,4.932203389830509,296,1.0135135135135136
10547326,2017,11,4.6,10,69.0,337.0,4.884057971014493,321,3.115264797507788
10547326,2017,12,4.818181818181818,11,80.0,390.0,4.875,261,4.21455938697318
10547326,2018,1,5.0,4,84.0,410.0,4.880952380952381,269,1.486988847583643
10547326,2018,2,5.0,2,86.0,420.0,4.883720930232558,231,0.8658008658008658
10547326,2018,3,4.5,4,90.0,438.0,4.866666666666666,349,1.146131805157593
10547326,2018,4,5.0,9,99.0,483.0,4.878787878787879,246,3.6585365853658534
10547326,2018,5,4.916666666666667,12,111.0,542.0,4.882882882882883,257,4.669260700389105
10547326,2018,6,5.0,2,113.0,552.0,4.884955752212389,333,0.6006006006006006
10547326,2018,7,5.0,2,115.0,562.0,4.886956521739131,477,0.41928721174004197
10547326,2018,8,4.5,8,123.0,598.0,4.861788617886178,506,1.5810276679841897
10547326,2018,9,5.0,3,126.0,613.0,4.865079365079365,326,0.9202453987730062
10547326,2018,10,4.666666666666667,3,129.0,627.0,4.8604651162790695,294,1.0204081632653061
10547326,2018,11,4.5,2,131.0,636.0,4.854961832061068,247,0.8097165991902834
10547326,2018,12,5.0,3,134.0,651.0,4.858208955223881,261,1.1494252873563218
10547326,2019,1,5.0,3,137.0,666.0,4.861313868613139,308,0.974025974025974
10547326,2019,3,5.0,1,138.0,671.0,4.86231884057971,265,0.37735849056603776
10547326,2019,4,5.0,3,141.0,686.0,4.865248226950355,233,1.2875536480686696
10547326,2019,5,4.75,4,145.0,705.0,4.862068965517241,235,1.702127659574468
10547326,2019,6,5.0,1,146.0,710.0,4.863013698630137,271,0.36900369003690037
10547326,2019,7,5.0,1,147.0,715.0,4.863945578231292,451,0.22172949002217296
10547326,2019,8,5.0,2,149.0,725.0,4.865771812080537,337,0.5934718100890208
10547326,2019,9,4.5,4,153.0,743.0,4.856209150326797,261,1.532567049808429
10547326,2019,10,4.666666666666667,3,156.0,757.0,4.852564102564102,298,1.006711409395973
10547326,2019,11,4.0,1,157.0,761.0,4.8471337579617835,288,0.3472222222222222
10547326,2019,12,5.0,3,160.0,776.0,4.85,197,1.5228426395939088
10547326,2020,2,5.0,2,162.0,786.0,4.851851851851852,235,0.851063829787234
10547326,2020,7,4.5,2,164.0,795.0,4.847560975609756,391,0.5115089514066496
10547326,2020,10,5.0,1,165.0,800.0,4.848484848484849,145,0.6896551724137931
10629235,2016,7,3.75,4,4.0,15.0,3.75,531,0.7532956685499058
10629235,2016,8,4.333333333333333,3,7.0,28.0,4.0,518,0.5791505791505791
10629235,2016,9,4.0,1,8.0,32.0,4.0,365,0.273972602739726
10629235,2016,12,4.0,1,9.0,36.0,4.0,260,0.38461538461538464
10629235,2017,7,4.0,1,10.0,40.0,4.0,600,0.16666666666666669
10629235,2017,8,5.0,1,11.0,45.0,4.090909090909091,456,0.21929824561403508
10629235,2018,7,4.5,2,13.0,54.0,4.153846153846154,477,0.41928721174004197
10629235,2018,11,4.0,1,14.0,58.0,4.142857142857143,247,0.4048582995951417
10629235,2019,6,5.0,1,15.0,63.0,4.2,271,0.36900369003690037
10629235,2019,7,4.5,2,17.0,72.0,4.235294117647059,451,0.4434589800443459
10629235,2020,1,3.0,1,18.0,75.0,4.166666666666667,205,0.4878048780487805
10629235,2020,7,4.75,4,22.0,94.0,4.2727272727272725,391,1.0230179028132993
10629235,2020,8,5.0,2,24.0,104.0,4.333333333333333,226,0.8849557522123894
10636448,2016,7,4.0,1,1.0,4.0,4.0,531,0.18832391713747645
10636448,2017,6,1.0,1,2.0,5.0,2.5,248,0.4032258064516129
10636448,2018,8,1.0,1,3.0,6.0,2.0,506,0.1976284584980237
10636448,2018,12,5.0,1,4.0,11.0,2.75,261,0.38314176245210724
10636470,2016,8,4.0,1,1.0,4.0,4.0,518,0.19305019305019305
10636470,2016,10,4.0,1,2.0,8.0,4.0,371,0.2695417789757413
10636470,2016,11,5.0,1,3.0,13.0,4.333333333333333,271,0.36900369003690037
10636470,2016,12,4.0,1,4.0,17.0,4.25,260,0.38461538461538464
10636470,2017,7,4.0,1,5.0,21.0,4.2,600,0.16666666666666669
10636470,2017,8,4.0,1,6.0,25.0,4.166666666666667,456,0.21929824561403508
10636470,2018,7,2.6666666666666665,3,9.0,33.0,3.6666666666666665,477,0.628930817610063
10636470,2018,8,4.0,1,10.0,37.0,3.7,506,0.1976284584980237
10636470,2019,9,3.0,1,11.0,40.0,3.6363636363636362,261,0.38314176245210724
10636470,2019,10,4.0,1,12.0,44.0,3.6666666666666665,298,0.33557046979865773
10642121,2016,7,4.0,1,1.0,4.0,4.0,531,0.18832391713747645
10642121,2016,8,3.5,2,3.0,11.0,3.6666666666666665,518,0.3861003861003861
10642121,2016,9,4.0,1,4.0,15.0,3.75,365,0.273972602739726
10642121,2017,1,4.0,1,5.0,19.0,3.8,277,0.36101083032490977
10642121,2017,4,5.0,1,6.0,24.0,4.0,312,0.3205128205128205
10642121,2017,5,2.0,1,7.0,26.0,3.7142857142857144,327,0.3058103975535168
10642121,2017,7,4.0,1,8.0,30.0,3.75,600,0.16666666666666669
10642121,2017,8,4.0,1,9.0,34.0,3.7777777777777777,456,0.21929824561403508
10642121,2017,9,4.0,1,10.0,38.0,3.8,304,0.3289473684210526
10642121,2018,1,4.0,1,11.0,42.0,3.8181818181818183,269,0.37174721189591076
10642121,2018,2,5.0,1,12.0,47.0,3.9166666666666665,231,0.4329004329004329
10642121,2018,9,4.0,1,13.0,51.0,3.923076923076923,326,0.3067484662576687
10642121,2019,5,4.5,2,15.0,60.0,4.0,235,0.851063829787234
10642121,2019,7,5.0,1,16.0,65.0,4.0625,451,0.22172949002217296
10642121,2019,8,4.0,1,17.0,69.0,4.0588235294117645,337,0.2967359050445104
10642121,2019,11,5.0,1,18.0,74.0,4.111111111111111,288,0.3472222222222222
10642121,2020,1,5.0,1,19.0,79.0,4.157894736842105,205,0.4878048780487805
10642121,2020,2,5.0,1,20.0,84.0,4.2,235,0.425531914893617
10642121,2020,6,5.0,2,22.0,94.0,4.2727272727272725,107,1.8691588785046727
10642121,2020,7,2.0,1,23.0,96.0,4.173913043478261,391,0.2557544757033248
10642121,2020,9,1.5,2,25.0,99.0,3.96,160,1.25
10675023,2016,7,5.0,1,1.0,5.0,5.0,531,0.18832391713747645
10675023,2017,7,5.0,1,2.0,10.0,5.0,600,0.16666666666666669
10677432,2016,8,3.6666666666666665,3,3.0,11.0,3.6666666666666665,518,0.5791505791505791
10677432,2016,11,5.0,1,4.0,16.0,4.0,271,0.36900369003690037
10678030,2016,7,4.0,1,1.0,4.0,4.0,531,0.18832391713747645
10678030,2016,9,4.5,2,3.0,13.0,4.333333333333333,365,0.547945205479452
10678030,2016,10,4.666666666666667,3,6.0,27.0,4.5,371,0.8086253369272237
10678030,2016,11,4.5,2,8.0,36.0,4.5,271,0.7380073800738007
10678030,2017,1,4.0,1,9.0,40.0,4.444444444444445,277,0.36101083032490977
10678030,2017,2,4.666666666666667,3,12.0,54.0,4.5,294,1.0204081632653061
10678030,2017,4,5.0,1,13.0,59.0,4.538461538461538,312,0.3205128205128205
10678030,2017,5,4.0,2,15.0,67.0,4.466666666666667,327,0.6116207951070336
10678030,2017,6,4.0,1,16.0,71.0,4.4375,248,0.4032258064516129
10678030,2017,9,5.0,1,17.0,76.0,4.470588235294118,304,0.3289473684210526
10678030,2017,11,3.5,2,19.0,83.0,4.368421052631579,321,0.6230529595015576
10678030,2018,2,5.0,1,20.0,88.0,4.4,231,0.4329004329004329
10678030,2018,4,4.666666666666667,3,23.0,102.0,4.434782608695652,246,1.2195121951219512
10678030,2018,5,4.666666666666667,3,26.0,116.0,4.461538461538462,257,1.1673151750972763
10678030,2018,7,5.0,2,28.0,126.0,4.5,477,0.41928721174004197
10678030,2018,8,5.0,1,29.0,131.0,4.517241379310345,506,0.1976284584980237
10678030,2018,9,5.0,4,33.0,151.0,4.575757575757576,326,1.2269938650306749
10678030,2018,10,5.0,1,34.0,156.0,4.588235294117647,294,0.3401360544217687
10678030,2018,11,4.0,1,35.0,160.0,4.571428571428571,247,0.4048582995951417
10678030,2018,12,3.5,2,37.0,167.0,4.513513513513513,261,0.7662835249042145
10678030,2019,1,4.5,4,41.0,185.0,4.512195121951219,308,1.2987012987012987
10678030,2019,3,4.666666666666667,3,44.0,199.0,4.5227272727272725,265,1.1320754716981132
10678030,2019,5,5.0,1,45.0,204.0,4.533333333333333,235,0.425531914893617
10678030,2019,6,4.0,2,47.0,212.0,4.51063829787234,271,0.7380073800738007
10678030,2019,8,4.0,2,49.0,220.0,4.489795918367347,337,0.5934718100890208
10678030,2019,9,4.0,2,51.0,228.0,4.470588235294118,261,0.7662835249042145
10678030,2019,10,4.5,2,53.0,237.0,4.471698113207547,298,0.6711409395973155
10678030,2019,11,4.0,2,55.0,245.0,4.454545454545454,288,0.6944444444444444
10678030,2020,1,5.0,1,56.0,250.0,4.464285714285714,205,0.4878048780487805
10678030,2020,2,5.0,1,57.0,255.0,4.473684210526316,235,0.425531914893617
10678030,2020,7,3.0,3,60.0,264.0,4.4,391,0.7672634271099744
10678030,2020,8,5.0,2,62.0,274.0,4.419354838709677,226,0.8849557522123894
10712669,2016,8,4.0,1,1.0,4.0,4.0,518,0.19305019305019305
10712669,2017,7,4.0,2,3.0,12.0,4.0,600,0.33333333333333337
10712669,2018,6,4.0,1,4.0,16.0,4.0,333,0.3003003003003003
10712669,2018,7,4.666666666666667,3,7.0,30.0,4.285714285714286,477,0.628930817610063
10712669,2018,9,4.0,1,8.0,34.0,4.25,326,0.3067484662576687
10712669,2019,6,4.0,1,9.0,38.0,4.222222222222222,271,0.36900369003690037
10712669,2020,8,5.0,1,10.0,43.0,4.3,226,0.4424778761061947
10758473,2016,8,3.0,1,1.0,3.0,3.0,518,0.19305019305019305
10758473,2016,9,4.5,2,3.0,12.0,4.0,365,0.547945205479452
10758473,2016,10,3.0,2,5.0,18.0,3.6,371,0.5390835579514826
10758473,2016,11,4.0,2,7.0,26.0,3.7142857142857144,271,0.7380073800738007
10758473,2017,1,5.0,1,8.0,31.0,3.875,277,0.36101083032490977
10758473,2017,3,5.0,1,9.0,36.0,4.0,297,0.33670033670033667
10758473,2017,4,4.0,1,10.0,40.0,4.0,312,0.3205128205128205
10758473,2017,5,4.0,1,11.0,44.0,4.0,327,0.3058103975535168
10758473,2017,6,3.333333333333333,3,14.0,54.0,3.857142857142857,248,1.2096774193548387
10758473,2017,12,5.0,1,15.0,59.0,3.933333333333333,261,0.38314176245210724
10758473,2018,1,5.0,1,16.0,64.0,4.0,269,0.37174721189591076
10758473,2018,4,4.0,1,17.0,68.0,4.0,246,0.40650406504065045
10758473,2018,8,4.0,1,18.0,72.0,4.0,506,0.1976284584980237
10758473,2018,11,2.0,1,19.0,74.0,3.8947368421052633,247,0.4048582995951417
10758473,2018,12,5.0,1,20.0,79.0,3.95,261,0.38314176245210724
10758473,2019,1,2.0,1,21.0,81.0,3.857142857142857,308,0.3246753246753247
10758473,2019,4,1.0,1,22.0,82.0,3.727272727272727,233,0.4291845493562232
10800947,2016,9,4.0,1,1.0,4.0,4.0,365,0.273972602739726
10808229,2016,9,4.0,1,1.0,4.0,4.0,365,0.273972602739726
10808229,2016,12,2.0,1,2.0,6.0,3.0,260,0.38461538461538464
10808229,2017,2,4.5,2,4.0,15.0,3.75,294,0.6802721088435374
10808229,2017,3,4.5,2,6.0,24.0,4.0,297,0.6734006734006733
10808229,2017,8,4.0,1,7.0,28.0,4.0,456,0.21929824561403508
10808229,2017,9,3.0,1,8.0,31.0,3.875,304,0.3289473684210526
10808229,2017,10,4.666666666666667,3,11.0,45.0,4.090909090909091,296,1.0135135135135136
10808229,2017,11,3.0,1,12.0,48.0,4.0,321,0.3115264797507788
10808229,2017,12,4.0,1,13.0,52.0,4.0,261,0.38314176245210724
10808229,2018,2,5.0,1,14.0,57.0,4.071428571428571,231,0.4329004329004329
10808229,2018,3,3.0,1,15.0,60.0,4.0,349,0.28653295128939826
10808229,2018,7,3.0,2,17.0,66.0,3.8823529411764706,477,0.41928721174004197
10808229,2018,11,5.0,2,19.0,76.0,4.0,247,0.8097165991902834
10808229,2019,2,3.0,2,21.0,82.0,3.9047619047619047,232,0.8620689655172413
10808229,2019,3,5.0,1,22.0,87.0,3.9545454545454546,265,0.37735849056603776
10808229,2019,4,5.0,1,23.0,92.0,4.0,233,0.4291845493562232
10808229,2019,5,1.0,1,24.0,93.0,3.875,235,0.425531914893617
10808229,2019,6,5.0,1,25.0,98.0,3.92,271,0.36900369003690037
10808229,2019,7,3.0,1,26.0,101.0,3.8846153846153846,451,0.22172949002217296
10808229,2019,10,3.0,1,27.0,104.0,3.8518518518518516,298,0.33557046979865773
10808229,2020,2,3.5,2,29.0,111.0,3.8275862068965516,235,0.851063829787234
10808229,2020,3,2.0,1,30.0,113.0,3.7666666666666666,173,0.5780346820809248
10808229,2020,7,3.0,2,32.0,119.0,3.71875,391,0.5115089514066496
10808229,2020,9,5.0,1,33.0,124.0,3.757575757575758,160,0.625
10859657,2016,9,4.0,1,1.0,4.0,4.0,365,0.273972602739726
10859657,2017,7,4.0,1,2.0,8.0,4.0,600,0.16666666666666669
10859657,2017,8,2.0,1,3.0,10.0,3.3333333333333335,456,0.21929824561403508
10859657,2018,5,4.0,1,4.0,14.0,3.5,257,0.38910505836575876
10859657,2018,6,3.0,1,5.0,17.0,3.4,333,0.3003003003003003
10859657,2018,8,3.0,2,7.0,23.0,3.2857142857142856,506,0.3952569169960474
10859657,2018,9,3.0,1,8.0,26.0,3.25,326,0.3067484662576687
10859657,2019,8,4.0,1,9.0,30.0,3.3333333333333335,337,0.2967359050445104
10859657,2020,6,3.0,1,10.0,33.0,3.3,107,0.9345794392523363
10862773,2017,7,5.0,1,1.0,5.0,5.0,600,0.16666666666666669
10862773,2017,11,4.0,1,2.0,9.0,4.5,321,0.3115264797507788
10862773,2019,1,4.0,1,3.0,13.0,4.333333333333333,308,0.3246753246753247
10862773,2019,9,5.0,1,4.0,18.0,4.5,261,0.38314176245210724
10862773,2020,7,3.0,1,5.0,21.0,4.2,391,0.2557544757033248
10897855,2016,11,4.0,1,1.0,4.0,4.0,271,0.36900369003690037
10897855,2017,1,5.0,1,2.0,9.0,4.5,277,0.36101083032490977
10897855,2017,2,4.0,1,3.0,13.0,4.333333333333333,294,0.3401360544217687
10897855,2017,4,5.0,1,4.0,18.0,4.5,312,0.3205128205128205
10897855,2017,8,5.0,1,5.0,23.0,4.6,456,0.21929824561403508
10897855,2017,12,5.0,1,6.0,28.0,4.666666666666667,261,0.38314176245210724
10897855,2018,2,5.0,1,7.0,33.0,4.714285714285714,231,0.4329004329004329
10897855,2020,2,5.0,1,8.0,38.0,4.75,235,0.425531914893617
11045645,2017,1,5.0,1,1.0,5.0,5.0,277,0.36101083032490977
11045645,2020,6,3.0,1,2.0,8.0,4.0,107,0.9345794392523363
11045652,2016,9,5.0,1,1.0,5.0,5.0,365,0.273972602739726
11045652,2016,12,4.0,1,2.0,9.0,4.5,260,0.38461538461538464
11045652,2017,1,2.0,1,3.0,11.0,3.6666666666666665,277,0.36101083032490977
11045652,2017,4,3.0,1,4.0,14.0,3.5,312,0.3205128205128205
11045652,2017,6,4.0,1,5.0,18.0,3.6,248,0.4032258064516129
11045652,2017,7,3.0,1,6.0,21.0,3.5,600,0.16666666666666669
11045652,2017,8,4.666666666666667,3,9.0,35.0,3.888888888888889,456,0.6578947368421052
11045652,2017,11,4.0,1,10.0,39.0,3.9,321,0.3115264797507788
11045652,2017,12,4.0,2,12.0,47.0,3.9166666666666665,261,0.7662835249042145
11045652,2018,2,2.5,2,14.0,52.0,3.7142857142857144,231,0.8658008658008658
11045652,2018,3,4.0,1,15.0,56.0,3.7333333333333334,349,0.28653295128939826
11045652,2018,7,1.3333333333333333,3,18.0,60.0,3.3333333333333335,477,0.628930817610063
11045652,2018,8,3.0,1,19.0,63.0,3.3157894736842106,506,0.1976284584980237
11045652,2018,9,3.0,1,20.0,66.0,3.3,326,0.3067484662576687
11045652,2018,12,1.5,2,22.0,69.0,3.1363636363636362,261,0.7662835249042145
11045652,2019,2,3.0,1,23.0,72.0,3.130434782608696,232,0.43103448275862066
11045652,2019,4,1.0,1,24.0,73.0,3.0416666666666665,233,0.4291845493562232
11045652,2019,5,3.0,1,25.0,76.0,3.04,235,0.425531914893617
11045652,2019,6,1.5,2,27.0,79.0,2.925925925925926,271,0.7380073800738007
11045652,2019,7,4.0,1,28.0,83.0,2.9642857142857144,451,0.22172949002217296
11045652,2019,8,4.0,1,29.0,87.0,3.0,337,0.2967359050445104
11620930,2016,10,3.0,1,1.0,3.0,3.0,371,0.2695417789757413
11620930,2016,11,4.0,1,2.0,7.0,3.5,271,0.36900369003690037
11620930,2017,4,3.0,1,3.0,10.0,3.3333333333333335,312,0.3205128205128205
11620930,2017,7,5.0,1,4.0,15.0,3.75,600,0.16666666666666669
11620930,2018,2,3.0,1,5.0,18.0,3.6,231,0.4329004329004329
11620930,2020,10,2.0,1,6.0,20.0,3.3333333333333335,145,0.6896551724137931
11629013,2016,11,3.0,1,1.0,3.0,3.0,271,0.36900369003690037
11629013,2017,1,3.0,1,2.0,6.0,3.0,277,0.36101083032490977
11629013,2017,5,4.0,1,3.0,10.0,3.3333333333333335,327,0.3058103975535168
11629013,2017,11,2.0,1,4.0,12.0,3.0,321,0.3115264797507788
11629013,2018,1,3.0,1,5.0,15.0,3.0,269,0.37174721189591076
11629013,2019,10,4.0,1,6.0,19.0,3.1666666666666665,298,0.33557046979865773
11658395,2016,11,3.0,1,1.0,3.0,3.0,271,0.36900369003690037
11658395,2017,4,3.0,1,2.0,6.0,3.0,312,0.3205128205128205
11658395,2017,7,4.0,1,3.0,10.0,3.3333333333333335,600,0.16666666666666669
11658395,2017,8,2.0,1,4.0,12.0,3.0,456,0.21929824561403508
11658395,2018,1,2.5,2,6.0,17.0,2.8333333333333335,269,0.7434944237918215
11680098,2016,12,4.0,1,1.0,4.0,4.0,260,0.38461538461538464
11680098,2017,1,4.0,1,2.0,8.0,4.0,277,0.36101083032490977
11680098,2017,2,2.0,2,4.0,12.0,3.0,294,0.6802721088435374
11680098,2017,4,1.0,1,5.0,13.0,2.6,312,0.3205128205128205
11680098,2017,7,4.0,2,7.0,21.0,3.0,600,0.33333333333333337
11680098,2017,9,1.0,1,8.0,22.0,2.75,304,0.3289473684210526
11680098,2017,10,3.5,2,10.0,29.0,2.9,296,0.6756756756756757
11680098,2017,12,4.0,1,11.0,33.0,3.0,261,0.38314176245210724
11680098,2018,1,4.0,1,12.0,37.0,3.0833333333333335,269,0.37174721189591076
11680098,2018,2,5.0,1,13.0,42.0,3.230769230769231,231,0.4329004329004329
11680098,2018,4,2.5,2,15.0,47.0,3.1333333333333333,246,0.8130081300813009
11680098,2018,5,2.0,1,16.0,49.0,3.0625,257,0.38910505836575876
11680098,2018,6,3.0,1,17.0,52.0,3.0588235294117645,333,0.3003003003003003
11680098,2018,7,3.0,1,18.0,55.0,3.0555555555555554,477,0.20964360587002098
11680098,2018,8,3.5,2,20.0,62.0,3.1,506,0.3952569169960474
11680098,2018,11,2.0,1,21.0,64.0,3.0476190476190474,247,0.4048582995951417
11680098,2019,8,5.0,1,22.0,69.0,3.1363636363636362,337,0.2967359050445104
11680098,2019,9,4.5,2,24.0,78.0,3.25,261,0.7662835249042145
11680098,2019,11,4.0,1,25.0,82.0,3.28,288,0.3472222222222222
11680128,2016,10,4.0,1,1.0,4.0,4.0,371,0.2695417789757413
11680128,2017,2,5.0,1,2.0,9.0,4.5,294,0.3401360544217687
11680128,2017,8,4.0,1,3.0,13.0,4.333333333333333,456,0.21929824561403508
11680128,2017,12,4.0,1,4.0,17.0,4.25,261,0.38314176245210724
11680128,2018,9,5.0,1,5.0,22.0,4.4,326,0.3067484662576687
11680132,2016,10,5.0,1,1.0,5.0,5.0,371,0.2695417789757413
11680132,2017,6,3.0,1,2.0,8.0,4.0,248,0.4032258064516129
11680132,2017,7,5.0,1,3.0,13.0,4.333333333333333,600,0.16666666666666669
11680132,2017,8,5.0,1,4.0,18.0,4.5,456,0.21929824561403508
11680132,2018,5,4.0,1,5.0,22.0,4.4,257,0.38910505836575876
11680132,2018,6,4.0,1,6.0,26.0,4.333333333333333,333,0.3003003003003003
11680132,2018,11,4.0,1,7.0,30.0,4.285714285714286,247,0.4048582995951417
11680132,2019,1,4.0,1,8.0,34.0,4.25,308,0.3246753246753247
11680132,2019,3,4.0,1,9.0,38.0,4.222222222222222,265,0.37735849056603776
11680132,2019,6,5.0,1,10.0,43.0,4.3,271,0.36900369003690037
11680132,2019,10,5.0,1,11.0,48.0,4.363636363636363,298,0.33557046979865773
11680132,2020,3,1.0,1,12.0,49.0,4.083333333333333,173,0.5780346820809248
11700421,2018,2,4.0,1,1.0,4.0,4.0,231,0.4329004329004329
11700421,2018,7,5.0,1,2.0,9.0,4.5,477,0.20964360587002098
11700421,2019,6,4.0,1,3.0,13.0,4.333333333333333,271,0.36900369003690037
11711606,2016,10,4.0,1,1.0,4.0,4.0,371,0.2695417789757413
11711606,2017,2,5.0,1,2.0,9.0,4.5,294,0.3401360544217687
11711606,2017,7,4.5,2,4.0,18.0,4.5,600,0.33333333333333337
11711606,2017,8,4.5,2,6.0,27.0,4.5,456,0.43859649122807015
11711606,2017,10,4.0,1,7.0,31.0,4.428571428571429,296,0.33783783783783783
11711606,2017,11,4.0,1,8.0,35.0,4.375,321,0.3115264797507788
11711606,2018,1,3.0,1,9.0,38.0,4.222222222222222,269,0.37174721189591076
11711606,2018,2,5.0,1,10.0,43.0,4.3,231,0.4329004329004329
11711606,2018,6,5.0,1,11.0,48.0,4.363636363636363,333,0.3003003003003003
11711606,2018,9,5.0,1,12.0,53.0,4.416666666666667,326,0.3067484662576687
11711606,2018,11,4.0,1,13.0,57.0,4.384615384615385,247,0.4048582995951417
11711606,2018,12,4.0,1,14.0,61.0,4.357142857142857,261,0.38314176245210724
11711606,2020,2,5.0,1,15.0,66.0,4.4,235,0.425531914893617
11718897,2016,10,4.0,1,1.0,4.0,4.0,371,0.2695417789757413
11718897,2017,7,4.0,1,2.0,8.0,4.0,600,0.16666666666666669
11718897,2018,5,1.0,1,3.0,9.0,3.0,257,0.38910505836575876
11718897,2019,12,1.0,1,4.0,10.0,2.5,197,0.5076142131979695
11718897,2020,6,1.0,1,5.0,11.0,2.2,107,0.9345794392523363
11718897,2020,7,5.0,1,6.0,16.0,2.6666666666666665,391,0.2557544757033248
11718897,2020,10,5.0,1,7.0,21.0,3.0,145,0.6896551724137931
11759465,2016,10,3.0,1,1.0,3.0,3.0,371,0.2695417789757413
11759465,2017,3,4.0,1,2.0,7.0,3.5,297,0.33670033670033667
11759465,2017,6,3.0,1,3.0,10.0,3.3333333333333335,248,0.4032258064516129
11759465,2017,7,3.0,1,4.0,13.0,3.25,600,0.16666666666666669
11759465,2017,8,3.0,1,5.0,16.0,3.2,456,0.21929824561403508
11807820,2017,2,4.0,1,1.0,4.0,4.0,294,0.3401360544217687
11825441,2016,11,4.0,1,1.0,4.0,4.0,271,0.36900369003690037
11831990,2016,11,4.5,2,2.0,9.0,4.5,271,0.7380073800738007
11831990,2016,12,4.0,1,3.0,13.0,4.333333333333333,260,0.38461538461538464
11831990,2017,1,5.0,1,4.0,18.0,4.5,277,0.36101083032490977
11831990,2017,2,5.0,1,5.0,23.0,4.6,294,0.3401360544217687
11831990,2017,4,4.5,2,7.0,32.0,4.571428571428571,312,0.641025641025641
11831990,2017,6,2.5,2,9.0,37.0,4.111111111111111,248,0.8064516129032258
11831990,2017,7,4.5,2,11.0,46.0,4.181818181818182,600,0.33333333333333337
11831990,2017,10,3.5,2,13.0,53.0,4.076923076923077,296,0.6756756756756757
11831990,2017,11,5.0,1,14.0,58.0,4.142857142857143,321,0.3115264797507788
11831990,2018,1,1.6666666666666667,3,17.0,63.0,3.7058823529411766,269,1.1152416356877324
11831990,2018,7,5.0,1,18.0,68.0,3.7777777777777777,477,0.20964360587002098
11831990,2018,8,3.0,1,19.0,71.0,3.736842105263158,506,0.1976284584980237
11831990,2018,9,4.0,1,20.0,75.0,3.75,326,0.3067484662576687
11831990,2019,1,4.5,2,22.0,84.0,3.8181818181818183,308,0.6493506493506493
11831990,2019,3,4.0,2,24.0,92.0,3.8333333333333335,265,0.7547169811320755
11831990,2019,8,4.0,1,25.0,96.0,3.84,337,0.2967359050445104
11831990,2019,10,4.0,1,26.0,100.0,3.8461538461538463,298,0.33557046979865773
11831990,2019,11,3.0,2,28.0,106.0,3.7857142857142856,288,0.6944444444444444
11831990,2020,1,5.0,1,29.0,111.0,3.8275862068965516,205,0.4878048780487805
11831990,2020,2,5.0,1,30.0,116.0,3.8666666666666667,235,0.425531914893617
11846399,2016,11,3.0,1,1.0,3.0,3.0,271,0.36900369003690037
11846399,2017,3,4.0,1,2.0,7.0,3.5,297,0.33670033670033667
11846399,2017,6,4.0,1,3.0,11.0,3.6666666666666665,248,0.4032258064516129
11846399,2017,10,4.0,1,4.0,15.0,3.75,296,0.33783783783783783
11846399,2018,1,4.0,1,5.0,19.0,3.8,269,0.37174721189591076
11846399,2018,10,5.0,1,6.0,24.0,4.0,294,0.3401360544217687
11846399,2019,8,4.0,1,7.0,28.0,4.0,337,0.2967359050445104
11846923,2016,11,4.0,1,1.0,4.0,4.0,271,0.36900369003690037
11846923,2017,7,4.0,1,2.0,8.0,4.0,600,0.16666666666666669
11846923,2017,9,4.0,1,3.0,12.0,4.0,304,0.3289473684210526
11846923,2018,1,4.0,1,4.0,16.0,4.0,269,0.37174721189591076
11846923,2018,7,3.5,2,6.0,23.0,3.8333333333333335,477,0.41928721174004197
11846923,2018,12,2.5,2,8.0,28.0,3.5,261,0.7662835249042145
11846923,2020,3,5.0,1,9.0,33.0,3.6666666666666665,173,0.5780346820809248
11846923,2020,7,4.0,1,10.0,37.0,3.7,391,0.2557544757033248
11855296,2016,11,4.0,2,2.0,8.0,4.0,271,0.7380073800738007
11855296,2016,12,4.0,1,3.0,12.0,4.0,260,0.38461538461538464
11855296,2017,1,4.0,1,4.0,16.0,4.0,277,0.36101083032490977
11855296,2017,2,3.5,2,6.0,23.0,3.8333333333333335,294,0.6802721088435374
11855296,2017,3,4.0,4,10.0,39.0,3.9,297,1.3468013468013467
11855296,2017,4,5.0,3,13.0,54.0,4.153846153846154,312,0.9615384615384616
11855296,2017,5,3.5,2,15.0,61.0,4.066666666666666,327,0.6116207951070336
11855296,2017,7,3.5,2,17.0,68.0,4.0,600,0.33333333333333337
11855296,2017,8,4.0,2,19.0,76.0,4.0,456,0.43859649122807015
11855296,2017,9,4.333333333333333,3,22.0,89.0,4.045454545454546,304,0.9868421052631579
11855296,2017,10,4.0,2,24.0,97.0,4.041666666666667,296,0.6756756756756757
11855296,2017,11,3.6666666666666665,3,27.0,108.0,4.0,321,0.9345794392523363
11855296,2017,12,3.0,2,29.0,114.0,3.9310344827586206,261,0.7662835249042145
11855296,2018,1,5.0,3,32.0,129.0,4.03125,269,1.1152416356877324
11855296,2018,3,5.0,1,33.0,134.0,4.0606060606060606,349,0.28653295128939826
11855296,2018,5,5.0,5,38.0,159.0,4.184210526315789,257,1.9455252918287937
11855296,2018,6,4.75,4,42.0,178.0,4.238095238095238,333,1.2012012012012012
11855296,2018,7,5.0,3,45.0,193.0,4.288888888888889,477,0.628930817610063
11855296,2018,8,4.375,8,53.0,228.0,4.30188679245283,506,1.5810276679841897
11855296,2018,9,3.6666666666666665,3,56.0,239.0,4.267857142857143,326,0.9202453987730062
11855296,2018,10,4.0,1,57.0,243.0,4.2631578947368425,294,0.3401360544217687
11855296,2018,11,2.0,1,58.0,245.0,4.224137931034483,247,0.4048582995951417
11855296,2018,12,4.0,3,61.0,257.0,4.213114754098361,261,1.1494252873563218
11855296,2019,1,5.0,2,63.0,267.0,4.238095238095238,308,0.6493506493506493
11855296,2019,3,3.5,2,65.0,274.0,4.2153846153846155,265,0.7547169811320755
11855296,2019,5,2.0,1,66.0,276.0,4.181818181818182,235,0.425531914893617
11855296,2019,7,5.0,3,69.0,291.0,4.217391304347826,451,0.6651884700665188
11855296,2019,8,5.0,2,71.0,301.0,4.23943661971831,337,0.5934718100890208
11855296,2019,10,4.5,2,73.0,310.0,4.2465753424657535,298,0.6711409395973155
11855296,2020,1,4.0,1,74.0,314.0,4.243243243243243,205,0.4878048780487805
11855296,2020,2,3.333333333333333,3,77.0,324.0,4.207792207792208,235,1.276595744680851
11855296,2020,3,4.0,1,78.0,328.0,4.205128205128205,173,0.5780346820809248
11855296,2020,6,2.6666666666666665,3,81.0,336.0,4.148148148148148,107,2.803738317757009
11855296,2020,7,5.0,1,82.0,341.0,4.158536585365853,391,0.2557544757033248
11855296,2020,8,2.0,1,83.0,343.0,4.132530120481928,226,0.4424778761061947
11855296,2020,12,1.0,1,84.0,344.0,4.095238095238095,81,1.2345679012345678
11868155,2017,5,5.0,1,1.0,5.0,5.0,327,0.3058103975535168
11868155,2017,7,5.0,1,2.0,10.0,5.0,600,0.16666666666666669
11868155,2017,10,5.0,1,3.0,15.0,5.0,296,0.33783783783783783
11868155,2018,1,5.0,1,4.0,20.0,5.0,269,0.37174721189591076
11868155,2018,3,5.0,1,5.0,25.0,5.0,349,0.28653295128939826
11868155,2018,6,4.0,1,6.0,29.0,4.833333333333333,333,0.3003003003003003
11868155,2018,8,4.0,1,7.0,33.0,4.714285714285714,506,0.1976284584980237
11868155,2018,9,5.0,1,8.0,38.0,4.75,326,0.3067484662576687
11868155,2018,10,5.0,1,9.0,43.0,4.777777777777778,294,0.3401360544217687
11868155,2019,2,4.5,2,11.0,52.0,4.7272727272727275,232,0.8620689655172413
11868155,2019,3,5.0,1,12.0,57.0,4.75,265,0.37735849056603776
11868155,2019,7,5.0,1,13.0,62.0,4.769230769230769,451,0.22172949002217296
11868155,2019,8,5.0,1,14.0,67.0,4.785714285714286,337,0.2967359050445104
11891228,2017,3,4.0,1,1.0,4.0,4.0,297,0.33670033670033667
11891228,2017,7,3.6666666666666665,3,4.0,15.0,3.75,600,0.5
11891228,2017,8,3.0,2,6.0,21.0,3.5,456,0.43859649122807015
11891228,2017,11,4.0,1,7.0,25.0,3.5714285714285716,321,0.3115264797507788
11891228,2018,4,4.0,1,8.0,29.0,3.625,246,0.40650406504065045
11891228,2018,6,2.0,1,9.0,31.0,3.4444444444444446,333,0.3003003003003003
11891228,2018,7,2.0,2,11.0,35.0,3.1818181818181817,477,0.41928721174004197
11891228,2018,8,1.0,1,12.0,36.0,3.0,506,0.1976284584980237
11891228,2018,10,3.0,1,13.0,39.0,3.0,294,0.3401360544217687
11891228,2018,12,4.0,1,14.0,43.0,3.0714285714285716,261,0.38314176245210724
11891228,2019,1,4.0,1,15.0,47.0,3.1333333333333333,308,0.3246753246753247
11891228,2019,3,5.0,1,16.0,52.0,3.25,265,0.37735849056603776
11891228,2019,7,1.0,1,17.0,53.0,3.1176470588235294,451,0.22172949002217296
11891228,2019,10,1.0,1,18.0,54.0,3.0,298,0.33557046979865773
11891228,2019,11,1.0,1,19.0,55.0,2.8947368421052633,288,0.3472222222222222
11891228,2020,9,3.0,1,20.0,58.0,2.9,160,0.625
11891228,2020,12,4.0,1,21.0,62.0,2.9523809523809526,81,1.2345679012345678
11895296,2017,1,5.0,1,1.0,5.0,5.0,277,0.36101083032490977
11982655,2017,5,4.0,1,1.0,4.0,4.0,327,0.3058103975535168
11982655,2018,2,2.0,1,2.0,6.0,3.0,231,0.4329004329004329
11982655,2019,3,3.0,1,3.0,9.0,3.0,265,0.37735849056603776
11982655,2019,6,5.0,1,4.0,14.0,3.5,271,0.36900369003690037
11982655,2019,10,2.0,1,5.0,16.0,3.2,298,0.33557046979865773
11982655,2020,7,1.0,1,6.0,17.0,2.8333333333333335,391,0.2557544757033248
11982663,2017,1,4.0,1,1.0,4.0,4.0,277,0.36101083032490977
11982663,2017,5,4.666666666666667,3,4.0,18.0,4.5,327,0.9174311926605505
11982663,2017,6,1.0,1,5.0,19.0,3.8,248,0.4032258064516129
11982663,2017,11,2.5,2,7.0,24.0,3.4285714285714284,321,0.6230529595015576
11982663,2017,12,5.0,1,8.0,29.0,3.625,261,0.38314176245210724
11982663,2018,10,4.0,1,9.0,33.0,3.6666666666666665,294,0.3401360544217687
12007206,2017,1,3.0,1,1.0,3.0,3.0,277,0.36101083032490977
12007206,2017,5,5.0,1,2.0,8.0,4.0,327,0.3058103975535168
12007206,2017,12,4.0,1,3.0,12.0,4.0,261,0.38314176245210724
12007206,2018,6,4.0,1,4.0,16.0,4.0,333,0.3003003003003003
12049593,2017,5,2.0,1,1.0,2.0,2.0,327,0.3058103975535168
12049593,2018,1,4.0,1,2.0,6.0,3.0,269,0.37174721189591076
12049593,2018,6,3.0,1,3.0,9.0,3.0,333,0.3003003003003003
12049717,2017,1,5.0,1,1.0,5.0,5.0,277,0.36101083032490977
12069115,2017,1,3.0,1,1.0,3.0,3.0,277,0.36101083032490977
12069115,2017,3,4.0,1,2.0,7.0,3.5,297,0.33670033670033667
12069115,2019,7,4.0,1,3.0,11.0,3.6666666666666665,451,0.22172949002217296
12069450,2017,2,3.0,1,1.0,3.0,3.0,294,0.3401360544217687
12069450,2017,3,2.0,1,2.0,5.0,2.5,297,0.33670033670033667
12069450,2017,4,4.0,3,5.0,17.0,3.4,312,0.9615384615384616
12069450,2017,6,3.0,1,6.0,20.0,3.3333333333333335,248,0.4032258064516129
12069450,2017,7,3.6666666666666665,3,9.0,31.0,3.4444444444444446,600,0.5
12069450,2017,10,2.0,1,10.0,33.0,3.3,296,0.33783783783783783
12069450,2017,12,3.0,1,11.0,36.0,3.272727272727273,261,0.38314176245210724
12069450,2018,1,3.0,1,12.0,39.0,3.25,269,0.37174721189591076
12069450,2018,2,5.0,1,13.0,44.0,3.3846153846153846,231,0.4329004329004329
12075578,2017,1,4.0,1,1.0,4.0,4.0,277,0.36101083032490977
12075578,2017,5,3.0,1,2.0,7.0,3.5,327,0.3058103975535168
12075578,2017,7,3.0,1,3.0,10.0,3.3333333333333335,600,0.16666666666666669
12075578,2017,8,3.0,2,5.0,16.0,3.2,456,0.43859649122807015
12075578,2017,9,3.0,1,6.0,19.0,3.1666666666666665,304,0.3289473684210526
12075578,2017,11,5.0,1,7.0,24.0,3.4285714285714284,321,0.3115264797507788
12075578,2017,12,4.0,2,9.0,32.0,3.5555555555555554,261,0.7662835249042145
12075578,2018,5,5.0,1,10.0,37.0,3.7,257,0.38910505836575876
12075578,2018,10,5.0,1,11.0,42.0,3.8181818181818183,294,0.3401360544217687
12075578,2019,2,4.0,1,12.0,46.0,3.8333333333333335,232,0.43103448275862066
12075578,2019,3,5.0,1,13.0,51.0,3.923076923076923,265,0.37735849056603776
12075578,2019,5,4.0,1,14.0,55.0,3.9285714285714284,235,0.425531914893617
12075578,2019,8,3.0,1,15.0,58.0,3.8666666666666667,337,0.2967359050445104
12075578,2019,12,4.0,1,16.0,62.0,3.875,197,0.5076142131979695
12075578,2020,2,5.0,1,17.0,67.0,3.9411764705882355,235,0.425531914893617
12076595,2017,5,4.0,1,1.0,4.0,4.0,327,0.3058103975535168
12076595,2017,7,5.0,1,2.0,9.0,4.5,600,0.16666666666666669
12076595,2017,11,5.0,1,3.0,14.0,4.666666666666667,321,0.3115264797507788
12076595,2018,12,5.0,1,4.0,19.0,4.75,261,0.38314176245210724
12076658,2017,1,3.0,1,1.0,3.0,3.0,277,0.36101083032490977
12076658,2017,6,5.0,1,2.0,8.0,4.0,248,0.4032258064516129
12076658,2017,8,5.0,1,3.0,13.0,4.333333333333333,456,0.21929824561403508
12076658,2017,9,3.0,1,4.0,16.0,4.0,304,0.3289473684210526
12076658,2018,12,5.0,2,6.0,26.0,4.333333333333333,261,0.7662835249042145
12076658,2019,2,4.0,1,7.0,30.0,4.285714285714286,232,0.43103448275862066
12076658,2019,3,5.0,1,8.0,35.0,4.375,265,0.37735849056603776
12076658,2020,1,4.0,1,9.0,39.0,4.333333333333333,205,0.4878048780487805
12076658,2020,8,5.0,1,10.0,44.0,4.4,226,0.4424778761061947
12078821,2017,1,4.0,1,1.0,4.0,4.0,277,0.36101083032490977
12078821,2017,4,4.0,1,2.0,8.0,4.0,312,0.3205128205128205
12078821,2017,8,3.0,1,3.0,11.0,3.6666666666666665,456,0.21929824561403508
12078821,2018,7,5.0,1,4.0,16.0,4.0,477,0.20964360587002098
12078825,2017,1,3.0,1,1.0,3.0,3.0,277,0.36101083032490977
12078825,2017,4,2.0,1,2.0,5.0,2.5,312,0.3205128205128205
12078825,2017,5,3.0,1,3.0,8.0,2.6666666666666665,327,0.3058103975535168
12078825,2017,6,3.0,1,4.0,11.0,2.75,248,0.4032258064516129
12078825,2018,1,2.0,1,5.0,13.0,2.6,269,0.37174721189591076
12078825,2018,4,3.0,1,6.0,16.0,2.6666666666666665,246,0.40650406504065045
12078825,2019,9,4.0,1,7.0,20.0,2.857142857142857,261,0.38314176245210724
12098875,2017,2,5.0,1,1.0,5.0,5.0,294,0.3401360544217687
12098879,2017,2,5.0,1,1.0,5.0,5.0,294,0.3401360544217687
12158966,2017,2,5.0,1,1.0,5.0,5.0,294,0.3401360544217687
12158966,2017,3,5.0,1,2.0,10.0,5.0,297,0.33670033670033667
12158966,2017,8,5.0,1,3.0,15.0,5.0,456,0.21929824561403508
12172851,2017,2,3.0,1,1.0,3.0,3.0,294,0.3401360544217687
12172851,2017,3,3.0,1,2.0,6.0,3.0,297,0.33670033670033667
12172851,2017,9,1.0,1,3.0,7.0,2.3333333333333335,304,0.3289473684210526
12172851,2017,10,4.0,1,4.0,11.0,2.75,296,0.33783783783783783
12172851,2017,12,4.0,1,5.0,15.0,3.0,261,0.38314176245210724
12172851,2018,8,4.0,1,6.0,19.0,3.1666666666666665,506,0.1976284584980237
12172851,2019,4,3.0,1,7.0,22.0,3.142857142857143,233,0.4291845493562232
12172851,2019,7,4.0,1,8.0,26.0,3.25,451,0.22172949002217296
12175694,2017,2,3.0,1,1.0,3.0,3.0,294,0.3401360544217687
12175694,2017,4,5.0,1,2.0,8.0,4.0,312,0.3205128205128205
12175694,2018,3,4.0,1,3.0,12.0,4.0,349,0.28653295128939826
12175694,2019,1,4.0,1,4.0,16.0,4.0,308,0.3246753246753247
12175694,2020,2,3.0,1,5.0,19.0,3.8,235,0.425531914893617
12180066,2017,7,4.0,1,1.0,4.0,4.0,600,0.16666666666666669
12193195,2017,7,5.0,1,1.0,5.0,5.0,600,0.16666666666666669
12193195,2018,9,3.0,1,2.0,8.0,4.0,326,0.3067484662576687
12193195,2019,12,2.0,1,3.0,10.0,3.3333333333333335,197,0.5076142131979695
12231557,2017,3,4.0,1,1.0,4.0,4.0,297,0.33670033670033667
12231557,2017,6,4.0,1,2.0,8.0,4.0,248,0.4032258064516129
12231557,2018,8,5.0,1,3.0,13.0,4.333333333333333,506,0.1976284584980237
12231557,2020,4,5.0,1,4.0,18.0,4.5,35,2.857142857142857
12231557,2020,7,4.0,1,5.0,22.0,4.4,391,0.2557544757033248
12234641,2017,3,4.333333333333333,3,3.0,13.0,4.333333333333333,297,1.0101010101010102
12234641,2017,4,3.5,4,7.0,27.0,3.857142857142857,312,1.282051282051282
12234641,2017,5,1.0,1,8.0,28.0,3.5,327,0.3058103975535168
12234641,2017,6,4.0,2,10.0,36.0,3.6,248,0.8064516129032258
12234641,2017,7,4.5,6,16.0,63.0,3.9375,600,1.0
12234641,2017,8,4.0,2,18.0,71.0,3.9444444444444446,456,0.43859649122807015
12234641,2017,9,3.5,2,20.0,78.0,3.9,304,0.6578947368421052
12234641,2017,10,2.5,2,22.0,83.0,3.772727272727273,296,0.6756756756756757
12234641,2017,11,4.0,6,28.0,107.0,3.8214285714285716,321,1.8691588785046727
12234641,2017,12,3.75,4,32.0,122.0,3.8125,261,1.532567049808429
12234641,2018,1,4.0,1,33.0,126.0,3.8181818181818183,269,0.37174721189591076
12234641,2018,2,5.0,1,34.0,131.0,3.8529411764705883,231,0.4329004329004329
12234641,2018,3,4.8,5,39.0,155.0,3.9743589743589745,349,1.4326647564469914
12234641,2018,4,3.6666666666666665,3,42.0,166.0,3.9523809523809526,246,1.2195121951219512
12234641,2018,5,3.333333333333333,3,45.0,176.0,3.911111111111111,257,1.1673151750972763
12234641,2018,6,2.6666666666666665,3,48.0,184.0,3.8333333333333335,333,0.9009009009009009
12234641,2018,7,2.5,2,50.0,189.0,3.78,477,0.41928721174004197
12234641,2018,8,4.333333333333333,6,56.0,215.0,3.8392857142857144,506,1.185770750988142
12234641,2018,9,4.6,5,61.0,238.0,3.901639344262295,326,1.5337423312883436
12234641,2018,10,4.5,2,63.0,247.0,3.9206349206349205,294,0.6802721088435374
12234641,2018,11,1.0,1,64.0,248.0,3.875,247,0.4048582995951417
12234641,2018,12,3.5,4,68.0,262.0,3.8529411764705883,261,1.532567049808429
12234641,2019,1,4.5,2,70.0,271.0,3.8714285714285714,308,0.6493506493506493
12234641,2019,2,3.5,2,72.0,278.0,3.861111111111111,232,0.8620689655172413
12234641,2019,3,2.333333333333333,3,75.0,285.0,3.8,265,1.1320754716981132
12234641,2019,4,3.0,2,77.0,291.0,3.779220779220779,233,0.8583690987124464
12234641,2019,5,2.5,2,79.0,296.0,3.7468354430379747,235,0.851063829787234
12234641,2019,6,4.5,2,81.0,305.0,3.765432098765432,271,0.7380073800738007
12234641,2019,7,4.0,2,83.0,313.0,3.7710843373493974,451,0.4434589800443459
12234641,2019,8,3.333333333333333,3,86.0,323.0,3.755813953488372,337,0.8902077151335311
12234641,2019,9,4.0,1,87.0,327.0,3.7586206896551726,261,0.38314176245210724
12234641,2019,10,4.0,3,90.0,339.0,3.7666666666666666,298,1.006711409395973
12234641,2020,1,4.25,4,94.0,356.0,3.7872340425531914,205,1.951219512195122
12234641,2020,2,2.0,1,95.0,358.0,3.768421052631579,235,0.425531914893617
12234641,2020,3,4.0,2,97.0,366.0,3.7731958762886597,173,1.1560693641618496
12234641,2020,7,3.0,1,98.0,369.0,3.7653061224489797,391,0.2557544757033248
12234641,2020,8,2.0,1,99.0,371.0,3.7474747474747474,226,0.4424778761061947
12274190,2017,9,2.0,1,1.0,2.0,2.0,304,0.3289473684210526
12274190,2018,10,3.0,1,2.0,5.0,2.5,294,0.3401360544217687
12274190,2020,1,3.0,1,3.0,8.0,2.6666666666666665,205,0.4878048780487805
12274190,2020,2,5.0,1,4.0,13.0,3.25,235,0.425531914893617
12293327,2017,4,3.0,1,1.0,3.0,3.0,312,0.3205128205128205
12293327,2017,7,2.0,2,3.0,7.0,2.3333333333333335,600,0.33333333333333337
12293327,2017,10,4.0,1,4.0,11.0,2.75,296,0.33783783783783783
12293327,2019,7,4.0,1,5.0,15.0,3.0,451,0.22172949002217296
12293327,2019,8,1.0,1,6.0,16.0,2.6666666666666665,337,0.2967359050445104
12321435,2017,7,4.0,1,1.0,4.0,4.0,600,0.16666666666666669
12321435,2018,4,4.0,1,2.0,8.0,4.0,246,0.40650406504065045
12321435,2018,6,4.0,1,3.0,12.0,4.0,333,0.3003003003003003
12321435,2018,8,5.0,2,5.0,22.0,4.4,506,0.3952569169960474
12321435,2018,10,5.0,1,6.0,27.0,4.5,294,0.3401360544217687
12321435,2019,1,5.0,1,7.0,32.0,4.571428571428571,308,0.3246753246753247
12321435,2019,2,5.0,1,8.0,37.0,4.625,232,0.43103448275862066
12321435,2019,7,4.5,2,10.0,46.0,4.6,451,0.4434589800443459
12321435,2019,8,5.0,1,11.0,51.0,4.636363636363637,337,0.2967359050445104
12321435,2019,10,3.5,2,13.0,58.0,4.461538461538462,298,0.6711409395973155
12321435,2020,12,5.0,1,14.0,63.0,4.5,81,1.2345679012345678
12358648,2017,4,5.0,1,1.0,5.0,5.0,312,0.3205128205128205
12358648,2017,9,5.0,1,2.0,10.0,5.0,304,0.3289473684210526
12358648,2017,10,5.0,1,3.0,15.0,5.0,296,0.33783783783783783
12358648,2018,1,5.0,1,4.0,20.0,5.0,269,0.37174721189591076
12358648,2018,5,5.0,1,5.0,25.0,5.0,257,0.38910505836575876
12358648,2018,6,5.0,1,6.0,30.0,5.0,333,0.3003003003003003
12358648,2018,7,5.0,1,7.0,35.0,5.0,477,0.20964360587002098
12358648,2018,9,5.0,1,8.0,40.0,5.0,326,0.3067484662576687
12358648,2019,6,4.0,2,10.0,48.0,4.8,271,0.7380073800738007
12358648,2019,7,3.0,1,11.0,51.0,4.636363636363637,451,0.22172949002217296
12358648,2019,12,5.0,1,12.0,56.0,4.666666666666667,197,0.5076142131979695
12358763,2017,7,4.333333333333333,3,3.0,13.0,4.333333333333333,600,0.5
12358763,2017,12,4.0,1,4.0,17.0,4.25,261,0.38314176245210724
12405780,2017,5,5.0,1,1.0,5.0,5.0,327,0.3058103975535168
12405780,2017,7,5.0,1,2.0,10.0,5.0,600,0.16666666666666669
12405780,2018,12,5.0,1,3.0,15.0,5.0,261,0.38314176245210724
12405780,2020,6,5.0,1,4.0,20.0,5.0,107,0.9345794392523363
12405780,2020,7,5.0,1,5.0,25.0,5.0,391,0.2557544757033248
12414987,2017,6,4.0,1,1.0,4.0,4.0,248,0.4032258064516129
12414987,2018,3,3.0,1,2.0,7.0,3.5,349,0.28653295128939826
12414987,2018,4,4.0,1,3.0,11.0,3.6666666666666665,246,0.40650406504065045
12414987,2018,6,2.0,1,4.0,13.0,3.25,333,0.3003003003003003
12414987,2020,8,5.0,1,5.0,18.0,3.6,226,0.4424778761061947
12414987,2020,12,4.0,1,6.0,22.0,3.6666666666666665,81,1.2345679012345678
12431094,2017,5,4.0,1,1.0,4.0,4.0,327,0.3058103975535168
12431094,2017,8,5.0,1,2.0,9.0,4.5,456,0.21929824561403508
12431094,2017,11,3.0,2,4.0,15.0,3.75,321,0.6230529595015576
12431094,2020,3,5.0,1,5.0,20.0,4.0,173,0.5780346820809248
12431771,2017,5,4.0,1,1.0,4.0,4.0,327,0.3058103975535168
12431771,2017,11,5.0,1,2.0,9.0,4.5,321,0.3115264797507788
12431771,2017,12,4.0,1,3.0,13.0,4.333333333333333,261,0.38314176245210724
12431784,2017,5,4.0,1,1.0,4.0,4.0,327,0.3058103975535168
12431784,2017,6,3.0,1,2.0,7.0,3.5,248,0.4032258064516129
12431784,2017,12,3.0,1,3.0,10.0,3.3333333333333335,261,0.38314176245210724
12431792,2017,5,4.0,1,1.0,4.0,4.0,327,0.3058103975535168
12431792,2017,12,4.0,1,2.0,8.0,4.0,261,0.38314176245210724
12486212,2019,5,5.0,1,1.0,5.0,5.0,235,0.425531914893617
12500753,2017,5,5.0,1,1.0,5.0,5.0,327,0.3058103975535168
12500753,2017,6,4.0,1,2.0,9.0,4.5,248,0.4032258064516129
12500753,2017,11,5.0,1,3.0,14.0,4.666666666666667,321,0.3115264797507788
12500753,2018,2,5.0,1,4.0,19.0,4.75,231,0.4329004329004329
12500753,2018,3,5.0,1,5.0,24.0,4.8,349,0.28653295128939826
12500753,2019,11,5.0,1,6.0,29.0,4.833333333333333,288,0.3472222222222222
12500753,2020,1,5.0,2,8.0,39.0,4.875,205,0.975609756097561
12500753,2020,3,3.0,1,9.0,42.0,4.666666666666667,173,0.5780346820809248
12506837,2018,4,5.0,1,1.0,5.0,5.0,246,0.40650406504065045
12506837,2018,10,4.0,1,2.0,9.0,4.5,294,0.3401360544217687
12506837,2018,11,5.0,1,3.0,14.0,4.666666666666667,247,0.4048582995951417
12506837,2018,12,3.0,1,4.0,17.0,4.25,261,0.38314176245210724
12506837,2019,1,5.0,1,5.0,22.0,4.4,308,0.3246753246753247
12512642,2019,4,3.0,1,1.0,3.0,3.0,233,0.4291845493562232
12512642,2020,4,5.0,1,2.0,8.0,4.0,35,2.857142857142857
12540904,2019,10,3.0,1,1.0,3.0,3.0,298,0.33557046979865773
12569435,2017,6,5.0,1,1.0,5.0,5.0,248,0.4032258064516129
12569435,2017,7,3.333333333333333,3,4.0,15.0,3.75,600,0.5
12569435,2017,8,3.0,1,5.0,18.0,3.6,456,0.21929824561403508
12569435,2017,9,4.0,1,6.0,22.0,3.6666666666666665,304,0.3289473684210526
12569435,2017,10,4.5,2,8.0,31.0,3.875,296,0.6756756756756757
12569435,2018,3,4.0,1,9.0,35.0,3.888888888888889,349,0.28653295128939826
12569435,2018,7,3.0,1,10.0,38.0,3.8,477,0.20964360587002098
12569435,2018,8,5.0,1,11.0,43.0,3.909090909090909,506,0.1976284584980237
12569435,2018,10,5.0,2,13.0,53.0,4.076923076923077,294,0.6802721088435374
12569435,2018,12,5.0,1,14.0,58.0,4.142857142857143,261,0.38314176245210724
12569435,2019,5,5.0,1,15.0,63.0,4.2,235,0.425531914893617
12569435,2019,8,5.0,1,16.0,68.0,4.25,337,0.2967359050445104
12569435,2019,12,5.0,1,17.0,73.0,4.294117647058823,197,0.5076142131979695
12634012,2018,8,3.0,1,1.0,3.0,3.0,506,0.1976284584980237
12634522,2017,7,5.0,2,2.0,10.0,5.0,600,0.33333333333333337
12634522,2017,8,5.0,1,3.0,15.0,5.0,456,0.21929824561403508
12634522,2017,9,5.0,2,5.0,25.0,5.0,304,0.6578947368421052
12634522,2017,10,5.0,1,6.0,30.0,5.0,296,0.33783783783783783
12634522,2018,1,5.0,3,9.0,45.0,5.0,269,1.1152416356877324
12634522,2018,2,5.0,11,20.0,100.0,5.0,231,4.761904761904762
12634522,2018,3,5.0,4,24.0,120.0,5.0,349,1.146131805157593
12634522,2018,4,5.0,2,26.0,130.0,5.0,246,0.8130081300813009
12634522,2018,6,5.0,1,27.0,135.0,5.0,333,0.3003003003003003
12634522,2018,9,5.0,1,28.0,140.0,5.0,326,0.3067484662576687
12634522,2018,11,5.0,1,29.0,145.0,5.0,247,0.4048582995951417
12634522,2019,1,5.0,2,31.0,155.0,5.0,308,0.6493506493506493
12634522,2019,3,5.0,1,32.0,160.0,5.0,265,0.37735849056603776
12634522,2020,1,5.0,1,33.0,165.0,5.0,205,0.4878048780487805
12634522,2020,7,5.0,1,34.0,170.0,5.0,391,0.2557544757033248
12639480,2017,7,4.666666666666667,3,3.0,14.0,4.666666666666667,600,0.5
12639480,2017,8,4.625,8,11.0,51.0,4.636363636363637,456,1.7543859649122806
12639480,2017,9,5.0,6,17.0,81.0,4.764705882352941,304,1.9736842105263157
12639480,2017,10,5.0,6,23.0,111.0,4.826086956521739,296,2.027027027027027
12639480,2017,11,4.75,4,27.0,130.0,4.814814814814815,321,1.2461059190031152
12639480,2017,12,4.75,4,31.0,149.0,4.806451612903226,261,1.532567049808429
12639480,2018,1,4.0,5,36.0,169.0,4.694444444444445,269,1.858736059479554
12639480,2018,2,3.5,2,38.0,176.0,4.631578947368421,231,0.8658008658008658
12639480,2018,3,4.75,8,46.0,214.0,4.6521739130434785,349,2.292263610315186
12639480,2018,4,3.6666666666666665,3,49.0,225.0,4.591836734693878,246,1.2195121951219512
12639480,2018,5,5.0,1,50.0,230.0,4.6,257,0.38910505836575876
12639480,2018,6,4.666666666666667,6,56.0,258.0,4.607142857142857,333,1.8018018018018018
12639480,2018,7,4.428571428571429,7,63.0,289.0,4.587301587301587,477,1.4675052410901468
12639480,2018,8,4.7,10,73.0,336.0,4.602739726027397,506,1.9762845849802373
12639480,2018,9,4.666666666666667,6,79.0,364.0,4.6075949367088604,326,1.8404907975460123
12639480,2018,10,5.0,1,80.0,369.0,4.6125,294,0.3401360544217687
12639480,2018,11,3.5,2,82.0,376.0,4.585365853658536,247,0.8097165991902834
12639480,2018,12,4.666666666666667,3,85.0,390.0,4.588235294117647,261,1.1494252873563218
12639480,2019,1,4.333333333333333,3,88.0,403.0,4.579545454545454,308,0.974025974025974
12639480,2019,2,4.666666666666667,3,91.0,417.0,4.582417582417582,232,1.293103448275862
12639480,2019,3,5.0,1,92.0,422.0,4.586956521739131,265,0.37735849056603776
12639480,2019,5,5.0,2,94.0,432.0,4.595744680851064,235,0.851063829787234
12639480,2019,6,5.0,4,98.0,452.0,4.612244897959184,271,1.4760147601476015
12639480,2019,7,5.0,3,101.0,467.0,4.623762376237623,451,0.6651884700665188
12639480,2019,8,4.166666666666667,6,107.0,492.0,4.598130841121495,337,1.7804154302670623
12639480,2019,9,3.8333333333333335,6,113.0,515.0,4.557522123893805,261,2.2988505747126435
12639480,2019,10,4.5,2,115.0,524.0,4.556521739130435,298,0.6711409395973155
12639480,2019,11,3.6666666666666665,3,118.0,535.0,4.533898305084746,288,1.0416666666666665
12639480,2019,12,5.0,3,121.0,550.0,4.545454545454546,197,1.5228426395939088
12639480,2020,1,4.0,1,122.0,554.0,4.540983606557377,205,0.4878048780487805
12639480,2020,3,4.5,2,124.0,563.0,4.540322580645161,173,1.1560693641618496
12639480,2020,7,3.0,2,126.0,569.0,4.515873015873016,391,0.5115089514066496
12639480,2020,8,4.0,2,128.0,577.0,4.5078125,226,0.8849557522123894
12695476,2019,10,4.0,1,1.0,4.0,4.0,298,0.33557046979865773
12706476,2018,6,4.0,2,2.0,8.0,4.0,333,0.6006006006006006
12706476,2018,7,4.0,2,4.0,16.0,4.0,477,0.41928721174004197
12706476,2018,11,4.0,1,5.0,20.0,4.0,247,0.4048582995951417
12706476,2019,2,3.0,1,6.0,23.0,3.8333333333333335,232,0.43103448275862066
12706476,2019,6,3.0,1,7.0,26.0,3.7142857142857144,271,0.36900369003690037
12706476,2019,8,4.0,1,8.0,30.0,3.75,337,0.2967359050445104
12706476,2019,9,3.0,1,9.0,33.0,3.6666666666666665,261,0.38314176245210724
12706476,2019,12,2.0,1,10.0,35.0,3.5,197,0.5076142131979695
12706476,2020,3,3.0,1,11.0,38.0,3.4545454545454546,173,0.5780346820809248
12706476,2020,6,4.0,1,12.0,42.0,3.5,107,0.9345794392523363
12706476,2020,9,2.0,1,13.0,44.0,3.3846153846153846,160,0.625
12716348,2017,8,5.0,1,1.0,5.0,5.0,456,0.21929824561403508
12716348,2017,11,5.0,1,2.0,10.0,5.0,321,0.3115264797507788
12716348,2018,8,5.0,1,3.0,15.0,5.0,506,0.1976284584980237
12716348,2018,12,4.0,1,4.0,19.0,4.75,261,0.38314176245210724
12716348,2020,1,4.0,1,5.0,23.0,4.6,205,0.4878048780487805
12826715,2017,8,5.0,1,1.0,5.0,5.0,456,0.21929824561403508
12826715,2017,12,4.0,1,2.0,9.0,4.5,261,0.38314176245210724
12856902,2017,9,5.0,2,2.0,10.0,5.0,304,0.6578947368421052
12856902,2019,7,4.0,1,3.0,14.0,4.666666666666667,451,0.22172949002217296
12913809,2017,9,3.0,1,1.0,3.0,3.0,304,0.3289473684210526
12913809,2017,10,2.0,1,2.0,5.0,2.5,296,0.33783783783783783
12913809,2018,11,4.0,1,3.0,9.0,3.0,247,0.4048582995951417
12918995,2018,4,5.0,1,1.0,5.0,5.0,246,0.40650406504065045
12918995,2018,5,5.0,1,2.0,10.0,5.0,257,0.38910505836575876
12918995,2018,6,5.0,2,4.0,20.0,5.0,333,0.6006006006006006
12918995,2018,7,4.5,2,6.0,29.0,4.833333333333333,477,0.41928721174004197
12918995,2018,9,5.0,1,7.0,34.0,4.857142857142857,326,0.3067484662576687
12918995,2018,10,2.0,1,8.0,36.0,4.5,294,0.3401360544217687
12918995,2018,11,4.5,2,10.0,45.0,4.5,247,0.8097165991902834
12918995,2018,12,5.0,1,11.0,50.0,4.545454545454546,261,0.38314176245210724
12918995,2019,2,5.0,2,13.0,60.0,4.615384615384615,232,0.8620689655172413
12918995,2019,3,5.0,1,14.0,65.0,4.642857142857143,265,0.37735849056603776
12918995,2019,10,5.0,1,15.0,70.0,4.666666666666667,298,0.33557046979865773
12918995,2020,3,5.0,1,16.0,75.0,4.6875,173,0.5780346820809248
12945413,2017,10,4.333333333333333,3,3.0,13.0,4.333333333333333,296,1.0135135135135136
12945413,2017,12,4.2,5,8.0,34.0,4.25,261,1.9157088122605364
12945413,2018,1,4.333333333333333,3,11.0,47.0,4.2727272727272725,269,1.1152416356877324
12945413,2018,2,3.5,2,13.0,54.0,4.153846153846154,231,0.8658008658008658
12945413,2018,3,4.666666666666667,3,16.0,68.0,4.25,349,0.8595988538681949
12945413,2018,4,3.5,2,18.0,75.0,4.166666666666667,246,0.8130081300813009
12945413,2018,5,3.6,5,23.0,93.0,4.043478260869565,257,1.9455252918287937
12945413,2018,7,3.25,4,27.0,106.0,3.925925925925926,477,0.8385744234800839
12945413,2018,8,3.142857142857143,7,34.0,128.0,3.764705882352941,506,1.383399209486166
12945413,2018,9,3.5,4,38.0,142.0,3.736842105263158,326,1.2269938650306749
12945413,2018,11,2.0,1,39.0,144.0,3.6923076923076925,247,0.4048582995951417
12945413,2018,12,4.0,2,41.0,152.0,3.707317073170732,261,0.7662835249042145
12945413,2019,1,5.0,1,42.0,157.0,3.738095238095238,308,0.3246753246753247
12945413,2019,2,4.5,2,44.0,166.0,3.772727272727273,232,0.8620689655172413
12945413,2019,3,3.5,4,48.0,180.0,3.75,265,1.509433962264151
12945413,2019,4,3.333333333333333,3,51.0,190.0,3.7254901960784315,233,1.2875536480686696
12945413,2019,5,2.0,9,60.0,208.0,3.466666666666667,235,3.829787234042553
12945413,2019,6,2.5,2,62.0,213.0,3.435483870967742,271,0.7380073800738007
12945413,2019,7,3.75,4,66.0,228.0,3.4545454545454546,451,0.8869179600886918
12945413,2019,8,3.6666666666666665,3,69.0,239.0,3.463768115942029,337,0.8902077151335311
12945413,2019,9,3.0,5,74.0,254.0,3.4324324324324325,261,1.9157088122605364
12945413,2019,10,5.0,1,75.0,259.0,3.453333333333333,298,0.33557046979865773
12945413,2019,11,4.0,4,79.0,275.0,3.481012658227848,288,1.3888888888888888
12945413,2019,12,2.0,3,82.0,281.0,3.426829268292683,197,1.5228426395939088
12945413,2020,1,3.0,2,84.0,287.0,3.4166666666666665,205,0.975609756097561
12945413,2020,2,5.0,1,85.0,292.0,3.4352941176470586,235,0.425531914893617
12945413,2020,3,1.6666666666666667,3,88.0,297.0,3.375,173,1.7341040462427744
12945413,2020,6,2.5,2,90.0,302.0,3.3555555555555556,107,1.8691588785046727
12945413,2020,7,4.0,1,91.0,306.0,3.3626373626373627,391,0.2557544757033248
12945413,2020,8,4.0,1,92.0,310.0,3.369565217391304,226,0.4424778761061947
12945413,2020,9,2.0,1,93.0,312.0,3.3548387096774195,160,0.625
12945413,2020,10,1.0,1,94.0,313.0,3.3297872340425534,145,0.6896551724137931
12945413,2020,12,5.0,1,95.0,318.0,3.3473684210526318,81,1.2345679012345678
12965861,2017,11,4.0,2,2.0,8.0,4.0,321,0.6230529595015576
12965861,2017,12,5.0,2,4.0,18.0,4.5,261,0.7662835249042145
12965861,2018,1,4.0,1,5.0,22.0,4.4,269,0.37174721189591076
12965861,2018,3,2.0,1,6.0,24.0,4.0,349,0.28653295128939826
12965861,2018,5,5.0,1,7.0,29.0,4.142857142857143,257,0.38910505836575876
12965861,2018,6,5.0,1,8.0,34.0,4.25,333,0.3003003003003003
12965861,2018,7,3.6666666666666665,3,11.0,45.0,4.090909090909091,477,0.628930817610063
12965861,2018,8,4.5,2,13.0,54.0,4.153846153846154,506,0.3952569169960474
12965861,2019,1,4.0,2,15.0,62.0,4.133333333333334,308,0.6493506493506493
12965861,2019,3,4.0,1,16.0,66.0,4.125,265,0.37735849056603776
12965861,2019,5,3.0,1,17.0,69.0,4.0588235294117645,235,0.425531914893617
12965861,2019,8,4.333333333333333,3,20.0,82.0,4.1,337,0.8902077151335311
12965861,2019,10,3.0,1,21.0,85.0,4.0476190476190474,298,0.33557046979865773
12965861,2020,2,5.0,1,22.0,90.0,4.090909090909091,235,0.425531914893617
12965861,2020,3,5.0,1,23.0,95.0,4.130434782608695,173,0.5780346820809248
12965861,2020,7,5.0,2,25.0,105.0,4.2,391,0.5115089514066496
12965861,2020,11,1.0,1,26.0,106.0,4.076923076923077,120,0.8333333333333334
12967804,2017,11,5.0,2,2.0,10.0,5.0,321,0.6230529595015576
12967804,2017,12,4.0,5,7.0,30.0,4.285714285714286,261,1.9157088122605364
12967804,2018,1,4.333333333333333,3,10.0,43.0,4.3,269,1.1152416356877324
12967804,2018,2,4.833333333333333,6,16.0,72.0,4.5,231,2.5974025974025974
12967804,2018,3,4.0,2,18.0,80.0,4.444444444444445,349,0.5730659025787965
12967804,2018,4,5.0,1,19.0,85.0,4.473684210526316,246,0.40650406504065045
12967804,2018,5,5.0,1,20.0,90.0,4.5,257,0.38910505836575876
12967804,2018,6,4.0,1,21.0,94.0,4.476190476190476,333,0.3003003003003003
12967804,2018,7,4.833333333333333,6,27.0,123.0,4.555555555555555,477,1.257861635220126
12967804,2018,8,4.0,3,30.0,135.0,4.5,506,0.592885375494071
12967804,2018,10,4.5,2,32.0,144.0,4.5,294,0.6802721088435374
12967804,2018,11,3.6666666666666665,3,35.0,155.0,4.428571428571429,247,1.214574898785425
12967804,2018,12,5.0,2,37.0,165.0,4.45945945945946,261,0.7662835249042145
12967804,2019,1,4.0,3,40.0,177.0,4.425,308,0.974025974025974
12967804,2019,2,4.833333333333333,6,46.0,206.0,4.478260869565218,232,2.586206896551724
12967804,2019,3,2.6666666666666665,3,49.0,214.0,4.36734693877551,265,1.1320754716981132
12967804,2019,4,5.0,1,50.0,219.0,4.38,233,0.4291845493562232
12967804,2019,6,4.0,1,51.0,223.0,4.372549019607843,271,0.36900369003690037
12967804,2019,7,5.0,2,53.0,233.0,4.39622641509434,451,0.4434589800443459
12967804,2019,8,3.5,2,55.0,240.0,4.363636363636363,337,0.5934718100890208
12967804,2019,10,5.0,1,56.0,245.0,4.375,298,0.33557046979865773
12967804,2019,11,3.0,3,59.0,254.0,4.305084745762712,288,1.0416666666666665
12967804,2020,1,4.0,1,60.0,258.0,4.3,205,0.4878048780487805
12967804,2020,2,5.0,2,62.0,268.0,4.32258064516129,235,0.851063829787234
12967804,2020,3,5.0,1,63.0,273.0,4.333333333333333,173,0.5780346820809248
12967804,2020,7,5.0,1,64.0,278.0,4.34375,391,0.2557544757033248
12967804,2020,9,4.0,1,65.0,282.0,4.338461538461538,160,0.625
12967804,2020,11,3.0,2,67.0,288.0,4.298507462686567,120,1.6666666666666667
12967804,2020,12,5.0,1,68.0,293.0,4.3088235294117645,81,1.2345679012345678
12972363,2017,10,5.0,1,1.0,5.0,5.0,296,0.33783783783783783
12972363,2017,12,5.0,1,2.0,10.0,5.0,261,0.38314176245210724
12972363,2018,1,5.0,2,4.0,20.0,5.0,269,0.7434944237918215
12972363,2018,2,5.0,1,5.0,25.0,5.0,231,0.4329004329004329
12972363,2018,3,4.666666666666667,3,8.0,39.0,4.875,349,0.8595988538681949
12972363,2018,4,5.0,1,9.0,44.0,4.888888888888889,246,0.40650406504065045
12972363,2018,5,5.0,2,11.0,54.0,4.909090909090909,257,0.7782101167315175
12972363,2018,6,5.0,1,12.0,59.0,4.916666666666667,333,0.3003003003003003
12972363,2018,8,5.0,1,13.0,64.0,4.923076923076923,506,0.1976284584980237
12972363,2018,9,5.0,1,14.0,69.0,4.928571428571429,326,0.3067484662576687
12972363,2019,3,5.0,2,16.0,79.0,4.9375,265,0.7547169811320755
12972363,2019,4,3.0,2,18.0,85.0,4.722222222222222,233,0.8583690987124464
12972363,2019,5,2.0,1,19.0,87.0,4.578947368421052,235,0.425531914893617
12972363,2019,6,3.5,2,21.0,94.0,4.476190476190476,271,0.7380073800738007
12972363,2019,10,5.0,1,22.0,99.0,4.5,298,0.33557046979865773
12972363,2019,11,5.0,1,23.0,104.0,4.521739130434782,288,0.3472222222222222
12972363,2020,2,5.0,1,24.0,109.0,4.541666666666667,235,0.425531914893617
12972380,2017,10,2.5,8,8.0,20.0,2.5,296,2.7027027027027026
12972380,2017,11,3.4,5,13.0,37.0,2.8461538461538463,321,1.557632398753894
12972380,2017,12,4.0,3,16.0,49.0,3.0625,261,1.1494252873563218
12972380,2018,1,4.166666666666667,6,22.0,74.0,3.3636363636363638,269,2.2304832713754648
12972380,2018,2,3.2,5,27.0,90.0,3.3333333333333335,231,2.1645021645021645
12972380,2018,3,3.333333333333333,9,36.0,120.0,3.3333333333333335,349,2.5787965616045847
12972380,2018,4,3.2,5,41.0,136.0,3.317073170731707,246,2.0325203252032518
12972380,2018,5,4.0,6,47.0,160.0,3.404255319148936,257,2.3346303501945527
12972380,2018,6,2.8,5,52.0,174.0,3.3461538461538463,333,1.5015015015015014
12972380,2018,7,3.0,9,61.0,201.0,3.2950819672131146,477,1.8867924528301887
12972380,2018,8,4.0,4,65.0,217.0,3.3384615384615386,506,0.7905138339920948
12972380,2018,9,4.0,4,69.0,233.0,3.3768115942028984,326,1.2269938650306749
12972380,2018,10,3.333333333333333,3,72.0,243.0,3.375,294,1.0204081632653061
12972380,2018,11,3.0,1,73.0,246.0,3.3698630136986303,247,0.4048582995951417
12972380,2018,12,2.0,1,74.0,248.0,3.3513513513513513,261,0.38314176245210724
12972380,2019,1,4.0,2,76.0,256.0,3.3684210526315788,308,0.6493506493506493
12972380,2019,2,4.0,4,80.0,272.0,3.4,232,1.7241379310344827
12972380,2019,3,2.0,2,82.0,276.0,3.3658536585365852,265,0.7547169811320755
12972380,2019,4,2.333333333333333,3,85.0,283.0,3.3294117647058825,233,1.2875536480686696
12972380,2019,5,4.0,1,86.0,287.0,3.3372093023255816,235,0.425531914893617
12972380,2019,6,3.0,6,92.0,305.0,3.3152173913043477,271,2.214022140221402
12972380,2019,7,3.25,4,96.0,318.0,3.3125,451,0.8869179600886918
12972380,2019,8,1.0,1,97.0,319.0,3.288659793814433,337,0.2967359050445104
12972380,2019,9,2.8,5,102.0,333.0,3.264705882352941,261,1.9157088122605364
12972380,2019,10,1.6666666666666667,3,105.0,338.0,3.219047619047619,298,1.006711409395973
12972380,2019,11,2.0,1,106.0,340.0,3.207547169811321,288,0.3472222222222222
12972380,2019,12,4.0,1,107.0,344.0,3.2149532710280373,197,0.5076142131979695
12972380,2020,1,4.0,3,110.0,356.0,3.2363636363636363,205,1.4634146341463417
12972380,2020,2,2.333333333333333,3,113.0,363.0,3.2123893805309733,235,1.276595744680851
12972380,2020,3,3.5,2,115.0,370.0,3.217391304347826,173,1.1560693641618496
12972380,2020,6,1.25,4,119.0,375.0,3.1512605042016806,107,3.7383177570093453
12972380,2020,7,2.6666666666666665,6,125.0,391.0,3.128,391,1.5345268542199488
12972380,2020,8,4.0,3,128.0,403.0,3.1484375,226,1.3274336283185841
12972380,2020,10,5.0,1,129.0,408.0,3.1627906976744184,145,0.6896551724137931
12972380,2020,11,1.0,1,130.0,409.0,3.146153846153846,120,0.8333333333333334
12972380,2020,12,3.5,4,134.0,423.0,3.156716417910448,81,4.938271604938271
12981349,2017,10,3.0,1,1.0,3.0,3.0,296,0.33783783783783783
12981349,2020,8,4.0,1,2.0,7.0,3.5,226,0.4424778761061947
12981350,2017,10,3.0,1,1.0,3.0,3.0,296,0.33783783783783783
12981350,2017,12,5.0,1,2.0,8.0,4.0,261,0.38314176245210724
12981350,2018,10,5.0,1,3.0,13.0,4.333333333333333,294,0.3401360544217687
12981350,2019,6,5.0,1,4.0,18.0,4.5,271,0.36900369003690037
12981350,2019,8,5.0,1,5.0,23.0,4.6,337,0.2967359050445104
12981350,2020,1,4.0,1,6.0,27.0,4.5,205,0.4878048780487805
12981351,2017,10,3.0,1,1.0,3.0,3.0,296,0.33783783783783783
12981351,2018,6,3.0,1,2.0,6.0,3.0,333,0.3003003003003003
12981351,2018,12,4.0,1,3.0,10.0,3.3333333333333335,261,0.38314176245210724
12981440,2017,10,4.0,1,1.0,4.0,4.0,296,0.33783783783783783
12981440,2017,12,4.0,1,2.0,8.0,4.0,261,0.38314176245210724
12981440,2018,1,5.0,1,3.0,13.0,4.333333333333333,269,0.37174721189591076
12981587,2017,12,3.0,1,1.0,3.0,3.0,261,0.38314176245210724
12981587,2018,2,5.0,1,2.0,8.0,4.0,231,0.4329004329004329
12981587,2018,3,3.0,1,3.0,11.0,3.6666666666666665,349,0.28653295128939826
12981587,2018,4,4.0,1,4.0,15.0,3.75,246,0.40650406504065045
12981587,2018,5,4.0,1,5.0,19.0,3.8,257,0.38910505836575876
12981587,2018,6,5.0,1,6.0,24.0,4.0,333,0.3003003003003003
12981587,2018,9,5.0,1,7.0,29.0,4.142857142857143,326,0.3067484662576687
12981587,2018,12,4.5,2,9.0,38.0,4.222222222222222,261,0.7662835249042145
12981587,2019,1,3.0,1,10.0,41.0,4.1,308,0.3246753246753247
12981587,2019,3,4.0,2,12.0,49.0,4.083333333333333,265,0.7547169811320755
12981587,2019,4,4.0,1,13.0,53.0,4.076923076923077,233,0.4291845493562232
12981587,2019,7,4.5,2,15.0,62.0,4.133333333333334,451,0.4434589800443459
12981587,2019,8,4.0,1,16.0,66.0,4.125,337,0.2967359050445104
12981587,2020,8,1.0,1,17.0,67.0,3.9411764705882355,226,0.4424778761061947
12981587,2020,12,5.0,1,18.0,72.0,4.0,81,1.2345679012345678
12981605,2017,10,3.0,1,1.0,3.0,3.0,296,0.33783783783783783
12981605,2019,12,3.0,1,2.0,6.0,3.0,197,0.5076142131979695
13007307,2018,6,4.0,1,1.0,4.0,4.0,333,0.3003003003003003
13007307,2018,9,1.0,1,2.0,5.0,2.5,326,0.3067484662576687
13007307,2019,2,4.0,1,3.0,9.0,3.0,232,0.43103448275862066
13132567,2017,11,5.0,1,1.0,5.0,5.0,321,0.3115264797507788
13132567,2019,3,4.0,1,2.0,9.0,4.5,265,0.37735849056603776
13132567,2019,5,4.0,1,3.0,13.0,4.333333333333333,235,0.425531914893617
13132571,2018,2,4.0,1,1.0,4.0,4.0,231,0.4329004329004329
13132571,2018,4,5.0,1,2.0,9.0,4.5,246,0.40650406504065045
13132571,2018,5,5.0,1,3.0,14.0,4.666666666666667,257,0.38910505836575876
13153644,2017,11,4.0,1,1.0,4.0,4.0,321,0.3115264797507788
13153644,2018,7,4.0,1,2.0,8.0,4.0,477,0.20964360587002098
13162499,2018,3,5.0,1,1.0,5.0,5.0,349,0.28653295128939826
13162499,2018,10,5.0,1,2.0,10.0,5.0,294,0.3401360544217687
13162499,2019,3,5.0,1,3.0,15.0,5.0,265,0.37735849056603776
13162499,2019,4,5.0,1,4.0,20.0,5.0,233,0.4291845493562232
13172709,2018,6,5.0,1,1.0,5.0,5.0,333,0.3003003003003003
13172709,2018,11,4.0,1,2.0,9.0,4.5,247,0.4048582995951417
13172709,2019,3,4.0,1,3.0,13.0,4.333333333333333,265,0.37735849056603776
13172709,2019,11,5.0,1,4.0,18.0,4.5,288,0.3472222222222222
13201162,2018,2,4.0,1,1.0,4.0,4.0,231,0.4329004329004329
13201162,2018,3,2.0,1,2.0,6.0,3.0,349,0.28653295128939826
13201162,2018,6,5.0,1,3.0,11.0,3.6666666666666665,333,0.3003003003003003
13201162,2018,7,2.0,2,5.0,15.0,3.0,477,0.41928721174004197
13201162,2018,8,4.75,4,9.0,34.0,3.7777777777777777,506,0.7905138339920948
13201162,2018,9,5.0,1,10.0,39.0,3.9,326,0.3067484662576687
13201162,2018,10,4.0,1,11.0,43.0,3.909090909090909,294,0.3401360544217687
13201162,2018,11,3.0,1,12.0,46.0,3.8333333333333335,247,0.4048582995951417
13201162,2018,12,3.0,2,14.0,52.0,3.7142857142857144,261,0.7662835249042145
13201162,2019,1,3.5,2,16.0,59.0,3.6875,308,0.6493506493506493
13201162,2019,2,1.0,1,17.0,60.0,3.5294117647058822,232,0.43103448275862066
13201162,2019,3,2.5,2,19.0,65.0,3.4210526315789473,265,0.7547169811320755
13201162,2019,6,4.0,1,20.0,69.0,3.45,271,0.36900369003690037
13201162,2019,7,3.0,3,23.0,78.0,3.391304347826087,451,0.6651884700665188
13201162,2019,8,1.0,1,24.0,79.0,3.2916666666666665,337,0.2967359050445104
13201162,2020,3,4.0,1,25.0,83.0,3.32,173,0.5780346820809248
13201162,2020,5,3.0,1,26.0,86.0,3.3076923076923075,11,9.090909090909092
13201162,2020,6,3.0,1,27.0,89.0,3.2962962962962963,107,0.9345794392523363
13201162,2020,7,1.0,1,28.0,90.0,3.2142857142857144,391,0.2557544757033248
13201162,2020,8,5.0,1,29.0,95.0,3.2758620689655173,226,0.4424778761061947
13201162,2020,9,3.0,1,30.0,98.0,3.2666666666666666,160,0.625
13201162,2020,11,5.0,1,31.0,103.0,3.3225806451612905,120,0.8333333333333334
13204405,2017,12,5.0,1,1.0,5.0,5.0,261,0.38314176245210724
13204405,2018,2,5.0,1,2.0,10.0,5.0,231,0.4329004329004329
13204405,2018,5,4.0,1,3.0,14.0,4.666666666666667,257,0.38910505836575876
13204405,2018,8,1.0,1,4.0,15.0,3.75,506,0.1976284584980237
13204405,2018,10,5.0,1,5.0,20.0,4.0,294,0.3401360544217687
13204405,2018,11,4.0,2,7.0,28.0,4.0,247,0.8097165991902834
13204405,2019,2,4.0,1,8.0,32.0,4.0,232,0.43103448275862066
13204405,2019,3,4.0,1,9.0,36.0,4.0,265,0.37735849056603776
13204405,2019,4,2.5,2,11.0,41.0,3.727272727272727,233,0.8583690987124464
13204405,2019,5,3.0,1,12.0,44.0,3.6666666666666665,235,0.425531914893617
13204405,2019,7,3.0,2,14.0,50.0,3.5714285714285716,451,0.4434589800443459
13204405,2019,8,3.5,2,16.0,57.0,3.5625,337,0.5934718100890208
13204405,2020,7,3.0,1,17.0,60.0,3.5294117647058822,391,0.2557544757033248
13275230,2017,12,4.0,2,2.0,8.0,4.0,261,0.7662835249042145
13275230,2018,1,3.75,4,6.0,23.0,3.8333333333333335,269,1.486988847583643
13275230,2018,2,3.1666666666666665,6,12.0,42.0,3.5,231,2.5974025974025974
13275230,2018,3,4.333333333333333,3,15.0,55.0,3.6666666666666665,349,0.8595988538681949
13275230,2018,4,3.8333333333333335,6,21.0,78.0,3.7142857142857144,246,2.4390243902439024
13275230,2018,5,3.5,6,27.0,99.0,3.6666666666666665,257,2.3346303501945527
13275230,2018,6,2.8,5,32.0,113.0,3.53125,333,1.5015015015015014
13275230,2018,7,3.571428571428572,14,46.0,163.0,3.5434782608695654,477,2.9350104821802936
13275230,2018,8,4.4,5,51.0,185.0,3.627450980392157,506,0.9881422924901186
13275230,2018,9,3.5,2,53.0,192.0,3.6226415094339623,326,0.6134969325153374
13275230,2018,10,5.0,1,54.0,197.0,3.6481481481481484,294,0.3401360544217687
13275230,2018,11,4.0,3,57.0,209.0,3.6666666666666665,247,1.214574898785425
13275230,2018,12,4.0,3,60.0,221.0,3.683333333333333,261,1.1494252873563218
13275230,2019,1,3.75,4,64.0,236.0,3.6875,308,1.2987012987012987
13275230,2019,2,4.666666666666667,3,67.0,250.0,3.7313432835820897,232,1.293103448275862
13275230,2019,4,4.5,2,69.0,259.0,3.753623188405797,233,0.8583690987124464
13275230,2019,5,4.0,1,70.0,263.0,3.757142857142857,235,0.425531914893617
13275230,2019,6,4.6,5,75.0,286.0,3.8133333333333335,271,1.8450184501845017
13275230,2019,7,4.0,12,87.0,334.0,3.839080459770115,451,2.6607538802660753
13275230,2019,8,4.0,3,90.0,346.0,3.8444444444444446,337,0.8902077151335311
13275230,2019,9,2.5,2,92.0,351.0,3.8152173913043477,261,0.7662835249042145
13275230,2019,10,4.0,1,93.0,355.0,3.817204301075269,298,0.33557046979865773
13275230,2019,11,4.333333333333333,3,96.0,368.0,3.8333333333333335,288,1.0416666666666665
13275230,2019,12,4.0,2,98.0,376.0,3.836734693877551,197,1.015228426395939
13275230,2020,1,5.0,4,102.0,396.0,3.8823529411764706,205,1.951219512195122
13275230,2020,2,4.666666666666667,3,105.0,410.0,3.9047619047619047,235,1.276595744680851
13275230,2020,3,5.0,1,106.0,415.0,3.9150943396226414,173,0.5780346820809248
13275230,2020,6,3.0,1,107.0,418.0,3.9065420560747666,107,0.9345794392523363
13275230,2020,7,3.857142857142857,7,114.0,445.0,3.9035087719298245,391,1.7902813299232736
13275230,2020,8,3.333333333333333,3,117.0,455.0,3.888888888888889,226,1.3274336283185841
13275230,2020,10,4.0,1,118.0,459.0,3.889830508474576,145,0.6896551724137931
13275230,2020,11,4.5,2,120.0,468.0,3.9,120,1.6666666666666667
13275230,2020,12,5.0,1,121.0,473.0,3.909090909090909,81,1.2345679012345678
13288515,2019,10,5.0,1,1.0,5.0,5.0,298,0.33557046979865773
13347681,2017,12,4.0,1,1.0,4.0,4.0,261,0.38314176245210724
13386904,2018,8,5.0,1,1.0,5.0,5.0,506,0.1976284584980237
13386904,2019,11,5.0,1,2.0,10.0,5.0,288,0.3472222222222222
13413652,2019,7,5.0,1,1.0,5.0,5.0,451,0.22172949002217296
13439139,2018,9,2.0,1,1.0,2.0,2.0,326,0.3067484662576687
13439139,2019,10,4.0,1,2.0,6.0,3.0,298,0.33557046979865773
13439220,2018,4,4.0,2,2.0,8.0,4.0,246,0.8130081300813009
13439220,2018,7,5.0,1,3.0,13.0,4.333333333333333,477,0.20964360587002098
13439220,2018,9,4.0,1,4.0,17.0,4.25,326,0.3067484662576687
13439220,2018,10,5.0,1,5.0,22.0,4.4,294,0.3401360544217687
13439220,2019,1,2.0,1,6.0,24.0,4.0,308,0.3246753246753247
13439220,2019,7,4.0,1,7.0,28.0,4.0,451,0.22172949002217296
13439220,2019,8,1.0,1,8.0,29.0,3.625,337,0.2967359050445104
13439220,2020,2,4.0,1,9.0,33.0,3.6666666666666665,235,0.425531914893617
13493134,2018,2,4.0,1,1.0,4.0,4.0,231,0.4329004329004329
13493134,2018,3,4.333333333333333,3,4.0,17.0,4.25,349,0.8595988538681949
13493134,2018,5,2.0,1,5.0,19.0,3.8,257,0.38910505836575876
13493134,2018,8,5.0,1,6.0,24.0,4.0,506,0.1976284584980237
13493134,2018,10,4.0,1,7.0,28.0,4.0,294,0.3401360544217687
13493134,2019,1,3.0,3,10.0,37.0,3.7,308,0.974025974025974
13493134,2019,5,4.0,1,11.0,41.0,3.727272727272727,235,0.425531914893617
13493134,2019,8,4.333333333333333,3,14.0,54.0,3.857142857142857,337,0.8902077151335311
13493134,2020,4,5.0,1,15.0,59.0,3.933333333333333,35,2.857142857142857
13493134,2020,7,4.0,1,16.0,63.0,3.9375,391,0.2557544757033248
13496901,2018,2,4.0,1,1.0,4.0,4.0,231,0.4329004329004329
13496901,2018,3,5.0,1,2.0,9.0,4.5,349,0.28653295128939826
13505854,2018,2,4.666666666666667,3,3.0,14.0,4.666666666666667,231,1.2987012987012987
13505854,2018,3,4.25,4,7.0,31.0,4.428571428571429,349,1.146131805157593
13505854,2018,4,3.0,1,8.0,34.0,4.25,246,0.40650406504065045
13505854,2018,5,5.0,2,10.0,44.0,4.4,257,0.7782101167315175
13505854,2018,6,4.0,1,11.0,48.0,4.363636363636363,333,0.3003003003003003
13505854,2018,7,4.0,2,13.0,56.0,4.3076923076923075,477,0.41928721174004197
13505854,2018,11,5.0,4,17.0,76.0,4.470588235294118,247,1.6194331983805668
13505854,2019,1,5.0,1,18.0,81.0,4.5,308,0.3246753246753247
13505854,2019,5,5.0,4,22.0,101.0,4.590909090909091,235,1.702127659574468
13505854,2019,6,5.0,4,26.0,121.0,4.653846153846154,271,1.4760147601476015
13505854,2019,8,5.0,2,28.0,131.0,4.678571428571429,337,0.5934718100890208
13505854,2019,9,5.0,2,30.0,141.0,4.7,261,0.7662835249042145
13505854,2019,10,5.0,1,31.0,146.0,4.709677419354839,298,0.33557046979865773
13505854,2019,11,5.0,1,32.0,151.0,4.71875,288,0.3472222222222222
13505854,2019,12,5.0,3,35.0,166.0,4.742857142857143,197,1.5228426395939088
13505854,2020,1,2.0,1,36.0,168.0,4.666666666666667,205,0.4878048780487805
13505854,2020,3,4.75,4,40.0,187.0,4.675,173,2.312138728323699
13505854,2020,4,5.0,1,41.0,192.0,4.682926829268292,35,2.857142857142857
13505854,2020,7,5.0,3,44.0,207.0,4.704545454545454,391,0.7672634271099744
13505854,2020,8,5.0,2,46.0,217.0,4.717391304347826,226,0.8849557522123894
13505854,2020,9,3.0,1,47.0,220.0,4.680851063829787,160,0.625
13505854,2020,10,5.0,1,48.0,225.0,4.6875,145,0.6896551724137931
13505854,2020,11,4.0,1,49.0,229.0,4.673469387755102,120,0.8333333333333334
13505854,2020,12,5.0,1,50.0,234.0,4.68,81,1.2345679012345678
13510943,2018,2,3.0,1,1.0,3.0,3.0,231,0.4329004329004329
13582115,2018,3,5.0,7,7.0,35.0,5.0,349,2.005730659025788
13582115,2018,4,5.0,5,12.0,60.0,5.0,246,2.0325203252032518
13582115,2018,5,5.0,7,19.0,95.0,5.0,257,2.7237354085603114
13582115,2018,6,5.0,4,23.0,115.0,5.0,333,1.2012012012012012
13582115,2018,7,5.0,13,36.0,180.0,5.0,477,2.7253668763102725
13582115,2018,8,5.0,3,39.0,195.0,5.0,506,0.592885375494071
13582115,2018,9,5.0,6,45.0,225.0,5.0,326,1.8404907975460123
13582115,2018,10,5.0,3,48.0,240.0,5.0,294,1.0204081632653061
13582115,2018,11,5.0,1,49.0,245.0,5.0,247,0.4048582995951417
13582115,2018,12,5.0,3,52.0,260.0,5.0,261,1.1494252873563218
13582115,2019,1,5.0,3,55.0,275.0,5.0,308,0.974025974025974
13582115,2019,2,5.0,1,56.0,280.0,5.0,232,0.43103448275862066
13582115,2019,3,5.0,3,59.0,295.0,5.0,265,1.1320754716981132
13582115,2019,4,5.0,6,65.0,325.0,5.0,233,2.575107296137339
13582115,2019,6,5.0,4,69.0,345.0,5.0,271,1.4760147601476015
13582115,2019,7,5.0,2,71.0,355.0,5.0,451,0.4434589800443459
13582115,2019,8,5.0,1,72.0,360.0,5.0,337,0.2967359050445104
13582115,2019,9,5.0,3,75.0,375.0,5.0,261,1.1494252873563218
13582115,2019,10,5.0,2,77.0,385.0,5.0,298,0.6711409395973155
13582115,2019,11,5.0,1,78.0,390.0,5.0,288,0.3472222222222222
13582115,2020,2,5.0,1,79.0,395.0,5.0,235,0.425531914893617
13582115,2020,3,5.0,3,82.0,410.0,5.0,173,1.7341040462427744
13582115,2020,7,5.0,1,83.0,415.0,5.0,391,0.2557544757033248
13582115,2020,8,5.0,1,84.0,420.0,5.0,226,0.4424778761061947
13582115,2020,9,5.0,5,89.0,445.0,5.0,160,3.125
13582115,2020,10,5.0,1,90.0,450.0,5.0,145,0.6896551724137931
13582115,2020,11,5.0,1,91.0,455.0,5.0,120,0.8333333333333334
13582115,2020,12,5.0,1,92.0,460.0,5.0,81,1.2345679012345678
13625959,2018,3,4.0,1,1.0,4.0,4.0,349,0.28653295128939826
13802488,2018,4,2.0,1,1.0,2.0,2.0,246,0.40650406504065045
13802488,2019,12,4.0,1,2.0,6.0,3.0,197,0.5076142131979695
13802516,2018,7,5.0,1,1.0,5.0,5.0,477,0.20964360587002098
13802611,2018,8,5.0,1,1.0,5.0,5.0,506,0.1976284584980237
13809999,2018,12,4.0,1,1.0,4.0,4.0,261,0.38314176245210724
13809999,2020,10,2.0,1,2.0,6.0,3.0,145,0.6896551724137931
13861787,2018,4,5.0,1,1.0,5.0,5.0,246,0.40650406504065045
13861787,2020,2,5.0,1,2.0,10.0,5.0,235,0.425531914893617
13921533,2018,6,4.0,1,1.0,4.0,4.0,333,0.3003003003003003
13921533,2018,11,4.428571428571429,7,8.0,35.0,4.375,247,2.834008097165992
13921533,2020,6,3.0,1,9.0,38.0,4.222222222222222,107,0.9345794392523363
13954350,2018,6,5.0,8,8.0,40.0,5.0,333,2.4024024024024024
13954350,2018,8,5.0,1,9.0,45.0,5.0,506,0.1976284584980237
13954350,2018,10,5.0,1,10.0,50.0,5.0,294,0.3401360544217687
13954350,2019,1,5.0,4,14.0,70.0,5.0,308,1.2987012987012987
13954350,2019,2,5.0,6,20.0,100.0,5.0,232,2.586206896551724
13954350,2019,3,5.0,2,22.0,110.0,5.0,265,0.7547169811320755
13954350,2019,4,5.0,1,23.0,115.0,5.0,233,0.4291845493562232
13957785,2018,4,4.0,1,1.0,4.0,4.0,246,0.40650406504065045
13957809,2018,4,3.5,2,2.0,7.0,3.5,246,0.8130081300813009
13957809,2018,5,4.0,3,5.0,19.0,3.8,257,1.1673151750972763
13957809,2018,6,5.0,2,7.0,29.0,4.142857142857143,333,0.6006006006006006
13957809,2018,7,4.333333333333333,3,10.0,42.0,4.2,477,0.628930817610063
13957809,2018,8,3.333333333333333,3,13.0,52.0,4.0,506,0.592885375494071
13957809,2018,10,4.5,2,15.0,61.0,4.066666666666666,294,0.6802721088435374
13957809,2018,11,3.0,2,17.0,67.0,3.9411764705882355,247,0.8097165991902834
13957809,2018,12,5.0,1,18.0,72.0,4.0,261,0.38314176245210724
13957809,2019,1,4.333333333333333,3,21.0,85.0,4.0476190476190474,308,0.974025974025974
13957809,2019,2,5.0,3,24.0,100.0,4.166666666666667,232,1.293103448275862
13957809,2019,4,5.0,2,26.0,110.0,4.230769230769231,233,0.8583690987124464
13957809,2019,6,5.0,1,27.0,115.0,4.2592592592592595,271,0.36900369003690037
13957809,2019,7,4.333333333333333,3,30.0,128.0,4.266666666666667,451,0.6651884700665188
13957809,2019,12,4.0,1,31.0,132.0,4.258064516129032,197,0.5076142131979695
13957809,2020,1,4.5,2,33.0,141.0,4.2727272727272725,205,0.975609756097561
13957809,2020,2,5.0,1,34.0,146.0,4.294117647058823,235,0.425531914893617
13957809,2020,5,5.0,1,35.0,151.0,4.314285714285714,11,9.090909090909092
13957809,2020,7,5.0,4,39.0,171.0,4.384615384615385,391,1.0230179028132993
13957809,2020,8,5.0,1,40.0,176.0,4.4,226,0.4424778761061947
13965600,2018,5,3.75,4,4.0,15.0,3.75,257,1.556420233463035
13965600,2018,6,4.0,3,7.0,27.0,3.857142857142857,333,0.9009009009009009
13965600,2018,7,4.25,4,11.0,44.0,4.0,477,0.8385744234800839
13965600,2018,8,4.5,4,15.0,62.0,4.133333333333334,506,0.7905138339920948
13965600,2018,9,4.333333333333333,3,18.0,75.0,4.166666666666667,326,0.9202453987730062
13965600,2018,10,3.0,4,22.0,87.0,3.9545454545454546,294,1.3605442176870748
13965600,2018,12,4.333333333333333,3,25.0,100.0,4.0,261,1.1494252873563218
13965600,2019,1,4.0,1,26.0,104.0,4.0,308,0.3246753246753247
13965600,2019,2,4.5,2,28.0,113.0,4.035714285714286,232,0.8620689655172413
13965600,2019,4,4.0,1,29.0,117.0,4.0344827586206895,233,0.4291845493562232
13965600,2019,6,5.0,1,30.0,122.0,4.066666666666666,271,0.36900369003690037
13965600,2019,7,4.0,1,31.0,126.0,4.064516129032258,451,0.22172949002217296
13965600,2019,9,3.0,2,33.0,132.0,4.0,261,0.7662835249042145
13965600,2019,11,4.0,1,34.0,136.0,4.0,288,0.3472222222222222
13965600,2019,12,4.0,1,35.0,140.0,4.0,197,0.5076142131979695
13965600,2020,2,4.0,1,36.0,144.0,4.0,235,0.425531914893617
13965600,2020,7,4.0,1,37.0,148.0,4.0,391,0.2557544757033248
13965600,2020,10,2.0,1,38.0,150.0,3.9473684210526314,145,0.6896551724137931
13969999,2018,4,4.0,1,1.0,4.0,4.0,246,0.40650406504065045
13969999,2019,5,5.0,1,2.0,9.0,4.5,235,0.425531914893617
13984243,2018,4,4.0,1,1.0,4.0,4.0,246,0.40650406504065045
13984243,2018,5,4.0,1,2.0,8.0,4.0,257,0.38910505836575876
13984243,2018,11,4.0,1,3.0,12.0,4.0,247,0.4048582995951417
13984243,2019,1,5.0,1,4.0,17.0,4.25,308,0.3246753246753247
13984243,2019,9,4.0,1,5.0,21.0,4.2,261,0.38314176245210724
13984243,2020,2,4.0,1,6.0,25.0,4.166666666666667,235,0.425531914893617
14101108,2018,5,3.0,1,1.0,3.0,3.0,257,0.38910505836575876
14101108,2020,1,5.0,1,2.0,8.0,4.0,205,0.4878048780487805
14101416,2018,5,4.0,1,1.0,4.0,4.0,257,0.38910505836575876
14101416,2018,8,1.0,1,2.0,5.0,2.5,506,0.1976284584980237
14101416,2020,12,1.0,1,3.0,6.0,2.0,81,1.2345679012345678
14101529,2018,5,4.0,1,1.0,4.0,4.0,257,0.38910505836575876
14101529,2018,7,5.0,2,3.0,14.0,4.666666666666667,477,0.41928721174004197
14101529,2018,8,4.5,2,5.0,23.0,4.6,506,0.3952569169960474
14101529,2018,12,4.0,1,6.0,27.0,4.5,261,0.38314176245210724
14101529,2019,1,4.0,1,7.0,31.0,4.428571428571429,308,0.3246753246753247
14101529,2019,8,5.0,1,8.0,36.0,4.5,337,0.2967359050445104
14101529,2020,3,1.0,1,9.0,37.0,4.111111111111111,173,0.5780346820809248
14101529,2020,7,3.0,1,10.0,40.0,4.0,391,0.2557544757033248
14101529,2020,8,4.0,1,11.0,44.0,4.0,226,0.4424778761061947
14136327,2018,8,4.0,1,1.0,4.0,4.0,506,0.1976284584980237
14136327,2018,10,2.0,1,2.0,6.0,3.0,294,0.3401360544217687
14139152,2018,5,5.0,1,1.0,5.0,5.0,257,0.38910505836575876
14139152,2018,6,5.0,1,2.0,10.0,5.0,333,0.3003003003003003
14139152,2018,8,5.0,1,3.0,15.0,5.0,506,0.1976284584980237
14139152,2018,9,5.0,1,4.0,20.0,5.0,326,0.3067484662576687
14139152,2019,1,4.5,2,6.0,29.0,4.833333333333333,308,0.6493506493506493
14139152,2019,2,5.0,1,7.0,34.0,4.857142857142857,232,0.43103448275862066
14139152,2019,3,5.0,1,8.0,39.0,4.875,265,0.37735849056603776
14139152,2019,4,5.0,1,9.0,44.0,4.888888888888889,233,0.4291845493562232
14139152,2019,6,5.0,1,10.0,49.0,4.9,271,0.36900369003690037
14139152,2019,7,5.0,3,13.0,64.0,4.923076923076923,451,0.6651884700665188
14139152,2019,8,4.0,1,14.0,68.0,4.857142857142857,337,0.2967359050445104
14139152,2020,1,5.0,1,15.0,73.0,4.866666666666666,205,0.4878048780487805
14139152,2020,2,5.0,1,16.0,78.0,4.875,235,0.425531914893617
14139152,2020,6,5.0,1,17.0,83.0,4.882352941176471,107,0.9345794392523363
14139152,2020,7,5.0,1,18.0,88.0,4.888888888888889,391,0.2557544757033248
14139152,2020,8,4.5,2,20.0,97.0,4.85,226,0.8849557522123894
14139152,2020,11,5.0,1,21.0,102.0,4.857142857142857,120,0.8333333333333334
14139154,2018,5,4.0,1,1.0,4.0,4.0,257,0.38910505836575876
14139154,2018,7,2.0,1,2.0,6.0,3.0,477,0.20964360587002098
14139154,2019,7,5.0,1,3.0,11.0,3.6666666666666665,451,0.22172949002217296
14139154,2020,7,5.0,1,4.0,16.0,4.0,391,0.2557544757033248
14139158,2018,5,3.0,1,1.0,3.0,3.0,257,0.38910505836575876
14139158,2018,6,5.0,1,2.0,8.0,4.0,333,0.3003003003003003
14139158,2018,7,4.0,1,3.0,12.0,4.0,477,0.20964360587002098
14139158,2018,8,4.0,2,5.0,20.0,4.0,506,0.3952569169960474
14139158,2019,8,5.0,1,6.0,25.0,4.166666666666667,337,0.2967359050445104
14139158,2020,8,4.0,1,7.0,29.0,4.142857142857143,226,0.4424778761061947
14168076,2018,7,5.0,1,1.0,5.0,5.0,477,0.20964360587002098
14168076,2019,1,5.0,1,2.0,10.0,5.0,308,0.3246753246753247
14168076,2019,4,4.0,1,3.0,14.0,4.666666666666667,233,0.4291845493562232
14168076,2019,9,5.0,1,4.0,19.0,4.75,261,0.38314176245210724
14168076,2019,10,4.0,1,5.0,23.0,4.6,298,0.33557046979865773
14168076,2020,11,2.0,1,6.0,25.0,4.166666666666667,120,0.8333333333333334
14192527,2018,7,5.0,1,1.0,5.0,5.0,477,0.20964360587002098
14772328,2018,7,4.0,2,2.0,8.0,4.0,477,0.41928721174004197
14772328,2019,7,4.0,2,4.0,16.0,4.0,451,0.4434589800443459
14772328,2019,8,3.5,2,6.0,23.0,3.8333333333333335,337,0.5934718100890208
14772328,2020,7,4.0,1,7.0,27.0,3.857142857142857,391,0.2557544757033248
14815706,2018,7,5.0,1,1.0,5.0,5.0,477,0.20964360587002098
14815706,2019,7,5.0,1,2.0,10.0,5.0,451,0.22172949002217296
14864124,2018,7,2.0,1,1.0,2.0,2.0,477,0.20964360587002098
14864124,2019,1,1.0,1,2.0,3.0,1.5,308,0.3246753246753247
14864124,2020,7,3.0,1,3.0,6.0,2.0,391,0.2557544757033248
14917567,2018,7,3.0,1,1.0,3.0,3.0,477,0.20964360587002098
14917567,2019,6,5.0,2,3.0,13.0,4.333333333333333,271,0.7380073800738007
14921250,2018,7,5.0,1,1.0,5.0,5.0,477,0.20964360587002098
14921250,2019,7,5.0,1,2.0,10.0,5.0,451,0.22172949002217296
14921493,2018,7,3.0,1,1.0,3.0,3.0,477,0.20964360587002098
14921493,2019,8,2.0,1,2.0,5.0,2.5,337,0.2967359050445104
14950690,2018,12,5.0,1,1.0,5.0,5.0,261,0.38314176245210724
14950690,2019,4,5.0,1,2.0,10.0,5.0,233,0.4291845493562232
15003611,2018,8,4.0,1,1.0,4.0,4.0,506,0.1976284584980237
15003611,2018,9,5.0,1,2.0,9.0,4.5,326,0.3067484662576687
15003611,2018,10,5.0,1,3.0,14.0,4.666666666666667,294,0.3401360544217687
15003611,2019,5,3.0,1,4.0,17.0,4.25,235,0.425531914893617
15003611,2019,7,1.0,1,5.0,18.0,3.6,451,0.22172949002217296
15003611,2019,10,5.0,1,6.0,23.0,3.8333333333333335,298,0.33557046979865773
15003611,2019,11,5.0,1,7.0,28.0,4.0,288,0.3472222222222222
15003628,2018,10,3.0,1,1.0,3.0,3.0,294,0.3401360544217687
15003628,2019,1,3.5,2,3.0,10.0,3.3333333333333335,308,0.6493506493506493
15003628,2019,2,2.0,1,4.0,12.0,3.0,232,0.43103448275862066
15003628,2019,5,1.0,1,5.0,13.0,2.6,235,0.425531914893617
15003628,2019,6,1.0,1,6.0,14.0,2.3333333333333335,271,0.36900369003690037
15003628,2019,7,1.0,1,7.0,15.0,2.142857142857143,451,0.22172949002217296
15003628,2019,8,2.0,1,8.0,17.0,2.125,337,0.2967359050445104
15003628,2019,9,2.0,1,9.0,19.0,2.111111111111111,261,0.38314176245210724
15003628,2019,10,1.0,1,10.0,20.0,2.0,298,0.33557046979865773
15003628,2019,11,3.0,1,11.0,23.0,2.090909090909091,288,0.3472222222222222
15003628,2019,12,4.0,1,12.0,27.0,2.25,197,0.5076142131979695
15003628,2020,2,1.0,1,13.0,28.0,2.1538461538461537,235,0.425531914893617
15003628,2020,7,3.0,2,15.0,34.0,2.2666666666666666,391,0.5115089514066496
15003628,2020,9,3.0,1,16.0,37.0,2.3125,160,0.625
15003628,2020,10,5.0,1,17.0,42.0,2.4705882352941178,145,0.6896551724137931
15003701,2018,12,4.0,1,1.0,4.0,4.0,261,0.38314176245210724
15003701,2019,1,5.0,1,2.0,9.0,4.5,308,0.3246753246753247
15003701,2020,2,3.0,1,3.0,12.0,4.0,235,0.425531914893617
15003701,2020,6,2.0,1,4.0,14.0,3.5,107,0.9345794392523363
15003733,2018,8,4.0,2,2.0,8.0,4.0,506,0.3952569169960474
15003733,2018,10,4.0,1,3.0,12.0,4.0,294,0.3401360544217687
15003733,2018,12,1.0,2,5.0,14.0,2.8,261,0.7662835249042145
15003733,2019,1,2.0,2,7.0,18.0,2.5714285714285716,308,0.6493506493506493
15003733,2019,3,4.0,1,8.0,22.0,2.75,265,0.37735849056603776
15003733,2019,4,2.0,1,9.0,24.0,2.6666666666666665,233,0.4291845493562232
15003733,2019,10,4.0,1,10.0,28.0,2.8,298,0.33557046979865773
15033859,2018,8,2.0,1,1.0,2.0,2.0,506,0.1976284584980237
15033899,2018,8,4.0,1,1.0,4.0,4.0,506,0.1976284584980237
15033899,2020,3,5.0,1,2.0,9.0,4.5,173,0.5780346820809248
15060247,2018,8,4.0,1,1.0,4.0,4.0,506,0.1976284584980237
15060247,2019,11,5.0,1,2.0,9.0,4.5,288,0.3472222222222222
15060247,2020,7,5.0,1,3.0,14.0,4.666666666666667,391,0.2557544757033248
15065858,2018,9,4.5,2,2.0,9.0,4.5,326,0.6134969325153374
15065858,2018,10,3.0,4,6.0,21.0,3.5,294,1.3605442176870748
15065858,2018,12,3.333333333333333,3,9.0,31.0,3.4444444444444446,261,1.1494252873563218
15065858,2019,1,4.2,5,14.0,52.0,3.7142857142857144,308,1.6233766233766231
15065858,2019,2,4.0,3,17.0,64.0,3.764705882352941,232,1.293103448275862
15065858,2019,3,5.0,1,18.0,69.0,3.8333333333333335,265,0.37735849056603776
15065858,2019,6,3.0,1,19.0,72.0,3.789473684210526,271,0.36900369003690037
15065858,2019,7,5.0,1,20.0,77.0,3.85,451,0.22172949002217296
15065858,2019,8,5.0,1,21.0,82.0,3.9047619047619047,337,0.2967359050445104
15065858,2019,9,5.0,1,22.0,87.0,3.9545454545454546,261,0.38314176245210724
15065858,2019,10,3.0,2,24.0,93.0,3.875,298,0.6711409395973155
15065858,2019,11,5.0,3,27.0,108.0,4.0,288,1.0416666666666665
15065858,2020,1,5.0,1,28.0,113.0,4.035714285714286,205,0.4878048780487805
15065858,2020,2,3.0,1,29.0,116.0,4.0,235,0.425531914893617
15065858,2020,9,2.0,1,30.0,118.0,3.933333333333333,160,0.625
15065858,2020,12,5.0,1,31.0,123.0,3.967741935483871,81,1.2345679012345678
15069939,2018,8,5.0,1,1.0,5.0,5.0,506,0.1976284584980237
15069939,2018,10,5.0,1,2.0,10.0,5.0,294,0.3401360544217687
15069939,2018,11,5.0,1,3.0,15.0,5.0,247,0.4048582995951417
15069939,2019,9,3.0,1,4.0,18.0,4.5,261,0.38314176245210724
15069939,2020,2,1.0,1,5.0,19.0,3.8,235,0.425531914893617
15069939,2020,4,5.0,1,6.0,24.0,4.0,35,2.857142857142857
15083923,2019,7,5.0,1,1.0,5.0,5.0,451,0.22172949002217296
15083923,2020,8,5.0,1,2.0,10.0,5.0,226,0.4424778761061947
15083998,2018,10,4.0,1,1.0,4.0,4.0,294,0.3401360544217687
15084088,2018,9,4.0,1,1.0,4.0,4.0,326,0.3067484662576687
15084088,2019,2,5.0,3,4.0,19.0,4.75,232,1.293103448275862
15084088,2019,3,5.0,1,5.0,24.0,4.8,265,0.37735849056603776
15084088,2019,4,2.0,2,7.0,28.0,4.0,233,0.8583690987124464
15084088,2019,5,5.0,1,8.0,33.0,4.125,235,0.425531914893617
15084088,2019,7,2.0,2,10.0,37.0,3.7,451,0.4434589800443459
15084088,2020,2,5.0,1,11.0,42.0,3.8181818181818183,235,0.425531914893617
15084088,2020,6,2.0,1,12.0,44.0,3.6666666666666665,107,0.9345794392523363
15084088,2020,8,3.0,1,13.0,47.0,3.6153846153846154,226,0.4424778761061947
15084536,2018,9,3.0,1,1.0,3.0,3.0,326,0.3067484662576687
15084536,2018,12,3.0,1,2.0,6.0,3.0,261,0.38314176245210724
15084536,2019,1,1.0,1,3.0,7.0,2.3333333333333335,308,0.3246753246753247
15084536,2019,3,5.0,1,4.0,12.0,3.0,265,0.37735849056603776
15084536,2019,7,3.0,1,5.0,15.0,3.0,451,0.22172949002217296
15084536,2019,9,3.0,1,6.0,18.0,3.0,261,0.38314176245210724
15084536,2020,4,5.0,1,7.0,23.0,3.2857142857142856,35,2.857142857142857
15087238,2018,9,3.0,1,1.0,3.0,3.0,326,0.3067484662576687
15087238,2019,2,4.666666666666667,3,4.0,17.0,4.25,232,1.293103448275862
15087238,2019,3,3.5,2,6.0,24.0,4.0,265,0.7547169811320755
15087238,2019,4,3.0,1,7.0,27.0,3.857142857142857,233,0.4291845493562232
15087238,2019,5,4.0,1,8.0,31.0,3.875,235,0.425531914893617
15087238,2019,7,5.0,1,9.0,36.0,4.0,451,0.22172949002217296
15087238,2019,9,5.0,1,10.0,41.0,4.1,261,0.38314176245210724
15087238,2020,2,3.0,3,13.0,50.0,3.8461538461538463,235,1.276595744680851
15087238,2020,3,4.0,1,14.0,54.0,3.857142857142857,173,0.5780346820809248
15087238,2020,8,5.0,1,15.0,59.0,3.933333333333333,226,0.4424778761061947
15087238,2020,11,4.0,1,16.0,63.0,3.9375,120,0.8333333333333334
15150488,2019,2,4.0,1,1.0,4.0,4.0,232,0.43103448275862066
15150488,2019,4,5.0,1,2.0,9.0,4.5,233,0.4291845493562232
15150488,2019,5,5.0,1,3.0,14.0,4.666666666666667,235,0.425531914893617
15150488,2019,8,5.0,2,5.0,24.0,4.8,337,0.5934718100890208
15150488,2020,2,4.0,1,6.0,28.0,4.666666666666667,235,0.425531914893617
15150488,2020,9,5.0,1,7.0,33.0,4.714285714285714,160,0.625
15187663,2019,4,5.0,1,1.0,5.0,5.0,233,0.4291845493562232
15187663,2019,8,4.0,1,2.0,9.0,4.5,337,0.2967359050445104
15191814,2019,1,4.0,2,2.0,8.0,4.0,308,0.6493506493506493
15208485,2018,12,2.0,1,1.0,2.0,2.0,261,0.38314176245210724
15208485,2019,1,3.0,1,2.0,5.0,2.5,308,0.3246753246753247
15208485,2019,7,3.0,1,3.0,8.0,2.6666666666666665,451,0.22172949002217296
15208485,2019,10,3.0,1,4.0,11.0,2.75,298,0.33557046979865773
15208485,2019,11,4.0,1,5.0,15.0,3.0,288,0.3472222222222222
15208485,2020,1,2.0,1,6.0,17.0,2.8333333333333335,205,0.4878048780487805
15208485,2020,2,4.0,1,7.0,21.0,3.0,235,0.425531914893617
15208485,2020,3,3.0,2,9.0,27.0,3.0,173,1.1560693641618496
15208485,2020,8,4.0,1,10.0,31.0,3.1,226,0.4424778761061947
15292042,2019,4,3.333333333333333,3,3.0,10.0,3.3333333333333335,233,1.2875536480686696
15292042,2019,5,4.0,1,4.0,14.0,3.5,235,0.425531914893617
15292042,2019,6,4.0,2,6.0,22.0,3.6666666666666665,271,0.7380073800738007
15292042,2019,7,1.0,1,7.0,23.0,3.2857142857142856,451,0.22172949002217296
15292042,2019,10,4.0,1,8.0,27.0,3.375,298,0.33557046979865773
15292042,2020,1,3.5,2,10.0,34.0,3.4,205,0.975609756097561
15292042,2020,2,3.0,1,11.0,37.0,3.3636363636363638,235,0.425531914893617
15297642,2018,11,4.4,5,5.0,22.0,4.4,247,2.0242914979757085
15297642,2018,12,4.0,2,7.0,30.0,4.285714285714286,261,0.7662835249042145
15297642,2019,1,5.0,2,9.0,40.0,4.444444444444445,308,0.6493506493506493
15297642,2019,3,5.0,1,10.0,45.0,4.5,265,0.37735849056603776
15297642,2019,4,3.5,2,12.0,52.0,4.333333333333333,233,0.8583690987124464
15297642,2019,9,5.0,1,13.0,57.0,4.384615384615385,261,0.38314176245210724
15297642,2019,10,5.0,1,14.0,62.0,4.428571428571429,298,0.33557046979865773
15297642,2019,12,4.0,1,15.0,66.0,4.4,197,0.5076142131979695
15297642,2020,3,5.0,1,16.0,71.0,4.4375,173,0.5780346820809248
15298188,2019,10,2.0,1,1.0,2.0,2.0,298,0.33557046979865773
15553646,2019,2,5.0,1,1.0,5.0,5.0,232,0.43103448275862066
15553646,2019,10,4.0,1,2.0,9.0,4.5,298,0.33557046979865773
15553646,2019,11,1.0,1,3.0,10.0,3.3333333333333335,288,0.3472222222222222
15642597,2020,8,5.0,1,1.0,5.0,5.0,226,0.4424778761061947
15644080,2020,1,5.0,1,1.0,5.0,5.0,205,0.4878048780487805
15644080,2020,2,3.0,1,2.0,8.0,4.0,235,0.425531914893617
15675671,2019,1,3.0,1,1.0,3.0,3.0,308,0.3246753246753247
15675671,2019,12,4.0,1,2.0,7.0,3.5,197,0.5076142131979695
15683427,2019,1,5.0,1,1.0,5.0,5.0,308,0.3246753246753247
15683427,2019,3,5.0,1,2.0,10.0,5.0,265,0.37735849056603776
15683427,2019,7,5.0,1,3.0,15.0,5.0,451,0.22172949002217296
15683427,2019,8,5.0,1,4.0,20.0,5.0,337,0.2967359050445104
15683427,2019,10,5.0,1,5.0,25.0,5.0,298,0.33557046979865773
15683427,2020,2,3.0,1,6.0,28.0,4.666666666666667,235,0.425531914893617
15683427,2020,7,5.0,1,7.0,33.0,4.714285714285714,391,0.2557544757033248
15683443,2019,1,3.0,1,1.0,3.0,3.0,308,0.3246753246753247
15683443,2019,3,3.0,1,2.0,6.0,3.0,265,0.37735849056603776
15683443,2019,4,3.0,1,3.0,9.0,3.0,233,0.4291845493562232
15683443,2019,6,3.0,1,4.0,12.0,3.0,271,0.36900369003690037
15683443,2019,8,3.0,1,5.0,15.0,3.0,337,0.2967359050445104
15683443,2019,9,3.0,2,7.0,21.0,3.0,261,0.7662835249042145
15683443,2020,1,3.0,1,8.0,24.0,3.0,205,0.4878048780487805
15683443,2020,2,4.0,1,9.0,28.0,3.111111111111111,235,0.425531914893617
15683737,2019,1,4.666666666666667,3,3.0,14.0,4.666666666666667,308,0.974025974025974
15683737,2019,3,4.5,2,5.0,23.0,4.6,265,0.7547169811320755
15683737,2019,4,5.0,1,6.0,28.0,4.666666666666667,233,0.4291845493562232
15683737,2019,6,5.0,1,7.0,33.0,4.714285714285714,271,0.36900369003690037
15683737,2019,7,4.0,2,9.0,41.0,4.555555555555555,451,0.4434589800443459
15683737,2019,8,5.0,2,11.0,51.0,4.636363636363637,337,0.5934718100890208
15683737,2019,9,3.0,3,14.0,60.0,4.285714285714286,261,1.1494252873563218
15683737,2019,10,5.0,1,15.0,65.0,4.333333333333333,298,0.33557046979865773
15694919,2019,1,3.6666666666666665,3,3.0,11.0,3.6666666666666665,308,0.974025974025974
15694919,2019,3,5.0,1,4.0,16.0,4.0,265,0.37735849056603776
15694919,2019,5,5.0,1,5.0,21.0,4.2,235,0.425531914893617
15694919,2020,9,5.0,1,6.0,26.0,4.333333333333333,160,0.625
15817129,2019,8,5.0,1,1.0,5.0,5.0,337,0.2967359050445104
15827714,2019,3,5.0,2,2.0,10.0,5.0,265,0.7547169811320755
15827714,2019,6,5.0,1,3.0,15.0,5.0,271,0.36900369003690037
15827714,2019,8,4.5,2,5.0,24.0,4.8,337,0.5934718100890208
15827714,2019,9,4.333333333333333,3,8.0,37.0,4.625,261,1.1494252873563218
15827714,2019,11,5.0,1,9.0,42.0,4.666666666666667,288,0.3472222222222222
15827714,2019,12,5.0,1,10.0,47.0,4.7,197,0.5076142131979695
15862972,2020,6,4.0,1,1.0,4.0,4.0,107,0.9345794392523363
15862972,2020,7,2.0,1,2.0,6.0,3.0,391,0.2557544757033248
15873427,2019,2,5.0,4,4.0,20.0,5.0,232,1.7241379310344827
15873427,2019,3,5.0,4,8.0,40.0,5.0,265,1.509433962264151
15873434,2019,1,4.0,1,1.0,4.0,4.0,308,0.3246753246753247
15873449,2019,1,4.0,1,1.0,4.0,4.0,308,0.3246753246753247
15873449,2019,2,4.6,5,6.0,27.0,4.5,232,2.1551724137931036
15873449,2019,4,4.25,4,10.0,44.0,4.4,233,1.7167381974248928
15873449,2019,5,3.0,7,17.0,65.0,3.823529411764706,235,2.9787234042553195
15873449,2019,7,4.0,1,18.0,69.0,3.8333333333333335,451,0.22172949002217296
15873449,2019,9,3.0,1,19.0,72.0,3.789473684210526,261,0.38314176245210724
15873449,2019,10,3.0,3,22.0,81.0,3.6818181818181817,298,1.006711409395973
15873449,2019,11,2.0,2,24.0,85.0,3.5416666666666665,288,0.6944444444444444
15873449,2020,1,4.0,1,25.0,89.0,3.56,205,0.4878048780487805
15873449,2020,2,4.0,2,27.0,97.0,3.5925925925925926,235,0.851063829787234
15873449,2020,3,5.0,1,28.0,102.0,3.642857142857143,173,0.5780346820809248
15873449,2020,8,5.0,1,29.0,107.0,3.689655172413793,226,0.4424778761061947
15873449,2020,10,3.0,1,30.0,110.0,3.6666666666666665,145,0.6896551724137931
15873449,2020,12,2.0,1,31.0,112.0,3.6129032258064515,81,1.2345679012345678
16700623,2019,2,3.0,1,1.0,3.0,3.0,232,0.43103448275862066
16700623,2019,3,3.0,1,2.0,6.0,3.0,265,0.37735849056603776
16700623,2019,4,2.0,1,3.0,8.0,2.6666666666666665,233,0.4291845493562232
16700623,2019,7,3.0,1,4.0,11.0,2.75,451,0.22172949002217296
16700623,2019,8,3.0,1,5.0,14.0,2.8,337,0.2967359050445104
16700623,2019,10,4.0,1,6.0,18.0,3.0,298,0.33557046979865773
16737303,2019,8,4.0,1,1.0,4.0,4.0,337,0.2967359050445104
16737303,2019,10,5.0,1,2.0,9.0,4.5,298,0.33557046979865773
16827785,2013,3,4.5,2,2.0,9.0,4.5,57,3.508771929824561
16827785,2013,6,4.0,1,3.0,13.0,4.333333333333333,63,1.5873015873015872
16827785,2013,11,3.0,1,4.0,16.0,4.0,52,1.9230769230769231
16827785,2015,9,4.0,2,6.0,24.0,4.0,238,0.8403361344537815
16827785,2016,3,3.0,1,7.0,27.0,3.857142857142857,348,0.28735632183908044
16827785,2016,11,3.0,1,8.0,30.0,3.75,271,0.36900369003690037
16827785,2017,1,4.5,2,10.0,39.0,3.9,277,0.7220216606498195
16827785,2017,4,2.0,1,11.0,41.0,3.727272727272727,312,0.3205128205128205
16827785,2017,6,3.0,1,12.0,44.0,3.6666666666666665,248,0.4032258064516129
16827785,2017,7,3.0,1,13.0,47.0,3.6153846153846154,600,0.16666666666666669
16827785,2017,8,3.0,1,14.0,50.0,3.5714285714285716,456,0.21929824561403508
16827785,2017,9,4.0,2,16.0,58.0,3.625,304,0.6578947368421052
16827785,2017,12,3.0,1,17.0,61.0,3.588235294117647,261,0.38314176245210724
16827785,2018,1,3.5,2,19.0,68.0,3.5789473684210527,269,0.7434944237918215
16827785,2018,2,4.0,1,20.0,72.0,3.6,231,0.4329004329004329
16827785,2018,3,4.0,1,21.0,76.0,3.619047619047619,349,0.28653295128939826
16827785,2018,7,4.0,1,22.0,80.0,3.6363636363636362,477,0.20964360587002098
16827785,2018,10,3.0,1,23.0,83.0,3.608695652173913,294,0.3401360544217687
16827785,2018,11,2.0,1,24.0,85.0,3.5416666666666665,247,0.4048582995951417
16827785,2019,1,4.5,2,26.0,94.0,3.6153846153846154,308,0.6493506493506493
16827785,2019,2,3.0,1,27.0,97.0,3.5925925925925926,232,0.43103448275862066
16827785,2019,3,3.0,1,28.0,100.0,3.5714285714285716,265,0.37735849056603776
16827785,2019,8,4.0,1,29.0,104.0,3.586206896551724,337,0.2967359050445104
16827785,2019,11,4.0,1,30.0,108.0,3.6,288,0.3472222222222222
16827785,2020,2,3.0,1,31.0,111.0,3.5806451612903225,235,0.425531914893617
16863822,2019,3,5.0,1,1.0,5.0,5.0,265,0.37735849056603776
16863822,2019,6,1.0,1,2.0,6.0,3.0,271,0.36900369003690037
16863822,2019,7,1.0,1,3.0,7.0,2.3333333333333335,451,0.22172949002217296
16863822,2020,7,2.0,1,4.0,9.0,2.25,391,0.2557544757033248
16884122,2019,3,4.5,2,2.0,9.0,4.5,265,0.7547169811320755
16884122,2019,4,3.5,2,4.0,16.0,4.0,233,0.8583690987124464
16884122,2019,5,2.0,1,5.0,18.0,3.6,235,0.425531914893617
16884122,2019,8,4.0,1,6.0,22.0,3.6666666666666665,337,0.2967359050445104
16884122,2020,2,3.0,1,7.0,25.0,3.5714285714285716,235,0.425531914893617
16884122,2020,6,4.0,1,8.0,29.0,3.625,107,0.9345794392523363
16884122,2020,10,3.5,2,10.0,36.0,3.6,145,1.3793103448275863
16884442,2013,8,5.0,1,1.0,5.0,5.0,87,1.1494252873563218
16884442,2014,10,5.0,1,2.0,10.0,5.0,118,0.847457627118644
16884442,2014,12,4.0,1,3.0,14.0,4.666666666666667,102,0.9803921568627451
16884442,2015,1,4.0,3,6.0,26.0,4.333333333333333,128,2.34375
16884442,2015,2,5.0,1,7.0,31.0,4.428571428571429,134,0.7462686567164178
16884442,2015,5,5.0,1,8.0,36.0,4.5,169,0.591715976331361
16884442,2015,9,4.0,1,9.0,40.0,4.444444444444445,238,0.42016806722689076
16884442,2015,11,4.0,1,10.0,44.0,4.4,149,0.6711409395973155
16884442,2015,12,4.0,2,12.0,52.0,4.333333333333333,184,1.0869565217391304
16884442,2016,3,4.5,2,14.0,61.0,4.357142857142857,348,0.5747126436781609
16884442,2016,4,4.0,2,16.0,69.0,4.3125,289,0.6920415224913495
16884442,2016,6,5.0,1,17.0,74.0,4.352941176470588,323,0.30959752321981426
16884442,2016,7,4.333333333333333,3,20.0,87.0,4.35,531,0.5649717514124294
16884442,2016,8,4.0,1,21.0,91.0,4.333333333333333,518,0.19305019305019305
16884442,2017,5,5.0,1,22.0,96.0,4.363636363636363,327,0.3058103975535168
16884442,2017,7,4.0,1,23.0,100.0,4.3478260869565215,600,0.16666666666666669
16884442,2017,8,5.0,1,24.0,105.0,4.375,456,0.21929824561403508
16884442,2017,9,5.0,1,25.0,110.0,4.4,304,0.3289473684210526
16884442,2017,12,4.0,1,26.0,114.0,4.384615384615385,261,0.38314176245210724
16884442,2018,12,4.5,2,28.0,123.0,4.392857142857143,261,0.7662835249042145
16884442,2019,1,4.0,1,29.0,127.0,4.379310344827586,308,0.3246753246753247
16884442,2019,3,5.0,3,32.0,142.0,4.4375,265,1.1320754716981132
16884442,2019,5,5.0,1,33.0,147.0,4.454545454545454,235,0.425531914893617
16884442,2019,7,4.0,1,34.0,151.0,4.4411764705882355,451,0.22172949002217296
16884442,2020,7,1.0,1,35.0,152.0,4.3428571428571425,391,0.2557544757033248
16929260,2019,4,4.0,1,1.0,4.0,4.0,233,0.4291845493562232
17323371,2019,8,5.0,1,1.0,5.0,5.0,337,0.2967359050445104
17323371,2020,2,4.0,1,2.0,9.0,4.5,235,0.425531914893617
17323375,2019,4,4.0,2,2.0,8.0,4.0,233,0.8583690987124464
17323375,2019,6,2.0,1,3.0,10.0,3.3333333333333335,271,0.36900369003690037
17323375,2019,8,5.0,1,4.0,15.0,3.75,337,0.2967359050445104
17323375,2019,12,4.0,1,5.0,19.0,3.8,197,0.5076142131979695
17338433,2019,4,4.0,1,1.0,4.0,4.0,233,0.4291845493562232
17338433,2019,7,5.0,1,2.0,9.0,4.5,451,0.22172949002217296
17338433,2019,10,5.0,1,3.0,14.0,4.666666666666667,298,0.33557046979865773
17431113,2019,5,4.4,5,5.0,22.0,4.4,235,2.127659574468085
17431113,2019,6,4.0,6,11.0,46.0,4.181818181818182,271,2.214022140221402
17431113,2019,7,5.0,3,14.0,61.0,4.357142857142857,451,0.6651884700665188
17431113,2019,8,4.875,8,22.0,100.0,4.545454545454546,337,2.3738872403560833
17431113,2019,9,1.0,1,23.0,101.0,4.391304347826087,261,0.38314176245210724
17431113,2019,10,4.8,5,28.0,125.0,4.464285714285714,298,1.6778523489932886
17431113,2019,11,4.5,4,32.0,143.0,4.46875,288,1.3888888888888888
17431113,2019,12,4.8,5,37.0,167.0,4.513513513513513,197,2.5380710659898478
17431113,2020,1,4.0,1,38.0,171.0,4.5,205,0.4878048780487805
17431113,2020,2,5.0,2,40.0,181.0,4.525,235,0.851063829787234
17431113,2020,3,4.333333333333333,3,43.0,194.0,4.511627906976744,173,1.7341040462427744
17431113,2020,4,5.0,1,44.0,199.0,4.5227272727272725,35,2.857142857142857
17431113,2020,5,4.0,2,46.0,207.0,4.5,11,18.181818181818183
17431113,2020,6,4.5,4,50.0,225.0,4.5,107,3.7383177570093453
17431113,2020,7,3.0,2,52.0,231.0,4.4423076923076925,391,0.5115089514066496
17431113,2020,8,3.7142857142857135,7,59.0,257.0,4.3559322033898304,226,3.0973451327433628
17431113,2020,9,3.2,5,64.0,273.0,4.265625,160,3.125
17431113,2020,10,4.0,1,65.0,277.0,4.2615384615384615,145,0.6896551724137931
17431113,2020,11,5.0,1,66.0,282.0,4.2727272727272725,120,0.8333333333333334
17431113,2020,12,3.5,2,68.0,289.0,4.25,81,2.4691358024691357
17469375,2019,5,5.0,1,1.0,5.0,5.0,235,0.425531914893617
17469375,2019,6,4.6,5,6.0,28.0,4.666666666666667,271,1.8450184501845017
17469375,2019,7,4.545454545454546,11,17.0,78.0,4.588235294117647,451,2.4390243902439024
17469375,2019,8,5.0,1,18.0,83.0,4.611111111111111,337,0.2967359050445104
17469375,2019,9,5.0,4,22.0,103.0,4.681818181818182,261,1.532567049808429
17469375,2019,10,5.0,1,23.0,108.0,4.695652173913044,298,0.33557046979865773
17469375,2019,11,5.0,1,24.0,113.0,4.708333333333333,288,0.3472222222222222
17469375,2019,12,4.5,2,26.0,122.0,4.6923076923076925,197,1.015228426395939
17469375,2020,7,5.0,1,27.0,127.0,4.703703703703703,391,0.2557544757033248
17477714,2019,10,5.0,1,1.0,5.0,5.0,298,0.33557046979865773
17477714,2019,11,4.0,1,2.0,9.0,4.5,288,0.3472222222222222
17477714,2020,3,4.0,1,3.0,13.0,4.333333333333333,173,0.5780346820809248
17477714,2020,11,4.0,1,4.0,17.0,4.25,120,0.8333333333333334
17478108,2019,5,2.0,1,1.0,2.0,2.0,235,0.425531914893617
17478108,2019,7,4.0,1,2.0,6.0,3.0,451,0.22172949002217296
17514702,2020,7,2.0,1,1.0,2.0,2.0,391,0.2557544757033248
17600146,2019,6,1.0,1,1.0,1.0,1.0,271,0.36900369003690037
17600146,2020,6,1.0,1,2.0,2.0,1.0,107,0.9345794392523363
17600146,2020,8,4.0,1,3.0,6.0,2.0,226,0.4424778761061947
17604391,2019,7,4.0,2,2.0,8.0,4.0,451,0.4434589800443459
17604391,2019,10,2.0,1,3.0,10.0,3.3333333333333335,298,0.33557046979865773
17661154,2019,7,2.0,1,1.0,2.0,2.0,451,0.22172949002217296
17661154,2019,10,3.0,1,2.0,5.0,2.5,298,0.33557046979865773
17661154,2019,11,5.0,1,3.0,10.0,3.3333333333333335,288,0.3472222222222222
17661154,2020,7,4.0,1,4.0,14.0,3.5,391,0.2557544757033248
17661154,2020,11,2.0,1,5.0,16.0,3.2,120,0.8333333333333334
17678747,2019,7,4.0,1,1.0,4.0,4.0,451,0.22172949002217296
17724463,2019,11,4.0,1,1.0,4.0,4.0,288,0.3472222222222222
17724463,2020,3,4.0,1,2.0,8.0,4.0,173,0.5780346820809248
17724463,2020,7,2.5,2,4.0,13.0,3.25,391,0.5115089514066496
17724480,2019,7,4.0,2,2.0,8.0,4.0,451,0.4434589800443459
17741532,2019,7,5.0,1,1.0,5.0,5.0,451,0.22172949002217296
17741532,2019,8,5.0,1,2.0,10.0,5.0,337,0.2967359050445104
17741532,2019,11,4.0,3,5.0,22.0,4.4,288,1.0416666666666665
17741532,2020,2,5.0,1,6.0,27.0,4.5,235,0.425531914893617
17741532,2020,3,5.0,1,7.0,32.0,4.571428571428571,173,0.5780346820809248
17741532,2020,4,5.0,1,8.0,37.0,4.625,35,2.857142857142857
17741532,2020,7,4.5,2,10.0,46.0,4.6,391,0.5115089514066496
17741532,2020,9,5.0,1,11.0,51.0,4.636363636363637,160,0.625
17741532,2020,10,5.0,1,12.0,56.0,4.666666666666667,145,0.6896551724137931
17753851,2019,7,5.0,2,2.0,10.0,5.0,451,0.4434589800443459
17756181,2019,8,4.0,2,2.0,8.0,4.0,337,0.5934718100890208
17756181,2019,9,4.0,1,3.0,12.0,4.0,261,0.38314176245210724
17756181,2020,2,3.0,1,4.0,15.0,3.75,235,0.425531914893617
17756195,2019,7,1.0,1,1.0,1.0,1.0,451,0.22172949002217296
17756195,2019,8,1.0,1,2.0,2.0,1.0,337,0.2967359050445104
17756195,2019,9,2.0,1,3.0,4.0,1.3333333333333333,261,0.38314176245210724
17756195,2019,12,1.3333333333333333,3,6.0,8.0,1.3333333333333333,197,1.5228426395939088
17756195,2020,7,3.0,1,7.0,11.0,1.5714285714285714,391,0.2557544757033248
17756195,2020,10,4.0,1,8.0,15.0,1.875,145,0.6896551724137931
17763966,2019,7,4.0,1,1.0,4.0,4.0,451,0.22172949002217296
17763966,2019,8,4.5,2,3.0,13.0,4.333333333333333,337,0.5934718100890208
17763972,2019,7,4.75,4,4.0,19.0,4.75,451,0.8869179600886918
17763972,2019,8,4.666666666666667,6,10.0,47.0,4.7,337,1.7804154302670623
17763972,2019,9,4.6,5,15.0,70.0,4.666666666666667,261,1.9157088122605364
17763972,2019,10,5.0,1,16.0,75.0,4.6875,298,0.33557046979865773
17763972,2019,11,4.0,4,20.0,91.0,4.55,288,1.3888888888888888
17763972,2019,12,4.5,2,22.0,100.0,4.545454545454546,197,1.015228426395939
17763972,2020,1,4.5,2,24.0,109.0,4.541666666666667,205,0.975609756097561
17763972,2020,2,4.25,4,28.0,126.0,4.5,235,1.702127659574468
17763972,2020,3,5.0,3,31.0,141.0,4.548387096774194,173,1.7341040462427744
17763972,2020,5,5.0,1,32.0,146.0,4.5625,11,9.090909090909092
17763972,2020,7,5.0,2,34.0,156.0,4.588235294117647,391,0.5115089514066496
17763972,2020,8,4.5,2,36.0,165.0,4.583333333333333,226,0.8849557522123894
17763972,2020,9,5.0,1,37.0,170.0,4.594594594594595,160,0.625
17763972,2020,10,5.0,2,39.0,180.0,4.615384615384615,145,1.3793103448275863
17763972,2020,11,3.0,1,40.0,183.0,4.575,120,0.8333333333333334
17784677,2020,7,5.0,1,1.0,5.0,5.0,391,0.2557544757033248
17784677,2020,10,5.0,1,2.0,10.0,5.0,145,0.6896551724137931
17793077,2019,7,5.0,1,1.0,5.0,5.0,451,0.22172949002217296
17796666,2019,8,3.0,1,1.0,3.0,3.0,337,0.2967359050445104
17804072,2020,6,3.0,1,1.0,3.0,3.0,107,0.9345794392523363
17804072,2020,9,3.0,1,2.0,6.0,3.0,160,0.625
17814589,2019,7,3.0,1,1.0,3.0,3.0,451,0.22172949002217296
17817726,2019,8,1.0,1,1.0,1.0,1.0,337,0.2967359050445104
17817726,2020,11,4.0,1,2.0,5.0,2.5,120,0.8333333333333334
17823684,2019,8,5.0,1,1.0,5.0,5.0,337,0.2967359050445104
17823684,2020,2,5.0,1,2.0,10.0,5.0,235,0.425531914893617
17823684,2020,12,4.0,1,3.0,14.0,4.666666666666667,81,1.2345679012345678
17824903,2019,8,3.0,1,1.0,3.0,3.0,337,0.2967359050445104
17830495,2019,10,4.0,2,2.0,8.0,4.0,298,0.6711409395973155
17830495,2020,8,4.0,1,3.0,12.0,4.0,226,0.4424778761061947
18185968,2019,9,3.5,2,2.0,7.0,3.5,261,0.7662835249042145
18185968,2019,11,3.8,5,7.0,26.0,3.7142857142857144,288,1.7361111111111112
18185968,2019,12,4.5,2,9.0,35.0,3.888888888888889,197,1.015228426395939
18185968,2020,1,3.0,1,10.0,38.0,3.8,205,0.4878048780487805
18185968,2020,3,4.5,2,12.0,47.0,3.9166666666666665,173,1.1560693641618496
18185968,2020,7,5.0,1,13.0,52.0,4.0,391,0.2557544757033248
18185968,2020,8,4.0,1,14.0,56.0,4.0,226,0.4424778761061947
18185968,2020,9,4.0,1,15.0,60.0,4.0,160,0.625
18185968,2020,10,5.0,2,17.0,70.0,4.117647058823529,145,1.3793103448275863
18185968,2020,11,4.0,2,19.0,78.0,4.105263157894737,120,1.6666666666666667
18185968,2020,12,4.0,1,20.0,82.0,4.1,81,1.2345679012345678
18194184,2019,11,4.0,1,1.0,4.0,4.0,288,0.3472222222222222
18194184,2020,9,4.0,1,2.0,8.0,4.0,160,0.625
18379340,2019,9,5.0,1,1.0,5.0,5.0,261,0.38314176245210724
18379340,2019,10,4.0,1,2.0,9.0,4.5,298,0.33557046979865773
18379340,2020,3,3.0,1,3.0,12.0,4.0,173,0.5780346820809248
18379340,2020,7,1.0,1,4.0,13.0,3.25,391,0.2557544757033248
18454339,2019,8,3.0,1,1.0,3.0,3.0,337,0.2967359050445104
18454339,2019,9,4.0,1,2.0,7.0,3.5,261,0.38314176245210724
18454339,2019,10,3.5,2,4.0,14.0,3.5,298,0.6711409395973155
18454339,2020,7,3.0,1,5.0,17.0,3.4,391,0.2557544757033248
18856071,2019,9,4.0,1,1.0,4.0,4.0,261,0.38314176245210724
18956583,2020,2,5.0,1,1.0,5.0,5.0,235,0.425531914893617
18956583,2020,4,1.0,1,2.0,6.0,3.0,35,2.857142857142857
18956583,2020,9,5.0,1,3.0,11.0,3.6666666666666665,160,0.625
19056452,2019,9,3.5,2,2.0,7.0,3.5,261,0.7662835249042145
19056452,2019,10,3.0,1,3.0,10.0,3.3333333333333335,298,0.33557046979865773
19056452,2019,11,4.666666666666667,3,6.0,24.0,4.0,288,1.0416666666666665
19056452,2020,1,4.0,1,7.0,28.0,4.0,205,0.4878048780487805
19056452,2020,2,4.0,1,8.0,32.0,4.0,235,0.425531914893617
19056452,2020,3,5.0,1,9.0,37.0,4.111111111111111,173,0.5780346820809248
19056452,2020,7,3.0,1,10.0,40.0,4.0,391,0.2557544757033248
19056452,2020,8,1.0,1,11.0,41.0,3.727272727272727,226,0.4424778761061947
19103242,2019,10,4.0,2,2.0,8.0,4.0,298,0.6711409395973155
19103242,2019,12,5.0,1,3.0,13.0,4.333333333333333,197,0.5076142131979695
19335169,2020,1,3.6,5,5.0,18.0,3.6,205,2.4390243902439024
19335169,2020,2,3.5,2,7.0,25.0,3.5714285714285716,235,0.851063829787234
19335169,2020,3,4.0,1,8.0,29.0,3.625,173,0.5780346820809248
19335169,2020,7,3.5,10,18.0,64.0,3.5555555555555554,391,2.557544757033248
19335169,2020,8,4.6,5,23.0,87.0,3.782608695652174,226,2.2123893805309733
19335169,2020,9,4.333333333333333,3,26.0,100.0,3.8461538461538463,160,1.875
19335169,2020,10,3.333333333333333,3,29.0,110.0,3.793103448275862,145,2.0689655172413794
19335169,2020,11,4.0,2,31.0,118.0,3.806451612903226,120,1.6666666666666667
19335169,2020,12,5.0,1,32.0,123.0,3.84375,81,1.2345679012345678
19352639,2019,11,5.0,1,1.0,5.0,5.0,288,0.3472222222222222
19352639,2020,4,5.0,1,2.0,10.0,5.0,35,2.857142857142857
19352639,2020,6,5.0,1,3.0,15.0,5.0,107,0.9345794392523363
19352639,2020,7,5.0,2,5.0,25.0,5.0,391,0.5115089514066496
19352639,2020,9,4.5,2,7.0,34.0,4.857142857142857,160,1.25
19352639,2020,10,5.0,1,8.0,39.0,4.875,145,0.6896551724137931
19352639,2020,11,5.0,1,9.0,44.0,4.888888888888889,120,0.8333333333333334
19368071,2019,11,3.0,2,2.0,6.0,3.0,288,0.6944444444444444
19368071,2019,12,5.0,1,3.0,11.0,3.6666666666666665,197,0.5076142131979695
19368071,2020,1,3.6666666666666665,3,6.0,22.0,3.6666666666666665,205,1.4634146341463417
19368071,2020,2,4.333333333333333,3,9.0,35.0,3.888888888888889,235,1.276595744680851
19368071,2020,3,4.0,1,10.0,39.0,3.9,173,0.5780346820809248
19368071,2020,6,5.0,1,11.0,44.0,4.0,107,0.9345794392523363
19368071,2020,7,2.0,1,12.0,46.0,3.8333333333333335,391,0.2557544757033248
19368071,2020,10,5.0,1,13.0,51.0,3.923076923076923,145,0.6896551724137931
19368071,2020,12,5.0,1,14.0,56.0,4.0,81,1.2345679012345678
19602676,2020,6,5.0,1,1.0,5.0,5.0,107,0.9345794392523363
19611202,2020,8,5.0,1,1.0,5.0,5.0,226,0.4424778761061947
19611202,2020,10,5.0,2,3.0,15.0,5.0,145,1.3793103448275863
19611202,2020,11,4.0,1,4.0,19.0,4.75,120,0.8333333333333334
19611202,2020,12,4.0,1,5.0,23.0,4.6,81,1.2345679012345678
19656750,2019,12,3.0,1,1.0,3.0,3.0,197,0.5076142131979695
19656756,2019,12,3.0,1,1.0,3.0,3.0,197,0.5076142131979695
19700729,2020,2,5.0,1,1.0,5.0,5.0,235,0.425531914893617
19700729,2020,3,5.0,1,2.0,10.0,5.0,173,0.5780346820809248
19700729,2020,7,5.0,1,3.0,15.0,5.0,391,0.2557544757033248
19700729,2020,8,4.0,1,4.0,19.0,4.75,226,0.4424778761061947
19759349,2019,12,5.0,1,1.0,5.0,5.0,197,0.5076142131979695
19768159,2019,12,3.0,1,1.0,3.0,3.0,197,0.5076142131979695
19768159,2020,3,5.0,3,4.0,18.0,4.5,173,1.7341040462427744
19768159,2020,4,5.0,2,6.0,28.0,4.666666666666667,35,5.714285714285714
19768159,2020,7,5.0,2,8.0,38.0,4.75,391,0.5115089514066496
19768159,2020,8,4.0,2,10.0,46.0,4.6,226,0.8849557522123894
19768159,2020,11,5.0,1,11.0,51.0,4.636363636363637,120,0.8333333333333334
19774138,2020,1,5.0,1,1.0,5.0,5.0,205,0.4878048780487805
19774138,2020,7,5.0,1,2.0,10.0,5.0,391,0.2557544757033248
19798659,2019,12,4.0,1,1.0,4.0,4.0,197,0.5076142131979695
19882227,2020,1,5.0,1,1.0,5.0,5.0,205,0.4878048780487805
19901511,2020,2,5.0,2,2.0,10.0,5.0,235,0.851063829787234
19901511,2020,5,5.0,2,4.0,20.0,5.0,11,18.181818181818183
19901511,2020,12,5.0,1,5.0,25.0,5.0,81,1.2345679012345678
19942854,2020,2,4.0,2,2.0,8.0,4.0,235,0.851063829787234
19942854,2020,3,3.0,1,3.0,11.0,3.6666666666666665,173,0.5780346820809248
19942854,2020,6,5.0,1,4.0,16.0,4.0,107,0.9345794392523363
19942854,2020,7,5.0,1,5.0,21.0,4.2,391,0.2557544757033248
19964995,2020,1,5.0,1,1.0,5.0,5.0,205,0.4878048780487805
19964995,2020,2,4.666666666666667,6,7.0,33.0,4.714285714285714,235,2.553191489361702
19964995,2020,3,5.0,1,8.0,38.0,4.75,173,0.5780346820809248
19964995,2020,5,5.0,1,9.0,43.0,4.777777777777778,11,9.090909090909092
19964995,2020,6,5.0,2,11.0,53.0,4.818181818181818,107,1.8691588785046727
19964995,2020,8,5.0,4,15.0,73.0,4.866666666666666,226,1.7699115044247788
19964995,2020,9,5.0,25,40.0,198.0,4.95,160,15.625
19964995,2020,10,4.9,10,50.0,247.0,4.94,145,6.896551724137931
19964995,2020,11,4.571428571428571,7,57.0,279.0,4.894736842105263,120,5.833333333333333
19964995,2020,12,4.0,3,60.0,291.0,4.85,81,3.7037037037037033
20042180,2020,3,4.0,1,1.0,4.0,4.0,173,0.5780346820809248
20156773,2020,2,5.0,1,1.0,5.0,5.0,235,0.425531914893617
20283489,2020,7,5.0,1,1.0,5.0,5.0,391,0.2557544757033248
20283489,2020,9,5.0,2,3.0,15.0,5.0,160,1.25
20292727,2020,3,4.75,4,4.0,19.0,4.75,173,2.312138728323699
20292727,2020,4,5.0,2,6.0,29.0,4.833333333333333,35,5.714285714285714
20292727,2020,10,5.0,1,7.0,34.0,4.857142857142857,145,0.6896551724137931
20292727,2020,12,5.0,1,8.0,39.0,4.875,81,1.2345679012345678
20974921,2020,7,5.0,1,1.0,5.0,5.0,391,0.2557544757033248
21030032,2020,6,5.0,1,1.0,5.0,5.0,107,0.9345794392523363
21030032,2020,7,2.75,4,5.0,16.0,3.2,391,1.0230179028132993
21030032,2020,8,2.5,2,7.0,21.0,3.0,226,0.8849557522123894
21074729,2020,7,4.0,3,3.0,12.0,4.0,391,0.7672634271099744
21074729,2020,11,4.0,3,6.0,24.0,4.0,120,2.5
21080864,2020,7,5.0,1,1.0,5.0,5.0,391,0.2557544757033248
21096034,2020,7,4.666666666666667,3,3.0,14.0,4.666666666666667,391,0.7672634271099744
21096034,2020,11,2.0,1,4.0,16.0,4.0,120,0.8333333333333334
21106347,2020,7,5.0,2,2.0,10.0,5.0,391,0.5115089514066496
21106347,2020,8,5.0,1,3.0,15.0,5.0,226,0.4424778761061947
21139939,2020,7,5.0,1,1.0,5.0,5.0,391,0.2557544757033248
21139956,2020,8,5.0,1,1.0,5.0,5.0,226,0.4424778761061947
21164051,2020,7,1.0,1,1.0,1.0,1.0,391,0.2557544757033248
21166212,2020,7,2.0,1,1.0,2.0,2.0,391,0.2557544757033248
21166212,2020,11,1.0,1,2.0,3.0,1.5,120,0.8333333333333334
21226505,2020,8,5.0,1,1.0,5.0,5.0,226,0.4424778761061947
21226505,2020,9,4.666666666666667,3,4.0,19.0,4.75,160,1.875
21226505,2020,12,4.0,1,5.0,23.0,4.6,81,1.2345679012345678
21291708,2020,9,4.0,1,1.0,4.0,4.0,160,0.625
21291708,2020,10,5.0,1,2.0,9.0,4.5,145,0.6896551724137931
21291708,2020,11,4.0,1,3.0,13.0,4.333333333333333,120,0.8333333333333334
22997753,2020,12,4.0,1,1.0,4.0,4.0,81,1.2345679012345678
