id,nom,latitude,longitude,typeR,nb,support
269814,Grande Place,50.63697,3.06367,A,0,85
269817,Vieille Bourse,50.63773,3.0642,A,0,85
269817,Vieille Bourse,50.63773,3.0642,A,563,72
269820,Palais des Beaux-Arts de Lille,50.630672,3.062632,A,563,72
269814,Grande Place,50.63697,3.06367,A,113,71
269817,Vieille Bourse,50.63773,3.0642,A,113,71
269820,Palais des Beaux-Arts de Lille,50.630672,3.062632,A,113,71
269814,Grande Place,50.63697,3.06367,A,334,70
269820,Palais des Beaux-Arts de Lille,50.630672,3.062632,A,334,70
269814,Grande Place,50.63697,3.06367,A,1,66
269817,Vieille Bourse,50.63773,3.0642,A,1,66
269820,Palais des Beaux-Arts de Lille,50.630672,3.062632,A,1,66
269814,Grande Place,50.63697,3.06367,A,357,58
269817,Vieille Bourse,50.63773,3.0642,A,357,58
269820,Palais des Beaux-Arts de Lille,50.630672,3.062632,A,357,58
269814,Grande Place,50.63697,3.06367,A,114,57
269817,Vieille Bourse,50.63773,3.0642,A,114,57
269820,Palais des Beaux-Arts de Lille,50.630672,3.062632,A,114,57
269814,Grande Place,50.63697,3.06367,A,511,47
793722,La Chicoree,50.63596,3.063038,R,511,47
269814,Grande Place,50.63697,3.06367,A,78,46
269817,Vieille Bourse,50.63773,3.0642,A,78,46
793722,La Chicoree,50.63596,3.063038,R,78,46
269820,Palais des Beaux-Arts de Lille,50.630672,3.062632,A,637,45
793722,La Chicoree,50.63596,3.063038,R,637,45
247498,"LaM Lille Métropole Musée d'Art Moderne, d'Art Contemporain et d'Art Brut.",50.637512,3.150333,A,693,41
269814,Grande Place,50.63697,3.06367,A,693,41
269817,Vieille Bourse,50.63773,3.0642,A,972,41
793722,La Chicoree,50.63596,3.063038,R,972,41
209260,Westfield Euralille,50.637753,3.072719,A,1282,40
269814,Grande Place,50.63697,3.06367,A,1282,40
269817,Vieille Bourse,50.63773,3.0642,A,566,40
269820,Palais des Beaux-Arts de Lille,50.630672,3.062632,A,566,40
793722,La Chicoree,50.63596,3.063038,R,566,40
269814,Grande Place,50.63697,3.06367,A,263,40
269817,Vieille Bourse,50.63773,3.0642,A,263,40
793722,La Chicoree,50.63596,3.063038,R,263,40
269814,Grande Place,50.63697,3.06367,A,163,39
269817,Vieille Bourse,50.63773,3.0642,A,163,39
269820,Palais des Beaux-Arts de Lille,50.630672,3.062632,A,163,39
793722,La Chicoree,50.63596,3.063038,R,163,39
247498,"LaM Lille Métropole Musée d'Art Moderne, d'Art Contemporain et d'Art Brut.",50.637512,3.150333,A,703,39
269814,Grande Place,50.63697,3.06367,A,703,39
269817,Vieille Bourse,50.63773,3.0642,A,703,39
269814,Grande Place,50.63697,3.06367,A,140,39
269817,Vieille Bourse,50.63773,3.0642,A,140,39
269820,Palais des Beaux-Arts de Lille,50.630672,3.062632,A,140,39
793722,La Chicoree,50.63596,3.063038,R,140,39
247498,"LaM Lille Métropole Musée d'Art Moderne, d'Art Contemporain et d'Art Brut.",50.637512,3.150333,A,817,39
269820,Palais des Beaux-Arts de Lille,50.630672,3.062632,A,817,39
209260,Westfield Euralille,50.637753,3.072719,A,1297,38
269814,Grande Place,50.63697,3.06367,A,1297,38
269817,Vieille Bourse,50.63773,3.0642,A,1297,38
269814,Grande Place,50.63697,3.06367,A,435,38
269820,Palais des Beaux-Arts de Lille,50.630672,3.062632,A,435,38
793722,La Chicoree,50.63596,3.063038,R,435,38
793722,La Chicoree,50.63596,3.063038,R,987,38
1381296,Meert,50.63768,3.061862,R,987,38
793722,La Chicoree,50.63596,3.063038,R,669,37
801094,Estaminet Chez la vieille,50.64283,3.066893,R,669,37
247498,"LaM Lille Métropole Musée d'Art Moderne, d'Art Contemporain et d'Art Brut.",50.637512,3.150333,A,754,37
269814,Grande Place,50.63697,3.06367,A,754,37
269820,Palais des Beaux-Arts de Lille,50.630672,3.062632,A,754,37
269814,Grande Place,50.63697,3.06367,A,337,37
269820,Palais des Beaux-Arts de Lille,50.630672,3.062632,A,337,37
793722,La Chicoree,50.63596,3.063038,R,337,37
793722,La Chicoree,50.63596,3.063038,R,1185,37
938725,Brasserie de la Paix,50.635815,3.063069,R,1185,37
269814,Grande Place,50.63697,3.06367,A,4,36
269817,Vieille Bourse,50.63773,3.0642,A,4,36
269820,Palais des Beaux-Arts de Lille,50.630672,3.062632,A,4,36
793722,La Chicoree,50.63596,3.063038,R,4,36
269814,Grande Place,50.63697,3.06367,A,20,36
269817,Vieille Bourse,50.63773,3.0642,A,20,36
269820,Palais des Beaux-Arts de Lille,50.630672,3.062632,A,20,36
793722,La Chicoree,50.63596,3.063038,R,20,36
247498,"LaM Lille Métropole Musée d'Art Moderne, d'Art Contemporain et d'Art Brut.",50.637512,3.150333,A,710,35
269814,Grande Place,50.63697,3.06367,A,710,35
269817,Vieille Bourse,50.63773,3.0642,A,710,35
269820,Palais des Beaux-Arts de Lille,50.630672,3.062632,A,710,35
1740729,Hôtel Barrière Lille,50.636845,3.077268,H,688,35
1775539,La Terrasse du Parc,50.636677,3.0775,R,688,35
247498,"LaM Lille Métropole Musée d'Art Moderne, d'Art Contemporain et d'Art Brut.",50.637512,3.150333,A,727,35
269814,Grande Place,50.63697,3.06367,A,727,35
269817,Vieille Bourse,50.63773,3.0642,A,727,35
269820,Palais des Beaux-Arts de Lille,50.630672,3.062632,A,727,35
209260,Westfield Euralille,50.637753,3.072719,A,1312,35
269814,Grande Place,50.63697,3.06367,A,1312,35
269817,Vieille Bourse,50.63773,3.0642,A,1312,35
269820,Palais des Beaux-Arts de Lille,50.630672,3.062632,A,1312,35
209260,Westfield Euralille,50.637753,3.072719,A,1357,34
269814,Grande Place,50.63697,3.06367,A,1357,34
269820,Palais des Beaux-Arts de Lille,50.630672,3.062632,A,1357,34
269820,Palais des Beaux-Arts de Lille,50.630672,3.062632,A,896,33
734546,Place Rihour,50.635643,3.062659,A,896,33
247498,"LaM Lille Métropole Musée d'Art Moderne, d'Art Contemporain et d'Art Brut.",50.637512,3.150333,A,818,33
269817,Vieille Bourse,50.63773,3.0642,A,818,33
269820,Palais des Beaux-Arts de Lille,50.630672,3.062632,A,818,33
269814,Grande Place,50.63697,3.06367,A,371,33
269817,Vieille Bourse,50.63773,3.0642,A,371,33
269820,Palais des Beaux-Arts de Lille,50.630672,3.062632,A,371,33
793722,La Chicoree,50.63596,3.063038,R,371,33
247498,"LaM Lille Métropole Musée d'Art Moderne, d'Art Contemporain et d'Art Brut.",50.637512,3.150333,A,759,32
269814,Grande Place,50.63697,3.06367,A,759,32
269817,Vieille Bourse,50.63773,3.0642,A,759,32
269820,Palais des Beaux-Arts de Lille,50.630672,3.062632,A,759,32
5584607,Beffroi de l'Hôtel de Ville,50.62954,3.09971,A,1459,32
13387436,Cathédrale de la Treille,50.64051,3.06251,A,1459,32
269814,Grande Place,50.63697,3.06367,A,120,32
269817,Vieille Bourse,50.63773,3.0642,A,120,32
269820,Palais des Beaux-Arts de Lille,50.630672,3.062632,A,120,32
793722,La Chicoree,50.63596,3.063038,R,120,32
209260,Westfield Euralille,50.637753,3.072719,A,1298,32
269814,Grande Place,50.63697,3.06367,A,1298,32
269817,Vieille Bourse,50.63773,3.0642,A,1298,32
269820,Palais des Beaux-Arts de Lille,50.630672,3.062632,A,1298,32
247498,"LaM Lille Métropole Musée d'Art Moderne, d'Art Contemporain et d'Art Brut.",50.637512,3.150333,A,827,32
269814,Grande Place,50.63697,3.06367,A,827,32
269817,Vieille Bourse,50.63773,3.0642,A,827,32
269820,Palais des Beaux-Arts de Lille,50.630672,3.062632,A,827,32
247498,"LaM Lille Métropole Musée d'Art Moderne, d'Art Contemporain et d'Art Brut.",50.637512,3.150333,A,851,32
269814,Grande Place,50.63697,3.06367,A,851,32
269820,Palais des Beaux-Arts de Lille,50.630672,3.062632,A,851,32
247498,"LaM Lille Métropole Musée d'Art Moderne, d'Art Contemporain et d'Art Brut.",50.637512,3.150333,A,716,32
269814,Grande Place,50.63697,3.06367,A,716,32
269817,Vieille Bourse,50.63773,3.0642,A,716,32
269820,Palais des Beaux-Arts de Lille,50.630672,3.062632,A,716,32
269814,Grande Place,50.63697,3.06367,A,116,32
269817,Vieille Bourse,50.63773,3.0642,A,116,32
269820,Palais des Beaux-Arts de Lille,50.630672,3.062632,A,116,32
793722,La Chicoree,50.63596,3.063038,R,116,32
269814,Grande Place,50.63697,3.06367,A,359,32
269817,Vieille Bourse,50.63773,3.0642,A,359,32
269820,Palais des Beaux-Arts de Lille,50.630672,3.062632,A,359,32
793722,La Chicoree,50.63596,3.063038,R,359,32
196912,Mercure Lille Centre Grand Place,50.63817,3.065553,H,1005,31
269814,Grande Place,50.63697,3.06367,A,1005,31
269817,Vieille Bourse,50.63773,3.0642,A,600,31
269820,Palais des Beaux-Arts de Lille,50.630672,3.062632,A,600,31
734546,Place Rihour,50.635643,3.062659,A,600,31
269814,Grande Place,50.63697,3.06367,A,227,31
269817,Vieille Bourse,50.63773,3.0642,A,227,31
269820,Palais des Beaux-Arts de Lille,50.630672,3.062632,A,227,31
793722,La Chicoree,50.63596,3.063038,R,227,31
269814,Grande Place,50.63697,3.06367,A,200,31
269817,Vieille Bourse,50.63773,3.0642,A,200,31
269820,Palais des Beaux-Arts de Lille,50.630672,3.062632,A,200,31
734546,Place Rihour,50.635643,3.062659,A,200,31
269817,Vieille Bourse,50.63773,3.0642,A,619,31
269820,Palais des Beaux-Arts de Lille,50.630672,3.062632,A,619,31
793722,La Chicoree,50.63596,3.063038,R,619,31
209260,Westfield Euralille,50.637753,3.072719,A,1360,30
269814,Grande Place,50.63697,3.06367,A,1360,30
269817,Vieille Bourse,50.63773,3.0642,A,1360,30
269820,Palais des Beaux-Arts de Lille,50.630672,3.062632,A,1360,30
269814,Grande Place,50.63697,3.06367,A,50,30
269817,Vieille Bourse,50.63773,3.0642,A,50,30
269820,Palais des Beaux-Arts de Lille,50.630672,3.062632,A,50,30
734546,Place Rihour,50.635643,3.062659,A,50,30
1381296,Meert,50.63768,3.061862,R,1003,30
4242962,Aux Merveilleux de Fred,50.641388,3.062208,R,1003,30
247498,"LaM Lille Métropole Musée d'Art Moderne, d'Art Contemporain et d'Art Brut.",50.637512,3.150333,A,862,30
269814,Grande Place,50.63697,3.06367,A,862,30
269817,Vieille Bourse,50.63773,3.0642,A,862,30
269820,Palais des Beaux-Arts de Lille,50.630672,3.062632,A,862,30
269814,Grande Place,50.63697,3.06367,A,475,30
269820,Palais des Beaux-Arts de Lille,50.630672,3.062632,A,475,30
734546,Place Rihour,50.635643,3.062659,A,475,30
269814,Grande Place,50.63697,3.06367,A,274,30
269817,Vieille Bourse,50.63773,3.0642,A,274,30
269820,Palais des Beaux-Arts de Lille,50.630672,3.062632,A,274,30
793722,La Chicoree,50.63596,3.063038,R,274,30
1740729,Hôtel Barrière Lille,50.636845,3.077268,H,948,29
3347481,Les Hauts de Lille,50.636948,3.077259,R,948,29
196912,Mercure Lille Centre Grand Place,50.63817,3.065553,H,1006,29
269814,Grande Place,50.63697,3.06367,A,1006,29
269817,Vieille Bourse,50.63773,3.0642,A,1006,29
209260,Westfield Euralille,50.637753,3.072719,A,1313,29
269814,Grande Place,50.63697,3.06367,A,1313,29
269817,Vieille Bourse,50.63773,3.0642,A,1313,29
269820,Palais des Beaux-Arts de Lille,50.630672,3.062632,A,1313,29
6208344,Bloempot,50.637985,3.058105,R,1495,29
6847194,Rouge Barre,50.644314,3.059492,R,1495,29
269817,Vieille Bourse,50.63773,3.0642,A,634,29
734546,Place Rihour,50.635643,3.062659,A,634,29
247498,"LaM Lille Métropole Musée d'Art Moderne, d'Art Contemporain et d'Art Brut.",50.637512,3.150333,A,852,29
269814,Grande Place,50.63697,3.06367,A,852,29
269817,Vieille Bourse,50.63773,3.0642,A,852,29
269820,Palais des Beaux-Arts de Lille,50.630672,3.062632,A,852,29
269814,Grande Place,50.63697,3.06367,A,126,28
269817,Vieille Bourse,50.63773,3.0642,A,126,28
269820,Palais des Beaux-Arts de Lille,50.630672,3.062632,A,126,28
734546,Place Rihour,50.635643,3.062659,A,126,28
269820,Palais des Beaux-Arts de Lille,50.630672,3.062632,A,665,28
2558192,Musee Hospice Comtesse,50.641106,3.063515,A,665,28
269814,Grande Place,50.63697,3.06367,A,251,28
269817,Vieille Bourse,50.63773,3.0642,A,251,28
734546,Place Rihour,50.635643,3.062659,A,251,28
247498,"LaM Lille Métropole Musée d'Art Moderne, d'Art Contemporain et d'Art Brut.",50.637512,3.150333,A,863,28
269814,Grande Place,50.63697,3.06367,A,863,28
269817,Vieille Bourse,50.63773,3.0642,A,863,28
269820,Palais des Beaux-Arts de Lille,50.630672,3.062632,A,863,28
2273093,Citadelle de Lille,50.6371,3.05108,A,969,28
2558192,Musee Hospice Comtesse,50.641106,3.063515,A,969,28
269814,Grande Place,50.63697,3.06367,A,403,28
269817,Vieille Bourse,50.63773,3.0642,A,403,28
269820,Palais des Beaux-Arts de Lille,50.630672,3.062632,A,403,28
734546,Place Rihour,50.635643,3.062659,A,403,28
1026189,Les Compagnons de la grappe,50.63869,3.063151,R,941,28
1381296,Meert,50.63768,3.061862,R,941,28
269814,Grande Place,50.63697,3.06367,A,556,27
801094,Estaminet Chez la vieille,50.64283,3.066893,R,556,27
269814,Grande Place,50.63697,3.06367,A,107,27
269817,Vieille Bourse,50.63773,3.0642,A,107,27
801094,Estaminet Chez la vieille,50.64283,3.066893,R,107,27
196917,Ibis Styles Lille Centre Gare Beffroi,50.63252,3.067851,H,1212,27
269814,Grande Place,50.63697,3.06367,A,1212,27
196912,Mercure Lille Centre Grand Place,50.63817,3.065553,H,1035,27
269814,Grande Place,50.63697,3.06367,A,1035,27
269820,Palais des Beaux-Arts de Lille,50.630672,3.062632,A,1035,27
1381296,Meert,50.63768,3.061862,R,1197,27
2530949,Le Barbier qui fume Vieux-Lille,50.641403,3.062165,R,1197,27
196912,Mercure Lille Centre Grand Place,50.63817,3.065553,H,1013,27
269814,Grande Place,50.63697,3.06367,A,1013,27
269817,Vieille Bourse,50.63773,3.0642,A,1013,27
269820,Palais des Beaux-Arts de Lille,50.630672,3.062632,A,1013,27
2035312,Office de Tourisme de Lille,50.63543,3.061971,A,914,27
2273093,Citadelle de Lille,50.6371,3.05108,A,914,27
269820,Palais des Beaux-Arts de Lille,50.630672,3.062632,A,662,27
2273093,Citadelle de Lille,50.6371,3.05108,A,662,27
196917,Ibis Styles Lille Centre Gare Beffroi,50.63252,3.067851,H,1239,26
269814,Grande Place,50.63697,3.06367,A,1239,26
269817,Vieille Bourse,50.63773,3.0642,A,1239,26
269820,Palais des Beaux-Arts de Lille,50.630672,3.062632,A,642,26
793722,La Chicoree,50.63596,3.063038,R,642,26
801094,Estaminet Chez la vieille,50.64283,3.066893,R,642,26
196916,Ibis Lille Centre Gares,50.63469,3.070875,H,1121,26
269814,Grande Place,50.63697,3.06367,A,1121,26
269817,Vieille Bourse,50.63773,3.0642,A,1121,26
196912,Mercure Lille Centre Grand Place,50.63817,3.065553,H,1007,26
269814,Grande Place,50.63697,3.06367,A,1007,26
269817,Vieille Bourse,50.63773,3.0642,A,1007,26
269820,Palais des Beaux-Arts de Lille,50.630672,3.062632,A,1007,26
196916,Ibis Lille Centre Gares,50.63469,3.070875,H,1111,26
269814,Grande Place,50.63697,3.06367,A,1111,26
269814,Grande Place,50.63697,3.06367,A,418,25
269817,Vieille Bourse,50.63773,3.0642,A,418,25
269820,Palais des Beaux-Arts de Lille,50.630672,3.062632,A,418,25
793722,La Chicoree,50.63596,3.063038,R,418,25
209260,Westfield Euralille,50.637753,3.072719,A,1405,25
269814,Grande Place,50.63697,3.06367,A,1405,25
793722,La Chicoree,50.63596,3.063038,R,1405,25
269814,Grande Place,50.63697,3.06367,A,134,25
269817,Vieille Bourse,50.63773,3.0642,A,134,25
269820,Palais des Beaux-Arts de Lille,50.630672,3.062632,A,134,25
793722,La Chicoree,50.63596,3.063038,R,134,25
209260,Westfield Euralille,50.637753,3.072719,A,1333,25
269814,Grande Place,50.63697,3.06367,A,1333,25
269817,Vieille Bourse,50.63773,3.0642,A,1333,25
793722,La Chicoree,50.63596,3.063038,R,1333,25
2530949,Le Barbier qui fume Vieux-Lille,50.641403,3.062165,R,1428,25
4242962,Aux Merveilleux de Fred,50.641388,3.062208,R,1428,25
247498,"LaM Lille Métropole Musée d'Art Moderne, d'Art Contemporain et d'Art Brut.",50.637512,3.150333,A,794,25
269814,Grande Place,50.63697,3.06367,A,794,25
793722,La Chicoree,50.63596,3.063038,R,794,25
196916,Ibis Lille Centre Gares,50.63469,3.070875,H,1150,25
269814,Grande Place,50.63697,3.06367,A,1150,25
269820,Palais des Beaux-Arts de Lille,50.630672,3.062632,A,1150,25
269814,Grande Place,50.63697,3.06367,A,193,25
269817,Vieille Bourse,50.63773,3.0642,A,193,25
269820,Palais des Beaux-Arts de Lille,50.630672,3.062632,A,193,25
2273093,Citadelle de Lille,50.6371,3.05108,A,193,25
269814,Grande Place,50.63697,3.06367,A,530,25
269817,Vieille Bourse,50.63773,3.0642,A,530,25
793722,La Chicoree,50.63596,3.063038,R,530,25
196916,Ibis Lille Centre Gares,50.63469,3.070875,H,1122,25
269814,Grande Place,50.63697,3.06367,A,1122,25
269817,Vieille Bourse,50.63773,3.0642,A,1122,25
269820,Palais des Beaux-Arts de Lille,50.630672,3.062632,A,1122,25
4408913,Eglise Saint Maurice,50.63588,3.06749,A,1457,25
5584607,Beffroi de l'Hôtel de Ville,50.62954,3.09971,A,1457,25
269814,Grande Place,50.63697,3.06367,A,266,25
269817,Vieille Bourse,50.63773,3.0642,A,266,25
793722,La Chicoree,50.63596,3.063038,R,266,25
793722,La Chicoree,50.63596,3.063038,R,1448,25
1026189,Les Compagnons de la grappe,50.63869,3.063151,R,1448,25
269817,Vieille Bourse,50.63773,3.0642,A,595,25
269820,Palais des Beaux-Arts de Lille,50.630672,3.062632,A,595,25
2273093,Citadelle de Lille,50.6371,3.05108,A,595,25
269814,Grande Place,50.63697,3.06367,A,547,24
793722,La Chicoree,50.63596,3.063038,R,547,24
1381296,Meert,50.63768,3.061862,R,547,24
196912,Mercure Lille Centre Grand Place,50.63817,3.065553,H,1014,24
269814,Grande Place,50.63697,3.06367,A,1014,24
269817,Vieille Bourse,50.63773,3.0642,A,1014,24
269820,Palais des Beaux-Arts de Lille,50.630672,3.062632,A,1014,24
247498,"LaM Lille Métropole Musée d'Art Moderne, d'Art Contemporain et d'Art Brut.",50.637512,3.150333,A,696,24
269814,Grande Place,50.63697,3.06367,A,696,24
269820,Palais des Beaux-Arts de Lille,50.630672,3.062632,A,696,24
196917,Ibis Styles Lille Centre Gare Beffroi,50.63252,3.067851,H,1264,24
269814,Grande Place,50.63697,3.06367,A,1264,24
269820,Palais des Beaux-Arts de Lille,50.630672,3.062632,A,1264,24
793722,La Chicoree,50.63596,3.063038,R,678,24
810939,La Fossetta,50.634735,3.063161,R,678,24
269814,Grande Place,50.63697,3.06367,A,171,24
269817,Vieille Bourse,50.63773,3.0642,A,171,24
269820,Palais des Beaux-Arts de Lille,50.630672,3.062632,A,171,24
793722,La Chicoree,50.63596,3.063038,R,171,24
801094,Estaminet Chez la vieille,50.64283,3.066893,R,171,24
247498,"LaM Lille Métropole Musée d'Art Moderne, d'Art Contemporain et d'Art Brut.",50.637512,3.150333,A,740,24
269814,Grande Place,50.63697,3.06367,A,740,24
269817,Vieille Bourse,50.63773,3.0642,A,740,24
793722,La Chicoree,50.63596,3.063038,R,740,24
269814,Grande Place,50.63697,3.06367,A,1461,24
1381296,Meert,50.63768,3.061862,R,1461,24
269814,Grande Place,50.63697,3.06367,A,472,24
269820,Palais des Beaux-Arts de Lille,50.630672,3.062632,A,472,24
2558192,Musee Hospice Comtesse,50.641106,3.063515,A,472,24
269814,Grande Place,50.63697,3.06367,A,27,24
269817,Vieille Bourse,50.63773,3.0642,A,27,24
269820,Palais des Beaux-Arts de Lille,50.630672,3.062632,A,27,24
793722,La Chicoree,50.63596,3.063038,R,27,24
801094,Estaminet Chez la vieille,50.64283,3.066893,R,27,24
269814,Grande Place,50.63697,3.06367,A,98,24
269817,Vieille Bourse,50.63773,3.0642,A,98,24
793722,La Chicoree,50.63596,3.063038,R,98,24
1381296,Meert,50.63768,3.061862,R,98,24
269817,Vieille Bourse,50.63773,3.0642,A,572,24
269820,Palais des Beaux-Arts de Lille,50.630672,3.062632,A,572,24
793722,La Chicoree,50.63596,3.063038,R,572,24
801094,Estaminet Chez la vieille,50.64283,3.066893,R,572,24
269814,Grande Place,50.63697,3.06367,A,446,24
269820,Palais des Beaux-Arts de Lille,50.630672,3.062632,A,446,24
793722,La Chicoree,50.63596,3.063038,R,446,24
801094,Estaminet Chez la vieille,50.64283,3.066893,R,446,24
269814,Grande Place,50.63697,3.06367,A,155,24
269817,Vieille Bourse,50.63773,3.0642,A,155,24
269820,Palais des Beaux-Arts de Lille,50.630672,3.062632,A,155,24
801094,Estaminet Chez la vieille,50.64283,3.066893,R,155,24
196912,Mercure Lille Centre Grand Place,50.63817,3.065553,H,1036,24
269814,Grande Place,50.63697,3.06367,A,1036,24
269817,Vieille Bourse,50.63773,3.0642,A,1036,24
269820,Palais des Beaux-Arts de Lille,50.630672,3.062632,A,1036,24
196917,Ibis Styles Lille Centre Gare Beffroi,50.63252,3.067851,H,1240,23
269814,Grande Place,50.63697,3.06367,A,1240,23
269817,Vieille Bourse,50.63773,3.0642,A,1240,23
269820,Palais des Beaux-Arts de Lille,50.630672,3.062632,A,1240,23
628635,Novotel Suites Lille Europe hotel,50.638893,3.076883,H,955,23
793722,La Chicoree,50.63596,3.063038,R,955,23
269817,Vieille Bourse,50.63773,3.0642,A,977,23
793722,La Chicoree,50.63596,3.063038,R,977,23
938725,Brasserie de la Paix,50.635815,3.063069,R,977,23
269817,Vieille Bourse,50.63773,3.0642,A,599,23
269820,Palais des Beaux-Arts de Lille,50.630672,3.062632,A,599,23
2558192,Musee Hospice Comtesse,50.641106,3.063515,A,599,23
269814,Grande Place,50.63697,3.06367,A,198,23
269817,Vieille Bourse,50.63773,3.0642,A,198,23
269820,Palais des Beaux-Arts de Lille,50.630672,3.062632,A,198,23
2558192,Musee Hospice Comtesse,50.641106,3.063515,A,198,23
269814,Grande Place,50.63697,3.06367,A,286,23
269817,Vieille Bourse,50.63773,3.0642,A,286,23
793722,La Chicoree,50.63596,3.063038,R,286,23
938725,Brasserie de la Paix,50.635815,3.063069,R,286,23
209260,Westfield Euralille,50.637753,3.072719,A,1320,23
269814,Grande Place,50.63697,3.06367,A,1320,23
269817,Vieille Bourse,50.63773,3.0642,A,1320,23
269820,Palais des Beaux-Arts de Lille,50.630672,3.062632,A,1320,23
793722,La Chicoree,50.63596,3.063038,R,1320,23
269814,Grande Place,50.63697,3.06367,A,252,23
269817,Vieille Bourse,50.63773,3.0642,A,252,23
269820,Palais des Beaux-Arts de Lille,50.630672,3.062632,A,252,23
734546,Place Rihour,50.635643,3.062659,A,252,23
269814,Grande Place,50.63697,3.06367,A,315,23
269817,Vieille Bourse,50.63773,3.0642,A,315,23
1381296,Meert,50.63768,3.061862,R,315,23
793722,La Chicoree,50.63596,3.063038,R,909,23
2039935,Brasserie Flore,50.63605,3.063198,R,909,23
247498,"LaM Lille Métropole Musée d'Art Moderne, d'Art Contemporain et d'Art Brut.",50.637512,3.150333,A,755,23
269814,Grande Place,50.63697,3.06367,A,755,23
269820,Palais des Beaux-Arts de Lille,50.630672,3.062632,A,755,23
793722,La Chicoree,50.63596,3.063038,R,755,23
269814,Grande Place,50.63697,3.06367,A,47,23
269817,Vieille Bourse,50.63773,3.0642,A,47,23
269820,Palais des Beaux-Arts de Lille,50.630672,3.062632,A,47,23
2558192,Musee Hospice Comtesse,50.641106,3.063515,A,47,23
247498,"LaM Lille Métropole Musée d'Art Moderne, d'Art Contemporain et d'Art Brut.",50.637512,3.150333,A,707,23
269814,Grande Place,50.63697,3.06367,A,707,23
269817,Vieille Bourse,50.63773,3.0642,A,707,23
269820,Palais des Beaux-Arts de Lille,50.630672,3.062632,A,707,23
198290,Holiday Inn Express Lille Centre,50.630684,3.058223,H,1541,23
269814,Grande Place,50.63697,3.06367,A,1541,23
269817,Vieille Bourse,50.63773,3.0642,A,1541,23
8814343,John Doe Escape Game,50.638817,3.06851,A,1622,23
8817383,Team Break Lille,50.6351,3.061839,A,1622,23
198290,Holiday Inn Express Lille Centre,50.630684,3.058223,H,1540,23
269814,Grande Place,50.63697,3.06367,A,1540,23
209260,Westfield Euralille,50.637753,3.072719,A,1377,23
269814,Grande Place,50.63697,3.06367,A,1377,23
269820,Palais des Beaux-Arts de Lille,50.630672,3.062632,A,1377,23
793722,La Chicoree,50.63596,3.063038,R,1377,23
196916,Ibis Lille Centre Gares,50.63469,3.070875,H,1137,22
269814,Grande Place,50.63697,3.06367,A,1137,22
269817,Vieille Bourse,50.63773,3.0642,A,1137,22
269820,Palais des Beaux-Arts de Lille,50.630672,3.062632,A,1137,22
247498,"LaM Lille Métropole Musée d'Art Moderne, d'Art Contemporain et d'Art Brut.",50.637512,3.150333,A,820,22
269817,Vieille Bourse,50.63773,3.0642,A,820,22
269820,Palais des Beaux-Arts de Lille,50.630672,3.062632,A,820,22
793722,La Chicoree,50.63596,3.063038,R,820,22
196917,Ibis Styles Lille Centre Gare Beffroi,50.63252,3.067851,H,1247,22
269814,Grande Place,50.63697,3.06367,A,1247,22
269817,Vieille Bourse,50.63773,3.0642,A,1247,22
269820,Palais des Beaux-Arts de Lille,50.630672,3.062632,A,1247,22
269814,Grande Place,50.63697,3.06367,A,160,22
269817,Vieille Bourse,50.63773,3.0642,A,160,22
269820,Palais des Beaux-Arts de Lille,50.630672,3.062632,A,160,22
734546,Place Rihour,50.635643,3.062659,A,160,22
269814,Grande Place,50.63697,3.06367,A,81,22
269817,Vieille Bourse,50.63773,3.0642,A,81,22
269820,Palais des Beaux-Arts de Lille,50.630672,3.062632,A,81,22
793722,La Chicoree,50.63596,3.063038,R,81,22
247498,"LaM Lille Métropole Musée d'Art Moderne, d'Art Contemporain et d'Art Brut.",50.637512,3.150333,A,843,22
269820,Palais des Beaux-Arts de Lille,50.630672,3.062632,A,843,22
793722,La Chicoree,50.63596,3.063038,R,843,22
269814,Grande Place,50.63697,3.06367,A,469,22
269820,Palais des Beaux-Arts de Lille,50.630672,3.062632,A,469,22
2273093,Citadelle de Lille,50.6371,3.05108,A,469,22
793722,La Chicoree,50.63596,3.063038,R,1206,22
1322553,Le Coq Hardi,50.63725,3.063351,R,1206,22
269814,Grande Place,50.63697,3.06367,A,514,22
269820,Palais des Beaux-Arts de Lille,50.630672,3.062632,A,514,22
793722,La Chicoree,50.63596,3.063038,R,514,22
209260,Westfield Euralille,50.637753,3.072719,A,1303,22
269814,Grande Place,50.63697,3.06367,A,1303,22
269817,Vieille Bourse,50.63773,3.0642,A,1303,22
269820,Palais des Beaux-Arts de Lille,50.630672,3.062632,A,1303,22
793722,La Chicoree,50.63596,3.063038,R,1303,22
269817,Vieille Bourse,50.63773,3.0642,A,1475,22
1381296,Meert,50.63768,3.061862,R,1475,22
269814,Grande Place,50.63697,3.06367,A,378,22
269817,Vieille Bourse,50.63773,3.0642,A,378,22
269820,Palais des Beaux-Arts de Lille,50.630672,3.062632,A,378,22
793722,La Chicoree,50.63596,3.063038,R,378,22
801094,Estaminet Chez la vieille,50.64283,3.066893,R,378,22
247498,"LaM Lille Métropole Musée d'Art Moderne, d'Art Contemporain et d'Art Brut.",50.637512,3.150333,A,728,22
269814,Grande Place,50.63697,3.06367,A,728,22
269817,Vieille Bourse,50.63773,3.0642,A,728,22
269820,Palais des Beaux-Arts de Lille,50.630672,3.062632,A,728,22
793722,La Chicoree,50.63596,3.063038,R,728,22
269817,Vieille Bourse,50.63773,3.0642,A,564,22
269820,Palais des Beaux-Arts de Lille,50.630672,3.062632,A,564,22
734546,Place Rihour,50.635643,3.062659,A,564,22
269814,Grande Place,50.63697,3.06367,A,44,22
269817,Vieille Bourse,50.63773,3.0642,A,44,22
269820,Palais des Beaux-Arts de Lille,50.630672,3.062632,A,44,22
2273093,Citadelle de Lille,50.6371,3.05108,A,44,22
1381296,Meert,50.63768,3.061862,R,968,21
2291108,Brasserie Andre,50.633263,3.062995,R,968,21
269814,Grande Place,50.63697,3.06367,A,1105,21
734546,Place Rihour,50.635643,3.062659,A,1105,21
1324334,Quai 38,50.646843,3.057675,R,1453,21
1381296,Meert,50.63768,3.061862,R,1453,21
247498,"LaM Lille Métropole Musée d'Art Moderne, d'Art Contemporain et d'Art Brut.",50.637512,3.150333,A,775,21
269814,Grande Place,50.63697,3.06367,A,775,21
269820,Palais des Beaux-Arts de Lille,50.630672,3.062632,A,775,21
269814,Grande Place,50.63697,3.06367,A,320,21
269817,Vieille Bourse,50.63773,3.0642,A,320,21
1381296,Meert,50.63768,3.061862,R,320,21
209260,Westfield Euralille,50.637753,3.072719,A,1317,21
269814,Grande Place,50.63697,3.06367,A,1317,21
269817,Vieille Bourse,50.63773,3.0642,A,1317,21
269820,Palais des Beaux-Arts de Lille,50.630672,3.062632,A,1317,21
793722,La Chicoree,50.63596,3.063038,R,1317,21
269820,Palais des Beaux-Arts de Lille,50.630672,3.062632,A,656,21
793722,La Chicoree,50.63596,3.063038,R,656,21
1381296,Meert,50.63768,3.061862,R,656,21
269814,Grande Place,50.63697,3.06367,A,305,21
269817,Vieille Bourse,50.63773,3.0642,A,305,21
734546,Place Rihour,50.635643,3.062659,A,305,21
269814,Grande Place,50.63697,3.06367,A,93,21
269817,Vieille Bourse,50.63773,3.0642,A,93,21
793722,La Chicoree,50.63596,3.063038,R,93,21
938725,Brasserie de la Paix,50.635815,3.063069,R,93,21
209260,Westfield Euralille,50.637753,3.072719,A,1305,21
269814,Grande Place,50.63697,3.06367,A,1305,21
269817,Vieille Bourse,50.63773,3.0642,A,1305,21
269820,Palais des Beaux-Arts de Lille,50.630672,3.062632,A,1305,21
793722,La Chicoree,50.63596,3.063038,R,1305,21
247498,"LaM Lille Métropole Musée d'Art Moderne, d'Art Contemporain et d'Art Brut.",50.637512,3.150333,A,717,21
269814,Grande Place,50.63697,3.06367,A,717,21
269817,Vieille Bourse,50.63773,3.0642,A,717,21
269820,Palais des Beaux-Arts de Lille,50.630672,3.062632,A,717,21
793722,La Chicoree,50.63596,3.063038,R,717,21
269820,Palais des Beaux-Arts de Lille,50.630672,3.062632,A,966,21
2035312,Office de Tourisme de Lille,50.63543,3.061971,A,966,21
269814,Grande Place,50.63697,3.06367,A,21,21
269817,Vieille Bourse,50.63773,3.0642,A,21,21
269820,Palais des Beaux-Arts de Lille,50.630672,3.062632,A,21,21
793722,La Chicoree,50.63596,3.063038,R,21,21
269814,Grande Place,50.63697,3.06367,A,123,21
269817,Vieille Bourse,50.63773,3.0642,A,123,21
269820,Palais des Beaux-Arts de Lille,50.630672,3.062632,A,123,21
2273093,Citadelle de Lille,50.6371,3.05108,A,123,21
269814,Grande Place,50.63697,3.06367,A,124,21
269817,Vieille Bourse,50.63773,3.0642,A,124,21
269820,Palais des Beaux-Arts de Lille,50.630672,3.062632,A,124,21
2558192,Musee Hospice Comtesse,50.641106,3.063515,A,124,21
269814,Grande Place,50.63697,3.06367,A,395,21
269817,Vieille Bourse,50.63773,3.0642,A,395,21
269820,Palais des Beaux-Arts de Lille,50.630672,3.062632,A,395,21
2558192,Musee Hospice Comtesse,50.641106,3.063515,A,395,21
269814,Grande Place,50.63697,3.06367,A,392,21
269817,Vieille Bourse,50.63773,3.0642,A,392,21
269820,Palais des Beaux-Arts de Lille,50.630672,3.062632,A,392,21
2273093,Citadelle de Lille,50.6371,3.05108,A,392,21
196917,Ibis Styles Lille Centre Gare Beffroi,50.63252,3.067851,H,1213,21
209260,Westfield Euralille,50.637753,3.072719,A,1213,21
269814,Grande Place,50.63697,3.06367,A,1213,21
269814,Grande Place,50.63697,3.06367,A,541,21
793722,La Chicoree,50.63596,3.063038,R,541,21
938725,Brasserie de la Paix,50.635815,3.063069,R,541,21
1381296,Meert,50.63768,3.061862,R,947,21
2039935,Brasserie Flore,50.63605,3.063198,R,947,21
269814,Grande Place,50.63697,3.06367,A,17,21
269817,Vieille Bourse,50.63773,3.0642,A,17,21
269820,Palais des Beaux-Arts de Lille,50.630672,3.062632,A,17,21
801094,Estaminet Chez la vieille,50.64283,3.066893,R,17,21
209260,Westfield Euralille,50.637753,3.072719,A,1387,21
269814,Grande Place,50.63697,3.06367,A,1387,21
269820,Palais des Beaux-Arts de Lille,50.630672,3.062632,A,1387,21
793722,La Chicoree,50.63596,3.063038,R,1387,21
269814,Grande Place,50.63697,3.06367,A,436,21
269820,Palais des Beaux-Arts de Lille,50.630672,3.062632,A,436,21
793722,La Chicoree,50.63596,3.063038,R,436,21
196916,Ibis Lille Centre Gares,50.63469,3.070875,H,1138,21
269814,Grande Place,50.63697,3.06367,A,1138,21
269817,Vieille Bourse,50.63773,3.0642,A,1138,21
269820,Palais des Beaux-Arts de Lille,50.630672,3.062632,A,1138,21
209260,Westfield Euralille,50.637753,3.072719,A,1345,21
269814,Grande Place,50.63697,3.06367,A,1345,21
269817,Vieille Bourse,50.63773,3.0642,A,1345,21
793722,La Chicoree,50.63596,3.063038,R,1345,21
247498,"LaM Lille Métropole Musée d'Art Moderne, d'Art Contemporain et d'Art Brut.",50.637512,3.150333,A,829,21
269814,Grande Place,50.63697,3.06367,A,829,21
269817,Vieille Bourse,50.63773,3.0642,A,829,21
269820,Palais des Beaux-Arts de Lille,50.630672,3.062632,A,829,21
793722,La Chicoree,50.63596,3.063038,R,829,21
1381296,Meert,50.63768,3.061862,R,960,21
1740729,Hôtel Barrière Lille,50.636845,3.077268,H,960,21
196916,Ibis Lille Centre Gares,50.63469,3.070875,H,1154,21
269814,Grande Place,50.63697,3.06367,A,1154,21
269817,Vieille Bourse,50.63773,3.0642,A,1154,21
269820,Palais des Beaux-Arts de Lille,50.630672,3.062632,A,1154,21
269814,Grande Place,50.63697,3.06367,A,354,21
269820,Palais des Beaux-Arts de Lille,50.630672,3.062632,A,354,21
801094,Estaminet Chez la vieille,50.64283,3.066893,R,354,21
196917,Ibis Styles Lille Centre Gare Beffroi,50.63252,3.067851,H,1266,20
269814,Grande Place,50.63697,3.06367,A,1266,20
269817,Vieille Bourse,50.63773,3.0642,A,1266,20
269820,Palais des Beaux-Arts de Lille,50.630672,3.062632,A,1266,20
196918,Ibis Styles Lille Centre Grand Place,50.6376,3.06683,H,1508,20
269814,Grande Place,50.63697,3.06367,A,1508,20
196918,Ibis Styles Lille Centre Grand Place,50.6376,3.06683,H,1512,20
269814,Grande Place,50.63697,3.06367,A,1512,20
269817,Vieille Bourse,50.63773,3.0642,A,1512,20
269814,Grande Place,50.63697,3.06367,A,562,20
2273093,Citadelle de Lille,50.6371,3.05108,A,562,20
196917,Ibis Styles Lille Centre Gare Beffroi,50.63252,3.067851,H,1248,20
269814,Grande Place,50.63697,3.06367,A,1248,20
269817,Vieille Bourse,50.63773,3.0642,A,1248,20
269820,Palais des Beaux-Arts de Lille,50.630672,3.062632,A,1248,20
269814,Grande Place,50.63697,3.06367,A,225,20
269817,Vieille Bourse,50.63773,3.0642,A,225,20
269820,Palais des Beaux-Arts de Lille,50.630672,3.062632,A,225,20
1381296,Meert,50.63768,3.061862,R,225,20
196917,Ibis Styles Lille Centre Gare Beffroi,50.63252,3.067851,H,1223,20
209260,Westfield Euralille,50.637753,3.072719,A,1223,20
269814,Grande Place,50.63697,3.06367,A,1223,20
269820,Palais des Beaux-Arts de Lille,50.630672,3.062632,A,1223,20
269814,Grande Place,50.63697,3.06367,A,523,20
793722,La Chicoree,50.63596,3.063038,R,523,20
801094,Estaminet Chez la vieille,50.64283,3.066893,R,523,20
2272480,Maison natale Charles de Gaulle,50.645935,3.058813,A,1211,20
2558192,Musee Hospice Comtesse,50.641106,3.063515,A,1211,20
734546,Place Rihour,50.635643,3.062659,A,667,20
793722,La Chicoree,50.63596,3.063038,R,667,20
269820,Palais des Beaux-Arts de Lille,50.630672,3.062632,A,1204,20
1381296,Meert,50.63768,3.061862,R,1204,20
209260,Westfield Euralille,50.637753,3.072719,A,1283,20
247498,"LaM Lille Métropole Musée d'Art Moderne, d'Art Contemporain et d'Art Brut.",50.637512,3.150333,A,1283,20
269814,Grande Place,50.63697,3.06367,A,1283,20
793722,La Chicoree,50.63596,3.063038,R,910,20
3536508,Best Western Premier Why Hotel,50.63427,3.061403,H,910,20
209260,Westfield Euralille,50.637753,3.072719,A,1284,20
247498,"LaM Lille Métropole Musée d'Art Moderne, d'Art Contemporain et d'Art Brut.",50.637512,3.150333,A,1284,20
269814,Grande Place,50.63697,3.06367,A,1284,20
269817,Vieille Bourse,50.63773,3.0642,A,1284,20
247498,"LaM Lille Métropole Musée d'Art Moderne, d'Art Contemporain et d'Art Brut.",50.637512,3.150333,A,760,20
269814,Grande Place,50.63697,3.06367,A,760,20
269817,Vieille Bourse,50.63773,3.0642,A,760,20
269820,Palais des Beaux-Arts de Lille,50.630672,3.062632,A,760,20
793722,La Chicoree,50.63596,3.063038,R,760,20
269814,Grande Place,50.63697,3.06367,A,119,20
269817,Vieille Bourse,50.63773,3.0642,A,119,20
269820,Palais des Beaux-Arts de Lille,50.630672,3.062632,A,119,20
734546,Place Rihour,50.635643,3.062659,A,119,20
209260,Westfield Euralille,50.637753,3.072719,A,1364,20
269814,Grande Place,50.63697,3.06367,A,1364,20
269817,Vieille Bourse,50.63773,3.0642,A,1364,20
269820,Palais des Beaux-Arts de Lille,50.630672,3.062632,A,1364,20
793722,La Chicoree,50.63596,3.063038,R,1364,20
2558192,Musee Hospice Comtesse,50.641106,3.063515,A,950,20
13387436,Cathédrale de la Treille,50.64051,3.06251,A,950,20
209260,Westfield Euralille,50.637753,3.072719,A,1395,20
247498,"LaM Lille Métropole Musée d'Art Moderne, d'Art Contemporain et d'Art Brut.",50.637512,3.150333,A,1395,20
269814,Grande Place,50.63697,3.06367,A,1395,20
269820,Palais des Beaux-Arts de Lille,50.630672,3.062632,A,1395,20
209260,Westfield Euralille,50.637753,3.072719,A,1397,20
247498,"LaM Lille Métropole Musée d'Art Moderne, d'Art Contemporain et d'Art Brut.",50.637512,3.150333,A,1397,20
269814,Grande Place,50.63697,3.06367,A,1397,20
269817,Vieille Bourse,50.63773,3.0642,A,1397,20
269820,Palais des Beaux-Arts de Lille,50.630672,3.062632,A,1397,20
269814,Grande Place,50.63697,3.06367,A,150,20
269817,Vieille Bourse,50.63773,3.0642,A,150,20
269820,Palais des Beaux-Arts de Lille,50.630672,3.062632,A,150,20
793722,La Chicoree,50.63596,3.063038,R,150,20
1381296,Meert,50.63768,3.061862,R,150,20
209260,Westfield Euralille,50.637753,3.072719,A,1325,20
247498,"LaM Lille Métropole Musée d'Art Moderne, d'Art Contemporain et d'Art Brut.",50.637512,3.150333,A,1325,20
269814,Grande Place,50.63697,3.06367,A,1325,20
269817,Vieille Bourse,50.63773,3.0642,A,1325,20
269820,Palais des Beaux-Arts de Lille,50.630672,3.062632,A,1325,20
269814,Grande Place,50.63697,3.06367,A,86,20
269817,Vieille Bourse,50.63773,3.0642,A,86,20
793722,La Chicoree,50.63596,3.063038,R,86,20
801094,Estaminet Chez la vieille,50.64283,3.066893,R,86,20
269814,Grande Place,50.63697,3.06367,A,1438,20
1026189,Les Compagnons de la grappe,50.63869,3.063151,R,1438,20
269814,Grande Place,50.63697,3.06367,A,462,20
269820,Palais des Beaux-Arts de Lille,50.630672,3.062632,A,462,20
793722,La Chicoree,50.63596,3.063038,R,462,20
1381296,Meert,50.63768,3.061862,R,462,20
269814,Grande Place,50.63697,3.06367,A,79,20
269817,Vieille Bourse,50.63773,3.0642,A,79,20
793722,La Chicoree,50.63596,3.063038,R,79,20
801094,Estaminet Chez la vieille,50.64283,3.066893,R,79,20
196917,Ibis Styles Lille Centre Gare Beffroi,50.63252,3.067851,H,1218,20
209260,Westfield Euralille,50.637753,3.072719,A,1218,20
269814,Grande Place,50.63697,3.06367,A,1218,20
269817,Vieille Bourse,50.63773,3.0642,A,1218,20
269814,Grande Place,50.63697,3.06367,A,512,20
793722,La Chicoree,50.63596,3.063038,R,512,20
801094,Estaminet Chez la vieille,50.64283,3.066893,R,512,20
209260,Westfield Euralille,50.637753,3.072719,A,1286,20
247498,"LaM Lille Métropole Musée d'Art Moderne, d'Art Contemporain et d'Art Brut.",50.637512,3.150333,A,1286,20
269814,Grande Place,50.63697,3.06367,A,1286,20
269817,Vieille Bourse,50.63773,3.0642,A,1286,20
269820,Palais des Beaux-Arts de Lille,50.630672,3.062632,A,1286,20
247498,"LaM Lille Métropole Musée d'Art Moderne, d'Art Contemporain et d'Art Brut.",50.637512,3.150333,A,697,20
269814,Grande Place,50.63697,3.06367,A,697,20
269817,Vieille Bourse,50.63773,3.0642,A,697,20
269820,Palais des Beaux-Arts de Lille,50.630672,3.062632,A,697,20
247498,"LaM Lille Métropole Musée d'Art Moderne, d'Art Contemporain et d'Art Brut.",50.637512,3.150333,A,731,20
269814,Grande Place,50.63697,3.06367,A,731,20
269817,Vieille Bourse,50.63773,3.0642,A,731,20
269820,Palais des Beaux-Arts de Lille,50.630672,3.062632,A,731,20
269814,Grande Place,50.63697,3.06367,A,397,20
269817,Vieille Bourse,50.63773,3.0642,A,397,20
269820,Palais des Beaux-Arts de Lille,50.630672,3.062632,A,397,20
734546,Place Rihour,50.635643,3.062659,A,397,20
247498,"LaM Lille Métropole Musée d'Art Moderne, d'Art Contemporain et d'Art Brut.",50.637512,3.150333,A,711,20
269814,Grande Place,50.63697,3.06367,A,711,20
269817,Vieille Bourse,50.63773,3.0642,A,711,20
269820,Palais des Beaux-Arts de Lille,50.630672,3.062632,A,711,20
269817,Vieille Bourse,50.63773,3.0642,A,631,19
269820,Palais des Beaux-Arts de Lille,50.630672,3.062632,A,631,19
1381296,Meert,50.63768,3.061862,R,631,19
269814,Grande Place,50.63697,3.06367,A,231,19
269817,Vieille Bourse,50.63773,3.0642,A,231,19
269820,Palais des Beaux-Arts de Lille,50.630672,3.062632,A,231,19
793722,La Chicoree,50.63596,3.063038,R,231,19
938725,Brasserie de la Paix,50.635815,3.063069,R,231,19
269814,Grande Place,50.63697,3.06367,A,933,19
2035312,Office de Tourisme de Lille,50.63543,3.061971,A,933,19
781110,L'assiette du marche,50.64108,3.061831,R,904,19
793722,La Chicoree,50.63596,3.063038,R,904,19
269814,Grande Place,50.63697,3.06367,A,233,19
269817,Vieille Bourse,50.63773,3.0642,A,233,19
269820,Palais des Beaux-Arts de Lille,50.630672,3.062632,A,233,19
793722,La Chicoree,50.63596,3.063038,R,233,19
247498,"LaM Lille Métropole Musée d'Art Moderne, d'Art Contemporain et d'Art Brut.",50.637512,3.150333,A,881,19
269814,Grande Place,50.63697,3.06367,A,881,19
269820,Palais des Beaux-Arts de Lille,50.630672,3.062632,A,881,19
793722,La Chicoree,50.63596,3.063038,R,881,19
247498,"LaM Lille Métropole Musée d'Art Moderne, d'Art Contemporain et d'Art Brut.",50.637512,3.150333,A,855,19
269814,Grande Place,50.63697,3.06367,A,855,19
269817,Vieille Bourse,50.63773,3.0642,A,855,19
269820,Palais des Beaux-Arts de Lille,50.630672,3.062632,A,855,19
793722,La Chicoree,50.63596,3.063038,R,855,19
196912,Mercure Lille Centre Grand Place,50.63817,3.065553,H,1085,19
209260,Westfield Euralille,50.637753,3.072719,A,1085,19
269814,Grande Place,50.63697,3.06367,A,1085,19
269817,Vieille Bourse,50.63773,3.0642,A,622,19
269820,Palais des Beaux-Arts de Lille,50.630672,3.062632,A,622,19
793722,La Chicoree,50.63596,3.063038,R,622,19
938725,Brasserie de la Paix,50.635815,3.063069,R,622,19
269814,Grande Place,50.63697,3.06367,A,245,19
269817,Vieille Bourse,50.63773,3.0642,A,245,19
269820,Palais des Beaux-Arts de Lille,50.630672,3.062632,A,245,19
1381296,Meert,50.63768,3.061862,R,245,19
269814,Grande Place,50.63697,3.06367,A,490,19
269820,Palais des Beaux-Arts de Lille,50.630672,3.062632,A,490,19
734546,Place Rihour,50.635643,3.062659,A,490,19
269814,Grande Place,50.63697,3.06367,A,287,19
269817,Vieille Bourse,50.63773,3.0642,A,287,19
269820,Palais des Beaux-Arts de Lille,50.630672,3.062632,A,287,19
793722,La Chicoree,50.63596,3.063038,R,287,19
938725,Brasserie de la Paix,50.635815,3.063069,R,287,19
810939,La Fossetta,50.634735,3.063161,R,683,19
1026189,Les Compagnons de la grappe,50.63869,3.063151,R,683,19
1381296,Meert,50.63768,3.061862,R,963,19
2509707,Il Ristorante,50.634098,3.066001,R,963,19
269820,Palais des Beaux-Arts de Lille,50.630672,3.062632,A,651,19
793722,La Chicoree,50.63596,3.063038,R,651,19
938725,Brasserie de la Paix,50.635815,3.063069,R,651,19
269814,Grande Place,50.63697,3.06367,A,350,19
269820,Palais des Beaux-Arts de Lille,50.630672,3.062632,A,350,19
793722,La Chicoree,50.63596,3.063038,R,350,19
1381296,Meert,50.63768,3.061862,R,350,19
269814,Grande Place,50.63697,3.06367,A,517,19
269817,Vieille Bourse,50.63773,3.0642,A,517,19
269820,Palais des Beaux-Arts de Lille,50.630672,3.062632,A,517,19
793722,La Chicoree,50.63596,3.063038,R,517,19
269814,Grande Place,50.63697,3.06367,A,312,19
269817,Vieille Bourse,50.63773,3.0642,A,312,19
1026189,Les Compagnons de la grappe,50.63869,3.063151,R,312,19
269820,Palais des Beaux-Arts de Lille,50.630672,3.062632,A,660,19
795570,L'orange Bleue,50.63866,3.062654,R,660,19
269814,Grande Place,50.63697,3.06367,A,536,19
269817,Vieille Bourse,50.63773,3.0642,A,536,19
269820,Palais des Beaux-Arts de Lille,50.630672,3.062632,A,536,19
793722,La Chicoree,50.63596,3.063038,R,536,19
269814,Grande Place,50.63697,3.06367,A,343,19
269817,Vieille Bourse,50.63773,3.0642,A,343,19
269820,Palais des Beaux-Arts de Lille,50.630672,3.062632,A,343,19
793722,La Chicoree,50.63596,3.063038,R,343,19
269814,Grande Place,50.63697,3.06367,A,267,19
269817,Vieille Bourse,50.63773,3.0642,A,267,19
269820,Palais des Beaux-Arts de Lille,50.630672,3.062632,A,267,19
793722,La Chicoree,50.63596,3.063038,R,267,19
300759,Ibis Budget Lille Centre,50.64224,3.067874,H,666,19
801094,Estaminet Chez la vieille,50.64283,3.066893,R,666,19
269814,Grande Place,50.63697,3.06367,A,261,19
269817,Vieille Bourse,50.63773,3.0642,A,261,19
2035312,Office de Tourisme de Lille,50.63543,3.061971,A,261,19
269817,Vieille Bourse,50.63773,3.0642,A,587,19
269820,Palais des Beaux-Arts de Lille,50.630672,3.062632,A,587,19
793722,La Chicoree,50.63596,3.063038,R,587,19
1381296,Meert,50.63768,3.061862,R,587,19
269814,Grande Place,50.63697,3.06367,A,112,19
269817,Vieille Bourse,50.63773,3.0642,A,112,19
2273093,Citadelle de Lille,50.6371,3.05108,A,112,19
198290,Holiday Inn Express Lille Centre,50.630684,3.058223,H,1547,19
269814,Grande Place,50.63697,3.06367,A,1547,19
269817,Vieille Bourse,50.63773,3.0642,A,1547,19
269820,Palais des Beaux-Arts de Lille,50.630672,3.062632,A,1547,19
196917,Ibis Styles Lille Centre Gare Beffroi,50.63252,3.067851,H,1219,19
209260,Westfield Euralille,50.637753,3.072719,A,1219,19
269814,Grande Place,50.63697,3.06367,A,1219,19
269817,Vieille Bourse,50.63773,3.0642,A,1219,19
269820,Palais des Beaux-Arts de Lille,50.630672,3.062632,A,1219,19
269814,Grande Place,50.63697,3.06367,A,141,19
269817,Vieille Bourse,50.63773,3.0642,A,141,19
269820,Palais des Beaux-Arts de Lille,50.630672,3.062632,A,141,19
793722,La Chicoree,50.63596,3.063038,R,141,19
801094,Estaminet Chez la vieille,50.64283,3.066893,R,141,19
2558192,Musee Hospice Comtesse,50.641106,3.063515,A,1446,19
5584607,Beffroi de l'Hôtel de Ville,50.62954,3.09971,A,1446,19
269820,Palais des Beaux-Arts de Lille,50.630672,3.062632,A,1478,19
938725,Brasserie de la Paix,50.635815,3.063069,R,1478,19
269814,Grande Place,50.63697,3.06367,A,60,19
269817,Vieille Bourse,50.63773,3.0642,A,60,19
269820,Palais des Beaux-Arts de Lille,50.630672,3.062632,A,60,19
734546,Place Rihour,50.635643,3.062659,A,60,19
209260,Westfield Euralille,50.637753,3.072719,A,1324,19
269814,Grande Place,50.63697,3.06367,A,1324,19
269817,Vieille Bourse,50.63773,3.0642,A,1324,19
269820,Palais des Beaux-Arts de Lille,50.630672,3.062632,A,1324,19
793722,La Chicoree,50.63596,3.063038,R,1324,19
269814,Grande Place,50.63697,3.06367,A,1489,19
275111,Crowne Plaza Lille,50.639805,3.07572,H,1489,19
269814,Grande Place,50.63697,3.06367,A,38,19
269817,Vieille Bourse,50.63773,3.0642,A,38,19
269820,Palais des Beaux-Arts de Lille,50.630672,3.062632,A,38,19
793722,La Chicoree,50.63596,3.063038,R,38,19
1381296,Meert,50.63768,3.061862,R,38,19
269814,Grande Place,50.63697,3.06367,A,164,19
269817,Vieille Bourse,50.63773,3.0642,A,164,19
269820,Palais des Beaux-Arts de Lille,50.630672,3.062632,A,164,19
793722,La Chicoree,50.63596,3.063038,R,164,19
196918,Ibis Styles Lille Centre Grand Place,50.6376,3.06683,H,1518,19
269814,Grande Place,50.63697,3.06367,A,1518,19
269817,Vieille Bourse,50.63773,3.0642,A,1518,19
269820,Palais des Beaux-Arts de Lille,50.630672,3.062632,A,1518,19
209260,Westfield Euralille,50.637753,3.072719,A,1289,19
247498,"LaM Lille Métropole Musée d'Art Moderne, d'Art Contemporain et d'Art Brut.",50.637512,3.150333,A,1289,19
269814,Grande Place,50.63697,3.06367,A,1289,19
269817,Vieille Bourse,50.63773,3.0642,A,1289,19
269820,Palais des Beaux-Arts de Lille,50.630672,3.062632,A,1289,19
8564361,Place aux Oignons,50.64091,3.06152,A,1617,19
13387436,Cathédrale de la Treille,50.64051,3.06251,A,1617,19
209260,Westfield Euralille,50.637753,3.072719,A,1285,19
247498,"LaM Lille Métropole Musée d'Art Moderne, d'Art Contemporain et d'Art Brut.",50.637512,3.150333,A,1285,19
269814,Grande Place,50.63697,3.06367,A,1285,19
269817,Vieille Bourse,50.63773,3.0642,A,1285,19
269820,Palais des Beaux-Arts de Lille,50.630672,3.062632,A,1285,19
8758569,X Scape Lille,50.634274,3.056346,A,1624,19
8814343,John Doe Escape Game,50.638817,3.06851,A,1624,19
209260,Westfield Euralille,50.637753,3.072719,A,1288,19
247498,"LaM Lille Métropole Musée d'Art Moderne, d'Art Contemporain et d'Art Brut.",50.637512,3.150333,A,1288,19
269814,Grande Place,50.63697,3.06367,A,1288,19
269820,Palais des Beaux-Arts de Lille,50.630672,3.062632,A,1288,19
209260,Westfield Euralille,50.637753,3.072719,A,1307,19
247498,"LaM Lille Métropole Musée d'Art Moderne, d'Art Contemporain et d'Art Brut.",50.637512,3.150333,A,1307,19
269814,Grande Place,50.63697,3.06367,A,1307,19
269817,Vieille Bourse,50.63773,3.0642,A,1307,19
269820,Palais des Beaux-Arts de Lille,50.630672,3.062632,A,1307,19
269814,Grande Place,50.63697,3.06367,A,13,19
269817,Vieille Bourse,50.63773,3.0642,A,13,19
269820,Palais des Beaux-Arts de Lille,50.630672,3.062632,A,13,19
793722,La Chicoree,50.63596,3.063038,R,13,19
1381296,Meert,50.63768,3.061862,R,13,19
209260,Westfield Euralille,50.637753,3.072719,A,1366,19
269814,Grande Place,50.63697,3.06367,A,1366,19
269817,Vieille Bourse,50.63773,3.0642,A,1366,19
269820,Palais des Beaux-Arts de Lille,50.630672,3.062632,A,1366,19
793722,La Chicoree,50.63596,3.063038,R,1366,19
269814,Grande Place,50.63697,3.06367,A,346,18
269820,Palais des Beaux-Arts de Lille,50.630672,3.062632,A,346,18
793722,La Chicoree,50.63596,3.063038,R,346,18
938725,Brasserie de la Paix,50.635815,3.063069,R,346,18
269817,Vieille Bourse,50.63773,3.0642,A,973,18
793722,La Chicoree,50.63596,3.063038,R,973,18
1381296,Meert,50.63768,3.061862,R,973,18
269814,Grande Place,50.63697,3.06367,A,153,18
269817,Vieille Bourse,50.63773,3.0642,A,153,18
269820,Palais des Beaux-Arts de Lille,50.630672,3.062632,A,153,18
793722,La Chicoree,50.63596,3.063038,R,153,18
938725,Brasserie de la Paix,50.635815,3.063069,R,153,18
269814,Grande Place,50.63697,3.06367,A,117,18
269817,Vieille Bourse,50.63773,3.0642,A,117,18
269820,Palais des Beaux-Arts de Lille,50.630672,3.062632,A,117,18
801094,Estaminet Chez la vieille,50.64283,3.066893,R,117,18
269814,Grande Place,50.63697,3.06367,A,326,18
269817,Vieille Bourse,50.63773,3.0642,A,326,18
275111,Crowne Plaza Lille,50.639805,3.07572,H,326,18
209260,Westfield Euralille,50.637753,3.072719,A,1331,18
269814,Grande Place,50.63697,3.06367,A,1331,18
269817,Vieille Bourse,50.63773,3.0642,A,1331,18
801094,Estaminet Chez la vieille,50.64283,3.066893,R,1331,18
269817,Vieille Bourse,50.63773,3.0642,A,974,18
269820,Palais des Beaux-Arts de Lille,50.630672,3.062632,A,974,18
793722,La Chicoree,50.63596,3.063038,R,974,18
269814,Grande Place,50.63697,3.06367,A,340,18
269820,Palais des Beaux-Arts de Lille,50.630672,3.062632,A,340,18
793722,La Chicoree,50.63596,3.063038,R,340,18
801094,Estaminet Chez la vieille,50.64283,3.066893,R,340,18
269814,Grande Place,50.63697,3.06367,A,368,18
269817,Vieille Bourse,50.63773,3.0642,A,368,18
269820,Palais des Beaux-Arts de Lille,50.630672,3.062632,A,368,18
801094,Estaminet Chez la vieille,50.64283,3.066893,R,368,18
269814,Grande Place,50.63697,3.06367,A,372,18
269817,Vieille Bourse,50.63773,3.0642,A,372,18
269820,Palais des Beaux-Arts de Lille,50.630672,3.062632,A,372,18
793722,La Chicoree,50.63596,3.063038,R,372,18
269814,Grande Place,50.63697,3.06367,A,386,18
269817,Vieille Bourse,50.63773,3.0642,A,386,18
269820,Palais des Beaux-Arts de Lille,50.630672,3.062632,A,386,18
793722,La Chicoree,50.63596,3.063038,R,386,18
1381296,Meert,50.63768,3.061862,R,386,18
196912,Mercure Lille Centre Grand Place,50.63817,3.065553,H,917,18
269820,Palais des Beaux-Arts de Lille,50.630672,3.062632,A,917,18
1198856,La Bottega,50.641106,3.061734,R,912,18
1381296,Meert,50.63768,3.061862,R,912,18
269814,Grande Place,50.63697,3.06367,A,184,18
269817,Vieille Bourse,50.63773,3.0642,A,184,18
269820,Palais des Beaux-Arts de Lille,50.630672,3.062632,A,184,18
793722,La Chicoree,50.63596,3.063038,R,184,18
1381296,Meert,50.63768,3.061862,R,184,18
269817,Vieille Bourse,50.63773,3.0642,A,983,18
793722,La Chicoree,50.63596,3.063038,R,983,18
801094,Estaminet Chez la vieille,50.64283,3.066893,R,983,18
938725,Brasserie de la Paix,50.635815,3.063069,R,1443,18
1381296,Meert,50.63768,3.061862,R,1443,18
269820,Palais des Beaux-Arts de Lille,50.630672,3.062632,A,897,18
734546,Place Rihour,50.635643,3.062659,A,897,18
793722,La Chicoree,50.63596,3.063038,R,897,18
793722,La Chicoree,50.63596,3.063038,R,672,18
801094,Estaminet Chez la vieille,50.64283,3.066893,R,672,18
938725,Brasserie de la Paix,50.635815,3.063069,R,672,18
269814,Grande Place,50.63697,3.06367,A,7,18
269817,Vieille Bourse,50.63773,3.0642,A,7,18
269820,Palais des Beaux-Arts de Lille,50.630672,3.062632,A,7,18
793722,La Chicoree,50.63596,3.063038,R,7,18
801094,Estaminet Chez la vieille,50.64283,3.066893,R,7,18
269817,Vieille Bourse,50.63773,3.0642,A,616,18
269820,Palais des Beaux-Arts de Lille,50.630672,3.062632,A,616,18
1381296,Meert,50.63768,3.061862,R,616,18
269814,Grande Place,50.63697,3.06367,A,10,18
269817,Vieille Bourse,50.63773,3.0642,A,10,18
269820,Palais des Beaux-Arts de Lille,50.630672,3.062632,A,10,18
793722,La Chicoree,50.63596,3.063038,R,10,18
938725,Brasserie de la Paix,50.635815,3.063069,R,10,18
801094,Estaminet Chez la vieille,50.64283,3.066893,R,1621,18
1381296,Meert,50.63768,3.061862,R,1621,18
198290,Holiday Inn Express Lille Centre,50.630684,3.058223,H,1563,18
269814,Grande Place,50.63697,3.06367,A,1563,18
269820,Palais des Beaux-Arts de Lille,50.630672,3.062632,A,1563,18
198290,Holiday Inn Express Lille Centre,50.630684,3.058223,H,1558,18
269814,Grande Place,50.63697,3.06367,A,1558,18
269817,Vieille Bourse,50.63773,3.0642,A,1558,18
793722,La Chicoree,50.63596,3.063038,R,1558,18
269820,Palais des Beaux-Arts de Lille,50.630672,3.062632,A,661,18
812062,Le compostelle,50.637352,3.061673,R,661,18
198290,Holiday Inn Express Lille Centre,50.630684,3.058223,H,1542,18
269814,Grande Place,50.63697,3.06367,A,1542,18
269817,Vieille Bourse,50.63773,3.0642,A,1542,18
269820,Palais des Beaux-Arts de Lille,50.630672,3.062632,A,1542,18
196918,Ibis Styles Lille Centre Grand Place,50.6376,3.06683,H,1524,18
269814,Grande Place,50.63697,3.06367,A,1524,18
269820,Palais des Beaux-Arts de Lille,50.630672,3.062632,A,1524,18
196918,Ibis Styles Lille Centre Grand Place,50.6376,3.06683,H,1513,18
269814,Grande Place,50.63697,3.06367,A,1513,18
269817,Vieille Bourse,50.63773,3.0642,A,1513,18
269820,Palais des Beaux-Arts de Lille,50.630672,3.062632,A,1513,18
247498,"LaM Lille Métropole Musée d'Art Moderne, d'Art Contemporain et d'Art Brut.",50.637512,3.150333,A,874,18
269814,Grande Place,50.63697,3.06367,A,874,18
269820,Palais des Beaux-Arts de Lille,50.630672,3.062632,A,874,18
793722,La Chicoree,50.63596,3.063038,R,874,18
269814,Grande Place,50.63697,3.06367,A,499,18
269820,Palais des Beaux-Arts de Lille,50.630672,3.062632,A,499,18
275111,Crowne Plaza Lille,50.639805,3.07572,H,499,18
269814,Grande Place,50.63697,3.06367,A,497,18
269820,Palais des Beaux-Arts de Lille,50.630672,3.062632,A,497,18
1381296,Meert,50.63768,3.061862,R,497,18
269814,Grande Place,50.63697,3.06367,A,494,18
269820,Palais des Beaux-Arts de Lille,50.630672,3.062632,A,494,18
1381296,Meert,50.63768,3.061862,R,494,18
269814,Grande Place,50.63697,3.06367,A,488,18
269820,Palais des Beaux-Arts de Lille,50.630672,3.062632,A,488,18
2035312,Office de Tourisme de Lille,50.63543,3.061971,A,488,18
247498,"LaM Lille Métropole Musée d'Art Moderne, d'Art Contemporain et d'Art Brut.",50.637512,3.150333,A,777,18
269814,Grande Place,50.63697,3.06367,A,777,18
269817,Vieille Bourse,50.63773,3.0642,A,777,18
269820,Palais des Beaux-Arts de Lille,50.630672,3.062632,A,777,18
247498,"LaM Lille Métropole Musée d'Art Moderne, d'Art Contemporain et d'Art Brut.",50.637512,3.150333,A,784,18
269814,Grande Place,50.63697,3.06367,A,784,18
269820,Palais des Beaux-Arts de Lille,50.630672,3.062632,A,784,18
793722,La Chicoree,50.63596,3.063038,R,784,18
196912,Mercure Lille Centre Grand Place,50.63817,3.065553,H,1086,18
209260,Westfield Euralille,50.637753,3.072719,A,1086,18
269814,Grande Place,50.63697,3.06367,A,1086,18
269820,Palais des Beaux-Arts de Lille,50.630672,3.062632,A,1086,18
209260,Westfield Euralille,50.637753,3.072719,A,1403,18
269814,Grande Place,50.63697,3.06367,A,1403,18
801094,Estaminet Chez la vieille,50.64283,3.066893,R,1403,18
247498,"LaM Lille Métropole Musée d'Art Moderne, d'Art Contemporain et d'Art Brut.",50.637512,3.150333,A,868,18
269814,Grande Place,50.63697,3.06367,A,868,18
269817,Vieille Bourse,50.63773,3.0642,A,868,18
269820,Palais des Beaux-Arts de Lille,50.630672,3.062632,A,868,18
793722,La Chicoree,50.63596,3.063038,R,868,18
269814,Grande Place,50.63697,3.06367,A,295,18
269817,Vieille Bourse,50.63773,3.0642,A,295,18
793722,La Chicoree,50.63596,3.063038,R,295,18
801094,Estaminet Chez la vieille,50.64283,3.066893,R,295,18
196912,Mercure Lille Centre Grand Place,50.63817,3.065553,H,1094,18
209260,Westfield Euralille,50.637753,3.072719,A,1094,18
269814,Grande Place,50.63697,3.06367,A,1094,18
269817,Vieille Bourse,50.63773,3.0642,A,1094,18
269814,Grande Place,50.63697,3.06367,A,222,18
269817,Vieille Bourse,50.63773,3.0642,A,222,18
269820,Palais des Beaux-Arts de Lille,50.630672,3.062632,A,222,18
1026189,Les Compagnons de la grappe,50.63869,3.063151,R,222,18
269814,Grande Place,50.63697,3.06367,A,264,18
269817,Vieille Bourse,50.63773,3.0642,A,264,18
793722,La Chicoree,50.63596,3.063038,R,264,18
1381296,Meert,50.63768,3.061862,R,264,18
269814,Grande Place,50.63697,3.06367,A,216,18
269817,Vieille Bourse,50.63773,3.0642,A,216,18
269820,Palais des Beaux-Arts de Lille,50.630672,3.062632,A,216,18
734546,Place Rihour,50.635643,3.062659,A,216,18
196917,Ibis Styles Lille Centre Gare Beffroi,50.63252,3.067851,H,1220,18
209260,Westfield Euralille,50.637753,3.072719,A,1220,18
269814,Grande Place,50.63697,3.06367,A,1220,18
269817,Vieille Bourse,50.63773,3.0642,A,1220,18
269820,Palais des Beaux-Arts de Lille,50.630672,3.062632,A,1220,18
269814,Grande Place,50.63697,3.06367,A,202,17
269817,Vieille Bourse,50.63773,3.0642,A,202,17
269820,Palais des Beaux-Arts de Lille,50.630672,3.062632,A,202,17
734546,Place Rihour,50.635643,3.062659,A,202,17
793722,La Chicoree,50.63596,3.063038,R,202,17
247498,"LaM Lille Métropole Musée d'Art Moderne, d'Art Contemporain et d'Art Brut.",50.637512,3.150333,A,735,17
269814,Grande Place,50.63697,3.06367,A,735,17
269817,Vieille Bourse,50.63773,3.0642,A,735,17
269820,Palais des Beaux-Arts de Lille,50.630672,3.062632,A,735,17
793722,La Chicoree,50.63596,3.063038,R,735,17
269814,Grande Place,50.63697,3.06367,A,255,17
269817,Vieille Bourse,50.63773,3.0642,A,255,17
734546,Place Rihour,50.635643,3.062659,A,255,17
793722,La Chicoree,50.63596,3.063038,R,255,17
269814,Grande Place,50.63697,3.06367,A,496,17
269820,Palais des Beaux-Arts de Lille,50.630672,3.062632,A,496,17
1026189,Les Compagnons de la grappe,50.63869,3.063151,R,496,17
269814,Grande Place,50.63697,3.06367,A,215,17
269817,Vieille Bourse,50.63773,3.0642,A,215,17
269820,Palais des Beaux-Arts de Lille,50.630672,3.062632,A,215,17
2035312,Office de Tourisme de Lille,50.63543,3.061971,A,215,17
269814,Grande Place,50.63697,3.06367,A,159,17
269817,Vieille Bourse,50.63773,3.0642,A,159,17
269820,Palais des Beaux-Arts de Lille,50.630672,3.062632,A,159,17
2273093,Citadelle de Lille,50.6371,3.05108,A,159,17
269817,Vieille Bourse,50.63773,3.0642,A,582,17
269820,Palais des Beaux-Arts de Lille,50.630672,3.062632,A,582,17
793722,La Chicoree,50.63596,3.063038,R,582,17
938725,Brasserie de la Paix,50.635815,3.063069,R,582,17
247498,"LaM Lille Métropole Musée d'Art Moderne, d'Art Contemporain et d'Art Brut.",50.637512,3.150333,A,714,17
269814,Grande Place,50.63697,3.06367,A,714,17
269817,Vieille Bourse,50.63773,3.0642,A,714,17
269820,Palais des Beaux-Arts de Lille,50.630672,3.062632,A,714,17
793722,La Chicoree,50.63596,3.063038,R,714,17
269814,Grande Place,50.63697,3.06367,A,281,17
269817,Vieille Bourse,50.63773,3.0642,A,281,17
269820,Palais des Beaux-Arts de Lille,50.630672,3.062632,A,281,17
793722,La Chicoree,50.63596,3.063038,R,281,17
793722,La Chicoree,50.63596,3.063038,R,1501,17
795570,L'orange Bleue,50.63866,3.062654,R,1501,17
269814,Grande Place,50.63697,3.06367,A,49,17
269817,Vieille Bourse,50.63773,3.0642,A,49,17
269820,Palais des Beaux-Arts de Lille,50.630672,3.062632,A,49,17
2035312,Office de Tourisme de Lille,50.63543,3.061971,A,49,17
196918,Ibis Styles Lille Centre Grand Place,50.6376,3.06683,H,1519,17
269814,Grande Place,50.63697,3.06367,A,1519,17
269817,Vieille Bourse,50.63773,3.0642,A,1519,17
269820,Palais des Beaux-Arts de Lille,50.630672,3.062632,A,1519,17
269814,Grande Place,50.63697,3.06367,A,509,17
628635,Novotel Suites Lille Europe hotel,50.638893,3.076883,H,509,17
247498,"LaM Lille Métropole Musée d'Art Moderne, d'Art Contemporain et d'Art Brut.",50.637512,3.150333,A,745,17
269814,Grande Place,50.63697,3.06367,A,745,17
269817,Vieille Bourse,50.63773,3.0642,A,745,17
793722,La Chicoree,50.63596,3.063038,R,745,17
196918,Ibis Styles Lille Centre Grand Place,50.6376,3.06683,H,1527,17
269814,Grande Place,50.63697,3.06367,A,1527,17
269817,Vieille Bourse,50.63773,3.0642,A,1527,17
269820,Palais des Beaux-Arts de Lille,50.630672,3.062632,A,1527,17
209260,Westfield Euralille,50.637753,3.072719,A,1335,17
269814,Grande Place,50.63697,3.06367,A,1335,17
269817,Vieille Bourse,50.63773,3.0642,A,1335,17
793722,La Chicoree,50.63596,3.063038,R,1335,17
1381296,Meert,50.63768,3.061862,R,1335,17
269814,Grande Place,50.63697,3.06367,A,144,17
269817,Vieille Bourse,50.63773,3.0642,A,144,17
269820,Palais des Beaux-Arts de Lille,50.630672,3.062632,A,144,17
793722,La Chicoree,50.63596,3.063038,R,144,17
801094,Estaminet Chez la vieille,50.64283,3.066893,R,144,17
209260,Westfield Euralille,50.637753,3.072719,A,1347,17
269814,Grande Place,50.63697,3.06367,A,1347,17
269817,Vieille Bourse,50.63773,3.0642,A,1347,17
269820,Palais des Beaux-Arts de Lille,50.630672,3.062632,A,1347,17
793722,La Chicoree,50.63596,3.063038,R,1347,17
269814,Grande Place,50.63697,3.06367,A,67,17
269817,Vieille Bourse,50.63773,3.0642,A,67,17
269820,Palais des Beaux-Arts de Lille,50.630672,3.062632,A,67,17
1381296,Meert,50.63768,3.061862,R,67,17
269814,Grande Place,50.63697,3.06367,A,69,17
269817,Vieille Bourse,50.63773,3.0642,A,69,17
269820,Palais des Beaux-Arts de Lille,50.630672,3.062632,A,69,17
275111,Crowne Plaza Lille,50.639805,3.07572,H,69,17
269814,Grande Place,50.63697,3.06367,A,474,17
269820,Palais des Beaux-Arts de Lille,50.630672,3.062632,A,474,17
2035312,Office de Tourisme de Lille,50.63543,3.061971,A,474,17
269814,Grande Place,50.63697,3.06367,A,76,17
269817,Vieille Bourse,50.63773,3.0642,A,76,17
628635,Novotel Suites Lille Europe hotel,50.638893,3.076883,H,76,17
1381296,Meert,50.63768,3.061862,R,946,17
2035312,Office de Tourisme de Lille,50.63543,3.061971,A,946,17
269814,Grande Place,50.63697,3.06367,A,211,17
269817,Vieille Bourse,50.63773,3.0642,A,211,17
269820,Palais des Beaux-Arts de Lille,50.630672,3.062632,A,211,17
2035312,Office de Tourisme de Lille,50.63543,3.061971,A,211,17
812062,Le compostelle,50.637352,3.061673,R,940,17
1124428,L'Ecume des Mers,50.63725,3.061462,R,940,17
269814,Grande Place,50.63697,3.06367,A,454,17
269820,Palais des Beaux-Arts de Lille,50.630672,3.062632,A,454,17
793722,La Chicoree,50.63596,3.063038,R,454,17
938725,Brasserie de la Paix,50.635815,3.063069,R,454,17
209260,Westfield Euralille,50.637753,3.072719,A,1422,17
269814,Grande Place,50.63697,3.06367,A,1422,17
1381296,Meert,50.63768,3.061862,R,1422,17
209260,Westfield Euralille,50.637753,3.072719,A,1411,17
269814,Grande Place,50.63697,3.06367,A,1411,17
793722,La Chicoree,50.63596,3.063038,R,1411,17
1381296,Meert,50.63768,3.061862,R,1411,17
247498,"LaM Lille Métropole Musée d'Art Moderne, d'Art Contemporain et d'Art Brut.",50.637512,3.150333,A,867,17
269814,Grande Place,50.63697,3.06367,A,867,17
269817,Vieille Bourse,50.63773,3.0642,A,867,17
269820,Palais des Beaux-Arts de Lille,50.630672,3.062632,A,867,17
793722,La Chicoree,50.63596,3.063038,R,867,17
793722,La Chicoree,50.63596,3.063038,R,1188,17
938725,Brasserie de la Paix,50.635815,3.063069,R,1188,17
1381296,Meert,50.63768,3.061862,R,1188,17
269814,Grande Place,50.63697,3.06367,A,59,17
269817,Vieille Bourse,50.63773,3.0642,A,59,17
269820,Palais des Beaux-Arts de Lille,50.630672,3.062632,A,59,17
2035312,Office de Tourisme de Lille,50.63543,3.061971,A,59,17
196912,Mercure Lille Centre Grand Place,50.63817,3.065553,H,1062,17
247498,"LaM Lille Métropole Musée d'Art Moderne, d'Art Contemporain et d'Art Brut.",50.637512,3.150333,A,1062,17
269814,Grande Place,50.63697,3.06367,A,1062,17
810939,La Fossetta,50.634735,3.063161,R,1208,17
814600,le piccolo mondo,50.634563,3.063311,R,1208,17
196912,Mercure Lille Centre Grand Place,50.63817,3.065553,H,1064,17
247498,"LaM Lille Métropole Musée d'Art Moderne, d'Art Contemporain et d'Art Brut.",50.637512,3.150333,A,1064,17
269814,Grande Place,50.63697,3.06367,A,1064,17
269817,Vieille Bourse,50.63773,3.0642,A,1064,17
269820,Palais des Beaux-Arts de Lille,50.630672,3.062632,A,1064,17
269814,Grande Place,50.63697,3.06367,A,300,17
269817,Vieille Bourse,50.63773,3.0642,A,300,17
793722,La Chicoree,50.63596,3.063038,R,300,17
801094,Estaminet Chez la vieille,50.64283,3.066893,R,300,17
196912,Mercure Lille Centre Grand Place,50.63817,3.065553,H,1063,17
247498,"LaM Lille Métropole Musée d'Art Moderne, d'Art Contemporain et d'Art Brut.",50.637512,3.150333,A,1063,17
269814,Grande Place,50.63697,3.06367,A,1063,17
269817,Vieille Bourse,50.63773,3.0642,A,1063,17
269817,Vieille Bourse,50.63773,3.0642,A,593,17
269820,Palais des Beaux-Arts de Lille,50.630672,3.062632,A,593,17
795570,L'orange Bleue,50.63866,3.062654,R,593,17
11670679,"Hotel L'Arbre Voyageur, BW Premier Collection",50.63974,3.067428,H,1631,17
12442472,Restaurant Jane,50.639565,3.067419,R,1631,17
196912,Mercure Lille Centre Grand Place,50.63817,3.065553,H,1048,17
269814,Grande Place,50.63697,3.06367,A,1048,17
269820,Palais des Beaux-Arts de Lille,50.630672,3.062632,A,1048,17
793722,La Chicoree,50.63596,3.063038,R,1048,17
196912,Mercure Lille Centre Grand Place,50.63817,3.065553,H,1068,17
247498,"LaM Lille Métropole Musée d'Art Moderne, d'Art Contemporain et d'Art Brut.",50.637512,3.150333,A,1068,17
269814,Grande Place,50.63697,3.06367,A,1068,17
269817,Vieille Bourse,50.63773,3.0642,A,1068,17
269820,Palais des Beaux-Arts de Lille,50.630672,3.062632,A,1068,17
269817,Vieille Bourse,50.63773,3.0642,A,602,17
269820,Palais des Beaux-Arts de Lille,50.630672,3.062632,A,602,17
734546,Place Rihour,50.635643,3.062659,A,602,17
793722,La Chicoree,50.63596,3.063038,R,602,17
269817,Vieille Bourse,50.63773,3.0642,A,614,17
269820,Palais des Beaux-Arts de Lille,50.630672,3.062632,A,614,17
2035312,Office de Tourisme de Lille,50.63543,3.061971,A,614,17
196917,Ibis Styles Lille Centre Gare Beffroi,50.63252,3.067851,H,1224,17
209260,Westfield Euralille,50.637753,3.072719,A,1224,17
269814,Grande Place,50.63697,3.06367,A,1224,17
269817,Vieille Bourse,50.63773,3.0642,A,1224,17
269820,Palais des Beaux-Arts de Lille,50.630672,3.062632,A,1224,17
938725,Brasserie de la Paix,50.635815,3.063069,R,1209,17
3536508,Best Western Premier Why Hotel,50.63427,3.061403,H,1209,17
196912,Mercure Lille Centre Grand Place,50.63817,3.065553,H,1067,17
247498,"LaM Lille Métropole Musée d'Art Moderne, d'Art Contemporain et d'Art Brut.",50.637512,3.150333,A,1067,17
269814,Grande Place,50.63697,3.06367,A,1067,17
269820,Palais des Beaux-Arts de Lille,50.630672,3.062632,A,1067,17
269817,Vieille Bourse,50.63773,3.0642,A,626,17
269820,Palais des Beaux-Arts de Lille,50.630672,3.062632,A,626,17
938725,Brasserie de la Paix,50.635815,3.063069,R,626,17
196912,Mercure Lille Centre Grand Place,50.63817,3.065553,H,1019,17
269814,Grande Place,50.63697,3.06367,A,1019,17
269817,Vieille Bourse,50.63773,3.0642,A,1019,17
269820,Palais des Beaux-Arts de Lille,50.630672,3.062632,A,1019,17
793722,La Chicoree,50.63596,3.063038,R,1019,17
196912,Mercure Lille Centre Grand Place,50.63817,3.065553,H,1065,17
247498,"LaM Lille Métropole Musée d'Art Moderne, d'Art Contemporain et d'Art Brut.",50.637512,3.150333,A,1065,17
269814,Grande Place,50.63697,3.06367,A,1065,17
269817,Vieille Bourse,50.63773,3.0642,A,1065,17
269820,Palais des Beaux-Arts de Lille,50.630672,3.062632,A,1065,17
269814,Grande Place,50.63697,3.06367,A,189,17
269817,Vieille Bourse,50.63773,3.0642,A,189,17
269820,Palais des Beaux-Arts de Lille,50.630672,3.062632,A,189,17
795570,L'orange Bleue,50.63866,3.062654,R,189,17
196912,Mercure Lille Centre Grand Place,50.63817,3.065553,H,1095,17
209260,Westfield Euralille,50.637753,3.072719,A,1095,17
269814,Grande Place,50.63697,3.06367,A,1095,17
269817,Vieille Bourse,50.63773,3.0642,A,1095,17
269820,Palais des Beaux-Arts de Lille,50.630672,3.062632,A,1095,17
269817,Vieille Bourse,50.63773,3.0642,A,636,17
734546,Place Rihour,50.635643,3.062659,A,636,17
793722,La Chicoree,50.63596,3.063038,R,636,17
269814,Grande Place,50.63697,3.06367,A,240,17
269817,Vieille Bourse,50.63773,3.0642,A,240,17
269820,Palais des Beaux-Arts de Lille,50.630672,3.062632,A,240,17
938725,Brasserie de la Paix,50.635815,3.063069,R,240,17
269814,Grande Place,50.63697,3.06367,A,220,17
269817,Vieille Bourse,50.63773,3.0642,A,220,17
269820,Palais des Beaux-Arts de Lille,50.630672,3.062632,A,220,17
1381296,Meert,50.63768,3.061862,R,220,17
269814,Grande Place,50.63697,3.06367,A,545,17
793722,La Chicoree,50.63596,3.063038,R,545,17
1026189,Les Compagnons de la grappe,50.63869,3.063151,R,545,17
196912,Mercure Lille Centre Grand Place,50.63817,3.065553,H,1018,17
247498,"LaM Lille Métropole Musée d'Art Moderne, d'Art Contemporain et d'Art Brut.",50.637512,3.150333,A,1018,17
269814,Grande Place,50.63697,3.06367,A,1018,17
269817,Vieille Bourse,50.63773,3.0642,A,1018,17
269820,Palais des Beaux-Arts de Lille,50.630672,3.062632,A,1018,17
196912,Mercure Lille Centre Grand Place,50.63817,3.065553,H,1011,17
269814,Grande Place,50.63697,3.06367,A,1011,17
269817,Vieille Bourse,50.63773,3.0642,A,1011,17
269820,Palais des Beaux-Arts de Lille,50.630672,3.062632,A,1011,17
793722,La Chicoree,50.63596,3.063038,R,1011,17
269814,Grande Place,50.63697,3.06367,A,423,16
269817,Vieille Bourse,50.63773,3.0642,A,423,16
269820,Palais des Beaux-Arts de Lille,50.630672,3.062632,A,423,16
793722,La Chicoree,50.63596,3.063038,R,423,16
938725,Brasserie de la Paix,50.635815,3.063069,R,423,16
269814,Grande Place,50.63697,3.06367,A,413,16
269817,Vieille Bourse,50.63773,3.0642,A,413,16
269820,Palais des Beaux-Arts de Lille,50.630672,3.062632,A,413,16
734546,Place Rihour,50.635643,3.062659,A,413,16
247498,"LaM Lille Métropole Musée d'Art Moderne, d'Art Contemporain et d'Art Brut.",50.637512,3.150333,A,807,16
269814,Grande Place,50.63697,3.06367,A,807,16
269817,Vieille Bourse,50.63773,3.0642,A,807,16
269817,Vieille Bourse,50.63773,3.0642,A,594,16
269820,Palais des Beaux-Arts de Lille,50.630672,3.062632,A,594,16
812062,Le compostelle,50.637352,3.061673,R,594,16
626951,Auberge du Forgeron,50.54895,3.028929,H,1425,16
1393100,Auberge du Forgeron,50.548965,3.029233,R,1425,16
247498,"LaM Lille Métropole Musée d'Art Moderne, d'Art Contemporain et d'Art Brut.",50.637512,3.150333,A,876,16
269814,Grande Place,50.63697,3.06367,A,876,16
269817,Vieille Bourse,50.63773,3.0642,A,876,16
269820,Palais des Beaux-Arts de Lille,50.630672,3.062632,A,876,16
793722,La Chicoree,50.63596,3.063038,R,876,16
247498,"LaM Lille Métropole Musée d'Art Moderne, d'Art Contemporain et d'Art Brut.",50.637512,3.150333,A,819,16
269817,Vieille Bourse,50.63773,3.0642,A,819,16
269820,Palais des Beaux-Arts de Lille,50.630672,3.062632,A,819,16
734546,Place Rihour,50.635643,3.062659,A,819,16
247498,"LaM Lille Métropole Musée d'Art Moderne, d'Art Contemporain et d'Art Brut.",50.637512,3.150333,A,873,16
269814,Grande Place,50.63697,3.06367,A,873,16
269817,Vieille Bourse,50.63773,3.0642,A,873,16
269820,Palais des Beaux-Arts de Lille,50.630672,3.062632,A,873,16
793722,La Chicoree,50.63596,3.063038,R,873,16
247498,"LaM Lille Métropole Musée d'Art Moderne, d'Art Contemporain et d'Art Brut.",50.637512,3.150333,A,834,16
269814,Grande Place,50.63697,3.06367,A,834,16
269817,Vieille Bourse,50.63773,3.0642,A,834,16
269820,Palais des Beaux-Arts de Lille,50.630672,3.062632,A,834,16
793722,La Chicoree,50.63596,3.063038,R,834,16
247498,"LaM Lille Métropole Musée d'Art Moderne, d'Art Contemporain et d'Art Brut.",50.637512,3.150333,A,828,16
269814,Grande Place,50.63697,3.06367,A,828,16
269817,Vieille Bourse,50.63773,3.0642,A,828,16
269820,Palais des Beaux-Arts de Lille,50.630672,3.062632,A,828,16
734546,Place Rihour,50.635643,3.062659,A,828,16
247498,"LaM Lille Métropole Musée d'Art Moderne, d'Art Contemporain et d'Art Brut.",50.637512,3.150333,A,836,16
269814,Grande Place,50.63697,3.06367,A,836,16
269817,Vieille Bourse,50.63773,3.0642,A,836,16
269820,Palais des Beaux-Arts de Lille,50.630672,3.062632,A,836,16
793722,La Chicoree,50.63596,3.063038,R,836,16
269814,Grande Place,50.63697,3.06367,A,415,16
269817,Vieille Bourse,50.63773,3.0642,A,415,16
269820,Palais des Beaux-Arts de Lille,50.630672,3.062632,A,415,16
1381296,Meert,50.63768,3.061862,R,415,16
269814,Grande Place,50.63697,3.06367,A,417,16
269817,Vieille Bourse,50.63773,3.0642,A,417,16
269820,Palais des Beaux-Arts de Lille,50.630672,3.062632,A,417,16
1381296,Meert,50.63768,3.061862,R,417,16
247498,"LaM Lille Métropole Musée d'Art Moderne, d'Art Contemporain et d'Art Brut.",50.637512,3.150333,A,839,16
269817,Vieille Bourse,50.63773,3.0642,A,839,16
269820,Palais des Beaux-Arts de Lille,50.630672,3.062632,A,839,16
793722,La Chicoree,50.63596,3.063038,R,839,16
247498,"LaM Lille Métropole Musée d'Art Moderne, d'Art Contemporain et d'Art Brut.",50.637512,3.150333,A,842,16
269820,Palais des Beaux-Arts de Lille,50.630672,3.062632,A,842,16
734546,Place Rihour,50.635643,3.062659,A,842,16
209260,Westfield Euralille,50.637753,3.072719,A,1379,16
269814,Grande Place,50.63697,3.06367,A,1379,16
269820,Palais des Beaux-Arts de Lille,50.630672,3.062632,A,1379,16
793722,La Chicoree,50.63596,3.063038,R,1379,16
1381296,Meert,50.63768,3.061862,R,1379,16
269814,Grande Place,50.63697,3.06367,A,425,16
269817,Vieille Bourse,50.63773,3.0642,A,425,16
269820,Palais des Beaux-Arts de Lille,50.630672,3.062632,A,425,16
793722,La Chicoree,50.63596,3.063038,R,425,16
209260,Westfield Euralille,50.637753,3.072719,A,1383,16
269814,Grande Place,50.63697,3.06367,A,1383,16
269820,Palais des Beaux-Arts de Lille,50.630672,3.062632,A,1383,16
793722,La Chicoree,50.63596,3.063038,R,1383,16
801094,Estaminet Chez la vieille,50.64283,3.066893,R,1383,16
269814,Grande Place,50.63697,3.06367,A,209,16
269817,Vieille Bourse,50.63773,3.0642,A,209,16
269820,Palais des Beaux-Arts de Lille,50.630672,3.062632,A,209,16
734546,Place Rihour,50.635643,3.062659,A,209,16
793722,La Chicoree,50.63596,3.063038,R,209,16
198290,Holiday Inn Express Lille Centre,50.630684,3.058223,H,1548,16
269814,Grande Place,50.63697,3.06367,A,1548,16
269817,Vieille Bourse,50.63773,3.0642,A,1548,16
269820,Palais des Beaux-Arts de Lille,50.630672,3.062632,A,1548,16
247498,"LaM Lille Métropole Musée d'Art Moderne, d'Art Contemporain et d'Art Brut.",50.637512,3.150333,A,806,16
269817,Vieille Bourse,50.63773,3.0642,A,806,16
247498,"LaM Lille Métropole Musée d'Art Moderne, d'Art Contemporain et d'Art Brut.",50.637512,3.150333,A,725,16
269814,Grande Place,50.63697,3.06367,A,725,16
269817,Vieille Bourse,50.63773,3.0642,A,725,16
734546,Place Rihour,50.635643,3.062659,A,725,16
198290,Holiday Inn Express Lille Centre,50.630684,3.058223,H,1555,16
269814,Grande Place,50.63697,3.06367,A,1555,16
269817,Vieille Bourse,50.63773,3.0642,A,1555,16
793722,La Chicoree,50.63596,3.063038,R,1555,16
793722,La Chicoree,50.63596,3.063038,R,673,16
801094,Estaminet Chez la vieille,50.64283,3.066893,R,673,16
1381296,Meert,50.63768,3.061862,R,673,16
2035312,Office de Tourisme de Lille,50.63543,3.061971,A,691,16
2558192,Musee Hospice Comtesse,50.641106,3.063515,A,691,16
2272417,Musee d'Histoire Naturelle de Lille,50.6268,3.066587,A,692,16
2273093,Citadelle de Lille,50.6371,3.05108,A,692,16
198290,Holiday Inn Express Lille Centre,50.630684,3.058223,H,1567,16
269814,Grande Place,50.63697,3.06367,A,1567,16
269817,Vieille Bourse,50.63773,3.0642,A,1567,16
269820,Palais des Beaux-Arts de Lille,50.630672,3.062632,A,1567,16
269814,Grande Place,50.63697,3.06367,A,54,16
269817,Vieille Bourse,50.63773,3.0642,A,54,16
269820,Palais des Beaux-Arts de Lille,50.630672,3.062632,A,54,16
734546,Place Rihour,50.635643,3.062659,A,54,16
793722,La Chicoree,50.63596,3.063038,R,54,16
198290,Holiday Inn Express Lille Centre,50.630684,3.058223,H,1580,16
269814,Grande Place,50.63697,3.06367,A,1580,16
793722,La Chicoree,50.63596,3.063038,R,1580,16
247498,"LaM Lille Métropole Musée d'Art Moderne, d'Art Contemporain et d'Art Brut.",50.637512,3.150333,A,713,16
269814,Grande Place,50.63697,3.06367,A,713,16
269817,Vieille Bourse,50.63773,3.0642,A,713,16
269820,Palais des Beaux-Arts de Lille,50.630672,3.062632,A,713,16
734546,Place Rihour,50.635643,3.062659,A,713,16
4408913,Eglise Saint Maurice,50.63588,3.06749,A,1486,16
13387436,Cathédrale de la Treille,50.64051,3.06251,A,1486,16
269817,Vieille Bourse,50.63773,3.0642,A,620,16
269820,Palais des Beaux-Arts de Lille,50.630672,3.062632,A,620,16
793722,La Chicoree,50.63596,3.063038,R,620,16
801094,Estaminet Chez la vieille,50.64283,3.066893,R,620,16
196918,Ibis Styles Lille Centre Grand Place,50.6376,3.06683,H,1471,16
793722,La Chicoree,50.63596,3.063038,R,1471,16
269814,Grande Place,50.63697,3.06367,A,258,16
269817,Vieille Bourse,50.63773,3.0642,A,258,16
734546,Place Rihour,50.635643,3.062659,A,258,16
793722,La Chicoree,50.63596,3.063038,R,258,16
269814,Grande Place,50.63697,3.06367,A,64,16
269817,Vieille Bourse,50.63773,3.0642,A,64,16
269820,Palais des Beaux-Arts de Lille,50.630672,3.062632,A,64,16
1381296,Meert,50.63768,3.061862,R,64,16
247498,"LaM Lille Métropole Musée d'Art Moderne, d'Art Contemporain et d'Art Brut.",50.637512,3.150333,A,732,16
269814,Grande Place,50.63697,3.06367,A,732,16
269817,Vieille Bourse,50.63773,3.0642,A,732,16
269820,Palais des Beaux-Arts de Lille,50.630672,3.062632,A,732,16
734546,Place Rihour,50.635643,3.062659,A,732,16
269817,Vieille Bourse,50.63773,3.0642,A,608,16
269820,Palais des Beaux-Arts de Lille,50.630672,3.062632,A,608,16
734546,Place Rihour,50.635643,3.062659,A,608,16
793722,La Chicoree,50.63596,3.063038,R,608,16
247498,"LaM Lille Métropole Musée d'Art Moderne, d'Art Contemporain et d'Art Brut.",50.637512,3.150333,A,747,16
269814,Grande Place,50.63697,3.06367,A,747,16
269817,Vieille Bourse,50.63773,3.0642,A,747,16
269820,Palais des Beaux-Arts de Lille,50.630672,3.062632,A,747,16
793722,La Chicoree,50.63596,3.063038,R,747,16
269814,Grande Place,50.63697,3.06367,A,481,16
269820,Palais des Beaux-Arts de Lille,50.630672,3.062632,A,481,16
734546,Place Rihour,50.635643,3.062659,A,481,16
793722,La Chicoree,50.63596,3.063038,R,481,16
269814,Grande Place,50.63697,3.06367,A,66,16
269817,Vieille Bourse,50.63773,3.0642,A,66,16
269820,Palais des Beaux-Arts de Lille,50.630672,3.062632,A,66,16
1026189,Les Compagnons de la grappe,50.63869,3.063151,R,66,16
269814,Grande Place,50.63697,3.06367,A,30,16
269817,Vieille Bourse,50.63773,3.0642,A,30,16
269820,Palais des Beaux-Arts de Lille,50.630672,3.062632,A,30,16
793722,La Chicoree,50.63596,3.063038,R,30,16
938725,Brasserie de la Paix,50.635815,3.063069,R,30,16
247498,"LaM Lille Métropole Musée d'Art Moderne, d'Art Contemporain et d'Art Brut.",50.637512,3.150333,A,770,16
269814,Grande Place,50.63697,3.06367,A,770,16
269817,Vieille Bourse,50.63773,3.0642,A,770,16
269820,Palais des Beaux-Arts de Lille,50.630672,3.062632,A,770,16
793722,La Chicoree,50.63596,3.063038,R,770,16
269814,Grande Place,50.63697,3.06367,A,467,16
269820,Palais des Beaux-Arts de Lille,50.630672,3.062632,A,467,16
812062,Le compostelle,50.637352,3.061673,R,467,16
247498,"LaM Lille Métropole Musée d'Art Moderne, d'Art Contemporain et d'Art Brut.",50.637512,3.150333,A,781,16
269814,Grande Place,50.63697,3.06367,A,781,16
269820,Palais des Beaux-Arts de Lille,50.630672,3.062632,A,781,16
734546,Place Rihour,50.635643,3.062659,A,781,16
793722,La Chicoree,50.63596,3.063038,R,907,16
795212,Flam's,50.63721,3.061645,R,907,16
269814,Grande Place,50.63697,3.06367,A,97,16
269817,Vieille Bourse,50.63773,3.0642,A,97,16
793722,La Chicoree,50.63596,3.063038,R,97,16
1026189,Les Compagnons de la grappe,50.63869,3.063151,R,97,16
269814,Grande Place,50.63697,3.06367,A,230,16
269817,Vieille Bourse,50.63773,3.0642,A,230,16
269820,Palais des Beaux-Arts de Lille,50.630672,3.062632,A,230,16
793722,La Chicoree,50.63596,3.063038,R,230,16
801094,Estaminet Chez la vieille,50.64283,3.066893,R,230,16
196917,Ibis Styles Lille Centre Gare Beffroi,50.63252,3.067851,H,1256,16
269814,Grande Place,50.63697,3.06367,A,1256,16
269817,Vieille Bourse,50.63773,3.0642,A,1256,16
793722,La Chicoree,50.63596,3.063038,R,1256,16
196912,Mercure Lille Centre Grand Place,50.63817,3.065553,H,1099,16
269814,Grande Place,50.63697,3.06367,A,1099,16
793722,La Chicoree,50.63596,3.063038,R,1099,16
196912,Mercure Lille Centre Grand Place,50.63817,3.065553,H,922,16
269817,Vieille Bourse,50.63773,3.0642,A,922,16
269820,Palais des Beaux-Arts de Lille,50.630672,3.062632,A,922,16
196912,Mercure Lille Centre Grand Place,50.63817,3.065553,H,923,16
269814,Grande Place,50.63697,3.06367,A,923,16
269817,Vieille Bourse,50.63773,3.0642,A,923,16
269820,Palais des Beaux-Arts de Lille,50.630672,3.062632,A,923,16
2273093,Citadelle de Lille,50.6371,3.05108,A,1004,16
13387436,Cathédrale de la Treille,50.64051,3.06251,A,1004,16
196917,Ibis Styles Lille Centre Gare Beffroi,50.63252,3.067851,H,1262,16
269814,Grande Place,50.63697,3.06367,A,1262,16
269817,Vieille Bourse,50.63773,3.0642,A,1262,16
793722,La Chicoree,50.63596,3.063038,R,1262,16
209260,Westfield Euralille,50.637753,3.072719,A,1315,16
269814,Grande Place,50.63697,3.06367,A,1315,16
269817,Vieille Bourse,50.63773,3.0642,A,1315,16
269820,Palais des Beaux-Arts de Lille,50.630672,3.062632,A,1315,16
801094,Estaminet Chez la vieille,50.64283,3.066893,R,1315,16
269814,Grande Place,50.63697,3.06367,A,275,16
269817,Vieille Bourse,50.63773,3.0642,A,275,16
269820,Palais des Beaux-Arts de Lille,50.630672,3.062632,A,275,16
734546,Place Rihour,50.635643,3.062659,A,275,16
793722,La Chicoree,50.63596,3.063038,R,275,16
196912,Mercure Lille Centre Grand Place,50.63817,3.065553,H,1097,16
209260,Westfield Euralille,50.637753,3.072719,A,1097,16
269814,Grande Place,50.63697,3.06367,A,1097,16
269817,Vieille Bourse,50.63773,3.0642,A,1097,16
269820,Palais des Beaux-Arts de Lille,50.630672,3.062632,A,1097,16
793722,La Chicoree,50.63596,3.063038,R,937,16
909317,La connivence,50.64194,3.065977,R,937,16
269820,Palais des Beaux-Arts de Lille,50.630672,3.062632,A,965,16
1026189,Les Compagnons de la grappe,50.63869,3.063151,R,965,16
269814,Grande Place,50.63697,3.06367,A,362,16
269817,Vieille Bourse,50.63773,3.0642,A,362,16
269820,Palais des Beaux-Arts de Lille,50.630672,3.062632,A,362,16
793722,La Chicoree,50.63596,3.063038,R,362,16
801094,Estaminet Chez la vieille,50.64283,3.066893,R,362,16
1124428,L'Ecume des Mers,50.63725,3.061462,R,944,16
1381296,Meert,50.63768,3.061862,R,944,16
269814,Grande Place,50.63697,3.06367,A,363,16
269817,Vieille Bourse,50.63773,3.0642,A,363,16
269820,Palais des Beaux-Arts de Lille,50.630672,3.062632,A,363,16
793722,La Chicoree,50.63596,3.063038,R,363,16
1381296,Meert,50.63768,3.061862,R,363,16
269814,Grande Place,50.63697,3.06367,A,366,16
269817,Vieille Bourse,50.63773,3.0642,A,366,16
269820,Palais des Beaux-Arts de Lille,50.630672,3.062632,A,366,16
793722,La Chicoree,50.63596,3.063038,R,366,16
938725,Brasserie de la Paix,50.635815,3.063069,R,366,16
196912,Mercure Lille Centre Grand Place,50.63817,3.065553,H,1010,16
247498,"LaM Lille Métropole Musée d'Art Moderne, d'Art Contemporain et d'Art Brut.",50.637512,3.150333,A,1010,16
269814,Grande Place,50.63697,3.06367,A,1010,16
269817,Vieille Bourse,50.63773,3.0642,A,1010,16
269820,Palais des Beaux-Arts de Lille,50.630672,3.062632,A,1010,16
209260,Westfield Euralille,50.637753,3.072719,A,1356,16
269814,Grande Place,50.63697,3.06367,A,1356,16
269817,Vieille Bourse,50.63773,3.0642,A,1356,16
1381296,Meert,50.63768,3.061862,R,1356,16
196917,Ibis Styles Lille Centre Gare Beffroi,50.63252,3.067851,H,1279,16
269814,Grande Place,50.63697,3.06367,A,1279,16
793722,La Chicoree,50.63596,3.063038,R,1279,16
269814,Grande Place,50.63697,3.06367,A,179,16
269817,Vieille Bourse,50.63773,3.0642,A,179,16
269820,Palais des Beaux-Arts de Lille,50.630672,3.062632,A,179,16
793722,La Chicoree,50.63596,3.063038,R,179,16
938725,Brasserie de la Paix,50.635815,3.063069,R,179,16
196912,Mercure Lille Centre Grand Place,50.63817,3.065553,H,1044,16
247498,"LaM Lille Métropole Musée d'Art Moderne, d'Art Contemporain et d'Art Brut.",50.637512,3.150333,A,1044,16
269814,Grande Place,50.63697,3.06367,A,1044,16
269820,Palais des Beaux-Arts de Lille,50.630672,3.062632,A,1044,16
269814,Grande Place,50.63697,3.06367,A,191,16
269817,Vieille Bourse,50.63773,3.0642,A,191,16
269820,Palais des Beaux-Arts de Lille,50.630672,3.062632,A,191,16
812062,Le compostelle,50.637352,3.061673,R,191,16
196912,Mercure Lille Centre Grand Place,50.63817,3.065553,H,1046,16
247498,"LaM Lille Métropole Musée d'Art Moderne, d'Art Contemporain et d'Art Brut.",50.637512,3.150333,A,1046,16
269814,Grande Place,50.63697,3.06367,A,1046,16
269817,Vieille Bourse,50.63773,3.0642,A,1046,16
269820,Palais des Beaux-Arts de Lille,50.630672,3.062632,A,1046,16
196912,Mercure Lille Centre Grand Place,50.63817,3.065553,H,1030,16
269814,Grande Place,50.63697,3.06367,A,1030,16
269817,Vieille Bourse,50.63773,3.0642,A,1030,16
793722,La Chicoree,50.63596,3.063038,R,1030,16
269814,Grande Place,50.63697,3.06367,A,129,16
269817,Vieille Bourse,50.63773,3.0642,A,129,16
269820,Palais des Beaux-Arts de Lille,50.630672,3.062632,A,129,16
734546,Place Rihour,50.635643,3.062659,A,129,16
3737668,Beers and Co,50.613304,3.132753,R,1470,15
3944612,B&B HOTEL Lille Grand Stade,50.612965,3.132964,H,1470,15
196912,Mercure Lille Centre Grand Place,50.63817,3.065553,H,1039,15
269814,Grande Place,50.63697,3.06367,A,1039,15
269817,Vieille Bourse,50.63773,3.0642,A,1039,15
269820,Palais des Beaux-Arts de Lille,50.630672,3.062632,A,1039,15
793722,La Chicoree,50.63596,3.063038,R,1039,15
209260,Westfield Euralille,50.637753,3.072719,A,1316,15
269814,Grande Place,50.63697,3.06367,A,1316,15
269817,Vieille Bourse,50.63773,3.0642,A,1316,15
269820,Palais des Beaux-Arts de Lille,50.630672,3.062632,A,1316,15
734546,Place Rihour,50.635643,3.062659,A,1316,15
196916,Ibis Lille Centre Gares,50.63469,3.070875,H,1153,15
269814,Grande Place,50.63697,3.06367,A,1153,15
269820,Palais des Beaux-Arts de Lille,50.630672,3.062632,A,1153,15
793722,La Chicoree,50.63596,3.063038,R,1153,15
209260,Westfield Euralille,50.637753,3.072719,A,1330,15
269814,Grande Place,50.63697,3.06367,A,1330,15
269817,Vieille Bourse,50.63773,3.0642,A,1330,15
269820,Palais des Beaux-Arts de Lille,50.630672,3.062632,A,1330,15
1381296,Meert,50.63768,3.061862,R,1330,15
269814,Grande Place,50.63697,3.06367,A,204,15
269817,Vieille Bourse,50.63773,3.0642,A,204,15
269820,Palais des Beaux-Arts de Lille,50.630672,3.062632,A,204,15
734546,Place Rihour,50.635643,3.062659,A,204,15
793722,La Chicoree,50.63596,3.063038,R,204,15
269814,Grande Place,50.63697,3.06367,A,487,15
269820,Palais des Beaux-Arts de Lille,50.630672,3.062632,A,487,15
1026189,Les Compagnons de la grappe,50.63869,3.063151,R,487,15
269817,Vieille Bourse,50.63773,3.0642,A,569,15
269820,Palais des Beaux-Arts de Lille,50.630672,3.062632,A,569,15
793722,La Chicoree,50.63596,3.063038,R,569,15
2273093,Citadelle de Lille,50.6371,3.05108,A,569,15
269814,Grande Place,50.63697,3.06367,A,553,15
793722,La Chicoree,50.63596,3.063038,R,553,15
1322553,Le Coq Hardi,50.63725,3.063351,R,553,15
209260,Westfield Euralille,50.637753,3.072719,A,1334,15
269814,Grande Place,50.63697,3.06367,A,1334,15
269817,Vieille Bourse,50.63773,3.0642,A,1334,15
269820,Palais des Beaux-Arts de Lille,50.630672,3.062632,A,1334,15
793722,La Chicoree,50.63596,3.063038,R,1334,15
269814,Grande Place,50.63697,3.06367,A,503,15
269820,Palais des Beaux-Arts de Lille,50.630672,3.062632,A,503,15
938725,Brasserie de la Paix,50.635815,3.063069,R,503,15
269814,Grande Place,50.63697,3.06367,A,356,15
269820,Palais des Beaux-Arts de Lille,50.630672,3.062632,A,356,15
2273093,Citadelle de Lille,50.6371,3.05108,A,356,15
269814,Grande Place,50.63697,3.06367,A,139,15
269817,Vieille Bourse,50.63773,3.0642,A,139,15
269820,Palais des Beaux-Arts de Lille,50.630672,3.062632,A,139,15
628635,Novotel Suites Lille Europe hotel,50.638893,3.076883,H,139,15
269814,Grande Place,50.63697,3.06367,A,71,15
269817,Vieille Bourse,50.63773,3.0642,A,71,15
269820,Palais des Beaux-Arts de Lille,50.630672,3.062632,A,71,15
938725,Brasserie de la Paix,50.635815,3.063069,R,71,15
269814,Grande Place,50.63697,3.06367,A,476,15
269820,Palais des Beaux-Arts de Lille,50.630672,3.062632,A,476,15
734546,Place Rihour,50.635643,3.062659,A,476,15
793722,La Chicoree,50.63596,3.063038,R,476,15
247498,"LaM Lille Métropole Musée d'Art Moderne, d'Art Contemporain et d'Art Brut.",50.637512,3.150333,A,764,15
269814,Grande Place,50.63697,3.06367,A,764,15
269817,Vieille Bourse,50.63773,3.0642,A,764,15
269820,Palais des Beaux-Arts de Lille,50.630672,3.062632,A,764,15
734546,Place Rihour,50.635643,3.062659,A,764,15
269814,Grande Place,50.63697,3.06367,A,5,15
269817,Vieille Bourse,50.63773,3.0642,A,5,15
269820,Palais des Beaux-Arts de Lille,50.630672,3.062632,A,5,15
793722,La Chicoree,50.63596,3.063038,R,5,15
801094,Estaminet Chez la vieille,50.64283,3.066893,R,5,15
196912,Mercure Lille Centre Grand Place,50.63817,3.065553,H,1053,15
269814,Grande Place,50.63697,3.06367,A,1053,15
269820,Palais des Beaux-Arts de Lille,50.630672,3.062632,A,1053,15
793722,La Chicoree,50.63596,3.063038,R,1053,15
269814,Grande Place,50.63697,3.06367,A,2,15
269817,Vieille Bourse,50.63773,3.0642,A,2,15
269820,Palais des Beaux-Arts de Lille,50.630672,3.062632,A,2,15
628635,Novotel Suites Lille Europe hotel,50.638893,3.076883,H,2,15
269814,Grande Place,50.63697,3.06367,A,296,15
269817,Vieille Bourse,50.63773,3.0642,A,296,15
269820,Palais des Beaux-Arts de Lille,50.630672,3.062632,A,296,15
793722,La Chicoree,50.63596,3.063038,R,296,15
801094,Estaminet Chez la vieille,50.64283,3.066893,R,296,15
1198856,La Bottega,50.641106,3.061734,R,959,15
2530949,Le Barbier qui fume Vieux-Lille,50.641403,3.062165,R,959,15
269814,Grande Place,50.63697,3.06367,A,338,15
269820,Palais des Beaux-Arts de Lille,50.630672,3.062632,A,338,15
793722,La Chicoree,50.63596,3.063038,R,338,15
801094,Estaminet Chez la vieille,50.64283,3.066893,R,338,15
196916,Ibis Lille Centre Gares,50.63469,3.070875,H,1162,15
247498,"LaM Lille Métropole Musée d'Art Moderne, d'Art Contemporain et d'Art Brut.",50.637512,3.150333,A,1162,15
269814,Grande Place,50.63697,3.06367,A,1162,15
269820,Palais des Beaux-Arts de Lille,50.630672,3.062632,A,1162,15
269814,Grande Place,50.63697,3.06367,A,335,15
269820,Palais des Beaux-Arts de Lille,50.630672,3.062632,A,335,15
628635,Novotel Suites Lille Europe hotel,50.638893,3.076883,H,335,15
196912,Mercure Lille Centre Grand Place,50.63817,3.065553,H,1012,15
269814,Grande Place,50.63697,3.06367,A,1012,15
269817,Vieille Bourse,50.63773,3.0642,A,1012,15
269820,Palais des Beaux-Arts de Lille,50.630672,3.062632,A,1012,15
793722,La Chicoree,50.63596,3.063038,R,1012,15
269820,Palais des Beaux-Arts de Lille,50.630672,3.062632,A,639,15
793722,La Chicoree,50.63596,3.063038,R,639,15
2273093,Citadelle de Lille,50.6371,3.05108,A,639,15
269814,Grande Place,50.63697,3.06367,A,19,15
269817,Vieille Bourse,50.63773,3.0642,A,19,15
269820,Palais des Beaux-Arts de Lille,50.630672,3.062632,A,19,15
2273093,Citadelle de Lille,50.6371,3.05108,A,19,15
269814,Grande Place,50.63697,3.06367,A,22,15
269817,Vieille Bourse,50.63773,3.0642,A,22,15
269820,Palais des Beaux-Arts de Lille,50.630672,3.062632,A,22,15
793722,La Chicoree,50.63596,3.063038,R,22,15
801094,Estaminet Chez la vieille,50.64283,3.066893,R,22,15
269814,Grande Place,50.63697,3.06367,A,322,15
269817,Vieille Bourse,50.63773,3.0642,A,322,15
269820,Palais des Beaux-Arts de Lille,50.630672,3.062632,A,322,15
1381296,Meert,50.63768,3.061862,R,322,15
269814,Grande Place,50.63697,3.06367,A,237,15
269817,Vieille Bourse,50.63773,3.0642,A,237,15
269820,Palais des Beaux-Arts de Lille,50.630672,3.062632,A,237,15
275111,Crowne Plaza Lille,50.639805,3.07572,H,237,15
269814,Grande Place,50.63697,3.06367,A,532,15
269817,Vieille Bourse,50.63773,3.0642,A,532,15
793722,La Chicoree,50.63596,3.063038,R,532,15
938725,Brasserie de la Paix,50.635815,3.063069,R,532,15
269814,Grande Place,50.63697,3.06367,A,234,15
269817,Vieille Bourse,50.63773,3.0642,A,234,15
269820,Palais des Beaux-Arts de Lille,50.630672,3.062632,A,234,15
793722,La Chicoree,50.63596,3.063038,R,234,15
801094,Estaminet Chez la vieille,50.64283,3.066893,R,234,15
793722,La Chicoree,50.63596,3.063038,R,677,15
803286,Tiger Wok,50.6343,3.065892,R,677,15
269814,Grande Place,50.63697,3.06367,A,169,15
269817,Vieille Bourse,50.63773,3.0642,A,169,15
269820,Palais des Beaux-Arts de Lille,50.630672,3.062632,A,169,15
793722,La Chicoree,50.63596,3.063038,R,169,15
2273093,Citadelle de Lille,50.6371,3.05108,A,169,15
938725,Brasserie de la Paix,50.635815,3.063069,R,685,15
1124428,L'Ecume des Mers,50.63725,3.061462,R,685,15
269814,Grande Place,50.63697,3.06367,A,465,15
269820,Palais des Beaux-Arts de Lille,50.630672,3.062632,A,465,15
795570,L'orange Bleue,50.63866,3.062654,R,465,15
793722,La Chicoree,50.63596,3.063038,R,990,15
1381296,Meert,50.63768,3.061862,R,990,15
4242962,Aux Merveilleux de Fred,50.641388,3.062208,R,990,15
793722,La Chicoree,50.63596,3.063038,R,988,15
1026189,Les Compagnons de la grappe,50.63869,3.063151,R,988,15
1381296,Meert,50.63768,3.061862,R,988,15
10317510,Place du Theatre,50.63715,3.064758,A,1627,15
10317530,Chambre de Commerce,50.63766,3.0645,A,1627,15
269814,Grande Place,50.63697,3.06367,A,42,15
269817,Vieille Bourse,50.63773,3.0642,A,42,15
269820,Palais des Beaux-Arts de Lille,50.630672,3.062632,A,42,15
812062,Le compostelle,50.637352,3.061673,R,42,15
1026189,Les Compagnons de la grappe,50.63869,3.063151,R,1504,15
1198856,La Bottega,50.641106,3.061734,R,1504,15
269814,Grande Place,50.63697,3.06367,A,165,15
269817,Vieille Bourse,50.63773,3.0642,A,165,15
269820,Palais des Beaux-Arts de Lille,50.630672,3.062632,A,165,15
793722,La Chicoree,50.63596,3.063038,R,165,15
801094,Estaminet Chez la vieille,50.64283,3.066893,R,165,15
269814,Grande Place,50.63697,3.06367,A,51,15
269817,Vieille Bourse,50.63773,3.0642,A,51,15
269820,Palais des Beaux-Arts de Lille,50.630672,3.062632,A,51,15
734546,Place Rihour,50.635643,3.062659,A,51,15
793722,La Chicoree,50.63596,3.063038,R,51,15
269814,Grande Place,50.63697,3.06367,A,40,15
269817,Vieille Bourse,50.63773,3.0642,A,40,15
269820,Palais des Beaux-Arts de Lille,50.630672,3.062632,A,40,15
795570,L'orange Bleue,50.63866,3.062654,R,40,15
269814,Grande Place,50.63697,3.06367,A,125,15
269817,Vieille Bourse,50.63773,3.0642,A,125,15
269820,Palais des Beaux-Arts de Lille,50.630672,3.062632,A,125,15
2035312,Office de Tourisme de Lille,50.63543,3.061971,A,125,15
269814,Grande Place,50.63697,3.06367,A,428,15
269817,Vieille Bourse,50.63773,3.0642,A,428,15
269820,Palais des Beaux-Arts de Lille,50.630672,3.062632,A,428,15
275111,Crowne Plaza Lille,50.639805,3.07572,H,428,15
196912,Mercure Lille Centre Grand Place,50.63817,3.065553,H,1089,15
209260,Westfield Euralille,50.637753,3.072719,A,1089,15
269814,Grande Place,50.63697,3.06367,A,1089,15
269817,Vieille Bourse,50.63773,3.0642,A,1089,15
269820,Palais des Beaux-Arts de Lille,50.630672,3.062632,A,1089,15
196916,Ibis Lille Centre Gares,50.63469,3.070875,H,1125,15
269814,Grande Place,50.63697,3.06367,A,1125,15
269817,Vieille Bourse,50.63773,3.0642,A,1125,15
269820,Palais des Beaux-Arts de Lille,50.630672,3.062632,A,1125,15
793722,La Chicoree,50.63596,3.063038,R,1125,15
196920,Ibis Lille Centre Grand Place,50.638317,3.06293,H,931,15
269814,Grande Place,50.63697,3.06367,A,931,15
269820,Palais des Beaux-Arts de Lille,50.630672,3.062632,A,931,15
269814,Grande Place,50.63697,3.06367,A,412,15
269817,Vieille Bourse,50.63773,3.0642,A,412,15
269820,Palais des Beaux-Arts de Lille,50.630672,3.062632,A,412,15
2035312,Office de Tourisme de Lille,50.63543,3.061971,A,412,15
209260,Westfield Euralille,50.637753,3.072719,A,1406,15
269814,Grande Place,50.63697,3.06367,A,1406,15
269820,Palais des Beaux-Arts de Lille,50.630672,3.062632,A,1406,15
793722,La Chicoree,50.63596,3.063038,R,1406,15
269814,Grande Place,50.63697,3.06367,A,441,15
269820,Palais des Beaux-Arts de Lille,50.630672,3.062632,A,441,15
793722,La Chicoree,50.63596,3.063038,R,441,15
801094,Estaminet Chez la vieille,50.64283,3.066893,R,441,15
196920,Ibis Lille Centre Grand Place,50.638317,3.06293,H,927,15
269814,Grande Place,50.63697,3.06367,A,927,15
269817,Vieille Bourse,50.63773,3.0642,A,927,15
269814,Grande Place,50.63697,3.06367,A,416,15
269817,Vieille Bourse,50.63773,3.0642,A,416,15
269820,Palais des Beaux-Arts de Lille,50.630672,3.062632,A,416,15
1026189,Les Compagnons de la grappe,50.63869,3.063151,R,416,15
196920,Ibis Lille Centre Grand Place,50.638317,3.06293,H,926,15
269814,Grande Place,50.63697,3.06367,A,926,15
269814,Grande Place,50.63697,3.06367,A,381,15
269817,Vieille Bourse,50.63773,3.0642,A,381,15
269820,Palais des Beaux-Arts de Lille,50.630672,3.062632,A,381,15
793722,La Chicoree,50.63596,3.063038,R,381,15
938725,Brasserie de la Paix,50.635815,3.063069,R,381,15
196912,Mercure Lille Centre Grand Place,50.63817,3.065553,H,925,15
793722,La Chicoree,50.63596,3.063038,R,925,15
269814,Grande Place,50.63697,3.06367,A,388,15
269817,Vieille Bourse,50.63773,3.0642,A,388,15
269820,Palais des Beaux-Arts de Lille,50.630672,3.062632,A,388,15
795570,L'orange Bleue,50.63866,3.062654,R,388,15
247498,"LaM Lille Métropole Musée d'Art Moderne, d'Art Contemporain et d'Art Brut.",50.637512,3.150333,A,822,15
269817,Vieille Bourse,50.63773,3.0642,A,822,15
269820,Palais des Beaux-Arts de Lille,50.630672,3.062632,A,822,15
793722,La Chicoree,50.63596,3.063038,R,822,15
801094,Estaminet Chez la vieille,50.64283,3.066893,R,822,15
247498,"LaM Lille Métropole Musée d'Art Moderne, d'Art Contemporain et d'Art Brut.",50.637512,3.150333,A,845,15
269820,Palais des Beaux-Arts de Lille,50.630672,3.062632,A,845,15
793722,La Chicoree,50.63596,3.063038,R,845,15
801094,Estaminet Chez la vieille,50.64283,3.066893,R,845,15
209260,Westfield Euralille,50.637753,3.072719,A,1398,15
247498,"LaM Lille Métropole Musée d'Art Moderne, d'Art Contemporain et d'Art Brut.",50.637512,3.150333,A,1398,15
269814,Grande Place,50.63697,3.06367,A,1398,15
269820,Palais des Beaux-Arts de Lille,50.630672,3.062632,A,1398,15
793722,La Chicoree,50.63596,3.063038,R,1398,15
247498,"LaM Lille Métropole Musée d'Art Moderne, d'Art Contemporain et d'Art Brut.",50.637512,3.150333,A,853,15
269814,Grande Place,50.63697,3.06367,A,853,15
269817,Vieille Bourse,50.63773,3.0642,A,853,15
269820,Palais des Beaux-Arts de Lille,50.630672,3.062632,A,853,15
734546,Place Rihour,50.635643,3.062659,A,853,15
269814,Grande Place,50.63697,3.06367,A,104,15
269817,Vieille Bourse,50.63773,3.0642,A,104,15
793722,La Chicoree,50.63596,3.063038,R,104,15
1322553,Le Coq Hardi,50.63725,3.063351,R,104,15
269814,Grande Place,50.63697,3.06367,A,419,15
269817,Vieille Bourse,50.63773,3.0642,A,419,15
269820,Palais des Beaux-Arts de Lille,50.630672,3.062632,A,419,15
734546,Place Rihour,50.635643,3.062659,A,419,15
793722,La Chicoree,50.63596,3.063038,R,419,15
196916,Ibis Lille Centre Gares,50.63469,3.070875,H,1141,15
269814,Grande Place,50.63697,3.06367,A,1141,15
269817,Vieille Bourse,50.63773,3.0642,A,1141,15
269820,Palais des Beaux-Arts de Lille,50.630672,3.062632,A,1141,15
793722,La Chicoree,50.63596,3.063038,R,1141,15
247498,"LaM Lille Métropole Musée d'Art Moderne, d'Art Contemporain et d'Art Brut.",50.637512,3.150333,A,858,15
269814,Grande Place,50.63697,3.06367,A,858,15
269817,Vieille Bourse,50.63773,3.0642,A,858,15
269820,Palais des Beaux-Arts de Lille,50.630672,3.062632,A,858,15
793722,La Chicoree,50.63596,3.063038,R,858,15
247498,"LaM Lille Métropole Musée d'Art Moderne, d'Art Contemporain et d'Art Brut.",50.637512,3.150333,A,859,15
269814,Grande Place,50.63697,3.06367,A,859,15
269820,Palais des Beaux-Arts de Lille,50.630672,3.062632,A,859,15
734546,Place Rihour,50.635643,3.062659,A,859,15
269814,Grande Place,50.63697,3.06367,A,269,15
269817,Vieille Bourse,50.63773,3.0642,A,269,15
793722,La Chicoree,50.63596,3.063038,R,269,15
938725,Brasserie de la Paix,50.635815,3.063069,R,269,15
247498,"LaM Lille Métropole Musée d'Art Moderne, d'Art Contemporain et d'Art Brut.",50.637512,3.150333,A,864,15
269814,Grande Place,50.63697,3.06367,A,864,15
269817,Vieille Bourse,50.63773,3.0642,A,864,15
269820,Palais des Beaux-Arts de Lille,50.630672,3.062632,A,864,15
734546,Place Rihour,50.635643,3.062659,A,864,15
269814,Grande Place,50.63697,3.06367,A,409,15
269817,Vieille Bourse,50.63773,3.0642,A,409,15
269820,Palais des Beaux-Arts de Lille,50.630672,3.062632,A,409,15
734546,Place Rihour,50.635643,3.062659,A,409,15
793722,La Chicoree,50.63596,3.063038,R,409,15
196920,Ibis Lille Centre Grand Place,50.638317,3.06293,H,928,15
269814,Grande Place,50.63697,3.06367,A,928,15
269817,Vieille Bourse,50.63773,3.0642,A,928,15
269820,Palais des Beaux-Arts de Lille,50.630672,3.062632,A,928,15
196916,Ibis Lille Centre Gares,50.63469,3.070875,H,1128,15
247498,"LaM Lille Métropole Musée d'Art Moderne, d'Art Contemporain et d'Art Brut.",50.637512,3.150333,A,1128,15
269814,Grande Place,50.63697,3.06367,A,1128,15
269817,Vieille Bourse,50.63773,3.0642,A,1128,15
269820,Palais des Beaux-Arts de Lille,50.630672,3.062632,A,1128,15
247498,"LaM Lille Métropole Musée d'Art Moderne, d'Art Contemporain et d'Art Brut.",50.637512,3.150333,A,814,15
269817,Vieille Bourse,50.63773,3.0642,A,814,15
269820,Palais des Beaux-Arts de Lille,50.630672,3.062632,A,814,15
1089886,In Bocca Al Lupo,50.640846,3.061436,R,1444,15
1198856,La Bottega,50.641106,3.061734,R,1444,15
269814,Grande Place,50.63697,3.06367,A,121,15
269817,Vieille Bourse,50.63773,3.0642,A,121,15
269820,Palais des Beaux-Arts de Lille,50.630672,3.062632,A,121,15
795570,L'orange Bleue,50.63866,3.062654,R,121,15
247498,"LaM Lille Métropole Musée d'Art Moderne, d'Art Contemporain et d'Art Brut.",50.637512,3.150333,A,795,15
269814,Grande Place,50.63697,3.06367,A,795,15
269820,Palais des Beaux-Arts de Lille,50.630672,3.062632,A,795,15
793722,La Chicoree,50.63596,3.063038,R,795,15
209260,Westfield Euralille,50.637753,3.072719,A,1369,15
269814,Grande Place,50.63697,3.06367,A,1369,15
269817,Vieille Bourse,50.63773,3.0642,A,1369,15
269820,Palais des Beaux-Arts de Lille,50.630672,3.062632,A,1369,15
793722,La Chicoree,50.63596,3.063038,R,1369,15
1381296,Meert,50.63768,3.061862,R,913,15
2558192,Musee Hospice Comtesse,50.641106,3.063515,A,913,15
269814,Grande Place,50.63697,3.06367,A,133,15
269817,Vieille Bourse,50.63773,3.0642,A,133,15
269820,Palais des Beaux-Arts de Lille,50.630672,3.062632,A,133,15
1381296,Meert,50.63768,3.061862,R,133,15
269814,Grande Place,50.63697,3.06367,A,132,15
269817,Vieille Bourse,50.63773,3.0642,A,132,15
269820,Palais des Beaux-Arts de Lille,50.630672,3.062632,A,132,15
1026189,Les Compagnons de la grappe,50.63869,3.063151,R,132,15
247498,"LaM Lille Métropole Musée d'Art Moderne, d'Art Contemporain et d'Art Brut.",50.637512,3.150333,A,808,15
269814,Grande Place,50.63697,3.06367,A,808,15
269817,Vieille Bourse,50.63773,3.0642,A,808,15
269820,Palais des Beaux-Arts de Lille,50.630672,3.062632,A,808,15
247498,"LaM Lille Métropole Musée d'Art Moderne, d'Art Contemporain et d'Art Brut.",50.637512,3.150333,A,810,15
269814,Grande Place,50.63697,3.06367,A,810,15
269817,Vieille Bourse,50.63773,3.0642,A,810,15
269820,Palais des Beaux-Arts de Lille,50.630672,3.062632,A,810,15
269814,Grande Place,50.63697,3.06367,A,402,15
269817,Vieille Bourse,50.63773,3.0642,A,402,15
269820,Palais des Beaux-Arts de Lille,50.630672,3.062632,A,402,15
2035312,Office de Tourisme de Lille,50.63543,3.061971,A,402,15
209260,Westfield Euralille,50.637753,3.072719,A,1380,15
269814,Grande Place,50.63697,3.06367,A,1380,15
269820,Palais des Beaux-Arts de Lille,50.630672,3.062632,A,1380,15
793722,La Chicoree,50.63596,3.063038,R,1380,15
734546,Place Rihour,50.635643,3.062659,A,1430,15
2035312,Office de Tourisme de Lille,50.63543,3.061971,A,1430,15
269814,Grande Place,50.63697,3.06367,A,128,15
269817,Vieille Bourse,50.63773,3.0642,A,128,15
269820,Palais des Beaux-Arts de Lille,50.630672,3.062632,A,128,15
2035312,Office de Tourisme de Lille,50.63543,3.061971,A,128,15
269814,Grande Place,50.63697,3.06367,A,131,15
269817,Vieille Bourse,50.63773,3.0642,A,131,15
269820,Palais des Beaux-Arts de Lille,50.630672,3.062632,A,131,15
1381296,Meert,50.63768,3.061862,R,131,15
196917,Ibis Styles Lille Centre Gare Beffroi,50.63252,3.067851,H,1245,14
269814,Grande Place,50.63697,3.06367,A,1245,14
269817,Vieille Bourse,50.63773,3.0642,A,1245,14
269820,Palais des Beaux-Arts de Lille,50.630672,3.062632,A,1245,14
793722,La Chicoree,50.63596,3.063038,R,1245,14
196917,Ibis Styles Lille Centre Gare Beffroi,50.63252,3.067851,H,1229,14
247498,"LaM Lille Métropole Musée d'Art Moderne, d'Art Contemporain et d'Art Brut.",50.637512,3.150333,A,1229,14
269814,Grande Place,50.63697,3.06367,A,1229,14
209260,Westfield Euralille,50.637753,3.072719,A,1292,14
247498,"LaM Lille Métropole Musée d'Art Moderne, d'Art Contemporain et d'Art Brut.",50.637512,3.150333,A,1292,14
269814,Grande Place,50.63697,3.06367,A,1292,14
793722,La Chicoree,50.63596,3.063038,R,1292,14
269817,Vieille Bourse,50.63773,3.0642,A,588,14
269820,Palais des Beaux-Arts de Lille,50.630672,3.062632,A,588,14
793722,La Chicoree,50.63596,3.063038,R,588,14
198290,Holiday Inn Express Lille Centre,50.630684,3.058223,H,1559,14
269814,Grande Place,50.63697,3.06367,A,1559,14
269817,Vieille Bourse,50.63773,3.0642,A,1559,14
269820,Palais des Beaux-Arts de Lille,50.630672,3.062632,A,1559,14
793722,La Chicoree,50.63596,3.063038,R,1559,14
269820,Palais des Beaux-Arts de Lille,50.630672,3.062632,A,655,14
793722,La Chicoree,50.63596,3.063038,R,655,14
1322553,Le Coq Hardi,50.63725,3.063351,R,655,14
196917,Ibis Styles Lille Centre Gare Beffroi,50.63252,3.067851,H,1274,14
269814,Grande Place,50.63697,3.06367,A,1274,14
269820,Palais des Beaux-Arts de Lille,50.630672,3.062632,A,1274,14
793722,La Chicoree,50.63596,3.063038,R,1274,14
269817,Vieille Bourse,50.63773,3.0642,A,590,14
269820,Palais des Beaux-Arts de Lille,50.630672,3.062632,A,590,14
793722,La Chicoree,50.63596,3.063038,R,590,14
1381296,Meert,50.63768,3.061862,R,590,14
269820,Palais des Beaux-Arts de Lille,50.630672,3.062632,A,650,14
793722,La Chicoree,50.63596,3.063038,R,650,14
2035312,Office de Tourisme de Lille,50.63543,3.061971,A,650,14
196912,Mercure Lille Centre Grand Place,50.63817,3.065553,H,1096,14
209260,Westfield Euralille,50.637753,3.072719,A,1096,14
269814,Grande Place,50.63697,3.06367,A,1096,14
269817,Vieille Bourse,50.63773,3.0642,A,1096,14
793722,La Chicoree,50.63596,3.063038,R,1096,14
196912,Mercure Lille Centre Grand Place,50.63817,3.065553,H,1098,14
209260,Westfield Euralille,50.637753,3.072719,A,1098,14
269814,Grande Place,50.63697,3.06367,A,1098,14
793722,La Chicoree,50.63596,3.063038,R,1098,14
269820,Palais des Beaux-Arts de Lille,50.630672,3.062632,A,649,14
793722,La Chicoree,50.63596,3.063038,R,649,14
2039935,Brasserie Flore,50.63605,3.063198,R,649,14
196916,Ibis Lille Centre Gares,50.63469,3.070875,H,1134,14
269814,Grande Place,50.63697,3.06367,A,1134,14
269817,Vieille Bourse,50.63773,3.0642,A,1134,14
793722,La Chicoree,50.63596,3.063038,R,1134,14
196912,Mercure Lille Centre Grand Place,50.63817,3.065553,H,918,14
269814,Grande Place,50.63697,3.06367,A,918,14
269820,Palais des Beaux-Arts de Lille,50.630672,3.062632,A,918,14
269817,Vieille Bourse,50.63773,3.0642,A,635,14
269820,Palais des Beaux-Arts de Lille,50.630672,3.062632,A,635,14
734546,Place Rihour,50.635643,3.062659,A,635,14
196912,Mercure Lille Centre Grand Place,50.63817,3.065553,H,920,14
269814,Grande Place,50.63697,3.06367,A,920,14
269817,Vieille Bourse,50.63773,3.0642,A,920,14
269820,Palais des Beaux-Arts de Lille,50.630672,3.062632,A,920,14
196912,Mercure Lille Centre Grand Place,50.63817,3.065553,H,1022,14
269814,Grande Place,50.63697,3.06367,A,1022,14
269817,Vieille Bourse,50.63773,3.0642,A,1022,14
269820,Palais des Beaux-Arts de Lille,50.630672,3.062632,A,1022,14
793722,La Chicoree,50.63596,3.063038,R,1022,14
209260,Westfield Euralille,50.637753,3.072719,A,1287,14
247498,"LaM Lille Métropole Musée d'Art Moderne, d'Art Contemporain et d'Art Brut.",50.637512,3.150333,A,1287,14
269814,Grande Place,50.63697,3.06367,A,1287,14
269817,Vieille Bourse,50.63773,3.0642,A,1287,14
793722,La Chicoree,50.63596,3.063038,R,1287,14
269820,Palais des Beaux-Arts de Lille,50.630672,3.062632,A,640,14
793722,La Chicoree,50.63596,3.063038,R,640,14
2558192,Musee Hospice Comtesse,50.641106,3.063515,A,640,14
198290,Holiday Inn Express Lille Centre,50.630684,3.058223,H,1554,14
269814,Grande Place,50.63697,3.06367,A,1554,14
269817,Vieille Bourse,50.63773,3.0642,A,1554,14
269820,Palais des Beaux-Arts de Lille,50.630672,3.062632,A,1554,14
793722,La Chicoree,50.63596,3.063038,R,1554,14
247498,"LaM Lille Métropole Musée d'Art Moderne, d'Art Contemporain et d'Art Brut.",50.637512,3.150333,A,883,14
269814,Grande Place,50.63697,3.06367,A,883,14
269820,Palais des Beaux-Arts de Lille,50.630672,3.062632,A,883,14
793722,La Chicoree,50.63596,3.063038,R,883,14
801094,Estaminet Chez la vieille,50.64283,3.066893,R,883,14
8817383,Team Break Lille,50.6351,3.061839,A,1630,14
10163609,Omega Agency,50.633656,3.054653,A,1630,14
2509707,Il Ristorante,50.634098,3.066001,R,1600,14
2530949,Le Barbier qui fume Vieux-Lille,50.641403,3.062165,R,1600,14
196917,Ibis Styles Lille Centre Gare Beffroi,50.63252,3.067851,H,1275,14
269814,Grande Place,50.63697,3.06367,A,1275,14
269820,Palais des Beaux-Arts de Lille,50.630672,3.062632,A,1275,14
793722,La Chicoree,50.63596,3.063038,R,1275,14
209260,Westfield Euralille,50.637753,3.072719,A,1373,14
269814,Grande Place,50.63697,3.06367,A,1373,14
269820,Palais des Beaux-Arts de Lille,50.630672,3.062632,A,1373,14
801094,Estaminet Chez la vieille,50.64283,3.066893,R,1373,14
196912,Mercure Lille Centre Grand Place,50.63817,3.065553,H,919,14
269814,Grande Place,50.63697,3.06367,A,919,14
269817,Vieille Bourse,50.63773,3.0642,A,919,14
269820,Palais des Beaux-Arts de Lille,50.630672,3.062632,A,919,14
196917,Ibis Styles Lille Centre Gare Beffroi,50.63252,3.067851,H,1244,14
269814,Grande Place,50.63697,3.06367,A,1244,14
269817,Vieille Bourse,50.63773,3.0642,A,1244,14
269820,Palais des Beaux-Arts de Lille,50.630672,3.062632,A,1244,14
793722,La Chicoree,50.63596,3.063038,R,1244,14
209260,Westfield Euralille,50.637753,3.072719,A,1375,14
269814,Grande Place,50.63697,3.06367,A,1375,14
269820,Palais des Beaux-Arts de Lille,50.630672,3.062632,A,1375,14
734546,Place Rihour,50.635643,3.062659,A,1375,14
247498,"LaM Lille Métropole Musée d'Art Moderne, d'Art Contemporain et d'Art Brut.",50.637512,3.150333,A,776,14
269814,Grande Place,50.63697,3.06367,A,776,14
269820,Palais des Beaux-Arts de Lille,50.630672,3.062632,A,776,14
793722,La Chicoree,50.63596,3.063038,R,776,14
209260,Westfield Euralille,50.637753,3.072719,A,1301,14
269814,Grande Place,50.63697,3.06367,A,1301,14
269817,Vieille Bourse,50.63773,3.0642,A,1301,14
269820,Palais des Beaux-Arts de Lille,50.630672,3.062632,A,1301,14
801094,Estaminet Chez la vieille,50.64283,3.066893,R,1301,14
247498,"LaM Lille Métropole Musée d'Art Moderne, d'Art Contemporain et d'Art Brut.",50.637512,3.150333,A,811,14
269814,Grande Place,50.63697,3.06367,A,811,14
269817,Vieille Bourse,50.63773,3.0642,A,811,14
269820,Palais des Beaux-Arts de Lille,50.630672,3.062632,A,811,14
196916,Ibis Lille Centre Gares,50.63469,3.070875,H,1113,14
247498,"LaM Lille Métropole Musée d'Art Moderne, d'Art Contemporain et d'Art Brut.",50.637512,3.150333,A,1113,14
269814,Grande Place,50.63697,3.06367,A,1113,14
269817,Vieille Bourse,50.63773,3.0642,A,1113,14
196917,Ibis Styles Lille Centre Gare Beffroi,50.63252,3.067851,H,1232,14
247498,"LaM Lille Métropole Musée d'Art Moderne, d'Art Contemporain et d'Art Brut.",50.637512,3.150333,A,1232,14
269814,Grande Place,50.63697,3.06367,A,1232,14
269817,Vieille Bourse,50.63773,3.0642,A,1232,14
269820,Palais des Beaux-Arts de Lille,50.630672,3.062632,A,1232,14
196917,Ibis Styles Lille Centre Gare Beffroi,50.63252,3.067851,H,1233,14
247498,"LaM Lille Métropole Musée d'Art Moderne, d'Art Contemporain et d'Art Brut.",50.637512,3.150333,A,1233,14
269814,Grande Place,50.63697,3.06367,A,1233,14
269820,Palais des Beaux-Arts de Lille,50.630672,3.062632,A,1233,14
209260,Westfield Euralille,50.637753,3.072719,A,1412,14
269814,Grande Place,50.63697,3.06367,A,1412,14
269817,Vieille Bourse,50.63773,3.0642,A,1412,14
793722,La Chicoree,50.63596,3.063038,R,1412,14
196917,Ibis Styles Lille Centre Gare Beffroi,50.63252,3.067851,H,1253,14
269814,Grande Place,50.63697,3.06367,A,1253,14
269817,Vieille Bourse,50.63773,3.0642,A,1253,14
269820,Palais des Beaux-Arts de Lille,50.630672,3.062632,A,1253,14
793722,La Chicoree,50.63596,3.063038,R,1253,14
793722,La Chicoree,50.63596,3.063038,R,938,14
1236485,B&B HOTEL Lille Centre Grand Palais,50.627853,3.082085,H,938,14
968557,Las Tapas,50.64637,3.055374,R,1431,14
1198856,La Bottega,50.641106,3.061734,R,1431,14
247498,"LaM Lille Métropole Musée d'Art Moderne, d'Art Contemporain et d'Art Brut.",50.637512,3.150333,A,741,14
269814,Grande Place,50.63697,3.06367,A,741,14
269817,Vieille Bourse,50.63773,3.0642,A,741,14
269820,Palais des Beaux-Arts de Lille,50.630672,3.062632,A,741,14
793722,La Chicoree,50.63596,3.063038,R,741,14
196917,Ibis Styles Lille Centre Gare Beffroi,50.63252,3.067851,H,1251,14
247498,"LaM Lille Métropole Musée d'Art Moderne, d'Art Contemporain et d'Art Brut.",50.637512,3.150333,A,1251,14
269814,Grande Place,50.63697,3.06367,A,1251,14
269817,Vieille Bourse,50.63773,3.0642,A,1251,14
269820,Palais des Beaux-Arts de Lille,50.630672,3.062632,A,1251,14
247498,"LaM Lille Métropole Musée d'Art Moderne, d'Art Contemporain et d'Art Brut.",50.637512,3.150333,A,721,14
269814,Grande Place,50.63697,3.06367,A,721,14
269817,Vieille Bourse,50.63773,3.0642,A,721,14
269820,Palais des Beaux-Arts de Lille,50.630672,3.062632,A,721,14
793722,La Chicoree,50.63596,3.063038,R,721,14
209260,Westfield Euralille,50.637753,3.072719,A,1346,14
269814,Grande Place,50.63697,3.06367,A,1346,14
269817,Vieille Bourse,50.63773,3.0642,A,1346,14
793722,La Chicoree,50.63596,3.063038,R,1346,14
196916,Ibis Lille Centre Gares,50.63469,3.070875,H,1116,14
247498,"LaM Lille Métropole Musée d'Art Moderne, d'Art Contemporain et d'Art Brut.",50.637512,3.150333,A,1116,14
269814,Grande Place,50.63697,3.06367,A,1116,14
269820,Palais des Beaux-Arts de Lille,50.630672,3.062632,A,1116,14
4408913,Eglise Saint Maurice,50.63588,3.06749,A,1458,14
5584607,Beffroi de l'Hôtel de Ville,50.62954,3.09971,A,1458,14
13387436,Cathédrale de la Treille,50.64051,3.06251,A,1458,14
209260,Westfield Euralille,50.637753,3.072719,A,1353,14
269814,Grande Place,50.63697,3.06367,A,1353,14
269817,Vieille Bourse,50.63773,3.0642,A,1353,14
734546,Place Rihour,50.635643,3.062659,A,1353,14
783726,Le Pinocchio,50.6383,3.068526,R,1452,14
793722,La Chicoree,50.63596,3.063038,R,1452,14
247498,"LaM Lille Métropole Musée d'Art Moderne, d'Art Contemporain et d'Art Brut.",50.637512,3.150333,A,767,14
269814,Grande Place,50.63697,3.06367,A,767,14
269817,Vieille Bourse,50.63773,3.0642,A,767,14
269820,Palais des Beaux-Arts de Lille,50.630672,3.062632,A,767,14
793722,La Chicoree,50.63596,3.063038,R,767,14
196917,Ibis Styles Lille Centre Gare Beffroi,50.63252,3.067851,H,1252,14
269814,Grande Place,50.63697,3.06367,A,1252,14
269817,Vieille Bourse,50.63773,3.0642,A,1252,14
269820,Palais des Beaux-Arts de Lille,50.630672,3.062632,A,1252,14
793722,La Chicoree,50.63596,3.063038,R,1252,14
196917,Ibis Styles Lille Centre Gare Beffroi,50.63252,3.067851,H,1234,14
247498,"LaM Lille Métropole Musée d'Art Moderne, d'Art Contemporain et d'Art Brut.",50.637512,3.150333,A,1234,14
269814,Grande Place,50.63697,3.06367,A,1234,14
269817,Vieille Bourse,50.63773,3.0642,A,1234,14
269820,Palais des Beaux-Arts de Lille,50.630672,3.062632,A,1234,14
2719662,La Couturette,50.476013,3.333314,R,971,14
3526029,Auberge De La Croix Ou Pile,50.43669,3.294708,R,971,14
196916,Ibis Lille Centre Gares,50.63469,3.070875,H,1155,14
269814,Grande Place,50.63697,3.06367,A,1155,14
269817,Vieille Bourse,50.63773,3.0642,A,1155,14
269820,Palais des Beaux-Arts de Lille,50.630672,3.062632,A,1155,14
793722,La Chicoree,50.63596,3.063038,R,1155,14
2039935,Brasserie Flore,50.63605,3.063198,R,1201,14
3536508,Best Western Premier Why Hotel,50.63427,3.061403,H,1201,14
793722,La Chicoree,50.63596,3.063038,R,1000,14
1381296,Meert,50.63768,3.061862,R,1000,14
2530949,Le Barbier qui fume Vieux-Lille,50.641403,3.062165,R,1000,14
1381296,Meert,50.63768,3.061862,R,1200,14
13387436,Cathédrale de la Treille,50.64051,3.06251,A,1200,14
196912,Mercure Lille Centre Grand Place,50.63817,3.065553,H,921,14
269814,Grande Place,50.63697,3.06367,A,921,14
269817,Vieille Bourse,50.63773,3.0642,A,921,14
269820,Palais des Beaux-Arts de Lille,50.630672,3.062632,A,921,14
209260,Westfield Euralille,50.637753,3.072719,A,1302,14
269814,Grande Place,50.63697,3.06367,A,1302,14
269817,Vieille Bourse,50.63773,3.0642,A,1302,14
269820,Palais des Beaux-Arts de Lille,50.630672,3.062632,A,1302,14
734546,Place Rihour,50.635643,3.062659,A,1302,14
196917,Ibis Styles Lille Centre Gare Beffroi,50.63252,3.067851,H,1230,14
247498,"LaM Lille Métropole Musée d'Art Moderne, d'Art Contemporain et d'Art Brut.",50.637512,3.150333,A,1230,14
269814,Grande Place,50.63697,3.06367,A,1230,14
269817,Vieille Bourse,50.63773,3.0642,A,1230,14
196917,Ibis Styles Lille Centre Gare Beffroi,50.63252,3.067851,H,1231,14
247498,"LaM Lille Métropole Musée d'Art Moderne, d'Art Contemporain et d'Art Brut.",50.637512,3.150333,A,1231,14
269814,Grande Place,50.63697,3.06367,A,1231,14
269817,Vieille Bourse,50.63773,3.0642,A,1231,14
269820,Palais des Beaux-Arts de Lille,50.630672,3.062632,A,1231,14
793722,La Chicoree,50.63596,3.063038,R,675,14
801094,Estaminet Chez la vieille,50.64283,3.066893,R,675,14
1026189,Les Compagnons de la grappe,50.63869,3.063151,R,675,14
196918,Ibis Styles Lille Centre Grand Place,50.6376,3.06683,H,1522,14
269814,Grande Place,50.63697,3.06367,A,1522,14
269817,Vieille Bourse,50.63773,3.0642,A,1522,14
269820,Palais des Beaux-Arts de Lille,50.630672,3.062632,A,1522,14
734546,Place Rihour,50.635643,3.062659,A,1522,14
795570,L'orange Bleue,50.63866,3.062654,R,681,14
1026189,Les Compagnons de la grappe,50.63869,3.063151,R,681,14
209260,Westfield Euralille,50.637753,3.072719,A,1388,14
269814,Grande Place,50.63697,3.06367,A,1388,14
269820,Palais des Beaux-Arts de Lille,50.630672,3.062632,A,1388,14
793722,La Chicoree,50.63596,3.063038,R,1388,14
1381296,Meert,50.63768,3.061862,R,1388,14
196916,Ibis Lille Centre Gares,50.63469,3.070875,H,1112,14
247498,"LaM Lille Métropole Musée d'Art Moderne, d'Art Contemporain et d'Art Brut.",50.637512,3.150333,A,1112,14
269814,Grande Place,50.63697,3.06367,A,1112,14
209260,Westfield Euralille,50.637753,3.072719,A,1400,14
269814,Grande Place,50.63697,3.06367,A,1400,14
269820,Palais des Beaux-Arts de Lille,50.630672,3.062632,A,1400,14
1381296,Meert,50.63768,3.061862,R,1400,14
269814,Grande Place,50.63697,3.06367,A,1183,14
1322553,Le Coq Hardi,50.63725,3.063351,R,1183,14
269814,Grande Place,50.63697,3.06367,A,1107,14
781110,L'assiette du marche,50.64108,3.061831,R,1107,14
269814,Grande Place,50.63697,3.06367,A,1490,14
275111,Crowne Plaza Lille,50.639805,3.07572,H,1490,14
793722,La Chicoree,50.63596,3.063038,R,1490,14
209260,Westfield Euralille,50.637753,3.072719,A,1363,14
269814,Grande Place,50.63697,3.06367,A,1363,14
269817,Vieille Bourse,50.63773,3.0642,A,1363,14
269820,Palais des Beaux-Arts de Lille,50.630672,3.062632,A,1363,14
734546,Place Rihour,50.635643,3.062659,A,1363,14
793722,La Chicoree,50.63596,3.063038,R,1487,14
1324334,Quai 38,50.646843,3.057675,R,1487,14
247498,"LaM Lille Métropole Musée d'Art Moderne, d'Art Contemporain et d'Art Brut.",50.637512,3.150333,A,712,14
269814,Grande Place,50.63697,3.06367,A,712,14
269817,Vieille Bourse,50.63773,3.0642,A,712,14
269820,Palais des Beaux-Arts de Lille,50.630672,3.062632,A,712,14
734546,Place Rihour,50.635643,3.062659,A,712,14
793722,La Chicoree,50.63596,3.063038,R,1108,14
1906444,Cafe brasserie de Foy,50.63624,3.063324,R,1108,14
196916,Ibis Lille Centre Gares,50.63469,3.070875,H,1114,14
247498,"LaM Lille Métropole Musée d'Art Moderne, d'Art Contemporain et d'Art Brut.",50.637512,3.150333,A,1114,14
269814,Grande Place,50.63697,3.06367,A,1114,14
269817,Vieille Bourse,50.63773,3.0642,A,1114,14
269820,Palais des Beaux-Arts de Lille,50.630672,3.062632,A,1114,14
247498,"LaM Lille Métropole Musée d'Art Moderne, d'Art Contemporain et d'Art Brut.",50.637512,3.150333,A,816,14
269814,Grande Place,50.63697,3.06367,A,816,14
269817,Vieille Bourse,50.63773,3.0642,A,816,14
269820,Palais des Beaux-Arts de Lille,50.630672,3.062632,A,816,14
269814,Grande Place,50.63697,3.06367,A,492,14
269820,Palais des Beaux-Arts de Lille,50.630672,3.062632,A,492,14
781110,L'assiette du marche,50.64108,3.061831,R,492,14
269814,Grande Place,50.63697,3.06367,A,307,14
269817,Vieille Bourse,50.63773,3.0642,A,307,14
781110,L'assiette du marche,50.64108,3.061831,R,307,14
269814,Grande Place,50.63697,3.06367,A,85,14
269817,Vieille Bourse,50.63773,3.0642,A,85,14
734546,Place Rihour,50.635643,3.062659,A,85,14
793722,La Chicoree,50.63596,3.063038,R,85,14
269814,Grande Place,50.63697,3.06367,A,90,14
269817,Vieille Bourse,50.63773,3.0642,A,90,14
793722,La Chicoree,50.63596,3.063038,R,90,14
810939,La Fossetta,50.634735,3.063161,R,90,14
269814,Grande Place,50.63697,3.06367,A,106,14
269817,Vieille Bourse,50.63773,3.0642,A,106,14
793722,La Chicoree,50.63596,3.063038,R,106,14
1381296,Meert,50.63768,3.061862,R,106,14
269814,Grande Place,50.63697,3.06367,A,108,14
269817,Vieille Bourse,50.63773,3.0642,A,108,14
793722,La Chicoree,50.63596,3.063038,R,108,14
801094,Estaminet Chez la vieille,50.64283,3.066893,R,108,14
269814,Grande Place,50.63697,3.06367,A,327,14
269817,Vieille Bourse,50.63773,3.0642,A,327,14
275111,Crowne Plaza Lille,50.639805,3.07572,H,327,14
793722,La Chicoree,50.63596,3.063038,R,327,14
269814,Grande Place,50.63697,3.06367,A,122,14
269817,Vieille Bourse,50.63773,3.0642,A,122,14
269820,Palais des Beaux-Arts de Lille,50.630672,3.062632,A,122,14
812062,Le compostelle,50.637352,3.061673,R,122,14
269814,Grande Place,50.63697,3.06367,A,135,14
269817,Vieille Bourse,50.63773,3.0642,A,135,14
269820,Palais des Beaux-Arts de Lille,50.630672,3.062632,A,135,14
275111,Crowne Plaza Lille,50.639805,3.07572,H,135,14
269814,Grande Place,50.63697,3.06367,A,136,14
269817,Vieille Bourse,50.63773,3.0642,A,136,14
269820,Palais des Beaux-Arts de Lille,50.630672,3.062632,A,136,14
938725,Brasserie de la Paix,50.635815,3.063069,R,136,14
269814,Grande Place,50.63697,3.06367,A,137,14
269817,Vieille Bourse,50.63773,3.0642,A,137,14
269820,Palais des Beaux-Arts de Lille,50.630672,3.062632,A,137,14
1381296,Meert,50.63768,3.061862,R,137,14
269814,Grande Place,50.63697,3.06367,A,516,14
269820,Palais des Beaux-Arts de Lille,50.630672,3.062632,A,516,14
793722,La Chicoree,50.63596,3.063038,R,516,14
801094,Estaminet Chez la vieille,50.64283,3.066893,R,516,14
269814,Grande Place,50.63697,3.06367,A,557,14
793722,La Chicoree,50.63596,3.063038,R,557,14
801094,Estaminet Chez la vieille,50.64283,3.066893,R,557,14
269814,Grande Place,50.63697,3.06367,A,83,14
269817,Vieille Bourse,50.63773,3.0642,A,83,14
269820,Palais des Beaux-Arts de Lille,50.630672,3.062632,A,83,14
793722,La Chicoree,50.63596,3.063038,R,83,14
801094,Estaminet Chez la vieille,50.64283,3.066893,R,83,14
269814,Grande Place,50.63697,3.06367,A,555,14
793722,La Chicoree,50.63596,3.063038,R,555,14
1381296,Meert,50.63768,3.061862,R,555,14
269814,Grande Place,50.63697,3.06367,A,552,14
793722,La Chicoree,50.63596,3.063038,R,552,14
1026189,Les Compagnons de la grappe,50.63869,3.063151,R,552,14
269814,Grande Place,50.63697,3.06367,A,265,14
269817,Vieille Bourse,50.63773,3.0642,A,265,14
269820,Palais des Beaux-Arts de Lille,50.630672,3.062632,A,265,14
793722,La Chicoree,50.63596,3.063038,R,265,14
1381296,Meert,50.63768,3.061862,R,265,14
269814,Grande Place,50.63697,3.06367,A,522,14
734546,Place Rihour,50.635643,3.062659,A,522,14
793722,La Chicoree,50.63596,3.063038,R,522,14
269814,Grande Place,50.63697,3.06367,A,256,14
269817,Vieille Bourse,50.63773,3.0642,A,256,14
269820,Palais des Beaux-Arts de Lille,50.630672,3.062632,A,256,14
734546,Place Rihour,50.635643,3.062659,A,256,14
269814,Grande Place,50.63697,3.06367,A,254,14
269817,Vieille Bourse,50.63773,3.0642,A,254,14
269820,Palais des Beaux-Arts de Lille,50.630672,3.062632,A,254,14
734546,Place Rihour,50.635643,3.062659,A,254,14
793722,La Chicoree,50.63596,3.063038,R,254,14
269814,Grande Place,50.63697,3.06367,A,527,14
793722,La Chicoree,50.63596,3.063038,R,527,14
810939,La Fossetta,50.634735,3.063161,R,527,14
269814,Grande Place,50.63697,3.06367,A,185,14
269817,Vieille Bourse,50.63773,3.0642,A,185,14
269820,Palais des Beaux-Arts de Lille,50.630672,3.062632,A,185,14
793722,La Chicoree,50.63596,3.063038,R,185,14
269814,Grande Place,50.63697,3.06367,A,186,14
269817,Vieille Bourse,50.63773,3.0642,A,186,14
269820,Palais des Beaux-Arts de Lille,50.630672,3.062632,A,186,14
793722,La Chicoree,50.63596,3.063038,R,186,14
1381296,Meert,50.63768,3.061862,R,186,14
269814,Grande Place,50.63697,3.06367,A,194,14
269817,Vieille Bourse,50.63773,3.0642,A,194,14
269820,Palais des Beaux-Arts de Lille,50.630672,3.062632,A,194,14
793722,La Chicoree,50.63596,3.063038,R,194,14
2273093,Citadelle de Lille,50.6371,3.05108,A,194,14
269814,Grande Place,50.63697,3.06367,A,360,14
269817,Vieille Bourse,50.63773,3.0642,A,360,14
269820,Palais des Beaux-Arts de Lille,50.630672,3.062632,A,360,14
793722,La Chicoree,50.63596,3.063038,R,360,14
801094,Estaminet Chez la vieille,50.64283,3.066893,R,360,14
269814,Grande Place,50.63697,3.06367,A,118,14
269817,Vieille Bourse,50.63773,3.0642,A,118,14
269820,Palais des Beaux-Arts de Lille,50.630672,3.062632,A,118,14
2273093,Citadelle de Lille,50.6371,3.05108,A,118,14
269814,Grande Place,50.63697,3.06367,A,370,14
269817,Vieille Bourse,50.63773,3.0642,A,370,14
269820,Palais des Beaux-Arts de Lille,50.630672,3.062632,A,370,14
2273093,Citadelle de Lille,50.6371,3.05108,A,370,14
269814,Grande Place,50.63697,3.06367,A,430,14
269817,Vieille Bourse,50.63773,3.0642,A,430,14
269820,Palais des Beaux-Arts de Lille,50.630672,3.062632,A,430,14
938725,Brasserie de la Paix,50.635815,3.063069,R,430,14
269814,Grande Place,50.63697,3.06367,A,473,14
269820,Palais des Beaux-Arts de Lille,50.630672,3.062632,A,473,14
793722,La Chicoree,50.63596,3.063038,R,473,14
2558192,Musee Hospice Comtesse,50.641106,3.063515,A,473,14
269814,Grande Place,50.63697,3.06367,A,390,14
269817,Vieille Bourse,50.63773,3.0642,A,390,14
269820,Palais des Beaux-Arts de Lille,50.630672,3.062632,A,390,14
812062,Le compostelle,50.637352,3.061673,R,390,14
269814,Grande Place,50.63697,3.06367,A,62,14
269817,Vieille Bourse,50.63773,3.0642,A,62,14
269820,Palais des Beaux-Arts de Lille,50.630672,3.062632,A,62,14
781110,L'assiette du marche,50.64108,3.061831,R,62,14
269814,Grande Place,50.63697,3.06367,A,432,14
269817,Vieille Bourse,50.63773,3.0642,A,432,14
269820,Palais des Beaux-Arts de Lille,50.630672,3.062632,A,432,14
1381296,Meert,50.63768,3.061862,R,432,14
269814,Grande Place,50.63697,3.06367,A,404,14
269817,Vieille Bourse,50.63773,3.0642,A,404,14
269820,Palais des Beaux-Arts de Lille,50.630672,3.062632,A,404,14
734546,Place Rihour,50.635643,3.062659,A,404,14
793722,La Chicoree,50.63596,3.063038,R,404,14
269814,Grande Place,50.63697,3.06367,A,422,14
269817,Vieille Bourse,50.63773,3.0642,A,422,14
269820,Palais des Beaux-Arts de Lille,50.630672,3.062632,A,422,14
793722,La Chicoree,50.63596,3.063038,R,422,14
801094,Estaminet Chez la vieille,50.64283,3.066893,R,422,14
269814,Grande Place,50.63697,3.06367,A,453,14
269817,Vieille Bourse,50.63773,3.0642,A,453,14
269820,Palais des Beaux-Arts de Lille,50.630672,3.062632,A,453,14
793722,La Chicoree,50.63596,3.063038,R,453,14
196916,Ibis Lille Centre Gares,50.63469,3.070875,H,1151,13
269814,Grande Place,50.63697,3.06367,A,1151,13
269820,Palais des Beaux-Arts de Lille,50.630672,3.062632,A,1151,13
793722,La Chicoree,50.63596,3.063038,R,1151,13
269814,Grande Place,50.63697,3.06367,A,257,13
269817,Vieille Bourse,50.63773,3.0642,A,257,13
269820,Palais des Beaux-Arts de Lille,50.630672,3.062632,A,257,13
734546,Place Rihour,50.635643,3.062659,A,257,13
196916,Ibis Lille Centre Gares,50.63469,3.070875,H,1140,13
247498,"LaM Lille Métropole Musée d'Art Moderne, d'Art Contemporain et d'Art Brut.",50.637512,3.150333,A,1140,13
269814,Grande Place,50.63697,3.06367,A,1140,13
269817,Vieille Bourse,50.63773,3.0642,A,1140,13
269820,Palais des Beaux-Arts de Lille,50.630672,3.062632,A,1140,13
269814,Grande Place,50.63697,3.06367,A,260,13
269817,Vieille Bourse,50.63773,3.0642,A,260,13
269820,Palais des Beaux-Arts de Lille,50.630672,3.062632,A,260,13
734546,Place Rihour,50.635643,3.062659,A,260,13
793722,La Chicoree,50.63596,3.063038,R,260,13
196916,Ibis Lille Centre Gares,50.63469,3.070875,H,1135,13
269814,Grande Place,50.63697,3.06367,A,1135,13
269817,Vieille Bourse,50.63773,3.0642,A,1135,13
269820,Palais des Beaux-Arts de Lille,50.630672,3.062632,A,1135,13
793722,La Chicoree,50.63596,3.063038,R,1135,13
269814,Grande Place,50.63697,3.06367,A,452,13
269820,Palais des Beaux-Arts de Lille,50.630672,3.062632,A,452,13
793722,La Chicoree,50.63596,3.063038,R,452,13
2035312,Office de Tourisme de Lille,50.63543,3.061971,A,452,13
196916,Ibis Lille Centre Gares,50.63469,3.070875,H,1131,13
269814,Grande Place,50.63697,3.06367,A,1131,13
269817,Vieille Bourse,50.63773,3.0642,A,1131,13
793722,La Chicoree,50.63596,3.063038,R,1131,13
247498,"LaM Lille Métropole Musée d'Art Moderne, d'Art Contemporain et d'Art Brut.",50.637512,3.150333,A,801,13
269814,Grande Place,50.63697,3.06367,A,801,13
793722,La Chicoree,50.63596,3.063038,R,801,13
1381296,Meert,50.63768,3.061862,R,801,13
247498,"LaM Lille Métropole Musée d'Art Moderne, d'Art Contemporain et d'Art Brut.",50.637512,3.150333,A,783,13
269814,Grande Place,50.63697,3.06367,A,783,13
269820,Palais des Beaux-Arts de Lille,50.630672,3.062632,A,783,13
2558192,Musee Hospice Comtesse,50.641106,3.063515,A,783,13
269814,Grande Place,50.63697,3.06367,A,461,13
269820,Palais des Beaux-Arts de Lille,50.630672,3.062632,A,461,13
793722,La Chicoree,50.63596,3.063038,R,461,13
1322553,Le Coq Hardi,50.63725,3.063351,R,461,13
269814,Grande Place,50.63697,3.06367,A,253,13
269817,Vieille Bourse,50.63773,3.0642,A,253,13
269820,Palais des Beaux-Arts de Lille,50.630672,3.062632,A,253,13
734546,Place Rihour,50.635643,3.062659,A,253,13
793722,La Chicoree,50.63596,3.063038,R,253,13
196916,Ibis Lille Centre Gares,50.63469,3.070875,H,1123,13
269814,Grande Place,50.63697,3.06367,A,1123,13
269817,Vieille Bourse,50.63773,3.0642,A,1123,13
269820,Palais des Beaux-Arts de Lille,50.630672,3.062632,A,1123,13
793722,La Chicoree,50.63596,3.063038,R,1123,13
269814,Grande Place,50.63697,3.06367,A,250,13
269817,Vieille Bourse,50.63773,3.0642,A,250,13
269820,Palais des Beaux-Arts de Lille,50.630672,3.062632,A,250,13
277055,Mercure Lille Centre Vieux Lille,50.641758,3.066637,H,250,13
196916,Ibis Lille Centre Gares,50.63469,3.070875,H,1163,13
247498,"LaM Lille Métropole Musée d'Art Moderne, d'Art Contemporain et d'Art Brut.",50.637512,3.150333,A,1163,13
269814,Grande Place,50.63697,3.06367,A,1163,13
269817,Vieille Bourse,50.63773,3.0642,A,1163,13
269820,Palais des Beaux-Arts de Lille,50.630672,3.062632,A,1163,13
196916,Ibis Lille Centre Gares,50.63469,3.070875,H,1166,13
269814,Grande Place,50.63697,3.06367,A,1166,13
793722,La Chicoree,50.63596,3.063038,R,1166,13
801094,Estaminet Chez la vieille,50.64283,3.066893,R,1194,13
1026189,Les Compagnons de la grappe,50.63869,3.063151,R,1194,13
269814,Grande Place,50.63697,3.06367,A,480,13
269817,Vieille Bourse,50.63773,3.0642,A,480,13
269820,Palais des Beaux-Arts de Lille,50.630672,3.062632,A,480,13
734546,Place Rihour,50.635643,3.062659,A,480,13
269814,Grande Place,50.63697,3.06367,A,236,13
269817,Vieille Bourse,50.63773,3.0642,A,236,13
269820,Palais des Beaux-Arts de Lille,50.630672,3.062632,A,236,13
793722,La Chicoree,50.63596,3.063038,R,236,13
1381296,Meert,50.63768,3.061862,R,236,13
196917,Ibis Styles Lille Centre Gare Beffroi,50.63252,3.067851,H,1214,13
209260,Westfield Euralille,50.637753,3.072719,A,1214,13
247498,"LaM Lille Métropole Musée d'Art Moderne, d'Art Contemporain et d'Art Brut.",50.637512,3.150333,A,1214,13
269814,Grande Place,50.63697,3.06367,A,1214,13
196917,Ibis Styles Lille Centre Gare Beffroi,50.63252,3.067851,H,1215,13
209260,Westfield Euralille,50.637753,3.072719,A,1215,13
247498,"LaM Lille Métropole Musée d'Art Moderne, d'Art Contemporain et d'Art Brut.",50.637512,3.150333,A,1215,13
269814,Grande Place,50.63697,3.06367,A,1215,13
269817,Vieille Bourse,50.63773,3.0642,A,1215,13
196917,Ibis Styles Lille Centre Gare Beffroi,50.63252,3.067851,H,1216,13
209260,Westfield Euralille,50.637753,3.072719,A,1216,13
247498,"LaM Lille Métropole Musée d'Art Moderne, d'Art Contemporain et d'Art Brut.",50.637512,3.150333,A,1216,13
269814,Grande Place,50.63697,3.06367,A,1216,13
269820,Palais des Beaux-Arts de Lille,50.630672,3.062632,A,1216,13
269814,Grande Place,50.63697,3.06367,A,445,13
269820,Palais des Beaux-Arts de Lille,50.630672,3.062632,A,445,13
793722,La Chicoree,50.63596,3.063038,R,445,13
2558192,Musee Hospice Comtesse,50.641106,3.063515,A,445,13
269814,Grande Place,50.63697,3.06367,A,282,13
269817,Vieille Bourse,50.63773,3.0642,A,282,13
269820,Palais des Beaux-Arts de Lille,50.630672,3.062632,A,282,13
793722,La Chicoree,50.63596,3.063038,R,282,13
269814,Grande Place,50.63697,3.06367,A,273,13
269817,Vieille Bourse,50.63773,3.0642,A,273,13
793722,La Chicoree,50.63596,3.063038,R,273,13
1381296,Meert,50.63768,3.061862,R,273,13
269814,Grande Place,50.63697,3.06367,A,442,13
269820,Palais des Beaux-Arts de Lille,50.630672,3.062632,A,442,13
793722,La Chicoree,50.63596,3.063038,R,442,13
2273093,Citadelle de Lille,50.6371,3.05108,A,442,13
269814,Grande Place,50.63697,3.06367,A,358,13
269817,Vieille Bourse,50.63773,3.0642,A,358,13
269820,Palais des Beaux-Arts de Lille,50.630672,3.062632,A,358,13
628635,Novotel Suites Lille Europe hotel,50.638893,3.076883,H,358,13
269814,Grande Place,50.63697,3.06367,A,373,13
269817,Vieille Bourse,50.63773,3.0642,A,373,13
269820,Palais des Beaux-Arts de Lille,50.630672,3.062632,A,373,13
793722,La Chicoree,50.63596,3.063038,R,373,13
801094,Estaminet Chez la vieille,50.64283,3.066893,R,373,13
269814,Grande Place,50.63697,3.06367,A,355,13
269820,Palais des Beaux-Arts de Lille,50.630672,3.062632,A,355,13
793722,La Chicoree,50.63596,3.063038,R,355,13
801094,Estaminet Chez la vieille,50.64283,3.066893,R,355,13
269814,Grande Place,50.63697,3.06367,A,344,13
269817,Vieille Bourse,50.63773,3.0642,A,344,13
269820,Palais des Beaux-Arts de Lille,50.630672,3.062632,A,344,13
793722,La Chicoree,50.63596,3.063038,R,344,13
938725,Brasserie de la Paix,50.635815,3.063069,R,344,13
269817,Vieille Bourse,50.63773,3.0642,A,980,13
793722,La Chicoree,50.63596,3.063038,R,980,13
1381296,Meert,50.63768,3.061862,R,980,13
269814,Grande Place,50.63697,3.06367,A,333,13
269817,Vieille Bourse,50.63773,3.0642,A,333,13
277055,Mercure Lille Centre Vieux Lille,50.641758,3.066637,H,333,13
793722,La Chicoree,50.63596,3.063038,R,994,13
1381296,Meert,50.63768,3.061862,R,994,13
2039935,Brasserie Flore,50.63605,3.063198,R,994,13
793722,La Chicoree,50.63596,3.063038,R,999,13
1381296,Meert,50.63768,3.061862,R,999,13
2039935,Brasserie Flore,50.63605,3.063198,R,999,13
247498,"LaM Lille Métropole Musée d'Art Moderne, d'Art Contemporain et d'Art Brut.",50.637512,3.150333,A,893,13
269820,Palais des Beaux-Arts de Lille,50.630672,3.062632,A,893,13
2558192,Musee Hospice Comtesse,50.641106,3.063515,A,893,13
269814,Grande Place,50.63697,3.06367,A,321,13
269817,Vieille Bourse,50.63773,3.0642,A,321,13
793722,La Chicoree,50.63596,3.063038,R,321,13
1381296,Meert,50.63768,3.061862,R,321,13
196917,Ibis Styles Lille Centre Gare Beffroi,50.63252,3.067851,H,1225,13
209260,Westfield Euralille,50.637753,3.072719,A,1225,13
269814,Grande Place,50.63697,3.06367,A,1225,13
269820,Palais des Beaux-Arts de Lille,50.630672,3.062632,A,1225,13
793722,La Chicoree,50.63596,3.063038,R,1225,13
269814,Grande Place,50.63697,3.06367,A,414,13
269817,Vieille Bourse,50.63773,3.0642,A,414,13
269820,Palais des Beaux-Arts de Lille,50.630672,3.062632,A,414,13
781110,L'assiette du marche,50.64108,3.061831,R,414,13
269814,Grande Place,50.63697,3.06367,A,308,13
269817,Vieille Bourse,50.63773,3.0642,A,308,13
1322553,Le Coq Hardi,50.63725,3.063351,R,308,13
247498,"LaM Lille Métropole Musée d'Art Moderne, d'Art Contemporain et d'Art Brut.",50.637512,3.150333,A,861,13
269814,Grande Place,50.63697,3.06367,A,861,13
269820,Palais des Beaux-Arts de Lille,50.630672,3.062632,A,861,13
2558192,Musee Hospice Comtesse,50.641106,3.063515,A,861,13
196912,Mercure Lille Centre Grand Place,50.63817,3.065553,H,1041,13
269814,Grande Place,50.63697,3.06367,A,1041,13
269817,Vieille Bourse,50.63773,3.0642,A,1041,13
269820,Palais des Beaux-Arts de Lille,50.630672,3.062632,A,1041,13
793722,La Chicoree,50.63596,3.063038,R,1041,13
247498,"LaM Lille Métropole Musée d'Art Moderne, d'Art Contemporain et d'Art Brut.",50.637512,3.150333,A,850,13
269820,Palais des Beaux-Arts de Lille,50.630672,3.062632,A,850,13
2273093,Citadelle de Lille,50.6371,3.05108,A,850,13
269814,Grande Place,50.63697,3.06367,A,438,13
269820,Palais des Beaux-Arts de Lille,50.630672,3.062632,A,438,13
793722,La Chicoree,50.63596,3.063038,R,438,13
801094,Estaminet Chez la vieille,50.64283,3.066893,R,438,13
196912,Mercure Lille Centre Grand Place,50.63817,3.065553,H,1087,13
209260,Westfield Euralille,50.637753,3.072719,A,1087,13
269814,Grande Place,50.63697,3.06367,A,1087,13
269820,Palais des Beaux-Arts de Lille,50.630672,3.062632,A,1087,13
793722,La Chicoree,50.63596,3.063038,R,1087,13
269814,Grande Place,50.63697,3.06367,A,291,13
269817,Vieille Bourse,50.63773,3.0642,A,291,13
793722,La Chicoree,50.63596,3.063038,R,291,13
1381296,Meert,50.63768,3.061862,R,291,13
269814,Grande Place,50.63697,3.06367,A,440,13
269820,Palais des Beaux-Arts de Lille,50.630672,3.062632,A,440,13
793722,La Chicoree,50.63596,3.063038,R,440,13
1381296,Meert,50.63768,3.061862,R,440,13
196912,Mercure Lille Centre Grand Place,50.63817,3.065553,H,951,13
938725,Brasserie de la Paix,50.635815,3.063069,R,951,13
196917,Ibis Styles Lille Centre Gare Beffroi,50.63252,3.067851,H,1221,13
209260,Westfield Euralille,50.637753,3.072719,A,1221,13
269814,Grande Place,50.63697,3.06367,A,1221,13
269817,Vieille Bourse,50.63773,3.0642,A,1221,13
793722,La Chicoree,50.63596,3.063038,R,1221,13
269817,Vieille Bourse,50.63773,3.0642,A,581,13
269820,Palais des Beaux-Arts de Lille,50.630672,3.062632,A,581,13
793722,La Chicoree,50.63596,3.063038,R,581,13
2035312,Office de Tourisme de Lille,50.63543,3.061971,A,581,13
196917,Ibis Styles Lille Centre Gare Beffroi,50.63252,3.067851,H,1228,13
209260,Westfield Euralille,50.637753,3.072719,A,1228,13
269814,Grande Place,50.63697,3.06367,A,1228,13
793722,La Chicoree,50.63596,3.063038,R,1228,13
269814,Grande Place,50.63697,3.06367,A,103,13
269817,Vieille Bourse,50.63773,3.0642,A,103,13
793722,La Chicoree,50.63596,3.063038,R,103,13
1026189,Les Compagnons de la grappe,50.63869,3.063151,R,103,13
269814,Grande Place,50.63697,3.06367,A,96,13
269817,Vieille Bourse,50.63773,3.0642,A,96,13
793722,La Chicoree,50.63596,3.063038,R,96,13
2039935,Brasserie Flore,50.63605,3.063198,R,96,13
209260,Westfield Euralille,50.637753,3.072719,A,1409,13
269814,Grande Place,50.63697,3.06367,A,1409,13
269817,Vieille Bourse,50.63773,3.0642,A,1409,13
269820,Palais des Beaux-Arts de Lille,50.630672,3.062632,A,1409,13
793722,La Chicoree,50.63596,3.063038,R,1409,13
209260,Westfield Euralille,50.637753,3.072719,A,1415,13
269814,Grande Place,50.63697,3.06367,A,1415,13
793722,La Chicoree,50.63596,3.063038,R,1415,13
801094,Estaminet Chez la vieille,50.64283,3.066893,R,1415,13
209260,Westfield Euralille,50.637753,3.072719,A,1417,13
269814,Grande Place,50.63697,3.06367,A,1417,13
793722,La Chicoree,50.63596,3.063038,R,1417,13
938725,Brasserie de la Paix,50.635815,3.063069,R,1417,13
2614547,Les Tuileries,50.456036,3.253415,R,1437,13
3526029,Auberge De La Croix Ou Pile,50.43669,3.294708,R,1437,13
269814,Grande Place,50.63697,3.06367,A,84,13
269817,Vieille Bourse,50.63773,3.0642,A,84,13
269820,Palais des Beaux-Arts de Lille,50.630672,3.062632,A,84,13
793722,La Chicoree,50.63596,3.063038,R,84,13
1381296,Meert,50.63768,3.061862,R,84,13
269820,Palais des Beaux-Arts de Lille,50.630672,3.062632,A,1440,13
781110,L'assiette du marche,50.64108,3.061831,R,1440,13
2272480,Maison natale Charles de Gaulle,50.645935,3.058813,A,1445,13
2273093,Citadelle de Lille,50.6371,3.05108,A,1445,13
1381296,Meert,50.63768,3.061862,R,1454,13
1788496,Jour de Peche,50.636925,3.061727,R,1454,13
2035312,Office de Tourisme de Lille,50.63543,3.061971,A,1455,13
5584607,Beffroi de l'Hôtel de Ville,50.62954,3.09971,A,1455,13
269814,Grande Place,50.63697,3.06367,A,70,13
269817,Vieille Bourse,50.63773,3.0642,A,70,13
269820,Palais des Beaux-Arts de Lille,50.630672,3.062632,A,70,13
275111,Crowne Plaza Lille,50.639805,3.07572,H,70,13
793722,La Chicoree,50.63596,3.063038,R,70,13
2273093,Citadelle de Lille,50.6371,3.05108,A,1468,13
5584607,Beffroi de l'Hôtel de Ville,50.62954,3.09971,A,1468,13
269814,Grande Place,50.63697,3.06367,A,58,13
269817,Vieille Bourse,50.63773,3.0642,A,58,13
269820,Palais des Beaux-Arts de Lille,50.630672,3.062632,A,58,13
1026189,Les Compagnons de la grappe,50.63869,3.063151,R,58,13
793722,La Chicoree,50.63596,3.063038,R,1494,13
1740729,Hôtel Barrière Lille,50.636845,3.077268,H,1494,13
269814,Grande Place,50.63697,3.06367,A,48,13
269817,Vieille Bourse,50.63773,3.0642,A,48,13
269820,Palais des Beaux-Arts de Lille,50.630672,3.062632,A,48,13
793722,La Chicoree,50.63596,3.063038,R,48,13
2558192,Musee Hospice Comtesse,50.641106,3.063515,A,48,13
1026189,Les Compagnons de la grappe,50.63869,3.063151,R,1505,13
2530949,Le Barbier qui fume Vieux-Lille,50.641403,3.062165,R,1505,13
196918,Ibis Styles Lille Centre Grand Place,50.6376,3.06683,H,1515,13
269814,Grande Place,50.63697,3.06367,A,1515,13
269817,Vieille Bourse,50.63773,3.0642,A,1515,13
269820,Palais des Beaux-Arts de Lille,50.630672,3.062632,A,1515,13
734546,Place Rihour,50.635643,3.062659,A,1515,13
269814,Grande Place,50.63697,3.06367,A,37,13
269817,Vieille Bourse,50.63773,3.0642,A,37,13
269820,Palais des Beaux-Arts de Lille,50.630672,3.062632,A,37,13
793722,La Chicoree,50.63596,3.063038,R,37,13
1322553,Le Coq Hardi,50.63725,3.063351,R,37,13
196918,Ibis Styles Lille Centre Grand Place,50.6376,3.06683,H,1528,13
269814,Grande Place,50.63697,3.06367,A,1528,13
269817,Vieille Bourse,50.63773,3.0642,A,1528,13
269820,Palais des Beaux-Arts de Lille,50.630672,3.062632,A,1528,13
734546,Place Rihour,50.635643,3.062659,A,1528,13
196918,Ibis Styles Lille Centre Grand Place,50.6376,3.06683,H,1531,13
269814,Grande Place,50.63697,3.06367,A,1531,13
269820,Palais des Beaux-Arts de Lille,50.630672,3.062632,A,1531,13
734546,Place Rihour,50.635643,3.062659,A,1531,13
269814,Grande Place,50.63697,3.06367,A,29,13
269817,Vieille Bourse,50.63773,3.0642,A,29,13
269820,Palais des Beaux-Arts de Lille,50.630672,3.062632,A,29,13
793722,La Chicoree,50.63596,3.063038,R,29,13
2035312,Office de Tourisme de Lille,50.63543,3.061971,A,29,13
269814,Grande Place,50.63697,3.06367,A,26,13
269817,Vieille Bourse,50.63773,3.0642,A,26,13
269820,Palais des Beaux-Arts de Lille,50.630672,3.062632,A,26,13
793722,La Chicoree,50.63596,3.063038,R,26,13
2558192,Musee Hospice Comtesse,50.641106,3.063515,A,26,13
198290,Holiday Inn Express Lille Centre,50.630684,3.058223,H,1560,13
269814,Grande Place,50.63697,3.06367,A,1560,13
269817,Vieille Bourse,50.63773,3.0642,A,1560,13
793722,La Chicoree,50.63596,3.063038,R,1560,13
269814,Grande Place,50.63697,3.06367,A,23,13
269817,Vieille Bourse,50.63773,3.0642,A,23,13
269820,Palais des Beaux-Arts de Lille,50.630672,3.062632,A,23,13
793722,La Chicoree,50.63596,3.063038,R,23,13
2273093,Citadelle de Lille,50.6371,3.05108,A,23,13
269814,Grande Place,50.63697,3.06367,A,18,13
269817,Vieille Bourse,50.63773,3.0642,A,18,13
269820,Palais des Beaux-Arts de Lille,50.630672,3.062632,A,18,13
793722,La Chicoree,50.63596,3.063038,R,18,13
801094,Estaminet Chez la vieille,50.64283,3.066893,R,18,13
198290,Holiday Inn Express Lille Centre,50.630684,3.058223,H,1581,13
269814,Grande Place,50.63697,3.06367,A,1581,13
269817,Vieille Bourse,50.63773,3.0642,A,1581,13
793722,La Chicoree,50.63596,3.063038,R,1581,13
2530949,Le Barbier qui fume Vieux-Lille,50.641403,3.062165,R,1590,13
3536508,Best Western Premier Why Hotel,50.63427,3.061403,H,1590,13
269814,Grande Place,50.63697,3.06367,A,1612,13
277055,Mercure Lille Centre Vieux Lille,50.641758,3.066637,H,1612,13
5584607,Beffroi de l'Hôtel de Ville,50.62954,3.09971,A,1623,13
6211236,Les Ptiots,50.64236,3.066338,R,1623,13
209260,Westfield Euralille,50.637753,3.072719,A,1396,13
247498,"LaM Lille Métropole Musée d'Art Moderne, d'Art Contemporain et d'Art Brut.",50.637512,3.150333,A,1396,13
269814,Grande Place,50.63697,3.06367,A,1396,13
269820,Palais des Beaux-Arts de Lille,50.630672,3.062632,A,1396,13
793722,La Chicoree,50.63596,3.063038,R,1396,13
269814,Grande Place,50.63697,3.06367,A,115,13
269817,Vieille Bourse,50.63773,3.0642,A,115,13
269820,Palais des Beaux-Arts de Lille,50.630672,3.062632,A,115,13
628635,Novotel Suites Lille Europe hotel,50.638893,3.076883,H,115,13
269814,Grande Place,50.63697,3.06367,A,218,13
269817,Vieille Bourse,50.63773,3.0642,A,218,13
269820,Palais des Beaux-Arts de Lille,50.630672,3.062632,A,218,13
781110,L'assiette du marche,50.64108,3.061831,R,218,13
209260,Westfield Euralille,50.637753,3.072719,A,1372,13
269814,Grande Place,50.63697,3.06367,A,1372,13
269817,Vieille Bourse,50.63773,3.0642,A,1372,13
269820,Palais des Beaux-Arts de Lille,50.630672,3.062632,A,1372,13
1381296,Meert,50.63768,3.061862,R,1372,13
196917,Ibis Styles Lille Centre Gare Beffroi,50.63252,3.067851,H,1242,13
247498,"LaM Lille Métropole Musée d'Art Moderne, d'Art Contemporain et d'Art Brut.",50.637512,3.150333,A,1242,13
269814,Grande Place,50.63697,3.06367,A,1242,13
269817,Vieille Bourse,50.63773,3.0642,A,1242,13
269820,Palais des Beaux-Arts de Lille,50.630672,3.062632,A,1242,13
196917,Ibis Styles Lille Centre Gare Beffroi,50.63252,3.067851,H,1250,13
269814,Grande Place,50.63697,3.06367,A,1250,13
269817,Vieille Bourse,50.63773,3.0642,A,1250,13
269820,Palais des Beaux-Arts de Lille,50.630672,3.062632,A,1250,13
793722,La Chicoree,50.63596,3.063038,R,1250,13
269814,Grande Place,50.63697,3.06367,A,199,13
269817,Vieille Bourse,50.63773,3.0642,A,199,13
269820,Palais des Beaux-Arts de Lille,50.630672,3.062632,A,199,13
793722,La Chicoree,50.63596,3.063038,R,199,13
2558192,Musee Hospice Comtesse,50.641106,3.063515,A,199,13
196917,Ibis Styles Lille Centre Gare Beffroi,50.63252,3.067851,H,1257,13
269814,Grande Place,50.63697,3.06367,A,1257,13
269817,Vieille Bourse,50.63773,3.0642,A,1257,13
269820,Palais des Beaux-Arts de Lille,50.630672,3.062632,A,1257,13
793722,La Chicoree,50.63596,3.063038,R,1257,13
196917,Ibis Styles Lille Centre Gare Beffroi,50.63252,3.067851,H,1269,13
269814,Grande Place,50.63697,3.06367,A,1269,13
269817,Vieille Bourse,50.63773,3.0642,A,1269,13
269820,Palais des Beaux-Arts de Lille,50.630672,3.062632,A,1269,13
793722,La Chicoree,50.63596,3.063038,R,1269,13
247498,"LaM Lille Métropole Musée d'Art Moderne, d'Art Contemporain et d'Art Brut.",50.637512,3.150333,A,744,13
269814,Grande Place,50.63697,3.06367,A,744,13
269817,Vieille Bourse,50.63773,3.0642,A,744,13
793722,La Chicoree,50.63596,3.063038,R,744,13
1381296,Meert,50.63768,3.061862,R,744,13
196917,Ibis Styles Lille Centre Gare Beffroi,50.63252,3.067851,H,1272,13
247498,"LaM Lille Métropole Musée d'Art Moderne, d'Art Contemporain et d'Art Brut.",50.637512,3.150333,A,1272,13
269814,Grande Place,50.63697,3.06367,A,1272,13
269817,Vieille Bourse,50.63773,3.0642,A,1272,13
269820,Palais des Beaux-Arts de Lille,50.630672,3.062632,A,1272,13
269814,Grande Place,50.63697,3.06367,A,188,13
269817,Vieille Bourse,50.63773,3.0642,A,188,13
269820,Palais des Beaux-Arts de Lille,50.630672,3.062632,A,188,13
793722,La Chicoree,50.63596,3.063038,R,188,13
1381296,Meert,50.63768,3.061862,R,188,13
269814,Grande Place,50.63697,3.06367,A,181,13
269817,Vieille Bourse,50.63773,3.0642,A,181,13
269820,Palais des Beaux-Arts de Lille,50.630672,3.062632,A,181,13
628635,Novotel Suites Lille Europe hotel,50.638893,3.076883,H,181,13
793722,La Chicoree,50.63596,3.063038,R,181,13
269814,Grande Place,50.63697,3.06367,A,178,13
269817,Vieille Bourse,50.63773,3.0642,A,178,13
269820,Palais des Beaux-Arts de Lille,50.630672,3.062632,A,178,13
793722,La Chicoree,50.63596,3.063038,R,178,13
2035312,Office de Tourisme de Lille,50.63543,3.061971,A,178,13
209260,Westfield Euralille,50.637753,3.072719,A,1290,13
247498,"LaM Lille Métropole Musée d'Art Moderne, d'Art Contemporain et d'Art Brut.",50.637512,3.150333,A,1290,13
269814,Grande Place,50.63697,3.06367,A,1290,13
269820,Palais des Beaux-Arts de Lille,50.630672,3.062632,A,1290,13
793722,La Chicoree,50.63596,3.063038,R,1290,13
209260,Westfield Euralille,50.637753,3.072719,A,1293,13
247498,"LaM Lille Métropole Musée d'Art Moderne, d'Art Contemporain et d'Art Brut.",50.637512,3.150333,A,1293,13
269814,Grande Place,50.63697,3.06367,A,1293,13
269820,Palais des Beaux-Arts de Lille,50.630672,3.062632,A,1293,13
209260,Westfield Euralille,50.637753,3.072719,A,1294,13
247498,"LaM Lille Métropole Musée d'Art Moderne, d'Art Contemporain et d'Art Brut.",50.637512,3.150333,A,1294,13
269814,Grande Place,50.63697,3.06367,A,1294,13
269820,Palais des Beaux-Arts de Lille,50.630672,3.062632,A,1294,13
209260,Westfield Euralille,50.637753,3.072719,A,1295,13
247498,"LaM Lille Métropole Musée d'Art Moderne, d'Art Contemporain et d'Art Brut.",50.637512,3.150333,A,1295,13
269814,Grande Place,50.63697,3.06367,A,1295,13
269817,Vieille Bourse,50.63773,3.0642,A,1295,13
269820,Palais des Beaux-Arts de Lille,50.630672,3.062632,A,1295,13
209260,Westfield Euralille,50.637753,3.072719,A,1296,13
247498,"LaM Lille Métropole Musée d'Art Moderne, d'Art Contemporain et d'Art Brut.",50.637512,3.150333,A,1296,13
269814,Grande Place,50.63697,3.06367,A,1296,13
269817,Vieille Bourse,50.63773,3.0642,A,1296,13
269820,Palais des Beaux-Arts de Lille,50.630672,3.062632,A,1296,13
269814,Grande Place,50.63697,3.06367,A,170,13
269817,Vieille Bourse,50.63773,3.0642,A,170,13
269820,Palais des Beaux-Arts de Lille,50.630672,3.062632,A,170,13
793722,La Chicoree,50.63596,3.063038,R,170,13
2558192,Musee Hospice Comtesse,50.641106,3.063515,A,170,13
269814,Grande Place,50.63697,3.06367,A,167,13
269817,Vieille Bourse,50.63773,3.0642,A,167,13
269820,Palais des Beaux-Arts de Lille,50.630672,3.062632,A,167,13
734546,Place Rihour,50.635643,3.062659,A,167,13
793722,La Chicoree,50.63596,3.063038,R,167,13
209260,Westfield Euralille,50.637753,3.072719,A,1309,13
269814,Grande Place,50.63697,3.06367,A,1309,13
269817,Vieille Bourse,50.63773,3.0642,A,1309,13
269820,Palais des Beaux-Arts de Lille,50.630672,3.062632,A,1309,13
1381296,Meert,50.63768,3.061862,R,1309,13
269814,Grande Place,50.63697,3.06367,A,166,13
269817,Vieille Bourse,50.63773,3.0642,A,166,13
269820,Palais des Beaux-Arts de Lille,50.630672,3.062632,A,166,13
793722,La Chicoree,50.63596,3.063038,R,166,13
2273093,Citadelle de Lille,50.6371,3.05108,A,166,13
269814,Grande Place,50.63697,3.06367,A,156,13
269817,Vieille Bourse,50.63773,3.0642,A,156,13
269820,Palais des Beaux-Arts de Lille,50.630672,3.062632,A,156,13
793722,La Chicoree,50.63596,3.063038,R,156,13
801094,Estaminet Chez la vieille,50.64283,3.066893,R,156,13
269814,Grande Place,50.63697,3.06367,A,152,13
269817,Vieille Bourse,50.63773,3.0642,A,152,13
269820,Palais des Beaux-Arts de Lille,50.630672,3.062632,A,152,13
793722,La Chicoree,50.63596,3.063038,R,152,13
1322553,Le Coq Hardi,50.63725,3.063351,R,152,13
209260,Westfield Euralille,50.637753,3.072719,A,1326,13
269814,Grande Place,50.63697,3.06367,A,1326,13
269817,Vieille Bourse,50.63773,3.0642,A,1326,13
269820,Palais des Beaux-Arts de Lille,50.630672,3.062632,A,1326,13
734546,Place Rihour,50.635643,3.062659,A,1326,13
269814,Grande Place,50.63697,3.06367,A,151,13
269817,Vieille Bourse,50.63773,3.0642,A,151,13
269820,Palais des Beaux-Arts de Lille,50.630672,3.062632,A,151,13
793722,La Chicoree,50.63596,3.063038,R,151,13
1026189,Les Compagnons de la grappe,50.63869,3.063151,R,151,13
209260,Westfield Euralille,50.637753,3.072719,A,1337,13
269814,Grande Place,50.63697,3.06367,A,1337,13
269817,Vieille Bourse,50.63773,3.0642,A,1337,13
793722,La Chicoree,50.63596,3.063038,R,1337,13
801094,Estaminet Chez la vieille,50.64283,3.066893,R,1337,13
209260,Westfield Euralille,50.637753,3.072719,A,1339,13
269814,Grande Place,50.63697,3.06367,A,1339,13
269817,Vieille Bourse,50.63773,3.0642,A,1339,13
793722,La Chicoree,50.63596,3.063038,R,1339,13
938725,Brasserie de la Paix,50.635815,3.063069,R,1339,13
269814,Grande Place,50.63697,3.06367,A,143,13
269817,Vieille Bourse,50.63773,3.0642,A,143,13
269820,Palais des Beaux-Arts de Lille,50.630672,3.062632,A,143,13
734546,Place Rihour,50.635643,3.062659,A,143,13
793722,La Chicoree,50.63596,3.063038,R,143,13
209260,Westfield Euralille,50.637753,3.072719,A,1352,13
269814,Grande Place,50.63697,3.06367,A,1352,13
269817,Vieille Bourse,50.63773,3.0642,A,1352,13
793722,La Chicoree,50.63596,3.063038,R,1352,13
938725,Brasserie de la Paix,50.635815,3.063069,R,1352,13
209260,Westfield Euralille,50.637753,3.072719,A,1354,13
269814,Grande Place,50.63697,3.06367,A,1354,13
269817,Vieille Bourse,50.63773,3.0642,A,1354,13
269820,Palais des Beaux-Arts de Lille,50.630672,3.062632,A,1354,13
734546,Place Rihour,50.635643,3.062659,A,1354,13
269814,Grande Place,50.63697,3.06367,A,130,13
269817,Vieille Bourse,50.63773,3.0642,A,130,13
269820,Palais des Beaux-Arts de Lille,50.630672,3.062632,A,130,13
781110,L'assiette du marche,50.64108,3.061831,R,130,13
196917,Ibis Styles Lille Centre Gare Beffroi,50.63252,3.067851,H,1271,13
247498,"LaM Lille Métropole Musée d'Art Moderne, d'Art Contemporain et d'Art Brut.",50.637512,3.150333,A,1271,13
269814,Grande Place,50.63697,3.06367,A,1271,13
269820,Palais des Beaux-Arts de Lille,50.630672,3.062632,A,1271,13
269814,Grande Place,50.63697,3.06367,A,280,13
269817,Vieille Bourse,50.63773,3.0642,A,280,13
269820,Palais des Beaux-Arts de Lille,50.630672,3.062632,A,280,13
793722,La Chicoree,50.63596,3.063038,R,280,13
801094,Estaminet Chez la vieille,50.64283,3.066893,R,280,13
269820,Palais des Beaux-Arts de Lille,50.630672,3.062632,A,653,13
628635,Novotel Suites Lille Europe hotel,50.638893,3.076883,H,653,13
793722,La Chicoree,50.63596,3.063038,R,653,13
269814,Grande Place,50.63697,3.06367,A,561,13
938725,Brasserie de la Paix,50.635815,3.063069,R,561,13
247498,"LaM Lille Métropole Musée d'Art Moderne, d'Art Contemporain et d'Art Brut.",50.637512,3.150333,A,726,13
269814,Grande Place,50.63697,3.06367,A,726,13
269817,Vieille Bourse,50.63773,3.0642,A,726,13
269820,Palais des Beaux-Arts de Lille,50.630672,3.062632,A,726,13
734546,Place Rihour,50.635643,3.062659,A,726,13
269814,Grande Place,50.63697,3.06367,A,519,13
269817,Vieille Bourse,50.63773,3.0642,A,519,13
269820,Palais des Beaux-Arts de Lille,50.630672,3.062632,A,519,13
793722,La Chicoree,50.63596,3.063038,R,519,13
801094,Estaminet Chez la vieille,50.64283,3.066893,R,519,13
269817,Vieille Bourse,50.63773,3.0642,A,625,13
269820,Palais des Beaux-Arts de Lille,50.630672,3.062632,A,625,13
793722,La Chicoree,50.63596,3.063038,R,625,13
1381296,Meert,50.63768,3.061862,R,625,13
269814,Grande Place,50.63697,3.06367,A,500,13
269820,Palais des Beaux-Arts de Lille,50.630672,3.062632,A,500,13
275111,Crowne Plaza Lille,50.639805,3.07572,H,500,13
793722,La Chicoree,50.63596,3.063038,R,500,13
269820,Palais des Beaux-Arts de Lille,50.630672,3.062632,A,644,13
793722,La Chicoree,50.63596,3.063038,R,644,13
801094,Estaminet Chez la vieille,50.64283,3.066893,R,644,13
1381296,Meert,50.63768,3.061862,R,644,13
269820,Palais des Beaux-Arts de Lille,50.630672,3.062632,A,645,13
793722,La Chicoree,50.63596,3.063038,R,645,13
803286,Tiger Wok,50.6343,3.065892,R,645,13
269820,Palais des Beaux-Arts de Lille,50.630672,3.062632,A,646,13
793722,La Chicoree,50.63596,3.063038,R,646,13
810939,La Fossetta,50.634735,3.063161,R,646,13
801094,Estaminet Chez la vieille,50.64283,3.066893,R,682,13
909317,La connivence,50.64194,3.065977,R,682,13
269814,Grande Place,50.63697,3.06367,A,544,13
793722,La Chicoree,50.63596,3.063038,R,544,13
2039935,Brasserie Flore,50.63605,3.063198,R,544,13
269817,Vieille Bourse,50.63773,3.0642,A,567,13
269820,Palais des Beaux-Arts de Lille,50.630672,3.062632,A,567,13
734546,Place Rihour,50.635643,3.062659,A,567,13
793722,La Chicoree,50.63596,3.063038,R,567,13
269817,Vieille Bourse,50.63773,3.0642,A,570,13
269820,Palais des Beaux-Arts de Lille,50.630672,3.062632,A,570,13
793722,La Chicoree,50.63596,3.063038,R,570,13
2558192,Musee Hospice Comtesse,50.641106,3.063515,A,570,13
269814,Grande Place,50.63697,3.06367,A,540,13
269817,Vieille Bourse,50.63773,3.0642,A,540,13
793722,La Chicoree,50.63596,3.063038,R,540,13
1381296,Meert,50.63768,3.061862,R,540,13
269820,Palais des Beaux-Arts de Lille,50.630672,3.062632,A,654,13
793722,La Chicoree,50.63596,3.063038,R,654,13
795570,L'orange Bleue,50.63866,3.062654,R,654,13
269814,Grande Place,50.63697,3.06367,A,521,13
269820,Palais des Beaux-Arts de Lille,50.630672,3.062632,A,521,13
793722,La Chicoree,50.63596,3.063038,R,521,13
1381296,Meert,50.63768,3.061862,R,521,13
269817,Vieille Bourse,50.63773,3.0642,A,584,13
269820,Palais des Beaux-Arts de Lille,50.630672,3.062632,A,584,13
628635,Novotel Suites Lille Europe hotel,50.638893,3.076883,H,584,13
793722,La Chicoree,50.63596,3.063038,R,584,13
812062,Le compostelle,50.637352,3.061673,R,684,12
938725,Brasserie de la Paix,50.635815,3.063069,R,684,12
269814,Grande Place,50.63697,3.06367,A,279,12
269817,Vieille Bourse,50.63773,3.0642,A,279,12
269820,Palais des Beaux-Arts de Lille,50.630672,3.062632,A,279,12
734546,Place Rihour,50.635643,3.062659,A,279,12
793722,La Chicoree,50.63596,3.063038,R,279,12
196916,Ibis Lille Centre Gares,50.63469,3.070875,H,1176,12
209260,Westfield Euralille,50.637753,3.072719,A,1176,12
269814,Grande Place,50.63697,3.06367,A,1176,12
269817,Vieille Bourse,50.63773,3.0642,A,1176,12
196916,Ibis Lille Centre Gares,50.63469,3.070875,H,1175,12
209260,Westfield Euralille,50.637753,3.072719,A,1175,12
269814,Grande Place,50.63697,3.06367,A,1175,12
196916,Ibis Lille Centre Gares,50.63469,3.070875,H,1174,12
269814,Grande Place,50.63697,3.06367,A,1174,12
801094,Estaminet Chez la vieille,50.64283,3.066893,R,1174,12
196916,Ibis Lille Centre Gares,50.63469,3.070875,H,1148,12
269814,Grande Place,50.63697,3.06367,A,1148,12
269817,Vieille Bourse,50.63773,3.0642,A,1148,12
801094,Estaminet Chez la vieille,50.64283,3.066893,R,1148,12
269814,Grande Place,50.63697,3.06367,A,529,12
793722,La Chicoree,50.63596,3.063038,R,529,12
3536508,Best Western Premier Why Hotel,50.63427,3.061403,H,529,12
269814,Grande Place,50.63697,3.06367,A,259,12
269817,Vieille Bourse,50.63773,3.0642,A,259,12
734546,Place Rihour,50.635643,3.062659,A,259,12
793722,La Chicoree,50.63596,3.063038,R,259,12
269814,Grande Place,50.63697,3.06367,A,278,12
269817,Vieille Bourse,50.63773,3.0642,A,278,12
269820,Palais des Beaux-Arts de Lille,50.630672,3.062632,A,278,12
275111,Crowne Plaza Lille,50.639805,3.07572,H,278,12
793722,La Chicoree,50.63596,3.063038,R,278,12
269814,Grande Place,50.63697,3.06367,A,270,12
269817,Vieille Bourse,50.63773,3.0642,A,270,12
793722,La Chicoree,50.63596,3.063038,R,270,12
801094,Estaminet Chez la vieille,50.64283,3.066893,R,270,12
196916,Ibis Lille Centre Gares,50.63469,3.070875,H,1178,12
209260,Westfield Euralille,50.637753,3.072719,A,1178,12
269814,Grande Place,50.63697,3.06367,A,1178,12
269817,Vieille Bourse,50.63773,3.0642,A,1178,12
269820,Palais des Beaux-Arts de Lille,50.630672,3.062632,A,1178,12
196916,Ibis Lille Centre Gares,50.63469,3.070875,H,1177,12
209260,Westfield Euralille,50.637753,3.072719,A,1177,12
269814,Grande Place,50.63697,3.06367,A,1177,12
269817,Vieille Bourse,50.63773,3.0642,A,1177,12
269820,Palais des Beaux-Arts de Lille,50.630672,3.062632,A,1177,12
793722,La Chicoree,50.63596,3.063038,R,1191,12
938725,Brasserie de la Paix,50.635815,3.063069,R,1191,12
1322553,Le Coq Hardi,50.63725,3.063351,R,1191,12
196916,Ibis Lille Centre Gares,50.63469,3.070875,H,1179,12
209260,Westfield Euralille,50.637753,3.072719,A,1179,12
269814,Grande Place,50.63697,3.06367,A,1179,12
269820,Palais des Beaux-Arts de Lille,50.630672,3.062632,A,1179,12
269814,Grande Place,50.63697,3.06367,A,247,12
269817,Vieille Bourse,50.63773,3.0642,A,247,12
269820,Palais des Beaux-Arts de Lille,50.630672,3.062632,A,247,12
793722,La Chicoree,50.63596,3.063038,R,247,12
1381296,Meert,50.63768,3.061862,R,247,12
269814,Grande Place,50.63697,3.06367,A,197,12
269817,Vieille Bourse,50.63773,3.0642,A,197,12
269820,Palais des Beaux-Arts de Lille,50.630672,3.062632,A,197,12
2273093,Citadelle de Lille,50.6371,3.05108,A,197,12
2558192,Musee Hospice Comtesse,50.641106,3.063515,A,197,12
269814,Grande Place,50.63697,3.06367,A,201,12
269817,Vieille Bourse,50.63773,3.0642,A,201,12
269820,Palais des Beaux-Arts de Lille,50.630672,3.062632,A,201,12
734546,Place Rihour,50.635643,3.062659,A,201,12
269814,Grande Place,50.63697,3.06367,A,539,12
269817,Vieille Bourse,50.63773,3.0642,A,539,12
269820,Palais des Beaux-Arts de Lille,50.630672,3.062632,A,539,12
793722,La Chicoree,50.63596,3.063038,R,539,12
938725,Brasserie de la Paix,50.635815,3.063069,R,539,12
269814,Grande Place,50.63697,3.06367,A,203,12
269817,Vieille Bourse,50.63773,3.0642,A,203,12
269820,Palais des Beaux-Arts de Lille,50.630672,3.062632,A,203,12
734546,Place Rihour,50.635643,3.062659,A,203,12
2273093,Citadelle de Lille,50.6371,3.05108,A,203,12
196917,Ibis Styles Lille Centre Gare Beffroi,50.63252,3.067851,H,1227,12
209260,Westfield Euralille,50.637753,3.072719,A,1227,12
247498,"LaM Lille Métropole Musée d'Art Moderne, d'Art Contemporain et d'Art Brut.",50.637512,3.150333,A,1227,12
269814,Grande Place,50.63697,3.06367,A,1227,12
269820,Palais des Beaux-Arts de Lille,50.630672,3.062632,A,1227,12
196917,Ibis Styles Lille Centre Gare Beffroi,50.63252,3.067851,H,1226,12
209260,Westfield Euralille,50.637753,3.072719,A,1226,12
269814,Grande Place,50.63697,3.06367,A,1226,12
269820,Palais des Beaux-Arts de Lille,50.630672,3.062632,A,1226,12
793722,La Chicoree,50.63596,3.063038,R,1226,12
269820,Palais des Beaux-Arts de Lille,50.630672,3.062632,A,664,12
2273093,Citadelle de Lille,50.6371,3.05108,A,664,12
2558192,Musee Hospice Comtesse,50.641106,3.063515,A,664,12
196917,Ibis Styles Lille Centre Gare Beffroi,50.63252,3.067851,H,1222,12
209260,Westfield Euralille,50.637753,3.072719,A,1222,12
269814,Grande Place,50.63697,3.06367,A,1222,12
269817,Vieille Bourse,50.63773,3.0642,A,1222,12
793722,La Chicoree,50.63596,3.063038,R,1222,12
269814,Grande Place,50.63697,3.06367,A,534,12
269817,Vieille Bourse,50.63773,3.0642,A,534,12
793722,La Chicoree,50.63596,3.063038,R,534,12
801094,Estaminet Chez la vieille,50.64283,3.066893,R,534,12
269814,Grande Place,50.63697,3.06367,A,533,12
269817,Vieille Bourse,50.63773,3.0642,A,533,12
734546,Place Rihour,50.635643,3.062659,A,533,12
793722,La Chicoree,50.63596,3.063038,R,533,12
734546,Place Rihour,50.635643,3.062659,A,668,12
793722,La Chicoree,50.63596,3.063038,R,668,12
938725,Brasserie de la Paix,50.635815,3.063069,R,668,12
801094,Estaminet Chez la vieille,50.64283,3.066893,R,1207,12
877516,le T'Rijsel,50.642075,3.065999,R,1207,12
269817,Vieille Bourse,50.63773,3.0642,A,1203,12
801094,Estaminet Chez la vieille,50.64283,3.066893,R,1203,12
269814,Grande Place,50.63697,3.06367,A,242,12
269817,Vieille Bourse,50.63773,3.0642,A,242,12
269820,Palais des Beaux-Arts de Lille,50.630672,3.062632,A,242,12
793722,La Chicoree,50.63596,3.063038,R,242,12
938725,Brasserie de la Paix,50.635815,3.063069,R,242,12
1381296,Meert,50.63768,3.061862,R,1198,12
2530949,Le Barbier qui fume Vieux-Lille,50.641403,3.062165,R,1198,12
4242962,Aux Merveilleux de Fred,50.641388,3.062208,R,1198,12
196912,Mercure Lille Centre Grand Place,50.63817,3.065553,H,1093,12
209260,Westfield Euralille,50.637753,3.072719,A,1093,12
247498,"LaM Lille Métropole Musée d'Art Moderne, d'Art Contemporain et d'Art Brut.",50.637512,3.150333,A,1093,12
269814,Grande Place,50.63697,3.06367,A,1093,12
269820,Palais des Beaux-Arts de Lille,50.630672,3.062632,A,1093,12
793722,La Chicoree,50.63596,3.063038,R,1189,12
938725,Brasserie de la Paix,50.635815,3.063069,R,1189,12
3536508,Best Western Premier Why Hotel,50.63427,3.061403,H,1189,12
269817,Vieille Bourse,50.63773,3.0642,A,580,12
269820,Palais des Beaux-Arts de Lille,50.630672,3.062632,A,580,12
793722,La Chicoree,50.63596,3.063038,R,580,12
2039935,Brasserie Flore,50.63605,3.063198,R,580,12
196912,Mercure Lille Centre Grand Place,50.63817,3.065553,H,1090,12
209260,Westfield Euralille,50.637753,3.072719,A,1090,12
269814,Grande Place,50.63697,3.06367,A,1090,12
269820,Palais des Beaux-Arts de Lille,50.630672,3.062632,A,1090,12
793722,La Chicoree,50.63596,3.063038,R,1090,12
196912,Mercure Lille Centre Grand Place,50.63817,3.065553,H,1092,12
209260,Westfield Euralille,50.637753,3.072719,A,1092,12
247498,"LaM Lille Métropole Musée d'Art Moderne, d'Art Contemporain et d'Art Brut.",50.637512,3.150333,A,1092,12
269814,Grande Place,50.63697,3.06367,A,1092,12
269817,Vieille Bourse,50.63773,3.0642,A,1092,12
247498,"LaM Lille Métropole Musée d'Art Moderne, d'Art Contemporain et d'Art Brut.",50.637512,3.150333,A,705,12
269814,Grande Place,50.63697,3.06367,A,705,12
269817,Vieille Bourse,50.63773,3.0642,A,705,12
269820,Palais des Beaux-Arts de Lille,50.630672,3.062632,A,705,12
247498,"LaM Lille Métropole Musée d'Art Moderne, d'Art Contemporain et d'Art Brut.",50.637512,3.150333,A,699,12
269814,Grande Place,50.63697,3.06367,A,699,12
269817,Vieille Bourse,50.63773,3.0642,A,699,12
269820,Palais des Beaux-Arts de Lille,50.630672,3.062632,A,699,12
793722,La Chicoree,50.63596,3.063038,R,699,12
247498,"LaM Lille Métropole Musée d'Art Moderne, d'Art Contemporain et d'Art Brut.",50.637512,3.150333,A,700,12
269814,Grande Place,50.63697,3.06367,A,700,12
269820,Palais des Beaux-Arts de Lille,50.630672,3.062632,A,700,12
734546,Place Rihour,50.635643,3.062659,A,700,12
269814,Grande Place,50.63697,3.06367,A,339,12
269820,Palais des Beaux-Arts de Lille,50.630672,3.062632,A,339,12
734546,Place Rihour,50.635643,3.062659,A,339,12
793722,La Chicoree,50.63596,3.063038,R,339,12
247498,"LaM Lille Métropole Musée d'Art Moderne, d'Art Contemporain et d'Art Brut.",50.637512,3.150333,A,701,12
269814,Grande Place,50.63697,3.06367,A,701,12
269820,Palais des Beaux-Arts de Lille,50.630672,3.062632,A,701,12
793722,La Chicoree,50.63596,3.063038,R,701,12
269814,Grande Place,50.63697,3.06367,A,349,12
269820,Palais des Beaux-Arts de Lille,50.630672,3.062632,A,349,12
793722,La Chicoree,50.63596,3.063038,R,349,12
1026189,Les Compagnons de la grappe,50.63869,3.063151,R,349,12
269814,Grande Place,50.63697,3.06367,A,351,12
269820,Palais des Beaux-Arts de Lille,50.630672,3.062632,A,351,12
793722,La Chicoree,50.63596,3.063038,R,351,12
1026189,Les Compagnons de la grappe,50.63869,3.063151,R,351,12
269814,Grande Place,50.63697,3.06367,A,352,12
269820,Palais des Beaux-Arts de Lille,50.630672,3.062632,A,352,12
793722,La Chicoree,50.63596,3.063038,R,352,12
1322553,Le Coq Hardi,50.63725,3.063351,R,352,12
810939,La Fossetta,50.634735,3.063161,R,957,12
3536508,Best Western Premier Why Hotel,50.63427,3.061403,H,957,12
247498,"LaM Lille Métropole Musée d'Art Moderne, d'Art Contemporain et d'Art Brut.",50.637512,3.150333,A,704,12
269814,Grande Place,50.63697,3.06367,A,704,12
269817,Vieille Bourse,50.63773,3.0642,A,704,12
1198856,La Bottega,50.641106,3.061734,R,945,12
1324334,Quai 38,50.646843,3.057675,R,945,12
196912,Mercure Lille Centre Grand Place,50.63817,3.065553,H,1091,12
209260,Westfield Euralille,50.637753,3.072719,A,1091,12
247498,"LaM Lille Métropole Musée d'Art Moderne, d'Art Contemporain et d'Art Brut.",50.637512,3.150333,A,1091,12
269814,Grande Place,50.63697,3.06367,A,1091,12
1026189,Les Compagnons de la grappe,50.63869,3.063151,R,943,12
1381296,Meert,50.63768,3.061862,R,943,12
2530949,Le Barbier qui fume Vieux-Lille,50.641403,3.062165,R,943,12
269814,Grande Place,50.63697,3.06367,A,369,12
269817,Vieille Bourse,50.63773,3.0642,A,369,12
269820,Palais des Beaux-Arts de Lille,50.630672,3.062632,A,369,12
793722,La Chicoree,50.63596,3.063038,R,369,12
801094,Estaminet Chez la vieille,50.64283,3.066893,R,369,12
269814,Grande Place,50.63697,3.06367,A,374,12
269817,Vieille Bourse,50.63773,3.0642,A,374,12
269820,Palais des Beaux-Arts de Lille,50.630672,3.062632,A,374,12
793722,La Chicoree,50.63596,3.063038,R,374,12
2273093,Citadelle de Lille,50.6371,3.05108,A,374,12
269814,Grande Place,50.63697,3.06367,A,376,12
269817,Vieille Bourse,50.63773,3.0642,A,376,12
269820,Palais des Beaux-Arts de Lille,50.630672,3.062632,A,376,12
793722,La Chicoree,50.63596,3.063038,R,376,12
2273093,Citadelle de Lille,50.6371,3.05108,A,376,12
269814,Grande Place,50.63697,3.06367,A,377,12
269817,Vieille Bourse,50.63773,3.0642,A,377,12
269820,Palais des Beaux-Arts de Lille,50.630672,3.062632,A,377,12
793722,La Chicoree,50.63596,3.063038,R,377,12
2558192,Musee Hospice Comtesse,50.641106,3.063515,A,377,12
269814,Grande Place,50.63697,3.06367,A,380,12
269817,Vieille Bourse,50.63773,3.0642,A,380,12
269820,Palais des Beaux-Arts de Lille,50.630672,3.062632,A,380,12
793722,La Chicoree,50.63596,3.063038,R,380,12
2035312,Office de Tourisme de Lille,50.63543,3.061971,A,380,12
269814,Grande Place,50.63697,3.06367,A,383,12
269817,Vieille Bourse,50.63773,3.0642,A,383,12
269820,Palais des Beaux-Arts de Lille,50.630672,3.062632,A,383,12
628635,Novotel Suites Lille Europe hotel,50.638893,3.076883,H,383,12
793722,La Chicoree,50.63596,3.063038,R,383,12
247498,"LaM Lille Métropole Musée d'Art Moderne, d'Art Contemporain et d'Art Brut.",50.637512,3.150333,A,708,12
269814,Grande Place,50.63697,3.06367,A,708,12
269817,Vieille Bourse,50.63773,3.0642,A,708,12
269820,Palais des Beaux-Arts de Lille,50.630672,3.062632,A,708,12
734546,Place Rihour,50.635643,3.062659,A,708,12
2035312,Office de Tourisme de Lille,50.63543,3.061971,A,915,12
2273093,Citadelle de Lille,50.6371,3.05108,A,915,12
2558192,Musee Hospice Comtesse,50.641106,3.063515,A,915,12
793722,La Chicoree,50.63596,3.063038,R,989,12
1381296,Meert,50.63768,3.061862,R,989,12
2035312,Office de Tourisme de Lille,50.63543,3.061971,A,989,12
793722,La Chicoree,50.63596,3.063038,R,993,12
1381296,Meert,50.63768,3.061862,R,993,12
1740729,Hôtel Barrière Lille,50.636845,3.077268,H,993,12
247498,"LaM Lille Métropole Musée d'Art Moderne, d'Art Contemporain et d'Art Brut.",50.637512,3.150333,A,698,12
269814,Grande Place,50.63697,3.06367,A,698,12
269817,Vieille Bourse,50.63773,3.0642,A,698,12
269820,Palais des Beaux-Arts de Lille,50.630672,3.062632,A,698,12
734546,Place Rihour,50.635643,3.062659,A,698,12
269814,Grande Place,50.63697,3.06367,A,330,12
269817,Vieille Bourse,50.63773,3.0642,A,330,12
5584607,Beffroi de l'Hôtel de Ville,50.62954,3.09971,A,330,12
269820,Palais des Beaux-Arts de Lille,50.630672,3.062632,A,658,12
793722,La Chicoree,50.63596,3.063038,R,658,12
909317,La connivence,50.64194,3.065977,R,658,12
1740729,Hôtel Barrière Lille,50.636845,3.077268,H,689,12
1775539,La Terrasse du Parc,50.636677,3.0775,R,689,12
3347481,Les Hauts de Lille,50.636948,3.077259,R,689,12
196912,Mercure Lille Centre Grand Place,50.63817,3.065553,H,1088,12
209260,Westfield Euralille,50.637753,3.072719,A,1088,12
247498,"LaM Lille Métropole Musée d'Art Moderne, d'Art Contemporain et d'Art Brut.",50.637512,3.150333,A,1088,12
269814,Grande Place,50.63697,3.06367,A,1088,12
269820,Palais des Beaux-Arts de Lille,50.630672,3.062632,A,1088,12
269814,Grande Place,50.63697,3.06367,A,292,12
269817,Vieille Bourse,50.63773,3.0642,A,292,12
793722,La Chicoree,50.63596,3.063038,R,292,12
1381296,Meert,50.63768,3.061862,R,292,12
196912,Mercure Lille Centre Grand Place,50.63817,3.065553,H,1083,12
196917,Ibis Styles Lille Centre Gare Beffroi,50.63252,3.067851,H,1083,12
269814,Grande Place,50.63697,3.06367,A,1083,12
269820,Palais des Beaux-Arts de Lille,50.630672,3.062632,A,1083,12
196912,Mercure Lille Centre Grand Place,50.63817,3.065553,H,1079,12
196917,Ibis Styles Lille Centre Gare Beffroi,50.63252,3.067851,H,1079,12
209260,Westfield Euralille,50.637753,3.072719,A,1079,12
269814,Grande Place,50.63697,3.06367,A,1079,12
269820,Palais des Beaux-Arts de Lille,50.630672,3.062632,A,1079,12
196912,Mercure Lille Centre Grand Place,50.63817,3.065553,H,1077,12
196917,Ibis Styles Lille Centre Gare Beffroi,50.63252,3.067851,H,1077,12
209260,Westfield Euralille,50.637753,3.072719,A,1077,12
269814,Grande Place,50.63697,3.06367,A,1077,12
196912,Mercure Lille Centre Grand Place,50.63817,3.065553,H,1076,12
196917,Ibis Styles Lille Centre Gare Beffroi,50.63252,3.067851,H,1076,12
269814,Grande Place,50.63697,3.06367,A,1076,12
269814,Grande Place,50.63697,3.06367,A,294,12
269817,Vieille Bourse,50.63773,3.0642,A,294,12
275111,Crowne Plaza Lille,50.639805,3.07572,H,294,12
793722,La Chicoree,50.63596,3.063038,R,294,12
269814,Grande Place,50.63697,3.06367,A,299,12
269817,Vieille Bourse,50.63773,3.0642,A,299,12
734546,Place Rihour,50.635643,3.062659,A,299,12
793722,La Chicoree,50.63596,3.063038,R,299,12
196912,Mercure Lille Centre Grand Place,50.63817,3.065553,H,1050,12
269814,Grande Place,50.63697,3.06367,A,1050,12
269820,Palais des Beaux-Arts de Lille,50.630672,3.062632,A,1050,12
793722,La Chicoree,50.63596,3.063038,R,1050,12
801094,Estaminet Chez la vieille,50.64283,3.066893,R,1050,12
196912,Mercure Lille Centre Grand Place,50.63817,3.065553,H,1047,12
247498,"LaM Lille Métropole Musée d'Art Moderne, d'Art Contemporain et d'Art Brut.",50.637512,3.150333,A,1047,12
269814,Grande Place,50.63697,3.06367,A,1047,12
269820,Palais des Beaux-Arts de Lille,50.630672,3.062632,A,1047,12
793722,La Chicoree,50.63596,3.063038,R,1047,12
247498,"LaM Lille Métropole Musée d'Art Moderne, d'Art Contemporain et d'Art Brut.",50.637512,3.150333,A,694,12
269814,Grande Place,50.63697,3.06367,A,694,12
269817,Vieille Bourse,50.63773,3.0642,A,694,12
269814,Grande Place,50.63697,3.06367,A,309,12
269817,Vieille Bourse,50.63773,3.0642,A,309,12
801094,Estaminet Chez la vieille,50.64283,3.066893,R,309,12
196912,Mercure Lille Centre Grand Place,50.63817,3.065553,H,1026,12
269814,Grande Place,50.63697,3.06367,A,1026,12
269817,Vieille Bourse,50.63773,3.0642,A,1026,12
793722,La Chicoree,50.63596,3.063038,R,1026,12
269814,Grande Place,50.63697,3.06367,A,319,12
269817,Vieille Bourse,50.63773,3.0642,A,319,12
1381296,Meert,50.63768,3.061862,R,319,12
2530949,Le Barbier qui fume Vieux-Lille,50.641403,3.062165,R,319,12
247498,"LaM Lille Métropole Musée d'Art Moderne, d'Art Contemporain et d'Art Brut.",50.637512,3.150333,A,695,12
269814,Grande Place,50.63697,3.06367,A,695,12
269817,Vieille Bourse,50.63773,3.0642,A,695,12
269820,Palais des Beaux-Arts de Lille,50.630672,3.062632,A,695,12
269814,Grande Place,50.63697,3.06367,A,323,12
269817,Vieille Bourse,50.63773,3.0642,A,323,12
269820,Palais des Beaux-Arts de Lille,50.630672,3.062632,A,323,12
793722,La Chicoree,50.63596,3.063038,R,323,12
1381296,Meert,50.63768,3.061862,R,323,12
269814,Grande Place,50.63697,3.06367,A,515,12
269820,Palais des Beaux-Arts de Lille,50.630672,3.062632,A,515,12
793722,La Chicoree,50.63596,3.063038,R,515,12
801094,Estaminet Chez la vieille,50.64283,3.066893,R,515,12
269814,Grande Place,50.63697,3.06367,A,196,12
269817,Vieille Bourse,50.63773,3.0642,A,196,12
269820,Palais des Beaux-Arts de Lille,50.630672,3.062632,A,196,12
793722,La Chicoree,50.63596,3.063038,R,196,12
2273093,Citadelle de Lille,50.6371,3.05108,A,196,12
247498,"LaM Lille Métropole Musée d'Art Moderne, d'Art Contemporain et d'Art Brut.",50.637512,3.150333,A,730,12
269814,Grande Place,50.63697,3.06367,A,730,12
269817,Vieille Bourse,50.63773,3.0642,A,730,12
269820,Palais des Beaux-Arts de Lille,50.630672,3.062632,A,730,12
2273093,Citadelle de Lille,50.6371,3.05108,A,730,12
196917,Ibis Styles Lille Centre Gare Beffroi,50.63252,3.067851,H,1261,12
269814,Grande Place,50.63697,3.06367,A,1261,12
269817,Vieille Bourse,50.63773,3.0642,A,1261,12
801094,Estaminet Chez la vieille,50.64283,3.066893,R,1261,12
269814,Grande Place,50.63697,3.06367,A,45,12
269817,Vieille Bourse,50.63773,3.0642,A,45,12
269820,Palais des Beaux-Arts de Lille,50.630672,3.062632,A,45,12
793722,La Chicoree,50.63596,3.063038,R,45,12
2273093,Citadelle de Lille,50.6371,3.05108,A,45,12
198290,Holiday Inn Express Lille Centre,50.630684,3.058223,H,1546,12
269814,Grande Place,50.63697,3.06367,A,1546,12
269817,Vieille Bourse,50.63773,3.0642,A,1546,12
269820,Palais des Beaux-Arts de Lille,50.630672,3.062632,A,1546,12
793722,La Chicoree,50.63596,3.063038,R,1546,12
198290,Holiday Inn Express Lille Centre,50.630684,3.058223,H,1543,12
269814,Grande Place,50.63697,3.06367,A,1543,12
269817,Vieille Bourse,50.63773,3.0642,A,1543,12
269820,Palais des Beaux-Arts de Lille,50.630672,3.062632,A,1543,12
793722,La Chicoree,50.63596,3.063038,R,1543,12
196918,Ibis Styles Lille Centre Grand Place,50.6376,3.06683,H,1535,12
209260,Westfield Euralille,50.637753,3.072719,A,1535,12
269814,Grande Place,50.63697,3.06367,A,1535,12
269817,Vieille Bourse,50.63773,3.0642,A,1535,12
196918,Ibis Styles Lille Centre Grand Place,50.6376,3.06683,H,1534,12
209260,Westfield Euralille,50.637753,3.072719,A,1534,12
269814,Grande Place,50.63697,3.06367,A,1534,12
269817,Vieille Bourse,50.63773,3.0642,A,592,12
269820,Palais des Beaux-Arts de Lille,50.630672,3.062632,A,592,12
793722,La Chicoree,50.63596,3.063038,R,592,12
909317,La connivence,50.64194,3.065977,R,592,12
269814,Grande Place,50.63697,3.06367,A,35,12
269817,Vieille Bourse,50.63773,3.0642,A,35,12
269820,Palais des Beaux-Arts de Lille,50.630672,3.062632,A,35,12
628635,Novotel Suites Lille Europe hotel,50.638893,3.076883,H,35,12
793722,La Chicoree,50.63596,3.063038,R,35,12
269817,Vieille Bourse,50.63773,3.0642,A,575,12
269820,Palais des Beaux-Arts de Lille,50.630672,3.062632,A,575,12
793722,La Chicoree,50.63596,3.063038,R,575,12
801094,Estaminet Chez la vieille,50.64283,3.066893,R,575,12
1381296,Meert,50.63768,3.061862,R,575,12
269817,Vieille Bourse,50.63773,3.0642,A,574,12
269820,Palais des Beaux-Arts de Lille,50.630672,3.062632,A,574,12
793722,La Chicoree,50.63596,3.063038,R,574,12
801094,Estaminet Chez la vieille,50.64283,3.066893,R,574,12
938725,Brasserie de la Paix,50.635815,3.063069,R,574,12
196916,Ibis Lille Centre Gares,50.63469,3.070875,H,1507,12
793722,La Chicoree,50.63596,3.063038,R,1507,12
196917,Ibis Styles Lille Centre Gare Beffroi,50.63252,3.067851,H,1270,12
269814,Grande Place,50.63697,3.06367,A,1270,12
269817,Vieille Bourse,50.63773,3.0642,A,1270,12
269820,Palais des Beaux-Arts de Lille,50.630672,3.062632,A,1270,12
793722,La Chicoree,50.63596,3.063038,R,1270,12
269817,Vieille Bourse,50.63773,3.0642,A,597,12
269820,Palais des Beaux-Arts de Lille,50.630672,3.062632,A,597,12
793722,La Chicoree,50.63596,3.063038,R,597,12
2273093,Citadelle de Lille,50.6371,3.05108,A,597,12
269814,Grande Place,50.63697,3.06367,A,1499,12
5584607,Beffroi de l'Hôtel de Ville,50.62954,3.09971,A,1499,12
269814,Grande Place,50.63697,3.06367,A,53,12
269817,Vieille Bourse,50.63773,3.0642,A,53,12
269820,Palais des Beaux-Arts de Lille,50.630672,3.062632,A,53,12
734546,Place Rihour,50.635643,3.062659,A,53,12
2558192,Musee Hospice Comtesse,50.641106,3.063515,A,53,12
269817,Vieille Bourse,50.63773,3.0642,A,598,12
269820,Palais des Beaux-Arts de Lille,50.630672,3.062632,A,598,12
2273093,Citadelle de Lille,50.6371,3.05108,A,598,12
2558192,Musee Hospice Comtesse,50.641106,3.063515,A,598,12
1775539,La Terrasse du Parc,50.636677,3.0775,R,1483,12
3347481,Les Hauts de Lille,50.636948,3.077259,R,1483,12
269820,Palais des Beaux-Arts de Lille,50.630672,3.062632,A,1481,12
938725,Brasserie de la Paix,50.635815,3.063069,R,1481,12
1381296,Meert,50.63768,3.061862,R,1481,12
269820,Palais des Beaux-Arts de Lille,50.630672,3.062632,A,1479,12
793722,La Chicoree,50.63596,3.063038,R,1479,12
938725,Brasserie de la Paix,50.635815,3.063069,R,1479,12
269817,Vieille Bourse,50.63773,3.0642,A,601,12
269820,Palais des Beaux-Arts de Lille,50.630672,3.062632,A,601,12
734546,Place Rihour,50.635643,3.062659,A,601,12
269814,Grande Place,50.63697,3.06367,A,31,12
269817,Vieille Bourse,50.63773,3.0642,A,31,12
269820,Palais des Beaux-Arts de Lille,50.630672,3.062632,A,31,12
793722,La Chicoree,50.63596,3.063038,R,31,12
2039935,Brasserie Flore,50.63605,3.063198,R,31,12
198290,Holiday Inn Express Lille Centre,50.630684,3.058223,H,1551,12
269814,Grande Place,50.63697,3.06367,A,1551,12
269817,Vieille Bourse,50.63773,3.0642,A,1551,12
269820,Palais des Beaux-Arts de Lille,50.630672,3.062632,A,1551,12
793722,La Chicoree,50.63596,3.063038,R,1551,12
269817,Vieille Bourse,50.63773,3.0642,A,577,12
269820,Palais des Beaux-Arts de Lille,50.630672,3.062632,A,577,12
793722,La Chicoree,50.63596,3.063038,R,577,12
803286,Tiger Wok,50.6343,3.065892,R,577,12
198290,Holiday Inn Express Lille Centre,50.630684,3.058223,H,1556,12
269814,Grande Place,50.63697,3.06367,A,1556,12
269817,Vieille Bourse,50.63773,3.0642,A,1556,12
801094,Estaminet Chez la vieille,50.64283,3.066893,R,1556,12
269814,Grande Place,50.63697,3.06367,A,6,12
269817,Vieille Bourse,50.63773,3.0642,A,6,12
269820,Palais des Beaux-Arts de Lille,50.630672,3.062632,A,6,12
734546,Place Rihour,50.635643,3.062659,A,6,12
793722,La Chicoree,50.63596,3.063038,R,6,12
6208344,Bloempot,50.637985,3.058105,R,1608,12
6209227,La Consigne,50.62496,3.069707,R,1608,12
269814,Grande Place,50.63697,3.06367,A,15,12
269817,Vieille Bourse,50.63773,3.0642,A,15,12
269820,Palais des Beaux-Arts de Lille,50.630672,3.062632,A,15,12
793722,La Chicoree,50.63596,3.063038,R,15,12
1322553,Le Coq Hardi,50.63725,3.063351,R,15,12
2272417,Musee d'Histoire Naturelle de Lille,50.6268,3.066587,A,1596,12
2272480,Maison natale Charles de Gaulle,50.645935,3.058813,A,1596,12
275111,Crowne Plaza Lille,50.639805,3.07572,H,1593,12
793722,La Chicoree,50.63596,3.063038,R,1593,12
6166986,La Laiterie,50.64,3.033092,R,1591,12
6208344,Bloempot,50.637985,3.058105,R,1591,12
269817,Vieille Bourse,50.63773,3.0642,A,585,12
269820,Palais des Beaux-Arts de Lille,50.630672,3.062632,A,585,12
793722,La Chicoree,50.63596,3.063038,R,585,12
795570,L'orange Bleue,50.63866,3.062654,R,585,12
1008232,Le Paradoxe,50.720554,3.163065,R,1587,12
1332161,Basilico et Co,50.722454,3.160293,R,1587,12
1198856,La Bottega,50.641106,3.061734,R,1585,12
1237411,Zango,50.64203,3.06601,R,1585,12
198290,Holiday Inn Express Lille Centre,50.630684,3.058223,H,1582,12
269814,Grande Place,50.63697,3.06367,A,1582,12
801094,Estaminet Chez la vieille,50.64283,3.066893,R,1582,12
269817,Vieille Bourse,50.63773,3.0642,A,586,12
269820,Palais des Beaux-Arts de Lille,50.630672,3.062632,A,586,12
793722,La Chicoree,50.63596,3.063038,R,586,12
1322553,Le Coq Hardi,50.63725,3.063351,R,586,12
198290,Holiday Inn Express Lille Centre,50.630684,3.058223,H,1575,12
209260,Westfield Euralille,50.637753,3.072719,A,1575,12
269814,Grande Place,50.63697,3.06367,A,1575,12
269817,Vieille Bourse,50.63773,3.0642,A,1575,12
198290,Holiday Inn Express Lille Centre,50.630684,3.058223,H,1574,12
209260,Westfield Euralille,50.637753,3.072719,A,1574,12
269814,Grande Place,50.63697,3.06367,A,1574,12
198290,Holiday Inn Express Lille Centre,50.630684,3.058223,H,1573,12
269814,Grande Place,50.63697,3.06367,A,1573,12
269820,Palais des Beaux-Arts de Lille,50.630672,3.062632,A,1573,12
793722,La Chicoree,50.63596,3.063038,R,1573,12
198290,Holiday Inn Express Lille Centre,50.630684,3.058223,H,1571,12
269814,Grande Place,50.63697,3.06367,A,1571,12
269817,Vieille Bourse,50.63773,3.0642,A,1571,12
269820,Palais des Beaux-Arts de Lille,50.630672,3.062632,A,1571,12
793722,La Chicoree,50.63596,3.063038,R,1571,12
198290,Holiday Inn Express Lille Centre,50.630684,3.058223,H,1564,12
269814,Grande Place,50.63697,3.06367,A,1564,12
269820,Palais des Beaux-Arts de Lille,50.630672,3.062632,A,1564,12
793722,La Chicoree,50.63596,3.063038,R,1564,12
269814,Grande Place,50.63697,3.06367,A,25,12
269817,Vieille Bourse,50.63773,3.0642,A,25,12
269820,Palais des Beaux-Arts de Lille,50.630672,3.062632,A,25,12
793722,La Chicoree,50.63596,3.063038,R,25,12
2273093,Citadelle de Lille,50.6371,3.05108,A,25,12
269814,Grande Place,50.63697,3.06367,A,1465,12
1381296,Meert,50.63768,3.061862,R,1465,12
2530949,Le Barbier qui fume Vieux-Lille,50.641403,3.062165,R,1465,12
269814,Grande Place,50.63697,3.06367,A,1464,12
793722,La Chicoree,50.63596,3.063038,R,1464,12
1381296,Meert,50.63768,3.061862,R,1464,12
793722,La Chicoree,50.63596,3.063038,R,1449,12
1026189,Les Compagnons de la grappe,50.63869,3.063151,R,1449,12
1381296,Meert,50.63768,3.061862,R,1449,12
209260,Westfield Euralille,50.637753,3.072719,A,1342,12
269814,Grande Place,50.63697,3.06367,A,1342,12
269817,Vieille Bourse,50.63773,3.0642,A,1342,12
1381296,Meert,50.63768,3.061862,R,1342,12
209260,Westfield Euralille,50.637753,3.072719,A,1336,12
269814,Grande Place,50.63697,3.06367,A,1336,12
269817,Vieille Bourse,50.63773,3.0642,A,1336,12
793722,La Chicoree,50.63596,3.063038,R,1336,12
1322553,Le Coq Hardi,50.63725,3.063351,R,1336,12
269814,Grande Place,50.63697,3.06367,A,149,12
269817,Vieille Bourse,50.63773,3.0642,A,149,12
269820,Palais des Beaux-Arts de Lille,50.630672,3.062632,A,149,12
793722,La Chicoree,50.63596,3.063038,R,149,12
1026189,Les Compagnons de la grappe,50.63869,3.063151,R,149,12
269814,Grande Place,50.63697,3.06367,A,154,12
269817,Vieille Bourse,50.63773,3.0642,A,154,12
269820,Palais des Beaux-Arts de Lille,50.630672,3.062632,A,154,12
793722,La Chicoree,50.63596,3.063038,R,154,12
1381296,Meert,50.63768,3.061862,R,154,12
209260,Westfield Euralille,50.637753,3.072719,A,1323,12
269814,Grande Place,50.63697,3.06367,A,1323,12
269817,Vieille Bourse,50.63773,3.0642,A,1323,12
269820,Palais des Beaux-Arts de Lille,50.630672,3.062632,A,1323,12
1026189,Les Compagnons de la grappe,50.63869,3.063151,R,1323,12
209260,Westfield Euralille,50.637753,3.072719,A,1322,12
269814,Grande Place,50.63697,3.06367,A,1322,12
269817,Vieille Bourse,50.63773,3.0642,A,1322,12
269820,Palais des Beaux-Arts de Lille,50.630672,3.062632,A,1322,12
1381296,Meert,50.63768,3.061862,R,1322,12
269814,Grande Place,50.63697,3.06367,A,161,12
269817,Vieille Bourse,50.63773,3.0642,A,161,12
269820,Palais des Beaux-Arts de Lille,50.630672,3.062632,A,161,12
734546,Place Rihour,50.635643,3.062659,A,161,12
793722,La Chicoree,50.63596,3.063038,R,161,12
269820,Palais des Beaux-Arts de Lille,50.630672,3.062632,A,643,12
793722,La Chicoree,50.63596,3.063038,R,643,12
801094,Estaminet Chez la vieille,50.64283,3.066893,R,643,12
938725,Brasserie de la Paix,50.635815,3.063069,R,643,12
269814,Grande Place,50.63697,3.06367,A,172,12
269817,Vieille Bourse,50.63773,3.0642,A,172,12
269820,Palais des Beaux-Arts de Lille,50.630672,3.062632,A,172,12
793722,La Chicoree,50.63596,3.063038,R,172,12
803286,Tiger Wok,50.6343,3.065892,R,172,12
269814,Grande Place,50.63697,3.06367,A,175,12
269817,Vieille Bourse,50.63773,3.0642,A,175,12
269820,Palais des Beaux-Arts de Lille,50.630672,3.062632,A,175,12
793722,La Chicoree,50.63596,3.063038,R,175,12
2039935,Brasserie Flore,50.63605,3.063198,R,175,12
269814,Grande Place,50.63697,3.06367,A,182,12
269817,Vieille Bourse,50.63773,3.0642,A,182,12
269820,Palais des Beaux-Arts de Lille,50.630672,3.062632,A,182,12
793722,La Chicoree,50.63596,3.063038,R,182,12
795570,L'orange Bleue,50.63866,3.062654,R,182,12
269814,Grande Place,50.63697,3.06367,A,183,12
269817,Vieille Bourse,50.63773,3.0642,A,183,12
269820,Palais des Beaux-Arts de Lille,50.630672,3.062632,A,183,12
793722,La Chicoree,50.63596,3.063038,R,183,12
1322553,Le Coq Hardi,50.63725,3.063351,R,183,12
269814,Grande Place,50.63697,3.06367,A,543,12
793722,La Chicoree,50.63596,3.063038,R,543,12
938725,Brasserie de la Paix,50.635815,3.063069,R,543,12
1381296,Meert,50.63768,3.061862,R,543,12
269820,Palais des Beaux-Arts de Lille,50.630672,3.062632,A,652,12
793722,La Chicoree,50.63596,3.063038,R,652,12
1906444,Cafe brasserie de Foy,50.63624,3.063324,R,652,12
269814,Grande Place,50.63697,3.06367,A,187,12
269817,Vieille Bourse,50.63773,3.0642,A,187,12
269820,Palais des Beaux-Arts de Lille,50.630672,3.062632,A,187,12
793722,La Chicoree,50.63596,3.063038,R,187,12
909317,La connivence,50.64194,3.065977,R,187,12
196917,Ibis Styles Lille Centre Gare Beffroi,50.63252,3.067851,H,1278,12
269814,Grande Place,50.63697,3.06367,A,1278,12
801094,Estaminet Chez la vieille,50.64283,3.066893,R,1278,12
269814,Grande Place,50.63697,3.06367,A,396,12
269817,Vieille Bourse,50.63773,3.0642,A,396,12
269820,Palais des Beaux-Arts de Lille,50.630672,3.062632,A,396,12
793722,La Chicoree,50.63596,3.063038,R,396,12
2558192,Musee Hospice Comtesse,50.641106,3.063515,A,396,12
269814,Grande Place,50.63697,3.06367,A,190,12
269817,Vieille Bourse,50.63773,3.0642,A,190,12
269820,Palais des Beaux-Arts de Lille,50.630672,3.062632,A,190,12
793722,La Chicoree,50.63596,3.063038,R,190,12
795570,L'orange Bleue,50.63866,3.062654,R,190,12
209260,Westfield Euralille,50.637753,3.072719,A,1340,12
269814,Grande Place,50.63697,3.06367,A,1340,12
269817,Vieille Bourse,50.63773,3.0642,A,1340,12
793722,La Chicoree,50.63596,3.063038,R,1340,12
1381296,Meert,50.63768,3.061862,R,1340,12
209260,Westfield Euralille,50.637753,3.072719,A,1344,12
269814,Grande Place,50.63697,3.06367,A,1344,12
269817,Vieille Bourse,50.63773,3.0642,A,1344,12
1026189,Les Compagnons de la grappe,50.63869,3.063151,R,1344,12
269817,Vieille Bourse,50.63773,3.0642,A,605,12
269820,Palais des Beaux-Arts de Lille,50.630672,3.062632,A,605,12
734546,Place Rihour,50.635643,3.062659,A,605,12
2273093,Citadelle de Lille,50.6371,3.05108,A,605,12
209260,Westfield Euralille,50.637753,3.072719,A,1348,12
269814,Grande Place,50.63697,3.06367,A,1348,12
269817,Vieille Bourse,50.63773,3.0642,A,1348,12
269820,Palais des Beaux-Arts de Lille,50.630672,3.062632,A,1348,12
793722,La Chicoree,50.63596,3.063038,R,1348,12
269814,Grande Place,50.63697,3.06367,A,82,12
269817,Vieille Bourse,50.63773,3.0642,A,82,12
269820,Palais des Beaux-Arts de Lille,50.630672,3.062632,A,82,12
793722,La Chicoree,50.63596,3.063038,R,82,12
801094,Estaminet Chez la vieille,50.64283,3.066893,R,82,12
1124428,L'Ecume des Mers,50.63725,3.061462,R,1436,12
1324334,Quai 38,50.646843,3.057675,R,1436,12
793722,La Chicoree,50.63596,3.063038,R,1435,12
2509707,Il Ristorante,50.634098,3.066001,R,1435,12
209260,Westfield Euralille,50.637753,3.072719,A,1421,12
269814,Grande Place,50.63697,3.06367,A,1421,12
1026189,Les Compagnons de la grappe,50.63869,3.063151,R,1421,12
209260,Westfield Euralille,50.637753,3.072719,A,1418,12
269814,Grande Place,50.63697,3.06367,A,1418,12
793722,La Chicoree,50.63596,3.063038,R,1418,12
1381296,Meert,50.63768,3.061862,R,1418,12
209260,Westfield Euralille,50.637753,3.072719,A,1414,12
269814,Grande Place,50.63697,3.06367,A,1414,12
793722,La Chicoree,50.63596,3.063038,R,1414,12
1322553,Le Coq Hardi,50.63725,3.063351,R,1414,12
209260,Westfield Euralille,50.637753,3.072719,A,1413,12
269814,Grande Place,50.63697,3.06367,A,1413,12
269817,Vieille Bourse,50.63773,3.0642,A,1413,12
269820,Palais des Beaux-Arts de Lille,50.630672,3.062632,A,1413,12
793722,La Chicoree,50.63596,3.063038,R,1413,12
269814,Grande Place,50.63697,3.06367,A,92,12
269817,Vieille Bourse,50.63773,3.0642,A,92,12
793722,La Chicoree,50.63596,3.063038,R,92,12
3536508,Best Western Premier Why Hotel,50.63427,3.061403,H,92,12
269814,Grande Place,50.63697,3.06367,A,95,12
269817,Vieille Bourse,50.63773,3.0642,A,95,12
793722,La Chicoree,50.63596,3.063038,R,95,12
938725,Brasserie de la Paix,50.635815,3.063069,R,95,12
1381296,Meert,50.63768,3.061862,R,95,12
209260,Westfield Euralille,50.637753,3.072719,A,1389,12
269814,Grande Place,50.63697,3.06367,A,1389,12
269817,Vieille Bourse,50.63773,3.0642,A,1389,12
269820,Palais des Beaux-Arts de Lille,50.630672,3.062632,A,1389,12
793722,La Chicoree,50.63596,3.063038,R,1389,12
209260,Westfield Euralille,50.637753,3.072719,A,1378,12
269814,Grande Place,50.63697,3.06367,A,1378,12
269820,Palais des Beaux-Arts de Lille,50.630672,3.062632,A,1378,12
793722,La Chicoree,50.63596,3.063038,R,1378,12
801094,Estaminet Chez la vieille,50.64283,3.066893,R,1378,12
269814,Grande Place,50.63697,3.06367,A,111,12
269817,Vieille Bourse,50.63773,3.0642,A,111,12
938725,Brasserie de la Paix,50.635815,3.063069,R,111,12
209260,Westfield Euralille,50.637753,3.072719,A,1371,12
269814,Grande Place,50.63697,3.06367,A,1371,12
269817,Vieille Bourse,50.63773,3.0642,A,1371,12
269820,Palais des Beaux-Arts de Lille,50.630672,3.062632,A,1371,12
734546,Place Rihour,50.635643,3.062659,A,1371,12
209260,Westfield Euralille,50.637753,3.072719,A,1362,12
269814,Grande Place,50.63697,3.06367,A,1362,12
269817,Vieille Bourse,50.63773,3.0642,A,1362,12
269820,Palais des Beaux-Arts de Lille,50.630672,3.062632,A,1362,12
801094,Estaminet Chez la vieille,50.64283,3.066893,R,1362,12
269817,Vieille Bourse,50.63773,3.0642,A,627,12
269820,Palais des Beaux-Arts de Lille,50.630672,3.062632,A,627,12
793722,La Chicoree,50.63596,3.063038,R,627,12
938725,Brasserie de la Paix,50.635815,3.063069,R,627,12
209260,Westfield Euralille,50.637753,3.072719,A,1351,12
269814,Grande Place,50.63697,3.06367,A,1351,12
269817,Vieille Bourse,50.63773,3.0642,A,1351,12
793722,La Chicoree,50.63596,3.063038,R,1351,12
801094,Estaminet Chez la vieille,50.64283,3.066893,R,1351,12
209260,Westfield Euralille,50.637753,3.072719,A,1349,12
269814,Grande Place,50.63697,3.06367,A,1349,12
269817,Vieille Bourse,50.63773,3.0642,A,1349,12
793722,La Chicoree,50.63596,3.063038,R,1349,12
1381296,Meert,50.63768,3.061862,R,1349,12
269814,Grande Place,50.63697,3.06367,A,393,12
269817,Vieille Bourse,50.63773,3.0642,A,393,12
269820,Palais des Beaux-Arts de Lille,50.630672,3.062632,A,393,12
793722,La Chicoree,50.63596,3.063038,R,393,12
2273093,Citadelle de Lille,50.6371,3.05108,A,393,12
196916,Ibis Lille Centre Gares,50.63469,3.070875,H,1181,12
209260,Westfield Euralille,50.637753,3.072719,A,1181,12
269814,Grande Place,50.63697,3.06367,A,1181,12
269817,Vieille Bourse,50.63773,3.0642,A,1181,12
269820,Palais des Beaux-Arts de Lille,50.630672,3.062632,A,1181,12
269814,Grande Place,50.63697,3.06367,A,433,12
269817,Vieille Bourse,50.63773,3.0642,A,433,12
269820,Palais des Beaux-Arts de Lille,50.630672,3.062632,A,433,12
793722,La Chicoree,50.63596,3.063038,R,433,12
1381296,Meert,50.63768,3.061862,R,433,12
269814,Grande Place,50.63697,3.06367,A,470,12
269820,Palais des Beaux-Arts de Lille,50.630672,3.062632,A,470,12
793722,La Chicoree,50.63596,3.063038,R,470,12
2273093,Citadelle de Lille,50.6371,3.05108,A,470,12
247498,"LaM Lille Métropole Musée d'Art Moderne, d'Art Contemporain et d'Art Brut.",50.637512,3.150333,A,782,12
269814,Grande Place,50.63697,3.06367,A,782,12
269820,Palais des Beaux-Arts de Lille,50.630672,3.062632,A,782,12
2035312,Office de Tourisme de Lille,50.63543,3.061971,A,782,12
269814,Grande Place,50.63697,3.06367,A,464,12
269820,Palais des Beaux-Arts de Lille,50.630672,3.062632,A,464,12
793722,La Chicoree,50.63596,3.063038,R,464,12
1381296,Meert,50.63768,3.061862,R,464,12
247498,"LaM Lille Métropole Musée d'Art Moderne, d'Art Contemporain et d'Art Brut.",50.637512,3.150333,A,844,12
269820,Palais des Beaux-Arts de Lille,50.630672,3.062632,A,844,12
793722,La Chicoree,50.63596,3.063038,R,844,12
938725,Brasserie de la Paix,50.635815,3.063069,R,844,12
247498,"LaM Lille Métropole Musée d'Art Moderne, d'Art Contemporain et d'Art Brut.",50.637512,3.150333,A,746,12
269814,Grande Place,50.63697,3.06367,A,746,12
269817,Vieille Bourse,50.63773,3.0642,A,746,12
793722,La Chicoree,50.63596,3.063038,R,746,12
269820,Palais des Beaux-Arts de Lille,50.630672,3.062632,A,902,12
734546,Place Rihour,50.635643,3.062659,A,902,12
2558192,Musee Hospice Comtesse,50.641106,3.063515,A,902,12
269820,Palais des Beaux-Arts de Lille,50.630672,3.062632,A,901,12
734546,Place Rihour,50.635643,3.062659,A,901,12
2035312,Office de Tourisme de Lille,50.63543,3.061971,A,901,12
247498,"LaM Lille Métropole Musée d'Art Moderne, d'Art Contemporain et d'Art Brut.",50.637512,3.150333,A,841,12
269817,Vieille Bourse,50.63773,3.0642,A,841,12
269820,Palais des Beaux-Arts de Lille,50.630672,3.062632,A,841,12
793722,La Chicoree,50.63596,3.063038,R,841,12
938725,Brasserie de la Paix,50.635815,3.063069,R,841,12
247498,"LaM Lille Métropole Musée d'Art Moderne, d'Art Contemporain et d'Art Brut.",50.637512,3.150333,A,805,12
269814,Grande Place,50.63697,3.06367,A,805,12
1026189,Les Compagnons de la grappe,50.63869,3.063151,R,805,12
247498,"LaM Lille Métropole Musée d'Art Moderne, d'Art Contemporain et d'Art Brut.",50.637512,3.150333,A,797,12
269814,Grande Place,50.63697,3.06367,A,797,12
269817,Vieille Bourse,50.63773,3.0642,A,797,12
793722,La Chicoree,50.63596,3.063038,R,797,12
269820,Palais des Beaux-Arts de Lille,50.630672,3.062632,A,900,12
734546,Place Rihour,50.635643,3.062659,A,900,12
2273093,Citadelle de Lille,50.6371,3.05108,A,900,12
269814,Grande Place,50.63697,3.06367,A,455,12
269820,Palais des Beaux-Arts de Lille,50.630672,3.062632,A,455,12
793722,La Chicoree,50.63596,3.063038,R,455,12
2039935,Brasserie Flore,50.63605,3.063198,R,455,12
247498,"LaM Lille Métropole Musée d'Art Moderne, d'Art Contemporain et d'Art Brut.",50.637512,3.150333,A,838,12
269817,Vieille Bourse,50.63773,3.0642,A,838,12
269820,Palais des Beaux-Arts de Lille,50.630672,3.062632,A,838,12
2558192,Musee Hospice Comtesse,50.641106,3.063515,A,838,12
247498,"LaM Lille Métropole Musée d'Art Moderne, d'Art Contemporain et d'Art Brut.",50.637512,3.150333,A,709,12
269814,Grande Place,50.63697,3.06367,A,709,12
269817,Vieille Bourse,50.63773,3.0642,A,709,12
269820,Palais des Beaux-Arts de Lille,50.630672,3.062632,A,709,12
793722,La Chicoree,50.63596,3.063038,R,709,12
247498,"LaM Lille Métropole Musée d'Art Moderne, d'Art Contemporain et d'Art Brut.",50.637512,3.150333,A,758,12
269814,Grande Place,50.63697,3.06367,A,758,12
269820,Palais des Beaux-Arts de Lille,50.630672,3.062632,A,758,12
793722,La Chicoree,50.63596,3.063038,R,758,12
1381296,Meert,50.63768,3.061862,R,758,12
269814,Grande Place,50.63697,3.06367,A,479,12
269820,Palais des Beaux-Arts de Lille,50.630672,3.062632,A,479,12
734546,Place Rihour,50.635643,3.062659,A,479,12
2558192,Musee Hospice Comtesse,50.641106,3.063515,A,479,12
247498,"LaM Lille Métropole Musée d'Art Moderne, d'Art Contemporain et d'Art Brut.",50.637512,3.150333,A,886,12
269814,Grande Place,50.63697,3.06367,A,886,12
269820,Palais des Beaux-Arts de Lille,50.630672,3.062632,A,886,12
1026189,Les Compagnons de la grappe,50.63869,3.063151,R,886,12
247498,"LaM Lille Métropole Musée d'Art Moderne, d'Art Contemporain et d'Art Brut.",50.637512,3.150333,A,763,12
269814,Grande Place,50.63697,3.06367,A,763,12
269817,Vieille Bourse,50.63773,3.0642,A,763,12
269820,Palais des Beaux-Arts de Lille,50.630672,3.062632,A,763,12
734546,Place Rihour,50.635643,3.062659,A,763,12
247498,"LaM Lille Métropole Musée d'Art Moderne, d'Art Contemporain et d'Art Brut.",50.637512,3.150333,A,833,12
269814,Grande Place,50.63697,3.06367,A,833,12
269817,Vieille Bourse,50.63773,3.0642,A,833,12
269820,Palais des Beaux-Arts de Lille,50.630672,3.062632,A,833,12
2558192,Musee Hospice Comtesse,50.641106,3.063515,A,833,12
269814,Grande Place,50.63697,3.06367,A,450,12
269820,Palais des Beaux-Arts de Lille,50.630672,3.062632,A,450,12
793722,La Chicoree,50.63596,3.063038,R,450,12
801094,Estaminet Chez la vieille,50.64283,3.066893,R,450,12
1381296,Meert,50.63768,3.061862,R,450,12
247498,"LaM Lille Métropole Musée d'Art Moderne, d'Art Contemporain et d'Art Brut.",50.637512,3.150333,A,734,12
269814,Grande Place,50.63697,3.06367,A,734,12
269817,Vieille Bourse,50.63773,3.0642,A,734,12
269820,Palais des Beaux-Arts de Lille,50.630672,3.062632,A,734,12
2558192,Musee Hospice Comtesse,50.641106,3.063515,A,734,12
247498,"LaM Lille Métropole Musée d'Art Moderne, d'Art Contemporain et d'Art Brut.",50.637512,3.150333,A,854,12
269814,Grande Place,50.63697,3.06367,A,854,12
269817,Vieille Bourse,50.63773,3.0642,A,854,12
269820,Palais des Beaux-Arts de Lille,50.630672,3.062632,A,854,12
2558192,Musee Hospice Comtesse,50.641106,3.063515,A,854,12
269814,Grande Place,50.63697,3.06367,A,399,12
269817,Vieille Bourse,50.63773,3.0642,A,399,12
269820,Palais des Beaux-Arts de Lille,50.630672,3.062632,A,399,12
734546,Place Rihour,50.635643,3.062659,A,399,12
793722,La Chicoree,50.63596,3.063038,R,399,12
247498,"LaM Lille Métropole Musée d'Art Moderne, d'Art Contemporain et d'Art Brut.",50.637512,3.150333,A,821,12
269817,Vieille Bourse,50.63773,3.0642,A,821,12
269820,Palais des Beaux-Arts de Lille,50.630672,3.062632,A,821,12
793722,La Chicoree,50.63596,3.063038,R,821,12
938725,Brasserie de la Paix,50.635815,3.063069,R,821,12
247498,"LaM Lille Métropole Musée d'Art Moderne, d'Art Contemporain et d'Art Brut.",50.637512,3.150333,A,866,12
269814,Grande Place,50.63697,3.06367,A,866,12
269817,Vieille Bourse,50.63773,3.0642,A,866,12
269820,Palais des Beaux-Arts de Lille,50.630672,3.062632,A,866,12
2558192,Musee Hospice Comtesse,50.641106,3.063515,A,866,12
247498,"LaM Lille Métropole Musée d'Art Moderne, d'Art Contemporain et d'Art Brut.",50.637512,3.150333,A,792,12
269814,Grande Place,50.63697,3.06367,A,792,12
269820,Palais des Beaux-Arts de Lille,50.630672,3.062632,A,792,12
1026189,Les Compagnons de la grappe,50.63869,3.063151,R,792,12
269814,Grande Place,50.63697,3.06367,A,460,12
269820,Palais des Beaux-Arts de Lille,50.630672,3.062632,A,460,12
793722,La Chicoree,50.63596,3.063038,R,460,12
795570,L'orange Bleue,50.63866,3.062654,R,460,12
247498,"LaM Lille Métropole Musée d'Art Moderne, d'Art Contemporain et d'Art Brut.",50.637512,3.150333,A,796,12
269814,Grande Place,50.63697,3.06367,A,796,12
269817,Vieille Bourse,50.63773,3.0642,A,796,12
269820,Palais des Beaux-Arts de Lille,50.630672,3.062632,A,796,12
793722,La Chicoree,50.63596,3.063038,R,796,12
247498,"LaM Lille Métropole Musée d'Art Moderne, d'Art Contemporain et d'Art Brut.",50.637512,3.150333,A,774,12
269814,Grande Place,50.63697,3.06367,A,774,12
269820,Palais des Beaux-Arts de Lille,50.630672,3.062632,A,774,12
2273093,Citadelle de Lille,50.6371,3.05108,A,774,12
269814,Grande Place,50.63697,3.06367,A,444,12
269820,Palais des Beaux-Arts de Lille,50.630672,3.062632,A,444,12
793722,La Chicoree,50.63596,3.063038,R,444,12
2273093,Citadelle de Lille,50.6371,3.05108,A,444,12
247498,"LaM Lille Métropole Musée d'Art Moderne, d'Art Contemporain et d'Art Brut.",50.637512,3.150333,A,715,12
269814,Grande Place,50.63697,3.06367,A,715,12
269817,Vieille Bourse,50.63773,3.0642,A,715,12
269820,Palais des Beaux-Arts de Lille,50.630672,3.062632,A,715,12
2273093,Citadelle de Lille,50.6371,3.05108,A,715,12
269814,Grande Place,50.63697,3.06367,A,459,12
269820,Palais des Beaux-Arts de Lille,50.630672,3.062632,A,459,12
628635,Novotel Suites Lille Europe hotel,50.638893,3.076883,H,459,12
793722,La Chicoree,50.63596,3.063038,R,459,12
269814,Grande Place,50.63697,3.06367,A,176,11
269817,Vieille Bourse,50.63773,3.0642,A,176,11
269820,Palais des Beaux-Arts de Lille,50.630672,3.062632,A,176,11
793722,La Chicoree,50.63596,3.063038,R,176,11
1026189,Les Compagnons de la grappe,50.63869,3.063151,R,176,11
209260,Westfield Euralille,50.637753,3.072719,A,1291,11
247498,"LaM Lille Métropole Musée d'Art Moderne, d'Art Contemporain et d'Art Brut.",50.637512,3.150333,A,1291,11
269814,Grande Place,50.63697,3.06367,A,1291,11
269820,Palais des Beaux-Arts de Lille,50.630672,3.062632,A,1291,11
793722,La Chicoree,50.63596,3.063038,R,1291,11
269814,Grande Place,50.63697,3.06367,A,177,11
269817,Vieille Bourse,50.63773,3.0642,A,177,11
269820,Palais des Beaux-Arts de Lille,50.630672,3.062632,A,177,11
793722,La Chicoree,50.63596,3.063038,R,177,11
2035312,Office de Tourisme de Lille,50.63543,3.061971,A,177,11
269820,Palais des Beaux-Arts de Lille,50.630672,3.062632,A,647,11
781110,L'assiette du marche,50.64108,3.061831,R,647,11
793722,La Chicoree,50.63596,3.063038,R,647,11
196917,Ibis Styles Lille Centre Gare Beffroi,50.63252,3.067851,H,1281,11
269814,Grande Place,50.63697,3.06367,A,1281,11
269817,Vieille Bourse,50.63773,3.0642,A,1281,11
793722,La Chicoree,50.63596,3.063038,R,1281,11
269814,Grande Place,50.63697,3.06367,A,180,11
269817,Vieille Bourse,50.63773,3.0642,A,180,11
269820,Palais des Beaux-Arts de Lille,50.630672,3.062632,A,180,11
793722,La Chicoree,50.63596,3.063038,R,180,11
1906444,Cafe brasserie de Foy,50.63624,3.063324,R,180,11
269814,Grande Place,50.63697,3.06367,A,498,11
269820,Palais des Beaux-Arts de Lille,50.630672,3.062632,A,498,11
1381296,Meert,50.63768,3.061862,R,498,11
2530949,Le Barbier qui fume Vieux-Lille,50.641403,3.062165,R,498,11
209260,Westfield Euralille,50.637753,3.072719,A,1299,11
269814,Grande Place,50.63697,3.06367,A,1299,11
269817,Vieille Bourse,50.63773,3.0642,A,1299,11
269820,Palais des Beaux-Arts de Lille,50.630672,3.062632,A,1299,11
734546,Place Rihour,50.635643,3.062659,A,1299,11
269814,Grande Place,50.63697,3.06367,A,449,11
269820,Palais des Beaux-Arts de Lille,50.630672,3.062632,A,449,11
793722,La Chicoree,50.63596,3.063038,R,449,11
801094,Estaminet Chez la vieille,50.64283,3.066893,R,449,11
938725,Brasserie de la Paix,50.635815,3.063069,R,449,11
269814,Grande Place,50.63697,3.06367,A,451,11
269820,Palais des Beaux-Arts de Lille,50.630672,3.062632,A,451,11
793722,La Chicoree,50.63596,3.063038,R,451,11
810939,La Fossetta,50.634735,3.063161,R,451,11
247498,"LaM Lille Métropole Musée d'Art Moderne, d'Art Contemporain et d'Art Brut.",50.637512,3.150333,A,720,11
269814,Grande Place,50.63697,3.06367,A,720,11
269817,Vieille Bourse,50.63773,3.0642,A,720,11
269820,Palais des Beaux-Arts de Lille,50.630672,3.062632,A,720,11
2558192,Musee Hospice Comtesse,50.641106,3.063515,A,720,11
269814,Grande Place,50.63697,3.06367,A,168,11
269817,Vieille Bourse,50.63773,3.0642,A,168,11
269820,Palais des Beaux-Arts de Lille,50.630672,3.062632,A,168,11
793722,La Chicoree,50.63596,3.063038,R,168,11
795570,L'orange Bleue,50.63866,3.062654,R,168,11
247498,"LaM Lille Métropole Musée d'Art Moderne, d'Art Contemporain et d'Art Brut.",50.637512,3.150333,A,823,11
269814,Grande Place,50.63697,3.06367,A,823,11
269817,Vieille Bourse,50.63773,3.0642,A,823,11
269820,Palais des Beaux-Arts de Lille,50.630672,3.062632,A,823,11
793722,La Chicoree,50.63596,3.063038,R,823,11
196917,Ibis Styles Lille Centre Gare Beffroi,50.63252,3.067851,H,1273,11
269814,Grande Place,50.63697,3.06367,A,1273,11
269820,Palais des Beaux-Arts de Lille,50.630672,3.062632,A,1273,11
801094,Estaminet Chez la vieille,50.64283,3.066893,R,1273,11
247498,"LaM Lille Métropole Musée d'Art Moderne, d'Art Contemporain et d'Art Brut.",50.637512,3.150333,A,804,11
269814,Grande Place,50.63697,3.06367,A,804,11
275111,Crowne Plaza Lille,50.639805,3.07572,H,804,11
269820,Palais des Beaux-Arts de Lille,50.630672,3.062632,A,641,11
734546,Place Rihour,50.635643,3.062659,A,641,11
793722,La Chicoree,50.63596,3.063038,R,641,11
269814,Grande Place,50.63697,3.06367,A,145,11
269817,Vieille Bourse,50.63773,3.0642,A,145,11
269820,Palais des Beaux-Arts de Lille,50.630672,3.062632,A,145,11
793722,La Chicoree,50.63596,3.063038,R,145,11
810939,La Fossetta,50.634735,3.063161,R,145,11
247498,"LaM Lille Métropole Musée d'Art Moderne, d'Art Contemporain et d'Art Brut.",50.637512,3.150333,A,790,11
269814,Grande Place,50.63697,3.06367,A,790,11
269820,Palais des Beaux-Arts de Lille,50.630672,3.062632,A,790,11
938725,Brasserie de la Paix,50.635815,3.063069,R,790,11
269814,Grande Place,50.63697,3.06367,A,110,11
269817,Vieille Bourse,50.63773,3.0642,A,110,11
801094,Estaminet Chez la vieille,50.64283,3.066893,R,110,11
1381296,Meert,50.63768,3.061862,R,110,11
247498,"LaM Lille Métropole Musée d'Art Moderne, d'Art Contemporain et d'Art Brut.",50.637512,3.150333,A,791,11
269814,Grande Place,50.63697,3.06367,A,791,11
269817,Vieille Bourse,50.63773,3.0642,A,791,11
269820,Palais des Beaux-Arts de Lille,50.630672,3.062632,A,791,11
269814,Grande Place,50.63697,3.06367,A,560,11
801094,Estaminet Chez la vieille,50.64283,3.066893,R,560,11
1381296,Meert,50.63768,3.061862,R,560,11
209260,Westfield Euralille,50.637753,3.072719,A,1370,11
269814,Grande Place,50.63697,3.06367,A,1370,11
269817,Vieille Bourse,50.63773,3.0642,A,1370,11
269820,Palais des Beaux-Arts de Lille,50.630672,3.062632,A,1370,11
1381296,Meert,50.63768,3.061862,R,1370,11
209260,Westfield Euralille,50.637753,3.072719,A,1358,11
269814,Grande Place,50.63697,3.06367,A,1358,11
269820,Palais des Beaux-Arts de Lille,50.630672,3.062632,A,1358,11
734546,Place Rihour,50.635643,3.062659,A,1358,11
269814,Grande Place,50.63697,3.06367,A,558,11
269820,Palais des Beaux-Arts de Lille,50.630672,3.062632,A,558,11
793722,La Chicoree,50.63596,3.063038,R,558,11
801094,Estaminet Chez la vieille,50.64283,3.066893,R,558,11
269817,Vieille Bourse,50.63773,3.0642,A,629,11
269820,Palais des Beaux-Arts de Lille,50.630672,3.062632,A,629,11
938725,Brasserie de la Paix,50.635815,3.063069,R,629,11
1381296,Meert,50.63768,3.061862,R,629,11
209260,Westfield Euralille,50.637753,3.072719,A,1350,11
269814,Grande Place,50.63697,3.06367,A,1350,11
269817,Vieille Bourse,50.63773,3.0642,A,1350,11
793722,La Chicoree,50.63596,3.063038,R,1350,11
801094,Estaminet Chez la vieille,50.64283,3.066893,R,1350,11
209260,Westfield Euralille,50.637753,3.072719,A,1341,11
269814,Grande Place,50.63697,3.06367,A,1341,11
269817,Vieille Bourse,50.63773,3.0642,A,1341,11
2273093,Citadelle de Lille,50.6371,3.05108,A,1341,11
209260,Westfield Euralille,50.637753,3.072719,A,1310,11
269814,Grande Place,50.63697,3.06367,A,1310,11
269817,Vieille Bourse,50.63773,3.0642,A,1310,11
734546,Place Rihour,50.635643,3.062659,A,1310,11
247498,"LaM Lille Métropole Musée d'Art Moderne, d'Art Contemporain et d'Art Brut.",50.637512,3.150333,A,723,11
269814,Grande Place,50.63697,3.06367,A,723,11
269817,Vieille Bourse,50.63773,3.0642,A,723,11
269820,Palais des Beaux-Arts de Lille,50.630672,3.062632,A,723,11
938725,Brasserie de la Paix,50.635815,3.063069,R,723,11
209260,Westfield Euralille,50.637753,3.072719,A,1338,11
269814,Grande Place,50.63697,3.06367,A,1338,11
269817,Vieille Bourse,50.63773,3.0642,A,1338,11
793722,La Chicoree,50.63596,3.063038,R,1338,11
801094,Estaminet Chez la vieille,50.64283,3.066893,R,1338,11
209260,Westfield Euralille,50.637753,3.072719,A,1329,11
269814,Grande Place,50.63697,3.06367,A,1329,11
269817,Vieille Bourse,50.63773,3.0642,A,1329,11
269820,Palais des Beaux-Arts de Lille,50.630672,3.062632,A,1329,11
1381296,Meert,50.63768,3.061862,R,1329,11
209260,Westfield Euralille,50.637753,3.072719,A,1328,11
269814,Grande Place,50.63697,3.06367,A,1328,11
269817,Vieille Bourse,50.63773,3.0642,A,1328,11
269820,Palais des Beaux-Arts de Lille,50.630672,3.062632,A,1328,11
938725,Brasserie de la Paix,50.635815,3.063069,R,1328,11
269814,Grande Place,50.63697,3.06367,A,551,11
793722,La Chicoree,50.63596,3.063038,R,551,11
801094,Estaminet Chez la vieille,50.64283,3.066893,R,551,11
1381296,Meert,50.63768,3.061862,R,551,11
269820,Palais des Beaux-Arts de Lille,50.630672,3.062632,A,638,11
793722,La Chicoree,50.63596,3.063038,R,638,11
795570,L'orange Bleue,50.63866,3.062654,R,638,11
269814,Grande Place,50.63697,3.06367,A,157,11
269817,Vieille Bourse,50.63773,3.0642,A,157,11
269820,Palais des Beaux-Arts de Lille,50.630672,3.062632,A,157,11
801094,Estaminet Chez la vieille,50.64283,3.066893,R,157,11
1381296,Meert,50.63768,3.061862,R,157,11
269814,Grande Place,50.63697,3.06367,A,158,11
269817,Vieille Bourse,50.63773,3.0642,A,158,11
269820,Palais des Beaux-Arts de Lille,50.630672,3.062632,A,158,11
938725,Brasserie de la Paix,50.635815,3.063069,R,158,11
269814,Grande Place,50.63697,3.06367,A,162,11
269817,Vieille Bourse,50.63773,3.0642,A,162,11
269820,Palais des Beaux-Arts de Lille,50.630672,3.062632,A,162,11
734546,Place Rihour,50.635643,3.062659,A,162,11
793722,La Chicoree,50.63596,3.063038,R,162,11
269814,Grande Place,50.63697,3.06367,A,542,11
793722,La Chicoree,50.63596,3.063038,R,542,11
801094,Estaminet Chez la vieille,50.64283,3.066893,R,542,11
938725,Brasserie de la Paix,50.635815,3.063069,R,542,11
247498,"LaM Lille Métropole Musée d'Art Moderne, d'Art Contemporain et d'Art Brut.",50.637512,3.150333,A,831,11
269814,Grande Place,50.63697,3.06367,A,831,11
269817,Vieille Bourse,50.63773,3.0642,A,831,11
269820,Palais des Beaux-Arts de Lille,50.630672,3.062632,A,831,11
2273093,Citadelle de Lille,50.6371,3.05108,A,831,11
247498,"LaM Lille Métropole Musée d'Art Moderne, d'Art Contemporain et d'Art Brut.",50.637512,3.150333,A,824,11
269817,Vieille Bourse,50.63773,3.0642,A,824,11
269820,Palais des Beaux-Arts de Lille,50.630672,3.062632,A,824,11
793722,La Chicoree,50.63596,3.063038,R,824,11
1381296,Meert,50.63768,3.061862,R,824,11
196917,Ibis Styles Lille Centre Gare Beffroi,50.63252,3.067851,H,1268,11
269814,Grande Place,50.63697,3.06367,A,1268,11
269817,Vieille Bourse,50.63773,3.0642,A,1268,11
269820,Palais des Beaux-Arts de Lille,50.630672,3.062632,A,1268,11
793722,La Chicoree,50.63596,3.063038,R,1268,11
269814,Grande Place,50.63697,3.06367,A,238,11
269817,Vieille Bourse,50.63773,3.0642,A,238,11
269820,Palais des Beaux-Arts de Lille,50.630672,3.062632,A,238,11
275111,Crowne Plaza Lille,50.639805,3.07572,H,238,11
793722,La Chicoree,50.63596,3.063038,R,238,11
269814,Grande Place,50.63697,3.06367,A,241,11
269817,Vieille Bourse,50.63773,3.0642,A,241,11
269820,Palais des Beaux-Arts de Lille,50.630672,3.062632,A,241,11
793722,La Chicoree,50.63596,3.063038,R,241,11
938725,Brasserie de la Paix,50.635815,3.063069,R,241,11
269814,Grande Place,50.63697,3.06367,A,437,11
269820,Palais des Beaux-Arts de Lille,50.630672,3.062632,A,437,11
793722,La Chicoree,50.63596,3.063038,R,437,11
801094,Estaminet Chez la vieille,50.64283,3.066893,R,437,11
269814,Grande Place,50.63697,3.06367,A,243,11
269817,Vieille Bourse,50.63773,3.0642,A,243,11
269820,Palais des Beaux-Arts de Lille,50.630672,3.062632,A,243,11
938725,Brasserie de la Paix,50.635815,3.063069,R,243,11
1381296,Meert,50.63768,3.061862,R,243,11
1380803,Le Jardin du Cloitre,50.638134,3.055131,R,1196,11
1381296,Meert,50.63768,3.061862,R,1196,11
793722,La Chicoree,50.63596,3.063038,R,670,11
801094,Estaminet Chez la vieille,50.64283,3.066893,R,670,11
810939,La Fossetta,50.634735,3.063161,R,670,11
793722,La Chicoree,50.63596,3.063038,R,1190,11
938725,Brasserie de la Paix,50.635815,3.063069,R,1190,11
1381296,Meert,50.63768,3.061862,R,1190,11
247498,"LaM Lille Métropole Musée d'Art Moderne, d'Art Contemporain et d'Art Brut.",50.637512,3.150333,A,846,11
269814,Grande Place,50.63697,3.06367,A,846,11
269820,Palais des Beaux-Arts de Lille,50.630672,3.062632,A,846,11
793722,La Chicoree,50.63596,3.063038,R,846,11
793722,La Chicoree,50.63596,3.063038,R,1187,11
938725,Brasserie de la Paix,50.635815,3.063069,R,1187,11
3536508,Best Western Premier Why Hotel,50.63427,3.061403,H,1187,11
247498,"LaM Lille Métropole Musée d'Art Moderne, d'Art Contemporain et d'Art Brut.",50.637512,3.150333,A,847,11
269814,Grande Place,50.63697,3.06367,A,847,11
269817,Vieille Bourse,50.63773,3.0642,A,847,11
269820,Palais des Beaux-Arts de Lille,50.630672,3.062632,A,847,11
793722,La Chicoree,50.63596,3.063038,R,847,11
269817,Vieille Bourse,50.63773,3.0642,A,1184,11
2035312,Office de Tourisme de Lille,50.63543,3.061971,A,1184,11
196916,Ibis Lille Centre Gares,50.63469,3.070875,H,1182,11
269814,Grande Place,50.63697,3.06367,A,1182,11
1381296,Meert,50.63768,3.061862,R,1182,11
247498,"LaM Lille Métropole Musée d'Art Moderne, d'Art Contemporain et d'Art Brut.",50.637512,3.150333,A,848,11
269820,Palais des Beaux-Arts de Lille,50.630672,3.062632,A,848,11
793722,La Chicoree,50.63596,3.063038,R,848,11
1381296,Meert,50.63768,3.061862,R,848,11
247498,"LaM Lille Métropole Musée d'Art Moderne, d'Art Contemporain et d'Art Brut.",50.637512,3.150333,A,849,11
269820,Palais des Beaux-Arts de Lille,50.630672,3.062632,A,849,11
812062,Le compostelle,50.637352,3.061673,R,849,11
269814,Grande Place,50.63697,3.06367,A,431,11
269817,Vieille Bourse,50.63773,3.0642,A,431,11
269820,Palais des Beaux-Arts de Lille,50.630672,3.062632,A,431,11
793722,La Chicoree,50.63596,3.063038,R,431,11
938725,Brasserie de la Paix,50.635815,3.063069,R,431,11
196916,Ibis Lille Centre Gares,50.63469,3.070875,H,1172,11
196917,Ibis Styles Lille Centre Gare Beffroi,50.63252,3.067851,H,1172,11
269814,Grande Place,50.63697,3.06367,A,1172,11
269820,Palais des Beaux-Arts de Lille,50.630672,3.062632,A,1172,11
196916,Ibis Lille Centre Gares,50.63469,3.070875,H,1170,11
196917,Ibis Styles Lille Centre Gare Beffroi,50.63252,3.067851,H,1170,11
269814,Grande Place,50.63697,3.06367,A,1170,11
269817,Vieille Bourse,50.63773,3.0642,A,1170,11
269820,Palais des Beaux-Arts de Lille,50.630672,3.062632,A,1170,11
196916,Ibis Lille Centre Gares,50.63469,3.070875,H,1169,11
196917,Ibis Styles Lille Centre Gare Beffroi,50.63252,3.067851,H,1169,11
269814,Grande Place,50.63697,3.06367,A,1169,11
269817,Vieille Bourse,50.63773,3.0642,A,1169,11
196916,Ibis Lille Centre Gares,50.63469,3.070875,H,1168,11
196917,Ibis Styles Lille Centre Gare Beffroi,50.63252,3.067851,H,1168,11
269814,Grande Place,50.63697,3.06367,A,1168,11
793722,La Chicoree,50.63596,3.063038,R,671,11
801094,Estaminet Chez la vieille,50.64283,3.066893,R,671,11
2039935,Brasserie Flore,50.63605,3.063198,R,671,11
196916,Ibis Lille Centre Gares,50.63469,3.070875,H,1164,11
269814,Grande Place,50.63697,3.06367,A,1164,11
269820,Palais des Beaux-Arts de Lille,50.630672,3.062632,A,1164,11
801094,Estaminet Chez la vieille,50.64283,3.066893,R,1164,11
196916,Ibis Lille Centre Gares,50.63469,3.070875,H,1157,11
269814,Grande Place,50.63697,3.06367,A,1157,11
269817,Vieille Bourse,50.63773,3.0642,A,1157,11
269820,Palais des Beaux-Arts de Lille,50.630672,3.062632,A,1157,11
793722,La Chicoree,50.63596,3.063038,R,1157,11
793722,La Chicoree,50.63596,3.063038,R,676,11
801094,Estaminet Chez la vieille,50.64283,3.066893,R,676,11
1322553,Le Coq Hardi,50.63725,3.063351,R,676,11
269814,Grande Place,50.63697,3.06367,A,531,11
269817,Vieille Bourse,50.63773,3.0642,A,531,11
269820,Palais des Beaux-Arts de Lille,50.630672,3.062632,A,531,11
793722,La Chicoree,50.63596,3.063038,R,531,11
1237411,Zango,50.64203,3.06601,R,1210,11
1239099,La Menara,50.634823,3.063313,R,1210,11
247498,"LaM Lille Métropole Musée d'Art Moderne, d'Art Contemporain et d'Art Brut.",50.637512,3.150333,A,840,11
269817,Vieille Bourse,50.63773,3.0642,A,840,11
269820,Palais des Beaux-Arts de Lille,50.630672,3.062632,A,840,11
793722,La Chicoree,50.63596,3.063038,R,840,11
801094,Estaminet Chez la vieille,50.64283,3.066893,R,840,11
196917,Ibis Styles Lille Centre Gare Beffroi,50.63252,3.067851,H,1238,11
247498,"LaM Lille Métropole Musée d'Art Moderne, d'Art Contemporain et d'Art Brut.",50.637512,3.150333,A,1238,11
269814,Grande Place,50.63697,3.06367,A,1238,11
269817,Vieille Bourse,50.63773,3.0642,A,1238,11
269820,Palais des Beaux-Arts de Lille,50.630672,3.062632,A,1238,11
269814,Grande Place,50.63697,3.06367,A,195,11
269817,Vieille Bourse,50.63773,3.0642,A,195,11
269820,Palais des Beaux-Arts de Lille,50.630672,3.062632,A,195,11
2273093,Citadelle de Lille,50.6371,3.05108,A,195,11
2558192,Musee Hospice Comtesse,50.641106,3.063515,A,195,11
247498,"LaM Lille Métropole Musée d'Art Moderne, d'Art Contemporain et d'Art Brut.",50.637512,3.150333,A,826,11
269817,Vieille Bourse,50.63773,3.0642,A,826,11
269820,Palais des Beaux-Arts de Lille,50.630672,3.062632,A,826,11
2273093,Citadelle de Lille,50.6371,3.05108,A,826,11
196917,Ibis Styles Lille Centre Gare Beffroi,50.63252,3.067851,H,1260,11
269814,Grande Place,50.63697,3.06367,A,1260,11
269817,Vieille Bourse,50.63773,3.0642,A,1260,11
793722,La Chicoree,50.63596,3.063038,R,1260,11
196917,Ibis Styles Lille Centre Gare Beffroi,50.63252,3.067851,H,1259,11
269814,Grande Place,50.63697,3.06367,A,1259,11
269817,Vieille Bourse,50.63773,3.0642,A,1259,11
793722,La Chicoree,50.63596,3.063038,R,1259,11
938725,Brasserie de la Paix,50.635815,3.063069,R,1259,11
196917,Ibis Styles Lille Centre Gare Beffroi,50.63252,3.067851,H,1254,11
269814,Grande Place,50.63697,3.06367,A,1254,11
269817,Vieille Bourse,50.63773,3.0642,A,1254,11
734546,Place Rihour,50.635643,3.062659,A,1254,11
247498,"LaM Lille Métropole Musée d'Art Moderne, d'Art Contemporain et d'Art Brut.",50.637512,3.150333,A,789,11
269814,Grande Place,50.63697,3.06367,A,789,11
269820,Palais des Beaux-Arts de Lille,50.630672,3.062632,A,789,11
275111,Crowne Plaza Lille,50.639805,3.07572,H,789,11
247498,"LaM Lille Métropole Musée d'Art Moderne, d'Art Contemporain et d'Art Brut.",50.637512,3.150333,A,832,11
269814,Grande Place,50.63697,3.06367,A,832,11
269817,Vieille Bourse,50.63773,3.0642,A,832,11
269820,Palais des Beaux-Arts de Lille,50.630672,3.062632,A,832,11
734546,Place Rihour,50.635643,3.062659,A,832,11
269814,Grande Place,50.63697,3.06367,A,205,11
269817,Vieille Bourse,50.63773,3.0642,A,205,11
269820,Palais des Beaux-Arts de Lille,50.630672,3.062632,A,205,11
734546,Place Rihour,50.635643,3.062659,A,205,11
2035312,Office de Tourisme de Lille,50.63543,3.061971,A,205,11
196917,Ibis Styles Lille Centre Gare Beffroi,50.63252,3.067851,H,1243,11
269814,Grande Place,50.63697,3.06367,A,1243,11
269817,Vieille Bourse,50.63773,3.0642,A,1243,11
269820,Palais des Beaux-Arts de Lille,50.630672,3.062632,A,1243,11
801094,Estaminet Chez la vieille,50.64283,3.066893,R,1243,11
269814,Grande Place,50.63697,3.06367,A,208,11
269817,Vieille Bourse,50.63773,3.0642,A,208,11
269820,Palais des Beaux-Arts de Lille,50.630672,3.062632,A,208,11
734546,Place Rihour,50.635643,3.062659,A,208,11
2035312,Office de Tourisme de Lille,50.63543,3.061971,A,208,11
196917,Ibis Styles Lille Centre Gare Beffroi,50.63252,3.067851,H,1237,11
247498,"LaM Lille Métropole Musée d'Art Moderne, d'Art Contemporain et d'Art Brut.",50.637512,3.150333,A,1237,11
269814,Grande Place,50.63697,3.06367,A,1237,11
269817,Vieille Bourse,50.63773,3.0642,A,1237,11
269820,Palais des Beaux-Arts de Lille,50.630672,3.062632,A,1237,11
247498,"LaM Lille Métropole Musée d'Art Moderne, d'Art Contemporain et d'Art Brut.",50.637512,3.150333,A,837,11
269817,Vieille Bourse,50.63773,3.0642,A,837,11
269820,Palais des Beaux-Arts de Lille,50.630672,3.062632,A,837,11
734546,Place Rihour,50.635643,3.062659,A,837,11
196917,Ibis Styles Lille Centre Gare Beffroi,50.63252,3.067851,H,1236,11
247498,"LaM Lille Métropole Musée d'Art Moderne, d'Art Contemporain et d'Art Brut.",50.637512,3.150333,A,1236,11
269814,Grande Place,50.63697,3.06367,A,1236,11
269820,Palais des Beaux-Arts de Lille,50.630672,3.062632,A,1236,11
196917,Ibis Styles Lille Centre Gare Beffroi,50.63252,3.067851,H,1235,11
247498,"LaM Lille Métropole Musée d'Art Moderne, d'Art Contemporain et d'Art Brut.",50.637512,3.150333,A,1235,11
269814,Grande Place,50.63697,3.06367,A,1235,11
269820,Palais des Beaux-Arts de Lille,50.630672,3.062632,A,1235,11
269814,Grande Place,50.63697,3.06367,A,212,11
269817,Vieille Bourse,50.63773,3.0642,A,212,11
269820,Palais des Beaux-Arts de Lille,50.630672,3.062632,A,212,11
628635,Novotel Suites Lille Europe hotel,50.638893,3.076883,H,212,11
269814,Grande Place,50.63697,3.06367,A,537,11
269817,Vieille Bourse,50.63773,3.0642,A,537,11
269820,Palais des Beaux-Arts de Lille,50.630672,3.062632,A,537,11
793722,La Chicoree,50.63596,3.063038,R,537,11
801094,Estaminet Chez la vieille,50.64283,3.066893,R,537,11
269814,Grande Place,50.63697,3.06367,A,219,11
269817,Vieille Bourse,50.63773,3.0642,A,219,11
269820,Palais des Beaux-Arts de Lille,50.630672,3.062632,A,219,11
801094,Estaminet Chez la vieille,50.64283,3.066893,R,219,11
269820,Palais des Beaux-Arts de Lille,50.630672,3.062632,A,663,11
2273093,Citadelle de Lille,50.6371,3.05108,A,663,11
2558192,Musee Hospice Comtesse,50.641106,3.063515,A,663,11
247498,"LaM Lille Métropole Musée d'Art Moderne, d'Art Contemporain et d'Art Brut.",50.637512,3.150333,A,835,11
269814,Grande Place,50.63697,3.06367,A,835,11
269817,Vieille Bourse,50.63773,3.0642,A,835,11
269820,Palais des Beaux-Arts de Lille,50.630672,3.062632,A,835,11
1026189,Les Compagnons de la grappe,50.63869,3.063151,R,835,11
269814,Grande Place,50.63697,3.06367,A,221,11
269817,Vieille Bourse,50.63773,3.0642,A,221,11
269820,Palais des Beaux-Arts de Lille,50.630672,3.062632,A,221,11
1322553,Le Coq Hardi,50.63725,3.063351,R,221,11
269814,Grande Place,50.63697,3.06367,A,223,11
269817,Vieille Bourse,50.63773,3.0642,A,223,11
269820,Palais des Beaux-Arts de Lille,50.630672,3.062632,A,223,11
781110,L'assiette du marche,50.64108,3.061831,R,223,11
269814,Grande Place,50.63697,3.06367,A,535,11
269817,Vieille Bourse,50.63773,3.0642,A,535,11
793722,La Chicoree,50.63596,3.063038,R,535,11
801094,Estaminet Chez la vieille,50.64283,3.066893,R,535,11
269814,Grande Place,50.63697,3.06367,A,109,11
269817,Vieille Bourse,50.63773,3.0642,A,109,11
269820,Palais des Beaux-Arts de Lille,50.630672,3.062632,A,109,11
793722,La Chicoree,50.63596,3.063038,R,109,11
801094,Estaminet Chez la vieille,50.64283,3.066893,R,109,11
209260,Westfield Euralille,50.637753,3.072719,A,1399,11
269814,Grande Place,50.63697,3.06367,A,1399,11
269820,Palais des Beaux-Arts de Lille,50.630672,3.062632,A,1399,11
1381296,Meert,50.63768,3.061862,R,1399,11
209260,Westfield Euralille,50.637753,3.072719,A,1384,11
269814,Grande Place,50.63697,3.06367,A,1384,11
269820,Palais des Beaux-Arts de Lille,50.630672,3.062632,A,1384,11
793722,La Chicoree,50.63596,3.063038,R,1384,11
938725,Brasserie de la Paix,50.635815,3.063069,R,1384,11
247498,"LaM Lille Métropole Musée d'Art Moderne, d'Art Contemporain et d'Art Brut.",50.637512,3.150333,A,756,11
269814,Grande Place,50.63697,3.06367,A,756,11
269817,Vieille Bourse,50.63773,3.0642,A,756,11
269820,Palais des Beaux-Arts de Lille,50.630672,3.062632,A,756,11
793722,La Chicoree,50.63596,3.063038,R,756,11
198290,Holiday Inn Express Lille Centre,50.630684,3.058223,H,1561,11
269814,Grande Place,50.63697,3.06367,A,1561,11
269817,Vieille Bourse,50.63773,3.0642,A,1561,11
793722,La Chicoree,50.63596,3.063038,R,1561,11
938725,Brasserie de la Paix,50.635815,3.063069,R,1561,11
198290,Holiday Inn Express Lille Centre,50.630684,3.058223,H,1553,11
269814,Grande Place,50.63697,3.06367,A,1553,11
269817,Vieille Bourse,50.63773,3.0642,A,1553,11
269820,Palais des Beaux-Arts de Lille,50.630672,3.062632,A,1553,11
734546,Place Rihour,50.635643,3.062659,A,1553,11
198290,Holiday Inn Express Lille Centre,50.630684,3.058223,H,1552,11
269814,Grande Place,50.63697,3.06367,A,1552,11
269817,Vieille Bourse,50.63773,3.0642,A,1552,11
269820,Palais des Beaux-Arts de Lille,50.630672,3.062632,A,1552,11
801094,Estaminet Chez la vieille,50.64283,3.066893,R,1552,11
247498,"LaM Lille Métropole Musée d'Art Moderne, d'Art Contemporain et d'Art Brut.",50.637512,3.150333,A,752,11
269814,Grande Place,50.63697,3.06367,A,752,11
269817,Vieille Bourse,50.63773,3.0642,A,752,11
275111,Crowne Plaza Lille,50.639805,3.07572,H,752,11
198290,Holiday Inn Express Lille Centre,50.630684,3.058223,H,1549,11
269814,Grande Place,50.63697,3.06367,A,1549,11
269817,Vieille Bourse,50.63773,3.0642,A,1549,11
269820,Palais des Beaux-Arts de Lille,50.630672,3.062632,A,1549,11
793722,La Chicoree,50.63596,3.063038,R,1549,11
247498,"LaM Lille Métropole Musée d'Art Moderne, d'Art Contemporain et d'Art Brut.",50.637512,3.150333,A,753,11
269814,Grande Place,50.63697,3.06367,A,753,11
269817,Vieille Bourse,50.63773,3.0642,A,753,11
1026189,Les Compagnons de la grappe,50.63869,3.063151,R,753,11
269814,Grande Place,50.63697,3.06367,A,493,11
269820,Palais des Beaux-Arts de Lille,50.630672,3.062632,A,493,11
1322553,Le Coq Hardi,50.63725,3.063351,R,493,11
198290,Holiday Inn Express Lille Centre,50.630684,3.058223,H,1545,11
269814,Grande Place,50.63697,3.06367,A,1545,11
269817,Vieille Bourse,50.63773,3.0642,A,1545,11
269820,Palais des Beaux-Arts de Lille,50.630672,3.062632,A,1545,11
734546,Place Rihour,50.635643,3.062659,A,1545,11
196918,Ibis Styles Lille Centre Grand Place,50.6376,3.06683,H,1538,11
209260,Westfield Euralille,50.637753,3.072719,A,1538,11
269814,Grande Place,50.63697,3.06367,A,1538,11
269820,Palais des Beaux-Arts de Lille,50.630672,3.062632,A,1538,11
196918,Ibis Styles Lille Centre Grand Place,50.6376,3.06683,H,1537,11
209260,Westfield Euralille,50.637753,3.072719,A,1537,11
269814,Grande Place,50.63697,3.06367,A,1537,11
269817,Vieille Bourse,50.63773,3.0642,A,1537,11
269820,Palais des Beaux-Arts de Lille,50.630672,3.062632,A,1537,11
196918,Ibis Styles Lille Centre Grand Place,50.6376,3.06683,H,1536,11
209260,Westfield Euralille,50.637753,3.072719,A,1536,11
269814,Grande Place,50.63697,3.06367,A,1536,11
269817,Vieille Bourse,50.63773,3.0642,A,1536,11
269820,Palais des Beaux-Arts de Lille,50.630672,3.062632,A,1536,11
196918,Ibis Styles Lille Centre Grand Place,50.6376,3.06683,H,1532,11
269814,Grande Place,50.63697,3.06367,A,1532,11
269820,Palais des Beaux-Arts de Lille,50.630672,3.062632,A,1532,11
793722,La Chicoree,50.63596,3.063038,R,1532,11
269814,Grande Place,50.63697,3.06367,A,52,11
269817,Vieille Bourse,50.63773,3.0642,A,52,11
269820,Palais des Beaux-Arts de Lille,50.630672,3.062632,A,52,11
734546,Place Rihour,50.635643,3.062659,A,52,11
2035312,Office de Tourisme de Lille,50.63543,3.061971,A,52,11
269817,Vieille Bourse,50.63773,3.0642,A,576,11
269820,Palais des Beaux-Arts de Lille,50.630672,3.062632,A,576,11
793722,La Chicoree,50.63596,3.063038,R,576,11
801094,Estaminet Chez la vieille,50.64283,3.066893,R,576,11
1381296,Meert,50.63768,3.061862,R,576,11
269814,Grande Place,50.63697,3.06367,A,478,11
269820,Palais des Beaux-Arts de Lille,50.630672,3.062632,A,478,11
734546,Place Rihour,50.635643,3.062659,A,478,11
2035312,Office de Tourisme de Lille,50.63543,3.061971,A,478,11
269814,Grande Place,50.63697,3.06367,A,36,11
269817,Vieille Bourse,50.63773,3.0642,A,36,11
269820,Palais des Beaux-Arts de Lille,50.630672,3.062632,A,36,11
793722,La Chicoree,50.63596,3.063038,R,36,11
795570,L'orange Bleue,50.63866,3.062654,R,36,11
196918,Ibis Styles Lille Centre Grand Place,50.6376,3.06683,H,1520,11
269814,Grande Place,50.63697,3.06367,A,1520,11
269817,Vieille Bourse,50.63773,3.0642,A,1520,11
269820,Palais des Beaux-Arts de Lille,50.630672,3.062632,A,1520,11
793722,La Chicoree,50.63596,3.063038,R,1520,11
269814,Grande Place,50.63697,3.06367,A,39,11
269817,Vieille Bourse,50.63773,3.0642,A,39,11
269820,Palais des Beaux-Arts de Lille,50.630672,3.062632,A,39,11
793722,La Chicoree,50.63596,3.063038,R,39,11
1381296,Meert,50.63768,3.061862,R,39,11
269814,Grande Place,50.63697,3.06367,A,41,11
269817,Vieille Bourse,50.63773,3.0642,A,41,11
269820,Palais des Beaux-Arts de Lille,50.630672,3.062632,A,41,11
793722,La Chicoree,50.63596,3.063038,R,41,11
795570,L'orange Bleue,50.63866,3.062654,R,41,11
196918,Ibis Styles Lille Centre Grand Place,50.6376,3.06683,H,1516,11
269814,Grande Place,50.63697,3.06367,A,1516,11
269817,Vieille Bourse,50.63773,3.0642,A,1516,11
269820,Palais des Beaux-Arts de Lille,50.630672,3.062632,A,1516,11
793722,La Chicoree,50.63596,3.063038,R,1516,11
269814,Grande Place,50.63697,3.06367,A,43,11
269817,Vieille Bourse,50.63773,3.0642,A,43,11
269820,Palais des Beaux-Arts de Lille,50.630672,3.062632,A,43,11
793722,La Chicoree,50.63596,3.063038,R,43,11
812062,Le compostelle,50.637352,3.061673,R,43,11
247498,"LaM Lille Métropole Musée d'Art Moderne, d'Art Contemporain et d'Art Brut.",50.637512,3.150333,A,762,11
269814,Grande Place,50.63697,3.06367,A,762,11
269817,Vieille Bourse,50.63773,3.0642,A,762,11
269820,Palais des Beaux-Arts de Lille,50.630672,3.062632,A,762,11
2273093,Citadelle de Lille,50.6371,3.05108,A,762,11
269817,Vieille Bourse,50.63773,3.0642,A,596,11
269820,Palais des Beaux-Arts de Lille,50.630672,3.062632,A,596,11
2273093,Citadelle de Lille,50.6371,3.05108,A,596,11
2558192,Musee Hospice Comtesse,50.641106,3.063515,A,596,11
877516,le T'Rijsel,50.642075,3.065999,R,1503,11
1026189,Les Compagnons de la grappe,50.63869,3.063151,R,1503,11
269817,Vieille Bourse,50.63773,3.0642,A,578,11
269820,Palais des Beaux-Arts de Lille,50.630672,3.062632,A,578,11
793722,La Chicoree,50.63596,3.063038,R,578,11
810939,La Fossetta,50.634735,3.063161,R,578,11
247498,"LaM Lille Métropole Musée d'Art Moderne, d'Art Contemporain et d'Art Brut.",50.637512,3.150333,A,748,11
269814,Grande Place,50.63697,3.06367,A,748,11
269817,Vieille Bourse,50.63773,3.0642,A,748,11
269820,Palais des Beaux-Arts de Lille,50.630672,3.062632,A,748,11
793722,La Chicoree,50.63596,3.063038,R,748,11
198290,Holiday Inn Express Lille Centre,50.630684,3.058223,H,1569,11
269814,Grande Place,50.63697,3.06367,A,1569,11
269817,Vieille Bourse,50.63773,3.0642,A,1569,11
269820,Palais des Beaux-Arts de Lille,50.630672,3.062632,A,1569,11
734546,Place Rihour,50.635643,3.062659,A,1569,11
198290,Holiday Inn Express Lille Centre,50.630684,3.058223,H,1572,11
269814,Grande Place,50.63697,3.06367,A,1572,11
269820,Palais des Beaux-Arts de Lille,50.630672,3.062632,A,1572,11
734546,Place Rihour,50.635643,3.062659,A,1572,11
9707431,Le Bistrot d'Arnaud,50.69087,2.874516,R,1629,11
11666532,Le Fil Rouge Armentieres,50.686768,2.884372,R,1629,11
269817,Vieille Bourse,50.63773,3.0642,A,583,11
269820,Palais des Beaux-Arts de Lille,50.630672,3.062632,A,583,11
793722,La Chicoree,50.63596,3.063038,R,583,11
1906444,Cafe brasserie de Foy,50.63624,3.063324,R,583,11
269814,Grande Place,50.63697,3.06367,A,11,11
269817,Vieille Bourse,50.63773,3.0642,A,11,11
269820,Palais des Beaux-Arts de Lille,50.630672,3.062632,A,11,11
793722,La Chicoree,50.63596,3.063038,R,11,11
2039935,Brasserie Flore,50.63605,3.063198,R,11,11
269814,Grande Place,50.63697,3.06367,A,12,11
269817,Vieille Bourse,50.63773,3.0642,A,12,11
269820,Palais des Beaux-Arts de Lille,50.630672,3.062632,A,12,11
793722,La Chicoree,50.63596,3.063038,R,12,11
1026189,Les Compagnons de la grappe,50.63869,3.063151,R,12,11
6208344,Bloempot,50.637985,3.058105,R,1619,11
6924198,l'Adresse,50.637848,3.058362,R,1619,11
269814,Grande Place,50.63697,3.06367,A,14,11
269817,Vieille Bourse,50.63773,3.0642,A,14,11
269820,Palais des Beaux-Arts de Lille,50.630672,3.062632,A,14,11
793722,La Chicoree,50.63596,3.063038,R,14,11
1026189,Les Compagnons de la grappe,50.63869,3.063151,R,14,11
5584607,Beffroi de l'Hôtel de Ville,50.62954,3.09971,A,1614,11
7097423,La Gare Saint Sauveur,50.62623,3.06845,A,1614,11
247498,"LaM Lille Métropole Musée d'Art Moderne, d'Art Contemporain et d'Art Brut.",50.637512,3.150333,A,733,11
269814,Grande Place,50.63697,3.06367,A,733,11
269817,Vieille Bourse,50.63773,3.0642,A,733,11
269820,Palais des Beaux-Arts de Lille,50.630672,3.062632,A,733,11
2035312,Office de Tourisme de Lille,50.63543,3.061971,A,733,11
247498,"LaM Lille Métropole Musée d'Art Moderne, d'Art Contemporain et d'Art Brut.",50.637512,3.150333,A,1611,11
4991766,Villa Cavrois,50.66681,3.16304,A,1611,11
1381296,Meert,50.63768,3.061862,R,1609,11
2061883,Brasserie Comptoir 44,50.642216,3.066181,R,1609,11
6847194,Rouge Barre,50.644314,3.059492,R,1605,11
6924198,l'Adresse,50.637848,3.058362,R,1605,11
1381296,Meert,50.63768,3.061862,R,1604,11
2401294,Grill St Anne,50.635464,3.06941,R,1604,11
198290,Holiday Inn Express Lille Centre,50.630684,3.058223,H,1601,11
269820,Palais des Beaux-Arts de Lille,50.630672,3.062632,A,1601,11
269814,Grande Place,50.63697,3.06367,A,486,11
269820,Palais des Beaux-Arts de Lille,50.630672,3.062632,A,486,11
734546,Place Rihour,50.635643,3.062659,A,486,11
2273093,Citadelle de Lille,50.6371,3.05108,A,486,11
6672509,Aux Epherites,50.6297,3.061335,R,1598,11
6847194,Rouge Barre,50.644314,3.059492,R,1598,11
2035312,Office de Tourisme de Lille,50.63543,3.061971,A,1595,11
2272417,Musee d'Histoire Naturelle de Lille,50.6268,3.066587,A,1595,11
247498,"LaM Lille Métropole Musée d'Art Moderne, d'Art Contemporain et d'Art Brut.",50.637512,3.150333,A,737,11
269814,Grande Place,50.63697,3.06367,A,737,11
269817,Vieille Bourse,50.63773,3.0642,A,737,11
269820,Palais des Beaux-Arts de Lille,50.630672,3.062632,A,737,11
275111,Crowne Plaza Lille,50.639805,3.07572,H,737,11
247498,"LaM Lille Métropole Musée d'Art Moderne, d'Art Contemporain et d'Art Brut.",50.637512,3.150333,A,738,11
269814,Grande Place,50.63697,3.06367,A,738,11
269817,Vieille Bourse,50.63773,3.0642,A,738,11
269820,Palais des Beaux-Arts de Lille,50.630672,3.062632,A,738,11
938725,Brasserie de la Paix,50.635815,3.063069,R,738,11
247498,"LaM Lille Métropole Musée d'Art Moderne, d'Art Contemporain et d'Art Brut.",50.637512,3.150333,A,739,11
269814,Grande Place,50.63697,3.06367,A,739,11
269817,Vieille Bourse,50.63773,3.0642,A,739,11
269820,Palais des Beaux-Arts de Lille,50.630672,3.062632,A,739,11
1026189,Les Compagnons de la grappe,50.63869,3.063151,R,739,11
269814,Grande Place,50.63697,3.06367,A,485,11
269820,Palais des Beaux-Arts de Lille,50.630672,3.062632,A,485,11
734546,Place Rihour,50.635643,3.062659,A,485,11
2035312,Office de Tourisme de Lille,50.63543,3.061971,A,485,11
269814,Grande Place,50.63697,3.06367,A,16,11
269817,Vieille Bourse,50.63773,3.0642,A,16,11
269820,Palais des Beaux-Arts de Lille,50.630672,3.062632,A,16,11
793722,La Chicoree,50.63596,3.063038,R,16,11
1381296,Meert,50.63768,3.061862,R,16,11
198290,Holiday Inn Express Lille Centre,50.630684,3.058223,H,1579,11
209260,Westfield Euralille,50.637753,3.072719,A,1579,11
269814,Grande Place,50.63697,3.06367,A,1579,11
269820,Palais des Beaux-Arts de Lille,50.630672,3.062632,A,1579,11
198290,Holiday Inn Express Lille Centre,50.630684,3.058223,H,1576,11
209260,Westfield Euralille,50.637753,3.072719,A,1576,11
269814,Grande Place,50.63697,3.06367,A,1576,11
269817,Vieille Bourse,50.63773,3.0642,A,1576,11
269820,Palais des Beaux-Arts de Lille,50.630672,3.062632,A,1576,11
793722,La Chicoree,50.63596,3.063038,R,1502,11
2530949,Le Barbier qui fume Vieux-Lille,50.641403,3.062165,R,1502,11
247498,"LaM Lille Métropole Musée d'Art Moderne, d'Art Contemporain et d'Art Brut.",50.637512,3.150333,A,766,11
269814,Grande Place,50.63697,3.06367,A,766,11
269817,Vieille Bourse,50.63773,3.0642,A,766,11
269820,Palais des Beaux-Arts de Lille,50.630672,3.062632,A,766,11
2558192,Musee Hospice Comtesse,50.641106,3.063515,A,766,11
269817,Vieille Bourse,50.63773,3.0642,A,617,11
269820,Palais des Beaux-Arts de Lille,50.630672,3.062632,A,617,11
781110,L'assiette du marche,50.64108,3.061831,R,617,11
247498,"LaM Lille Métropole Musée d'Art Moderne, d'Art Contemporain et d'Art Brut.",50.637512,3.150333,A,724,11
269814,Grande Place,50.63697,3.06367,A,724,11
269817,Vieille Bourse,50.63773,3.0642,A,724,11
269820,Palais des Beaux-Arts de Lille,50.630672,3.062632,A,724,11
1026189,Les Compagnons de la grappe,50.63869,3.063151,R,724,11
269817,Vieille Bourse,50.63773,3.0642,A,609,11
269820,Palais des Beaux-Arts de Lille,50.630672,3.062632,A,609,11
734546,Place Rihour,50.635643,3.062659,A,609,11
793722,La Chicoree,50.63596,3.063038,R,609,11
938725,Brasserie de la Paix,50.635815,3.063069,R,609,11
247498,"LaM Lille Métropole Musée d'Art Moderne, d'Art Contemporain et d'Art Brut.",50.637512,3.150333,A,780,11
269814,Grande Place,50.63697,3.06367,A,780,11
269820,Palais des Beaux-Arts de Lille,50.630672,3.062632,A,780,11
793722,La Chicoree,50.63596,3.063038,R,780,11
275111,Crowne Plaza Lille,50.639805,3.07572,H,1434,11
1072502,Le Plaza Restaurant,50.6399,3.07564,R,1434,11
2035312,Office de Tourisme de Lille,50.63543,3.061971,A,1432,11
13387436,Cathédrale de la Treille,50.64051,3.06251,A,1432,11
4462758,Paradis221,50.613056,3.132447,R,1429,11
4736631,Sushi Kyo,50.615627,3.125089,R,1429,11
1381296,Meert,50.63768,3.061862,R,1427,11
2273093,Citadelle de Lille,50.6371,3.05108,A,1427,11
269814,Grande Place,50.63697,3.06367,A,1424,11
795570,L'orange Bleue,50.63866,3.062654,R,1424,11
269817,Vieille Bourse,50.63773,3.0642,A,611,11
269820,Palais des Beaux-Arts de Lille,50.630672,3.062632,A,611,11
628635,Novotel Suites Lille Europe hotel,50.638893,3.076883,H,611,11
209260,Westfield Euralille,50.637753,3.072719,A,1419,11
269814,Grande Place,50.63697,3.06367,A,1419,11
2273093,Citadelle de Lille,50.6371,3.05108,A,1419,11
209260,Westfield Euralille,50.637753,3.072719,A,1416,11
269814,Grande Place,50.63697,3.06367,A,1416,11
793722,La Chicoree,50.63596,3.063038,R,1416,11
801094,Estaminet Chez la vieille,50.64283,3.066893,R,1416,11
269814,Grande Place,50.63697,3.06367,A,495,11
269820,Palais des Beaux-Arts de Lille,50.630672,3.062632,A,495,11
795570,L'orange Bleue,50.63866,3.062654,R,495,11
247498,"LaM Lille Métropole Musée d'Art Moderne, d'Art Contemporain et d'Art Brut.",50.637512,3.150333,A,785,11
269814,Grande Place,50.63697,3.06367,A,785,11
269820,Palais des Beaux-Arts de Lille,50.630672,3.062632,A,785,11
793722,La Chicoree,50.63596,3.063038,R,785,11
801094,Estaminet Chez la vieille,50.64283,3.066893,R,785,11
269814,Grande Place,50.63697,3.06367,A,1491,11
275111,Crowne Plaza Lille,50.639805,3.07572,H,1491,11
793722,La Chicoree,50.63596,3.063038,R,1491,11
1381296,Meert,50.63768,3.061862,R,1491,11
209260,Westfield Euralille,50.637753,3.072719,A,1410,11
269814,Grande Place,50.63697,3.06367,A,1410,11
269820,Palais des Beaux-Arts de Lille,50.630672,3.062632,A,1410,11
793722,La Chicoree,50.63596,3.063038,R,1410,11
1381296,Meert,50.63768,3.061862,R,1410,11
247498,"LaM Lille Métropole Musée d'Art Moderne, d'Art Contemporain et d'Art Brut.",50.637512,3.150333,A,786,11
269814,Grande Place,50.63697,3.06367,A,786,11
269820,Palais des Beaux-Arts de Lille,50.630672,3.062632,A,786,11
793722,La Chicoree,50.63596,3.063038,R,786,11
1381296,Meert,50.63768,3.061862,R,786,11
269814,Grande Place,50.63697,3.06367,A,94,11
269817,Vieille Bourse,50.63773,3.0642,A,94,11
793722,La Chicoree,50.63596,3.063038,R,94,11
801094,Estaminet Chez la vieille,50.64283,3.066893,R,94,11
938725,Brasserie de la Paix,50.635815,3.063069,R,94,11
269817,Vieille Bourse,50.63773,3.0642,A,615,11
269820,Palais des Beaux-Arts de Lille,50.630672,3.062632,A,615,11
801094,Estaminet Chez la vieille,50.64283,3.066893,R,615,11
209260,Westfield Euralille,50.637753,3.072719,A,1401,11
269814,Grande Place,50.63697,3.06367,A,1401,11
734546,Place Rihour,50.635643,3.062659,A,1401,11
196916,Ibis Lille Centre Gares,50.63469,3.070875,H,1149,11
269814,Grande Place,50.63697,3.06367,A,1149,11
269817,Vieille Bourse,50.63773,3.0642,A,1149,11
1381296,Meert,50.63768,3.061862,R,1149,11
269817,Vieille Bourse,50.63773,3.0642,A,565,11
269820,Palais des Beaux-Arts de Lille,50.630672,3.062632,A,565,11
734546,Place Rihour,50.635643,3.062659,A,565,11
793722,La Chicoree,50.63596,3.063038,R,565,11
269814,Grande Place,50.63697,3.06367,A,102,11
269817,Vieille Bourse,50.63773,3.0642,A,102,11
793722,La Chicoree,50.63596,3.063038,R,102,11
801094,Estaminet Chez la vieille,50.64283,3.066893,R,102,11
1381296,Meert,50.63768,3.061862,R,102,11
209260,Westfield Euralille,50.637753,3.072719,A,1392,11
269814,Grande Place,50.63697,3.06367,A,1392,11
269820,Palais des Beaux-Arts de Lille,50.630672,3.062632,A,1392,11
793722,La Chicoree,50.63596,3.063038,R,1392,11
938725,Brasserie de la Paix,50.635815,3.063069,R,1392,11
209260,Westfield Euralille,50.637753,3.072719,A,1391,11
269814,Grande Place,50.63697,3.06367,A,1391,11
269820,Palais des Beaux-Arts de Lille,50.630672,3.062632,A,1391,11
793722,La Chicoree,50.63596,3.063038,R,1391,11
801094,Estaminet Chez la vieille,50.64283,3.066893,R,1391,11
209260,Westfield Euralille,50.637753,3.072719,A,1390,11
269814,Grande Place,50.63697,3.06367,A,1390,11
269820,Palais des Beaux-Arts de Lille,50.630672,3.062632,A,1390,11
793722,La Chicoree,50.63596,3.063038,R,1390,11
1322553,Le Coq Hardi,50.63725,3.063351,R,1390,11
269817,Vieille Bourse,50.63773,3.0642,A,568,11
269820,Palais des Beaux-Arts de Lille,50.630672,3.062632,A,568,11
793722,La Chicoree,50.63596,3.063038,R,568,11
795570,L'orange Bleue,50.63866,3.062654,R,568,11
269820,Palais des Beaux-Arts de Lille,50.630672,3.062632,A,1441,11
801094,Estaminet Chez la vieille,50.64283,3.066893,R,1441,11
793722,La Chicoree,50.63596,3.063038,R,1442,11
813222,La part des Anges,50.641483,3.062089,R,1442,11
269817,Vieille Bourse,50.63773,3.0642,A,606,11
269820,Palais des Beaux-Arts de Lille,50.630672,3.062632,A,606,11
734546,Place Rihour,50.635643,3.062659,A,606,11
2035312,Office de Tourisme de Lille,50.63543,3.061971,A,606,11
269814,Grande Place,50.63697,3.06367,A,56,11
269817,Vieille Bourse,50.63773,3.0642,A,56,11
269820,Palais des Beaux-Arts de Lille,50.630672,3.062632,A,56,11
734546,Place Rihour,50.635643,3.062659,A,56,11
2035312,Office de Tourisme de Lille,50.63543,3.061971,A,56,11
1740729,Hôtel Barrière Lille,50.636845,3.077268,H,1488,11
5607118,Casino Barrière de Lille,50.636463,3.077233,A,1488,11
269814,Grande Place,50.63697,3.06367,A,57,11
269817,Vieille Bourse,50.63773,3.0642,A,57,11
269820,Palais des Beaux-Arts de Lille,50.630672,3.062632,A,57,11
734546,Place Rihour,50.635643,3.062659,A,57,11
2273093,Citadelle de Lille,50.6371,3.05108,A,57,11
3526029,Auberge De La Croix Ou Pile,50.43669,3.294708,R,1485,11
5416584,Estaminet Au Saint Bernard,50.44195,3.261528,R,1485,11
2558192,Musee Hospice Comtesse,50.641106,3.063515,A,1484,11
4408913,Eglise Saint Maurice,50.63588,3.06749,A,1484,11
247498,"LaM Lille Métropole Musée d'Art Moderne, d'Art Contemporain et d'Art Brut.",50.637512,3.150333,A,771,11
269814,Grande Place,50.63697,3.06367,A,771,11
269817,Vieille Bourse,50.63773,3.0642,A,771,11
269820,Palais des Beaux-Arts de Lille,50.630672,3.062632,A,771,11
269814,Grande Place,50.63697,3.06367,A,63,11
269817,Vieille Bourse,50.63773,3.0642,A,63,11
269820,Palais des Beaux-Arts de Lille,50.630672,3.062632,A,63,11
1322553,Le Coq Hardi,50.63725,3.063351,R,63,11
269814,Grande Place,50.63697,3.06367,A,65,11
269817,Vieille Bourse,50.63773,3.0642,A,65,11
269820,Palais des Beaux-Arts de Lille,50.630672,3.062632,A,65,11
795570,L'orange Bleue,50.63866,3.062654,R,65,11
2273093,Citadelle de Lille,50.6371,3.05108,A,1469,11
5584607,Beffroi de l'Hôtel de Ville,50.62954,3.09971,A,1469,11
13387436,Cathédrale de la Treille,50.64051,3.06251,A,1469,11
247498,"LaM Lille Métropole Musée d'Art Moderne, d'Art Contemporain et d'Art Brut.",50.637512,3.150333,A,772,11
269814,Grande Place,50.63697,3.06367,A,772,11
269817,Vieille Bourse,50.63773,3.0642,A,772,11
269820,Palais des Beaux-Arts de Lille,50.630672,3.062632,A,772,11
1026189,Les Compagnons de la grappe,50.63869,3.063151,R,772,11
269814,Grande Place,50.63697,3.06367,A,1463,11
1026189,Les Compagnons de la grappe,50.63869,3.063151,R,1463,11
1381296,Meert,50.63768,3.061862,R,1463,11
269814,Grande Place,50.63697,3.06367,A,1462,11
1381296,Meert,50.63768,3.061862,R,1462,11
4242962,Aux Merveilleux de Fred,50.641388,3.062208,R,1462,11
269814,Grande Place,50.63697,3.06367,A,68,11
269817,Vieille Bourse,50.63773,3.0642,A,68,11
269820,Palais des Beaux-Arts de Lille,50.630672,3.062632,A,68,11
1381296,Meert,50.63768,3.061862,R,68,11
2530949,Le Barbier qui fume Vieux-Lille,50.641403,3.062165,R,68,11
6016790,La Table du Colysee,50.639053,3.035169,R,1460,11
6166986,La Laiterie,50.64,3.033092,R,1460,11
269814,Grande Place,50.63697,3.06367,A,468,11
269820,Palais des Beaux-Arts de Lille,50.630672,3.062632,A,468,11
793722,La Chicoree,50.63596,3.063038,R,468,11
812062,Le compostelle,50.637352,3.061673,R,468,11
269814,Grande Place,50.63697,3.06367,A,72,11
269817,Vieille Bourse,50.63773,3.0642,A,72,11
269820,Palais des Beaux-Arts de Lille,50.630672,3.062632,A,72,11
793722,La Chicoree,50.63596,3.063038,R,72,11
938725,Brasserie de la Paix,50.635815,3.063069,R,72,11
1381296,Meert,50.63768,3.061862,R,1451,11
2234190,La Vieille France,50.64289,3.066842,R,1451,11
793722,La Chicoree,50.63596,3.063038,R,1450,11
1026189,Les Compagnons de la grappe,50.63869,3.063151,R,1450,11
1381296,Meert,50.63768,3.061862,R,1450,11
269814,Grande Place,50.63697,3.06367,A,466,11
269820,Palais des Beaux-Arts de Lille,50.630672,3.062632,A,466,11
793722,La Chicoree,50.63596,3.063038,R,466,11
795570,L'orange Bleue,50.63866,3.062654,R,466,11
269814,Grande Place,50.63697,3.06367,A,77,11
269817,Vieille Bourse,50.63773,3.0642,A,77,11
628635,Novotel Suites Lille Europe hotel,50.638893,3.076883,H,77,11
793722,La Chicoree,50.63596,3.063038,R,77,11
2558192,Musee Hospice Comtesse,50.641106,3.063515,A,1447,11
5584607,Beffroi de l'Hôtel de Ville,50.62954,3.09971,A,1447,11
13387436,Cathédrale de la Treille,50.64051,3.06251,A,1447,11
269814,Grande Place,50.63697,3.06367,A,80,11
269817,Vieille Bourse,50.63773,3.0642,A,80,11
793722,La Chicoree,50.63596,3.063038,R,80,11
2273093,Citadelle de Lille,50.6371,3.05108,A,80,11
247498,"LaM Lille Métropole Musée d'Art Moderne, d'Art Contemporain et d'Art Brut.",50.637512,3.150333,A,778,11
269814,Grande Place,50.63697,3.06367,A,778,11
269820,Palais des Beaux-Arts de Lille,50.630672,3.062632,A,778,11
734546,Place Rihour,50.635643,3.062659,A,778,11
196916,Ibis Lille Centre Gares,50.63469,3.070875,H,1152,11
269814,Grande Place,50.63697,3.06367,A,1152,11
269820,Palais des Beaux-Arts de Lille,50.630672,3.062632,A,1152,11
734546,Place Rihour,50.635643,3.062659,A,1152,11
7762248,Clarance Hotel,50.63889,3.056871,H,1632,11
7928400,La Table - Clarance Hotel Lille,50.63889,3.056949,R,1632,11
196912,Mercure Lille Centre Grand Place,50.63817,3.065553,H,1078,11
196917,Ibis Styles Lille Centre Gare Beffroi,50.63252,3.067851,H,1078,11
209260,Westfield Euralille,50.637753,3.072719,A,1078,11
269814,Grande Place,50.63697,3.06367,A,1078,11
269817,Vieille Bourse,50.63773,3.0642,A,1078,11
810939,La Fossetta,50.634735,3.063161,R,939,11
938725,Brasserie de la Paix,50.635815,3.063069,R,939,11
269817,Vieille Bourse,50.63773,3.0642,A,981,11
793722,La Chicoree,50.63596,3.063038,R,981,11
1026189,Les Compagnons de la grappe,50.63869,3.063151,R,981,11
793722,La Chicoree,50.63596,3.063038,R,995,11
1381296,Meert,50.63768,3.061862,R,995,11
2509707,Il Ristorante,50.634098,3.066001,R,995,11
269814,Grande Place,50.63697,3.06367,A,520,11
269817,Vieille Bourse,50.63773,3.0642,A,520,11
269820,Palais des Beaux-Arts de Lille,50.630672,3.062632,A,520,11
793722,La Chicoree,50.63596,3.063038,R,520,11
1381296,Meert,50.63768,3.061862,R,520,11
269814,Grande Place,50.63697,3.06367,A,1106,11
734546,Place Rihour,50.635643,3.062659,A,1106,11
793722,La Chicoree,50.63596,3.063038,R,1106,11
247498,"LaM Lille Métropole Musée d'Art Moderne, d'Art Contemporain et d'Art Brut.",50.637512,3.150333,A,706,11
269814,Grande Place,50.63697,3.06367,A,706,11
269817,Vieille Bourse,50.63773,3.0642,A,706,11
269820,Palais des Beaux-Arts de Lille,50.630672,3.062632,A,706,11
793722,La Chicoree,50.63596,3.063038,R,997,11
1324334,Quai 38,50.646843,3.057675,R,997,11
1381296,Meert,50.63768,3.061862,R,997,11
795570,L'orange Bleue,50.63866,3.062654,R,1109,11
812062,Le compostelle,50.637352,3.061673,R,1109,11
2291108,Brasserie Andre,50.633263,3.062995,R,1110,11
3536508,Best Western Premier Why Hotel,50.63427,3.061403,H,1110,11
269814,Grande Place,50.63697,3.06367,A,504,11
269820,Palais des Beaux-Arts de Lille,50.630672,3.062632,A,504,11
793722,La Chicoree,50.63596,3.063038,R,504,11
938725,Brasserie de la Paix,50.635815,3.063069,R,504,11
269814,Grande Place,50.63697,3.06367,A,410,11
269817,Vieille Bourse,50.63773,3.0642,A,410,11
269820,Palais des Beaux-Arts de Lille,50.630672,3.062632,A,410,11
734546,Place Rihour,50.635643,3.062659,A,410,11
2273093,Citadelle de Lille,50.6371,3.05108,A,410,11
269814,Grande Place,50.63697,3.06367,A,277,11
269817,Vieille Bourse,50.63773,3.0642,A,277,11
269820,Palais des Beaux-Arts de Lille,50.630672,3.062632,A,277,11
793722,La Chicoree,50.63596,3.063038,R,277,11
2273093,Citadelle de Lille,50.6371,3.05108,A,277,11
196912,Mercure Lille Centre Grand Place,50.63817,3.065553,H,1042,11
269814,Grande Place,50.63697,3.06367,A,1042,11
269820,Palais des Beaux-Arts de Lille,50.630672,3.062632,A,1042,11
734546,Place Rihour,50.635643,3.062659,A,1042,11
196912,Mercure Lille Centre Grand Place,50.63817,3.065553,H,1102,11
269814,Grande Place,50.63697,3.06367,A,1102,11
793722,La Chicoree,50.63596,3.063038,R,1102,11
1381296,Meert,50.63768,3.061862,R,1102,11
269814,Grande Place,50.63697,3.06367,A,518,11
269817,Vieille Bourse,50.63773,3.0642,A,518,11
269820,Palais des Beaux-Arts de Lille,50.630672,3.062632,A,518,11
793722,La Chicoree,50.63596,3.063038,R,518,11
801094,Estaminet Chez la vieille,50.64283,3.066893,R,518,11
269814,Grande Place,50.63697,3.06367,A,401,11
269817,Vieille Bourse,50.63773,3.0642,A,401,11
269820,Palais des Beaux-Arts de Lille,50.630672,3.062632,A,401,11
734546,Place Rihour,50.635643,3.062659,A,401,11
793722,La Chicoree,50.63596,3.063038,R,401,11
196912,Mercure Lille Centre Grand Place,50.63817,3.065553,H,1075,11
247498,"LaM Lille Métropole Musée d'Art Moderne, d'Art Contemporain et d'Art Brut.",50.637512,3.150333,A,1075,11
269814,Grande Place,50.63697,3.06367,A,1075,11
269817,Vieille Bourse,50.63773,3.0642,A,1075,11
269820,Palais des Beaux-Arts de Lille,50.630672,3.062632,A,1075,11
196916,Ibis Lille Centre Gares,50.63469,3.070875,H,1115,11
247498,"LaM Lille Métropole Musée d'Art Moderne, d'Art Contemporain et d'Art Brut.",50.637512,3.150333,A,1115,11
269814,Grande Place,50.63697,3.06367,A,1115,11
269817,Vieille Bourse,50.63773,3.0642,A,1115,11
269820,Palais des Beaux-Arts de Lille,50.630672,3.062632,A,1115,11
196912,Mercure Lille Centre Grand Place,50.63817,3.065553,H,1074,11
247498,"LaM Lille Métropole Musée d'Art Moderne, d'Art Contemporain et d'Art Brut.",50.637512,3.150333,A,1074,11
269814,Grande Place,50.63697,3.06367,A,1074,11
269817,Vieille Bourse,50.63773,3.0642,A,1074,11
269820,Palais des Beaux-Arts de Lille,50.630672,3.062632,A,1074,11
196912,Mercure Lille Centre Grand Place,50.63817,3.065553,H,1073,11
247498,"LaM Lille Métropole Musée d'Art Moderne, d'Art Contemporain et d'Art Brut.",50.637512,3.150333,A,1073,11
269814,Grande Place,50.63697,3.06367,A,1073,11
269820,Palais des Beaux-Arts de Lille,50.630672,3.062632,A,1073,11
196912,Mercure Lille Centre Grand Place,50.63817,3.065553,H,1072,11
247498,"LaM Lille Métropole Musée d'Art Moderne, d'Art Contemporain et d'Art Brut.",50.637512,3.150333,A,1072,11
269814,Grande Place,50.63697,3.06367,A,1072,11
269820,Palais des Beaux-Arts de Lille,50.630672,3.062632,A,1072,11
196916,Ibis Lille Centre Gares,50.63469,3.070875,H,1117,11
247498,"LaM Lille Métropole Musée d'Art Moderne, d'Art Contemporain et d'Art Brut.",50.637512,3.150333,A,1117,11
269814,Grande Place,50.63697,3.06367,A,1117,11
269817,Vieille Bourse,50.63773,3.0642,A,1117,11
269820,Palais des Beaux-Arts de Lille,50.630672,3.062632,A,1117,11
196916,Ibis Lille Centre Gares,50.63469,3.070875,H,1118,11
247498,"LaM Lille Métropole Musée d'Art Moderne, d'Art Contemporain et d'Art Brut.",50.637512,3.150333,A,1118,11
269814,Grande Place,50.63697,3.06367,A,1118,11
269820,Palais des Beaux-Arts de Lille,50.630672,3.062632,A,1118,11
269814,Grande Place,50.63697,3.06367,A,513,11
793722,La Chicoree,50.63596,3.063038,R,513,11
2273093,Citadelle de Lille,50.6371,3.05108,A,513,11
196912,Mercure Lille Centre Grand Place,50.63817,3.065553,H,1037,11
269814,Grande Place,50.63697,3.06367,A,1037,11
269817,Vieille Bourse,50.63773,3.0642,A,1037,11
269820,Palais des Beaux-Arts de Lille,50.630672,3.062632,A,1037,11
734546,Place Rihour,50.635643,3.062659,A,1037,11
196917,Ibis Styles Lille Centre Gare Beffroi,50.63252,3.067851,H,1104,11
793722,La Chicoree,50.63596,3.063038,R,1104,11
196912,Mercure Lille Centre Grand Place,50.63817,3.065553,H,1080,11
196917,Ibis Styles Lille Centre Gare Beffroi,50.63252,3.067851,H,1080,11
269814,Grande Place,50.63697,3.06367,A,1080,11
269817,Vieille Bourse,50.63773,3.0642,A,1080,11
269814,Grande Place,50.63697,3.06367,A,271,11
269817,Vieille Bourse,50.63773,3.0642,A,271,11
793722,La Chicoree,50.63596,3.063038,R,271,11
801094,Estaminet Chez la vieille,50.64283,3.066893,R,271,11
269814,Grande Place,50.63697,3.06367,A,361,11
269817,Vieille Bourse,50.63773,3.0642,A,361,11
269820,Palais des Beaux-Arts de Lille,50.630672,3.062632,A,361,11
734546,Place Rihour,50.635643,3.062659,A,361,11
793722,La Chicoree,50.63596,3.063038,R,361,11
269814,Grande Place,50.63697,3.06367,A,303,11
269817,Vieille Bourse,50.63773,3.0642,A,303,11
734546,Place Rihour,50.635643,3.062659,A,303,11
793722,La Chicoree,50.63596,3.063038,R,303,11
628635,Novotel Suites Lille Europe hotel,50.638893,3.076883,H,956,11
793722,La Chicoree,50.63596,3.063038,R,956,11
801094,Estaminet Chez la vieille,50.64283,3.066893,R,956,11
196912,Mercure Lille Centre Grand Place,50.63817,3.065553,H,1052,11
269814,Grande Place,50.63697,3.06367,A,1052,11
269820,Palais des Beaux-Arts de Lille,50.630672,3.062632,A,1052,11
793722,La Chicoree,50.63596,3.063038,R,1052,11
1381296,Meert,50.63768,3.061862,R,1052,11
247498,"LaM Lille Métropole Musée d'Art Moderne, d'Art Contemporain et d'Art Brut.",50.637512,3.150333,A,869,11
269814,Grande Place,50.63697,3.06367,A,869,11
269817,Vieille Bourse,50.63773,3.0642,A,869,11
269820,Palais des Beaux-Arts de Lille,50.630672,3.062632,A,869,11
2273093,Citadelle de Lille,50.6371,3.05108,A,869,11
269814,Grande Place,50.63697,3.06367,A,510,11
628635,Novotel Suites Lille Europe hotel,50.638893,3.076883,H,510,11
793722,La Chicoree,50.63596,3.063038,R,510,11
1740729,Hôtel Barrière Lille,50.636845,3.077268,H,690,11
1775539,La Terrasse du Parc,50.636677,3.0775,R,690,11
3347481,Les Hauts de Lille,50.636948,3.077259,R,690,11
269820,Palais des Beaux-Arts de Lille,50.630672,3.062632,A,953,11
275111,Crowne Plaza Lille,50.639805,3.07572,H,953,11
269817,Vieille Bourse,50.63773,3.0642,A,985,11
793722,La Chicoree,50.63596,3.063038,R,985,11
909317,La connivence,50.64194,3.065977,R,985,11
247498,"LaM Lille Métropole Musée d'Art Moderne, d'Art Contemporain et d'Art Brut.",50.637512,3.150333,A,870,11
269814,Grande Place,50.63697,3.06367,A,870,11
269817,Vieille Bourse,50.63773,3.0642,A,870,11
269820,Palais des Beaux-Arts de Lille,50.630672,3.062632,A,870,11
1026189,Les Compagnons de la grappe,50.63869,3.063151,R,870,11
269814,Grande Place,50.63697,3.06367,A,293,11
269817,Vieille Bourse,50.63773,3.0642,A,293,11
793722,La Chicoree,50.63596,3.063038,R,293,11
1026189,Les Compagnons de la grappe,50.63869,3.063151,R,293,11
2035312,Office de Tourisme de Lille,50.63543,3.061971,A,949,11
3536508,Best Western Premier Why Hotel,50.63427,3.061403,H,949,11
269817,Vieille Bourse,50.63773,3.0642,A,984,11
793722,La Chicoree,50.63596,3.063038,R,984,11
801094,Estaminet Chez la vieille,50.64283,3.066893,R,984,11
938725,Brasserie de la Paix,50.635815,3.063069,R,984,11
196912,Mercure Lille Centre Grand Place,50.63817,3.065553,H,1081,11
196917,Ibis Styles Lille Centre Gare Beffroi,50.63252,3.067851,H,1081,11
269814,Grande Place,50.63697,3.06367,A,1081,11
269817,Vieille Bourse,50.63773,3.0642,A,1081,11
269820,Palais des Beaux-Arts de Lille,50.630672,3.062632,A,1081,11
247498,"LaM Lille Métropole Musée d'Art Moderne, d'Art Contemporain et d'Art Brut.",50.637512,3.150333,A,878,11
269814,Grande Place,50.63697,3.06367,A,878,11
269820,Palais des Beaux-Arts de Lille,50.630672,3.062632,A,878,11
793722,La Chicoree,50.63596,3.063038,R,878,11
801094,Estaminet Chez la vieille,50.64283,3.066893,R,878,11
269814,Grande Place,50.63697,3.06367,A,353,11
269820,Palais des Beaux-Arts de Lille,50.630672,3.062632,A,353,11
793722,La Chicoree,50.63596,3.063038,R,353,11
1381296,Meert,50.63768,3.061862,R,353,11
269814,Grande Place,50.63697,3.06367,A,288,11
269817,Vieille Bourse,50.63773,3.0642,A,288,11
793722,La Chicoree,50.63596,3.063038,R,288,11
801094,Estaminet Chez la vieille,50.64283,3.066893,R,288,11
938725,Brasserie de la Paix,50.635815,3.063069,R,288,11
269814,Grande Place,50.63697,3.06367,A,306,11
269817,Vieille Bourse,50.63773,3.0642,A,306,11
734546,Place Rihour,50.635643,3.062659,A,306,11
793722,La Chicoree,50.63596,3.063038,R,306,11
196912,Mercure Lille Centre Grand Place,50.63817,3.065553,H,1055,11
196916,Ibis Lille Centre Gares,50.63469,3.070875,H,1055,11
269814,Grande Place,50.63697,3.06367,A,1055,11
269814,Grande Place,50.63697,3.06367,A,364,11
269817,Vieille Bourse,50.63773,3.0642,A,364,11
269820,Palais des Beaux-Arts de Lille,50.630672,3.062632,A,364,11
793722,La Chicoree,50.63596,3.063038,R,364,11
1026189,Les Compagnons de la grappe,50.63869,3.063151,R,364,11
1381296,Meert,50.63768,3.061862,R,961,11
1740729,Hôtel Barrière Lille,50.636845,3.077268,H,961,11
1775539,La Terrasse du Parc,50.636677,3.0775,R,961,11
269814,Grande Place,50.63697,3.06367,A,365,11
269817,Vieille Bourse,50.63773,3.0642,A,365,11
269820,Palais des Beaux-Arts de Lille,50.630672,3.062632,A,365,11
793722,La Chicoree,50.63596,3.063038,R,365,11
1322553,Le Coq Hardi,50.63725,3.063351,R,365,11
1381296,Meert,50.63768,3.061862,R,962,11
1740729,Hôtel Barrière Lille,50.636845,3.077268,H,962,11
4242962,Aux Merveilleux de Fred,50.641388,3.062208,R,962,11
269814,Grande Place,50.63697,3.06367,A,283,11
269817,Vieille Bourse,50.63773,3.0642,A,283,11
269820,Palais des Beaux-Arts de Lille,50.630672,3.062632,A,283,11
793722,La Chicoree,50.63596,3.063038,R,283,11
801094,Estaminet Chez la vieille,50.64283,3.066893,R,283,11
196912,Mercure Lille Centre Grand Place,50.63817,3.065553,H,1056,11
196916,Ibis Lille Centre Gares,50.63469,3.070875,H,1056,11
269814,Grande Place,50.63697,3.06367,A,1056,11
269817,Vieille Bourse,50.63773,3.0642,A,1056,11
196916,Ibis Lille Centre Gares,50.63469,3.070875,H,1120,11
247498,"LaM Lille Métropole Musée d'Art Moderne, d'Art Contemporain et d'Art Brut.",50.637512,3.150333,A,1120,11
269814,Grande Place,50.63697,3.06367,A,1120,11
269817,Vieille Bourse,50.63773,3.0642,A,1120,11
269820,Palais des Beaux-Arts de Lille,50.630672,3.062632,A,1120,11
196916,Ibis Lille Centre Gares,50.63469,3.070875,H,1119,11
247498,"LaM Lille Métropole Musée d'Art Moderne, d'Art Contemporain et d'Art Brut.",50.637512,3.150333,A,1119,11
269814,Grande Place,50.63697,3.06367,A,1119,11
269820,Palais des Beaux-Arts de Lille,50.630672,3.062632,A,1119,11
247498,"LaM Lille Métropole Musée d'Art Moderne, d'Art Contemporain et d'Art Brut.",50.637512,3.150333,A,887,11
269814,Grande Place,50.63697,3.06367,A,887,11
269817,Vieille Bourse,50.63773,3.0642,A,887,11
269820,Palais des Beaux-Arts de Lille,50.630672,3.062632,A,887,11
1026189,Les Compagnons de la grappe,50.63869,3.063151,R,887,11
269814,Grande Place,50.63697,3.06367,A,347,11
269820,Palais des Beaux-Arts de Lille,50.630672,3.062632,A,347,11
793722,La Chicoree,50.63596,3.063038,R,347,11
2039935,Brasserie Flore,50.63605,3.063198,R,347,11
269814,Grande Place,50.63697,3.06367,A,400,11
269817,Vieille Bourse,50.63773,3.0642,A,400,11
269820,Palais des Beaux-Arts de Lille,50.630672,3.062632,A,400,11
734546,Place Rihour,50.635643,3.062659,A,400,11
269814,Grande Place,50.63697,3.06367,A,318,11
269817,Vieille Bourse,50.63773,3.0642,A,318,11
793722,La Chicoree,50.63596,3.063038,R,318,11
1381296,Meert,50.63768,3.061862,R,318,11
196912,Mercure Lille Centre Grand Place,50.63817,3.065553,H,1028,11
269814,Grande Place,50.63697,3.06367,A,1028,11
269817,Vieille Bourse,50.63773,3.0642,A,1028,11
1381296,Meert,50.63768,3.061862,R,1028,11
269814,Grande Place,50.63697,3.06367,A,302,11
269817,Vieille Bourse,50.63773,3.0642,A,302,11
793722,La Chicoree,50.63596,3.063038,R,302,11
909317,La connivence,50.64194,3.065977,R,302,11
269814,Grande Place,50.63697,3.06367,A,384,11
269817,Vieille Bourse,50.63773,3.0642,A,384,11
269820,Palais des Beaux-Arts de Lille,50.630672,3.062632,A,384,11
793722,La Chicoree,50.63596,3.063038,R,384,11
795570,L'orange Bleue,50.63866,3.062654,R,384,11
196912,Mercure Lille Centre Grand Place,50.63817,3.065553,H,1027,11
269814,Grande Place,50.63697,3.06367,A,1027,11
269817,Vieille Bourse,50.63773,3.0642,A,1027,11
269820,Palais des Beaux-Arts de Lille,50.630672,3.062632,A,1027,11
793722,La Chicoree,50.63596,3.063038,R,1027,11
269814,Grande Place,50.63697,3.06367,A,345,11
269817,Vieille Bourse,50.63773,3.0642,A,345,11
269820,Palais des Beaux-Arts de Lille,50.630672,3.062632,A,345,11
793722,La Chicoree,50.63596,3.063038,R,345,11
1381296,Meert,50.63768,3.061862,R,345,11
269814,Grande Place,50.63697,3.06367,A,385,11
269817,Vieille Bourse,50.63773,3.0642,A,385,11
269820,Palais des Beaux-Arts de Lille,50.630672,3.062632,A,385,11
793722,La Chicoree,50.63596,3.063038,R,385,11
1322553,Le Coq Hardi,50.63725,3.063351,R,385,11
247498,"LaM Lille Métropole Musée d'Art Moderne, d'Art Contemporain et d'Art Brut.",50.637512,3.150333,A,894,11
269820,Palais des Beaux-Arts de Lille,50.630672,3.062632,A,894,11
938725,Brasserie de la Paix,50.635815,3.063069,R,894,11
793722,La Chicoree,50.63596,3.063038,R,679,11
810939,La Fossetta,50.634735,3.063161,R,679,11
938725,Brasserie de la Paix,50.635815,3.063069,R,679,11
269814,Grande Place,50.63697,3.06367,A,387,11
269817,Vieille Bourse,50.63773,3.0642,A,387,11
269820,Palais des Beaux-Arts de Lille,50.630672,3.062632,A,387,11
793722,La Chicoree,50.63596,3.063038,R,387,11
1381296,Meert,50.63768,3.061862,R,387,11
247498,"LaM Lille Métropole Musée d'Art Moderne, d'Art Contemporain et d'Art Brut.",50.637512,3.150333,A,882,11
269814,Grande Place,50.63697,3.06367,A,882,11
269820,Palais des Beaux-Arts de Lille,50.630672,3.062632,A,882,11
793722,La Chicoree,50.63596,3.063038,R,882,11
938725,Brasserie de la Paix,50.635815,3.063069,R,882,11
196916,Ibis Lille Centre Gares,50.63469,3.070875,H,1143,11
269814,Grande Place,50.63697,3.06367,A,1143,11
269817,Vieille Bourse,50.63773,3.0642,A,1143,11
269820,Palais des Beaux-Arts de Lille,50.630672,3.062632,A,1143,11
793722,La Chicoree,50.63596,3.063038,R,1143,11
269814,Grande Place,50.63697,3.06367,A,389,11
269817,Vieille Bourse,50.63773,3.0642,A,389,11
269820,Palais des Beaux-Arts de Lille,50.630672,3.062632,A,389,11
793722,La Chicoree,50.63596,3.063038,R,389,11
795570,L'orange Bleue,50.63866,3.062654,R,389,11
196912,Mercure Lille Centre Grand Place,50.63817,3.065553,H,1015,11
269814,Grande Place,50.63697,3.06367,A,1015,11
269817,Vieille Bourse,50.63773,3.0642,A,1015,11
269820,Palais des Beaux-Arts de Lille,50.630672,3.062632,A,1015,11
734546,Place Rihour,50.635643,3.062659,A,1015,11
247498,"LaM Lille Métropole Musée d'Art Moderne, d'Art Contemporain et d'Art Brut.",50.637512,3.150333,A,875,11
269814,Grande Place,50.63697,3.06367,A,875,11
269820,Palais des Beaux-Arts de Lille,50.630672,3.062632,A,875,11
793722,La Chicoree,50.63596,3.063038,R,875,11
269814,Grande Place,50.63697,3.06367,A,297,11
269817,Vieille Bourse,50.63773,3.0642,A,297,11
793722,La Chicoree,50.63596,3.063038,R,297,11
801094,Estaminet Chez la vieille,50.64283,3.066893,R,297,11
938725,Brasserie de la Paix,50.635815,3.063069,R,297,11
196916,Ibis Lille Centre Gares,50.63469,3.070875,H,1144,11
269814,Grande Place,50.63697,3.06367,A,1144,11
269817,Vieille Bourse,50.63773,3.0642,A,1144,11
269820,Palais des Beaux-Arts de Lille,50.630672,3.062632,A,1144,11
793722,La Chicoree,50.63596,3.063038,R,1144,11
196912,Mercure Lille Centre Grand Place,50.63817,3.065553,H,1066,11
247498,"LaM Lille Métropole Musée d'Art Moderne, d'Art Contemporain et d'Art Brut.",50.637512,3.150333,A,1066,11
269814,Grande Place,50.63697,3.06367,A,1066,11
269817,Vieille Bourse,50.63773,3.0642,A,1066,11
793722,La Chicoree,50.63596,3.063038,R,1066,11
196912,Mercure Lille Centre Grand Place,50.63817,3.065553,H,1021,11
269814,Grande Place,50.63697,3.06367,A,1021,11
269817,Vieille Bourse,50.63773,3.0642,A,1021,11
269820,Palais des Beaux-Arts de Lille,50.630672,3.062632,A,1021,11
1381296,Meert,50.63768,3.061862,R,1021,11
269814,Grande Place,50.63697,3.06367,A,398,11
269817,Vieille Bourse,50.63773,3.0642,A,398,11
269820,Palais des Beaux-Arts de Lille,50.630672,3.062632,A,398,11
734546,Place Rihour,50.635643,3.062659,A,398,11
793722,La Chicoree,50.63596,3.063038,R,398,11
196916,Ibis Lille Centre Gares,50.63469,3.070875,H,1146,11
269814,Grande Place,50.63697,3.06367,A,1146,11
269817,Vieille Bourse,50.63773,3.0642,A,1146,11
269820,Palais des Beaux-Arts de Lille,50.630672,3.062632,A,1146,11
801094,Estaminet Chez la vieille,50.64283,3.066893,R,1146,11
269817,Vieille Bourse,50.63773,3.0642,A,975,11
269820,Palais des Beaux-Arts de Lille,50.630672,3.062632,A,975,11
793722,La Chicoree,50.63596,3.063038,R,975,11
801094,Estaminet Chez la vieille,50.64283,3.066893,R,975,11
269814,Grande Place,50.63697,3.06367,A,311,11
269817,Vieille Bourse,50.63773,3.0642,A,311,11
795570,L'orange Bleue,50.63866,3.062654,R,311,11
269817,Vieille Bourse,50.63773,3.0642,A,986,11
734546,Place Rihour,50.635643,3.062659,A,986,11
793722,La Chicoree,50.63596,3.063038,R,986,11
247498,"LaM Lille Métropole Musée d'Art Moderne, d'Art Contemporain et d'Art Brut.",50.637512,3.150333,A,885,11
269814,Grande Place,50.63697,3.06367,A,885,11
269820,Palais des Beaux-Arts de Lille,50.630672,3.062632,A,885,11
2273093,Citadelle de Lille,50.6371,3.05108,A,885,11
196916,Ibis Lille Centre Gares,50.63469,3.070875,H,1129,11
269814,Grande Place,50.63697,3.06367,A,1129,11
269817,Vieille Bourse,50.63773,3.0642,A,1129,11
269820,Palais des Beaux-Arts de Lille,50.630672,3.062632,A,1129,11
801094,Estaminet Chez la vieille,50.64283,3.066893,R,1129,11
269820,Palais des Beaux-Arts de Lille,50.630672,3.062632,A,935,11
628635,Novotel Suites Lille Europe hotel,50.638893,3.076883,H,935,11
269814,Grande Place,50.63697,3.06367,A,328,11
269817,Vieille Bourse,50.63773,3.0642,A,328,11
275111,Crowne Plaza Lille,50.639805,3.07572,H,328,11
793722,La Chicoree,50.63596,3.063038,R,328,11
1381296,Meert,50.63768,3.061862,R,328,11
196916,Ibis Lille Centre Gares,50.63469,3.070875,H,1124,11
269814,Grande Place,50.63697,3.06367,A,1124,11
269817,Vieille Bourse,50.63773,3.0642,A,1124,11
269820,Palais des Beaux-Arts de Lille,50.630672,3.062632,A,1124,11
734546,Place Rihour,50.635643,3.062659,A,1124,11
196912,Mercure Lille Centre Grand Place,50.63817,3.065553,H,1071,11
247498,"LaM Lille Métropole Musée d'Art Moderne, d'Art Contemporain et d'Art Brut.",50.637512,3.150333,A,1071,11
269814,Grande Place,50.63697,3.06367,A,1071,11
793722,La Chicoree,50.63596,3.063038,R,1071,11
269814,Grande Place,50.63697,3.06367,A,268,11
269817,Vieille Bourse,50.63773,3.0642,A,268,11
269820,Palais des Beaux-Arts de Lille,50.630672,3.062632,A,268,11
793722,La Chicoree,50.63596,3.063038,R,268,11
196920,Ibis Lille Centre Grand Place,50.638317,3.06293,H,932,11
269814,Grande Place,50.63697,3.06367,A,932,11
269817,Vieille Bourse,50.63773,3.0642,A,932,11
269820,Palais des Beaux-Arts de Lille,50.630672,3.062632,A,932,11
196912,Mercure Lille Centre Grand Place,50.63817,3.065553,H,1008,11
269814,Grande Place,50.63697,3.06367,A,1008,11
269817,Vieille Bourse,50.63773,3.0642,A,1008,11
269820,Palais des Beaux-Arts de Lille,50.630672,3.062632,A,1008,11
734546,Place Rihour,50.635643,3.062659,A,1008,11
269814,Grande Place,50.63697,3.06367,A,426,11
269817,Vieille Bourse,50.63773,3.0642,A,426,11
269820,Palais des Beaux-Arts de Lille,50.630672,3.062632,A,426,11
793722,La Chicoree,50.63596,3.063038,R,426,11
1381296,Meert,50.63768,3.061862,R,426,11
196912,Mercure Lille Centre Grand Place,50.63817,3.065553,H,1070,11
247498,"LaM Lille Métropole Musée d'Art Moderne, d'Art Contemporain et d'Art Brut.",50.637512,3.150333,A,1070,11
269814,Grande Place,50.63697,3.06367,A,1070,11
269820,Palais des Beaux-Arts de Lille,50.630672,3.062632,A,1070,11
793722,La Chicoree,50.63596,3.063038,R,1070,11
196912,Mercure Lille Centre Grand Place,50.63817,3.065553,H,1033,11
269814,Grande Place,50.63697,3.06367,A,1033,11
269817,Vieille Bourse,50.63773,3.0642,A,1033,11
793722,La Chicoree,50.63596,3.063038,R,1033,11
1381296,Meert,50.63768,3.061862,R,1033,11
196920,Ibis Lille Centre Grand Place,50.638317,3.06293,H,930,11
269814,Grande Place,50.63697,3.06367,A,930,11
269817,Vieille Bourse,50.63773,3.0642,A,930,11
269820,Palais des Beaux-Arts de Lille,50.630672,3.062632,A,930,11
269814,Grande Place,50.63697,3.06367,A,427,11
269817,Vieille Bourse,50.63773,3.0642,A,427,11
269820,Palais des Beaux-Arts de Lille,50.630672,3.062632,A,427,11
793722,La Chicoree,50.63596,3.063038,R,427,11
801094,Estaminet Chez la vieille,50.64283,3.066893,R,427,11
196912,Mercure Lille Centre Grand Place,50.63817,3.065553,H,1058,11
196916,Ibis Lille Centre Gares,50.63469,3.070875,H,1058,11
269814,Grande Place,50.63697,3.06367,A,1058,11
269817,Vieille Bourse,50.63773,3.0642,A,1058,11
269820,Palais des Beaux-Arts de Lille,50.630672,3.062632,A,1058,11
196920,Ibis Lille Centre Grand Place,50.638317,3.06293,H,929,11
269814,Grande Place,50.63697,3.06367,A,929,11
269817,Vieille Bourse,50.63773,3.0642,A,929,11
269820,Palais des Beaux-Arts de Lille,50.630672,3.062632,A,929,11
300759,Ibis Budget Lille Centre,50.64224,3.067874,H,1500,10
793722,La Chicoree,50.63596,3.063038,R,1500,10
269817,Vieille Bourse,50.63773,3.0642,A,982,10
781110,L'assiette du marche,50.64108,3.061831,R,982,10
793722,La Chicoree,50.63596,3.063038,R,982,10
269817,Vieille Bourse,50.63773,3.0642,A,976,10
269820,Palais des Beaux-Arts de Lille,50.630672,3.062632,A,976,10
793722,La Chicoree,50.63596,3.063038,R,976,10
938725,Brasserie de la Paix,50.635815,3.063069,R,976,10
269820,Palais des Beaux-Arts de Lille,50.630672,3.062632,A,1480,10
793722,La Chicoree,50.63596,3.063038,R,1480,10
801094,Estaminet Chez la vieille,50.64283,3.066893,R,1480,10
938725,Brasserie de la Paix,50.635815,3.063069,R,1480,10
269814,Grande Place,50.63697,3.06367,A,1493,10
13387436,Cathédrale de la Treille,50.64051,3.06251,A,1493,10
247498,"LaM Lille Métropole Musée d'Art Moderne, d'Art Contemporain et d'Art Brut.",50.637512,3.150333,A,768,10
269814,Grande Place,50.63697,3.06367,A,768,10
269817,Vieille Bourse,50.63773,3.0642,A,768,10
269820,Palais des Beaux-Arts de Lille,50.630672,3.062632,A,768,10
275111,Crowne Plaza Lille,50.639805,3.07572,H,768,10
247498,"LaM Lille Métropole Musée d'Art Moderne, d'Art Contemporain et d'Art Brut.",50.637512,3.150333,A,892,10
269820,Palais des Beaux-Arts de Lille,50.630672,3.062632,A,892,10
2035312,Office de Tourisme de Lille,50.63543,3.061971,A,892,10
269814,Grande Place,50.63697,3.06367,A,507,10
269820,Palais des Beaux-Arts de Lille,50.630672,3.062632,A,507,10
5584607,Beffroi de l'Hôtel de Ville,50.62954,3.09971,A,507,10
269814,Grande Place,50.63697,3.06367,A,1492,10
269817,Vieille Bourse,50.63773,3.0642,A,1492,10
275111,Crowne Plaza Lille,50.639805,3.07572,H,1492,10
793722,La Chicoree,50.63596,3.063038,R,1492,10
1381296,Meert,50.63768,3.061862,R,1482,10
1393095,Les Remparts,50.64384,3.068014,R,1482,10
196918,Ibis Styles Lille Centre Grand Place,50.6376,3.06683,H,1498,10
269814,Grande Place,50.63697,3.06367,A,1498,10
269817,Vieille Bourse,50.63773,3.0642,A,1498,10
269820,Palais des Beaux-Arts de Lille,50.630672,3.062632,A,1498,10
269817,Vieille Bourse,50.63773,3.0642,A,979,10
793722,La Chicoree,50.63596,3.063038,R,979,10
3536508,Best Western Premier Why Hotel,50.63427,3.061403,H,979,10
196918,Ibis Styles Lille Centre Grand Place,50.6376,3.06683,H,1496,10
269820,Palais des Beaux-Arts de Lille,50.630672,3.062632,A,1496,10
247498,"LaM Lille Métropole Musée d'Art Moderne, d'Art Contemporain et d'Art Brut.",50.637512,3.150333,A,769,10
269814,Grande Place,50.63697,3.06367,A,769,10
269817,Vieille Bourse,50.63773,3.0642,A,769,10
269820,Palais des Beaux-Arts de Lille,50.630672,3.062632,A,769,10
938725,Brasserie de la Paix,50.635815,3.063069,R,769,10
269814,Grande Place,50.63697,3.06367,A,471,10
269820,Palais des Beaux-Arts de Lille,50.630672,3.062632,A,471,10
2273093,Citadelle de Lille,50.6371,3.05108,A,471,10
2558192,Musee Hospice Comtesse,50.641106,3.063515,A,471,10
196918,Ibis Styles Lille Centre Grand Place,50.6376,3.06683,H,1497,10
269817,Vieille Bourse,50.63773,3.0642,A,1497,10
269820,Palais des Beaux-Arts de Lille,50.630672,3.062632,A,1497,10
269814,Grande Place,50.63697,3.06367,A,55,10
269817,Vieille Bourse,50.63773,3.0642,A,55,10
269820,Palais des Beaux-Arts de Lille,50.630672,3.062632,A,55,10
734546,Place Rihour,50.635643,3.062659,A,55,10
1026189,Les Compagnons de la grappe,50.63869,3.063151,R,55,10
269817,Vieille Bourse,50.63773,3.0642,A,978,10
793722,La Chicoree,50.63596,3.063038,R,978,10
938725,Brasserie de la Paix,50.635815,3.063069,R,978,10
1381296,Meert,50.63768,3.061862,R,978,10
269814,Grande Place,50.63697,3.06367,A,336,10
269820,Palais des Beaux-Arts de Lille,50.630672,3.062632,A,336,10
628635,Novotel Suites Lille Europe hotel,50.638893,3.076883,H,336,10
793722,La Chicoree,50.63596,3.063038,R,336,10
269817,Vieille Bourse,50.63773,3.0642,A,573,10
269820,Palais des Beaux-Arts de Lille,50.630672,3.062632,A,573,10
734546,Place Rihour,50.635643,3.062659,A,573,10
793722,La Chicoree,50.63596,3.063038,R,573,10
801094,Estaminet Chez la vieille,50.64283,3.066893,R,573,10
247498,"LaM Lille Métropole Musée d'Art Moderne, d'Art Contemporain et d'Art Brut.",50.637512,3.150333,A,888,10
269814,Grande Place,50.63697,3.06367,A,888,10
269820,Palais des Beaux-Arts de Lille,50.630672,3.062632,A,888,10
938725,Brasserie de la Paix,50.635815,3.063069,R,888,10
269814,Grande Place,50.63697,3.06367,A,61,10
269817,Vieille Bourse,50.63773,3.0642,A,61,10
269820,Palais des Beaux-Arts de Lille,50.630672,3.062632,A,61,10
734546,Place Rihour,50.635643,3.062659,A,61,10
793722,La Chicoree,50.63596,3.063038,R,61,10
793722,La Chicoree,50.63596,3.063038,R,998,10
1381296,Meert,50.63768,3.061862,R,998,10
2291108,Brasserie Andre,50.633263,3.062995,R,998,10
1322553,Le Coq Hardi,50.63725,3.063351,R,1002,10
1381296,Meert,50.63768,3.061862,R,1002,10
269814,Grande Place,50.63697,3.06367,A,329,10
269817,Vieille Bourse,50.63773,3.0642,A,329,10
13387436,Cathédrale de la Treille,50.64051,3.06251,A,329,10
269814,Grande Place,50.63697,3.06367,A,325,10
269817,Vieille Bourse,50.63773,3.0642,A,325,10
793722,La Chicoree,50.63596,3.063038,R,325,10
1381296,Meert,50.63768,3.061862,R,325,10
269814,Grande Place,50.63697,3.06367,A,324,10
269817,Vieille Bourse,50.63773,3.0642,A,324,10
1381296,Meert,50.63768,3.061862,R,324,10
4242962,Aux Merveilleux de Fred,50.641388,3.062208,R,324,10
196912,Mercure Lille Centre Grand Place,50.63817,3.065553,H,1009,10
269814,Grande Place,50.63697,3.06367,A,1009,10
269817,Vieille Bourse,50.63773,3.0642,A,1009,10
269820,Palais des Beaux-Arts de Lille,50.630672,3.062632,A,1009,10
1026189,Les Compagnons de la grappe,50.63869,3.063151,R,1009,10
269817,Vieille Bourse,50.63773,3.0642,A,607,10
269820,Palais des Beaux-Arts de Lille,50.630672,3.062632,A,607,10
734546,Place Rihour,50.635643,3.062659,A,607,10
2558192,Musee Hospice Comtesse,50.641106,3.063515,A,607,10
269817,Vieille Bourse,50.63773,3.0642,A,1439,10
1026189,Les Compagnons de la grappe,50.63869,3.063151,R,1439,10
247498,"LaM Lille Métropole Musée d'Art Moderne, d'Art Contemporain et d'Art Brut.",50.637512,3.150333,A,884,10
269814,Grande Place,50.63697,3.06367,A,884,10
269820,Palais des Beaux-Arts de Lille,50.630672,3.062632,A,884,10
793722,La Chicoree,50.63596,3.063038,R,884,10
1381296,Meert,50.63768,3.061862,R,884,10
247498,"LaM Lille Métropole Musée d'Art Moderne, d'Art Contemporain et d'Art Brut.",50.637512,3.150333,A,779,10
269814,Grande Place,50.63697,3.06367,A,779,10
269820,Palais des Beaux-Arts de Lille,50.630672,3.062632,A,779,10
2558192,Musee Hospice Comtesse,50.641106,3.063515,A,779,10
269814,Grande Place,50.63697,3.06367,A,406,10
269817,Vieille Bourse,50.63773,3.0642,A,406,10
269820,Palais des Beaux-Arts de Lille,50.630672,3.062632,A,406,10
734546,Place Rihour,50.635643,3.062659,A,406,10
2558192,Musee Hospice Comtesse,50.641106,3.063515,A,406,10
269820,Palais des Beaux-Arts de Lille,50.630672,3.062632,A,1433,10
13387436,Cathédrale de la Treille,50.64051,3.06251,A,1433,10
269814,Grande Place,50.63697,3.06367,A,317,10
269817,Vieille Bourse,50.63773,3.0642,A,317,10
1026189,Les Compagnons de la grappe,50.63869,3.063151,R,317,10
1381296,Meert,50.63768,3.061862,R,317,10
269817,Vieille Bourse,50.63773,3.0642,A,610,10
269820,Palais des Beaux-Arts de Lille,50.630672,3.062632,A,610,10
734546,Place Rihour,50.635643,3.062659,A,610,10
793722,La Chicoree,50.63596,3.063038,R,610,10
269814,Grande Place,50.63697,3.06367,A,87,10
269817,Vieille Bourse,50.63773,3.0642,A,87,10
793722,La Chicoree,50.63596,3.063038,R,87,10
801094,Estaminet Chez la vieille,50.64283,3.066893,R,87,10
269814,Grande Place,50.63697,3.06367,A,88,10
269817,Vieille Bourse,50.63773,3.0642,A,88,10
793722,La Chicoree,50.63596,3.063038,R,88,10
801094,Estaminet Chez la vieille,50.64283,3.066893,R,88,10
1381296,Meert,50.63768,3.061862,R,88,10
196912,Mercure Lille Centre Grand Place,50.63817,3.065553,H,1016,10
269814,Grande Place,50.63697,3.06367,A,1016,10
269817,Vieille Bourse,50.63773,3.0642,A,1016,10
269820,Palais des Beaux-Arts de Lille,50.630672,3.062632,A,1016,10
2558192,Musee Hospice Comtesse,50.641106,3.063515,A,1016,10
793722,La Chicoree,50.63596,3.063038,R,1426,10
2035312,Office de Tourisme de Lille,50.63543,3.061971,A,1426,10
269814,Grande Place,50.63697,3.06367,A,89,10
269817,Vieille Bourse,50.63773,3.0642,A,89,10
793722,La Chicoree,50.63596,3.063038,R,89,10
801094,Estaminet Chez la vieille,50.64283,3.066893,R,89,10
938725,Brasserie de la Paix,50.635815,3.063069,R,89,10
196912,Mercure Lille Centre Grand Place,50.63817,3.065553,H,1017,10
269814,Grande Place,50.63697,3.06367,A,1017,10
269817,Vieille Bourse,50.63773,3.0642,A,1017,10
269820,Palais des Beaux-Arts de Lille,50.630672,3.062632,A,1017,10
1026189,Les Compagnons de la grappe,50.63869,3.063151,R,1017,10
209260,Westfield Euralille,50.637753,3.072719,A,1423,10
269814,Grande Place,50.63697,3.06367,A,1423,10
793722,La Chicoree,50.63596,3.063038,R,1423,10
1381296,Meert,50.63768,3.061862,R,1423,10
269814,Grande Place,50.63697,3.06367,A,316,10
269817,Vieille Bourse,50.63773,3.0642,A,316,10
1381296,Meert,50.63768,3.061862,R,316,10
4242962,Aux Merveilleux de Fred,50.641388,3.062208,R,316,10
793722,La Chicoree,50.63596,3.063038,R,1001,10
801094,Estaminet Chez la vieille,50.64283,3.066893,R,1001,10
1381296,Meert,50.63768,3.061862,R,1001,10
269814,Grande Place,50.63697,3.06367,A,75,10
269817,Vieille Bourse,50.63773,3.0642,A,75,10
269820,Palais des Beaux-Arts de Lille,50.630672,3.062632,A,75,10
277055,Mercure Lille Centre Vieux Lille,50.641758,3.066637,H,75,10
269817,Vieille Bourse,50.63773,3.0642,A,1477,10
793722,La Chicoree,50.63596,3.063038,R,1477,10
1381296,Meert,50.63768,3.061862,R,1477,10
269814,Grande Place,50.63697,3.06367,A,74,10
269817,Vieille Bourse,50.63773,3.0642,A,74,10
269820,Palais des Beaux-Arts de Lille,50.630672,3.062632,A,74,10
5584607,Beffroi de l'Hôtel de Ville,50.62954,3.09971,A,74,10
269817,Vieille Bourse,50.63773,3.0642,A,1476,10
1381296,Meert,50.63768,3.061862,R,1476,10
4242962,Aux Merveilleux de Fred,50.641388,3.062208,R,1476,10
269817,Vieille Bourse,50.63773,3.0642,A,571,10
269820,Palais des Beaux-Arts de Lille,50.630672,3.062632,A,571,10
734546,Place Rihour,50.635643,3.062659,A,571,10
793722,La Chicoree,50.63596,3.063038,R,571,10
196918,Ibis Styles Lille Centre Grand Place,50.6376,3.06683,H,1474,10
269814,Grande Place,50.63697,3.06367,A,1474,10
269817,Vieille Bourse,50.63773,3.0642,A,1474,10
269820,Palais des Beaux-Arts de Lille,50.630672,3.062632,A,1474,10
793722,La Chicoree,50.63596,3.063038,R,1474,10
196918,Ibis Styles Lille Centre Grand Place,50.6376,3.06683,H,1473,10
269814,Grande Place,50.63697,3.06367,A,1473,10
269820,Palais des Beaux-Arts de Lille,50.630672,3.062632,A,1473,10
793722,La Chicoree,50.63596,3.063038,R,1473,10
196918,Ibis Styles Lille Centre Grand Place,50.6376,3.06683,H,1472,10
269820,Palais des Beaux-Arts de Lille,50.630672,3.062632,A,1472,10
793722,La Chicoree,50.63596,3.063038,R,1472,10
247498,"LaM Lille Métropole Musée d'Art Moderne, d'Art Contemporain et d'Art Brut.",50.637512,3.150333,A,891,10
269814,Grande Place,50.63697,3.06367,A,891,10
269820,Palais des Beaux-Arts de Lille,50.630672,3.062632,A,891,10
1381296,Meert,50.63768,3.061862,R,891,10
269814,Grande Place,50.63697,3.06367,A,332,10
269817,Vieille Bourse,50.63773,3.0642,A,332,10
2273093,Citadelle de Lille,50.6371,3.05108,A,332,10
247498,"LaM Lille Métropole Musée d'Art Moderne, d'Art Contemporain et d'Art Brut.",50.637512,3.150333,A,890,10
269814,Grande Place,50.63697,3.06367,A,890,10
269820,Palais des Beaux-Arts de Lille,50.630672,3.062632,A,890,10
1381296,Meert,50.63768,3.061862,R,890,10
269814,Grande Place,50.63697,3.06367,A,331,10
269817,Vieille Bourse,50.63773,3.0642,A,331,10
2039935,Brasserie Flore,50.63605,3.063198,R,331,10
793722,La Chicoree,50.63596,3.063038,R,1467,10
801700,Le Rihour's,50.635845,3.063239,R,1467,10
269814,Grande Place,50.63697,3.06367,A,1466,10
801094,Estaminet Chez la vieille,50.64283,3.066893,R,1466,10
1381296,Meert,50.63768,3.061862,R,1466,10
247498,"LaM Lille Métropole Musée d'Art Moderne, d'Art Contemporain et d'Art Brut.",50.637512,3.150333,A,773,10
269814,Grande Place,50.63697,3.06367,A,773,10
269820,Palais des Beaux-Arts de Lille,50.630672,3.062632,A,773,10
795570,L'orange Bleue,50.63866,3.062654,R,773,10
793722,La Chicoree,50.63596,3.063038,R,991,10
1381296,Meert,50.63768,3.061862,R,991,10
2273093,Citadelle de Lille,50.6371,3.05108,A,991,10
793722,La Chicoree,50.63596,3.063038,R,992,10
938725,Brasserie de la Paix,50.635815,3.063069,R,992,10
1381296,Meert,50.63768,3.061862,R,992,10
247498,"LaM Lille Métropole Musée d'Art Moderne, d'Art Contemporain et d'Art Brut.",50.637512,3.150333,A,889,10
269814,Grande Place,50.63697,3.06367,A,889,10
269820,Palais des Beaux-Arts de Lille,50.630672,3.062632,A,889,10
275111,Crowne Plaza Lille,50.639805,3.07572,H,889,10
269814,Grande Place,50.63697,3.06367,A,341,10
269820,Palais des Beaux-Arts de Lille,50.630672,3.062632,A,341,10
793722,La Chicoree,50.63596,3.063038,R,341,10
810939,La Fossetta,50.634735,3.063161,R,341,10
793722,La Chicoree,50.63596,3.063038,R,996,10
1381296,Meert,50.63768,3.061862,R,996,10
3536508,Best Western Premier Why Hotel,50.63427,3.061403,H,996,10
269814,Grande Place,50.63697,3.06367,A,73,10
269817,Vieille Bourse,50.63773,3.0642,A,73,10
269820,Palais des Beaux-Arts de Lille,50.630672,3.062632,A,73,10
938725,Brasserie de la Paix,50.635815,3.063069,R,73,10
1381296,Meert,50.63768,3.061862,R,73,10
2035312,Office de Tourisme de Lille,50.63543,3.061971,A,1456,10
5584607,Beffroi de l'Hôtel de Ville,50.62954,3.09971,A,1456,10
13387436,Cathédrale de la Treille,50.64051,3.06251,A,1456,10
269817,Vieille Bourse,50.63773,3.0642,A,603,10
269820,Palais des Beaux-Arts de Lille,50.630672,3.062632,A,603,10
734546,Place Rihour,50.635643,3.062659,A,603,10
793722,La Chicoree,50.63596,3.063038,R,603,10
801094,Estaminet Chez la vieille,50.64283,3.066893,R,603,10
269817,Vieille Bourse,50.63773,3.0642,A,604,10
269820,Palais des Beaux-Arts de Lille,50.630672,3.062632,A,604,10
734546,Place Rihour,50.635643,3.062659,A,604,10
793722,La Chicoree,50.63596,3.063038,R,604,10
1381296,Meert,50.63768,3.061862,R,604,10
247498,"LaM Lille Métropole Musée d'Art Moderne, d'Art Contemporain et d'Art Brut.",50.637512,3.150333,A,765,10
269814,Grande Place,50.63697,3.06367,A,765,10
269817,Vieille Bourse,50.63773,3.0642,A,765,10
269820,Palais des Beaux-Arts de Lille,50.630672,3.062632,A,765,10
2035312,Office de Tourisme de Lille,50.63543,3.061971,A,765,10
269814,Grande Place,50.63697,3.06367,A,429,10
269817,Vieille Bourse,50.63773,3.0642,A,429,10
269820,Palais des Beaux-Arts de Lille,50.630672,3.062632,A,429,10
275111,Crowne Plaza Lille,50.639805,3.07572,H,429,10
793722,La Chicoree,50.63596,3.063038,R,429,10
3722878,Park Inn by Radisson Lille Grand Stade,50.613396,3.133377,H,1506,10
3737668,Beers and Co,50.613304,3.132753,R,1506,10
269814,Grande Place,50.63697,3.06367,A,484,10
269820,Palais des Beaux-Arts de Lille,50.630672,3.062632,A,484,10
734546,Place Rihour,50.635643,3.062659,A,484,10
1026189,Les Compagnons de la grappe,50.63869,3.063151,R,484,10
269817,Vieille Bourse,50.63773,3.0642,A,1597,10
2273093,Citadelle de Lille,50.6371,3.05108,A,1597,10
247498,"LaM Lille Métropole Musée d'Art Moderne, d'Art Contemporain et d'Art Brut.",50.637512,3.150333,A,736,10
269814,Grande Place,50.63697,3.06367,A,736,10
269817,Vieille Bourse,50.63773,3.0642,A,736,10
269820,Palais des Beaux-Arts de Lille,50.630672,3.062632,A,736,10
734546,Place Rihour,50.635643,3.062659,A,736,10
968102,N'Autre Monde,50.63798,3.062183,R,1594,10
1026189,Les Compagnons de la grappe,50.63869,3.063151,R,1594,10
269814,Grande Place,50.63697,3.06367,A,375,10
269817,Vieille Bourse,50.63773,3.0642,A,375,10
269820,Palais des Beaux-Arts de Lille,50.630672,3.062632,A,375,10
793722,La Chicoree,50.63596,3.063038,R,375,10
795570,L'orange Bleue,50.63866,3.062654,R,375,10
269814,Grande Place,50.63697,3.06367,A,1592,10
2039935,Brasserie Flore,50.63605,3.063198,R,1592,10
269814,Grande Place,50.63697,3.06367,A,934,10
2035312,Office de Tourisme de Lille,50.63543,3.061971,A,934,10
2273093,Citadelle de Lille,50.6371,3.05108,A,934,10
2530949,Le Barbier qui fume Vieux-Lille,50.641403,3.062165,R,1589,10
3431136,La Capsule,50.6406,3.060199,R,1589,10
813222,La part des Anges,50.641483,3.062089,R,1588,10
1198856,La Bottega,50.641106,3.061734,R,1588,10
269820,Palais des Beaux-Arts de Lille,50.630672,3.062632,A,936,10
2272417,Musee d'Histoire Naturelle de Lille,50.6268,3.066587,A,936,10
810939,La Fossetta,50.634735,3.063161,R,1586,10
812062,Le compostelle,50.637352,3.061673,R,1586,10
968102,N'Autre Monde,50.63798,3.062183,R,1584,10
1324334,Quai 38,50.646843,3.057675,R,1584,10
1381296,Meert,50.63768,3.061862,R,1599,10
1606349,Restaurant Au Gout Du Jour,50.638775,3.05765,R,1599,10
269820,Palais des Beaux-Arts de Lille,50.630672,3.062632,A,1583,10
1124428,L'Ecume des Mers,50.63725,3.061462,R,1583,10
247498,"LaM Lille Métropole Musée d'Art Moderne, d'Art Contemporain et d'Art Brut.",50.637512,3.150333,A,742,10
269814,Grande Place,50.63697,3.06367,A,742,10
269817,Vieille Bourse,50.63773,3.0642,A,742,10
269820,Palais des Beaux-Arts de Lille,50.630672,3.062632,A,742,10
793722,La Chicoree,50.63596,3.063038,R,742,10
247498,"LaM Lille Métropole Musée d'Art Moderne, d'Art Contemporain et d'Art Brut.",50.637512,3.150333,A,743,10
269814,Grande Place,50.63697,3.06367,A,743,10
269817,Vieille Bourse,50.63773,3.0642,A,743,10
793722,La Chicoree,50.63596,3.063038,R,743,10
938725,Brasserie de la Paix,50.635815,3.063069,R,743,10
269814,Grande Place,50.63697,3.06367,A,508,10
269820,Palais des Beaux-Arts de Lille,50.630672,3.062632,A,508,10
277055,Mercure Lille Centre Vieux Lille,50.641758,3.066637,H,508,10
198290,Holiday Inn Express Lille Centre,50.630684,3.058223,H,1578,10
209260,Westfield Euralille,50.637753,3.072719,A,1578,10
269814,Grande Place,50.63697,3.06367,A,1578,10
269817,Vieille Bourse,50.63773,3.0642,A,1578,10
793722,La Chicoree,50.63596,3.063038,R,1578,10
198290,Holiday Inn Express Lille Centre,50.630684,3.058223,H,1577,10
209260,Westfield Euralille,50.637753,3.072719,A,1577,10
269814,Grande Place,50.63697,3.06367,A,1577,10
269817,Vieille Bourse,50.63773,3.0642,A,1577,10
269820,Palais des Beaux-Arts de Lille,50.630672,3.062632,A,1577,10
247498,"LaM Lille Métropole Musée d'Art Moderne, d'Art Contemporain et d'Art Brut.",50.637512,3.150333,A,729,10
269814,Grande Place,50.63697,3.06367,A,729,10
269817,Vieille Bourse,50.63773,3.0642,A,729,10
269820,Palais des Beaux-Arts de Lille,50.630672,3.062632,A,729,10
795570,L'orange Bleue,50.63866,3.062654,R,729,10
269814,Grande Place,50.63697,3.06367,A,483,10
269820,Palais des Beaux-Arts de Lille,50.630672,3.062632,A,483,10
734546,Place Rihour,50.635643,3.062659,A,483,10
793722,La Chicoree,50.63596,3.063038,R,483,10
1381296,Meert,50.63768,3.061862,R,483,10
269820,Palais des Beaux-Arts de Lille,50.630672,3.062632,A,903,10
734546,Place Rihour,50.635643,3.062659,A,903,10
793722,La Chicoree,50.63596,3.063038,R,903,10
269814,Grande Place,50.63697,3.06367,A,482,10
269820,Palais des Beaux-Arts de Lille,50.630672,3.062632,A,482,10
734546,Place Rihour,50.635643,3.062659,A,482,10
793722,La Chicoree,50.63596,3.063038,R,482,10
801094,Estaminet Chez la vieille,50.64283,3.066893,R,482,10
781110,L'assiette du marche,50.64108,3.061831,R,905,10
793722,La Chicoree,50.63596,3.063038,R,905,10
801094,Estaminet Chez la vieille,50.64283,3.066893,R,905,10
198290,Holiday Inn Express Lille Centre,50.630684,3.058223,H,1602,10
269817,Vieille Bourse,50.63773,3.0642,A,1602,10
269820,Palais des Beaux-Arts de Lille,50.630672,3.062632,A,1602,10
269814,Grande Place,50.63697,3.06367,A,342,10
269820,Palais des Beaux-Arts de Lille,50.630672,3.062632,A,342,10
793722,La Chicoree,50.63596,3.063038,R,342,10
3536508,Best Western Premier Why Hotel,50.63427,3.061403,H,342,10
196912,Mercure Lille Centre Grand Place,50.63817,3.065553,H,1618,10
196917,Ibis Styles Lille Centre Gare Beffroi,50.63252,3.067851,H,1618,10
269814,Grande Place,50.63697,3.06367,A,3,10
269817,Vieille Bourse,50.63773,3.0642,A,3,10
269820,Palais des Beaux-Arts de Lille,50.630672,3.062632,A,3,10
628635,Novotel Suites Lille Europe hotel,50.638893,3.076883,H,3,10
793722,La Chicoree,50.63596,3.063038,R,3,10
269814,Grande Place,50.63697,3.06367,A,489,10
269820,Palais des Beaux-Arts de Lille,50.630672,3.062632,A,489,10
793722,La Chicoree,50.63596,3.063038,R,489,10
2035312,Office de Tourisme de Lille,50.63543,3.061971,A,489,10
5584607,Beffroi de l'Hôtel de Ville,50.62954,3.09971,A,1628,10
10317510,Place du Theatre,50.63715,3.064758,A,1628,10
269814,Grande Place,50.63697,3.06367,A,8,10
269817,Vieille Bourse,50.63773,3.0642,A,8,10
269820,Palais des Beaux-Arts de Lille,50.630672,3.062632,A,8,10
793722,La Chicoree,50.63596,3.063038,R,8,10
810939,La Fossetta,50.634735,3.063161,R,8,10
4991766,Villa Cavrois,50.66681,3.16304,A,1626,10
10232584,Les Jardins Mallet-Stevens,50.66855,3.16747,A,1626,10
4991766,Villa Cavrois,50.66681,3.16304,A,1625,10
5584607,Beffroi de l'Hôtel de Ville,50.62954,3.09971,A,1625,10
269814,Grande Place,50.63697,3.06367,A,9,10
269817,Vieille Bourse,50.63773,3.0642,A,9,10
269820,Palais des Beaux-Arts de Lille,50.630672,3.062632,A,9,10
793722,La Chicoree,50.63596,3.063038,R,9,10
3536508,Best Western Premier Why Hotel,50.63427,3.061403,H,9,10
2530949,Le Barbier qui fume Vieux-Lille,50.641403,3.062165,R,916,10
2558192,Musee Hospice Comtesse,50.641106,3.063515,A,916,10
269814,Grande Place,50.63697,3.06367,A,391,10
269817,Vieille Bourse,50.63773,3.0642,A,391,10
269820,Palais des Beaux-Arts de Lille,50.630672,3.062632,A,391,10
793722,La Chicoree,50.63596,3.063038,R,391,10
812062,Le compostelle,50.637352,3.061673,R,391,10
277055,Mercure Lille Centre Vieux Lille,50.641758,3.066637,H,1620,10
2061883,Brasserie Comptoir 44,50.642216,3.066181,R,1620,10
2234190,La Vieille France,50.64289,3.066842,R,1616,10
2530949,Le Barbier qui fume Vieux-Lille,50.641403,3.062165,R,1616,10
198290,Holiday Inn Express Lille Centre,50.630684,3.058223,H,1603,10
269814,Grande Place,50.63697,3.06367,A,1603,10
269817,Vieille Bourse,50.63773,3.0642,A,1603,10
269820,Palais des Beaux-Arts de Lille,50.630672,3.062632,A,1603,10
269817,Vieille Bourse,50.63773,3.0642,A,1615,10
300759,Ibis Budget Lille Centre,50.64224,3.067874,H,1615,10
3539535,La taverne du petit Wasquehal,50.654545,3.128081,R,1613,10
3746256,Le Bistro du Croise,50.66439,3.117364,R,1613,10
793722,La Chicoree,50.63596,3.063038,R,908,10
795212,Flam's,50.63721,3.061645,R,908,10
1381296,Meert,50.63768,3.061862,R,908,10
196912,Mercure Lille Centre Grand Place,50.63817,3.065553,H,924,10
269814,Grande Place,50.63697,3.06367,A,924,10
269817,Vieille Bourse,50.63773,3.0642,A,924,10
269820,Palais des Beaux-Arts de Lille,50.630672,3.062632,A,924,10
793722,La Chicoree,50.63596,3.063038,R,924,10
4408912,Hôtel de Ville,50.62925,3.06859,A,1610,10
4408913,Eglise Saint Maurice,50.63588,3.06749,A,1610,10
269814,Grande Place,50.63697,3.06367,A,382,10
269817,Vieille Bourse,50.63773,3.0642,A,382,10
269820,Palais des Beaux-Arts de Lille,50.630672,3.062632,A,382,10
793722,La Chicoree,50.63596,3.063038,R,382,10
2039935,Brasserie Flore,50.63605,3.063198,R,382,10
793722,La Chicoree,50.63596,3.063038,R,1607,10
794954,Le Lion Bossu,50.640358,3.065168,R,1607,10
781881,Le Square d'Aramis,50.638676,3.060027,R,1606,10
793722,La Chicoree,50.63596,3.063038,R,1606,10
269814,Grande Place,50.63697,3.06367,A,379,10
269817,Vieille Bourse,50.63773,3.0642,A,379,10
269820,Palais des Beaux-Arts de Lille,50.630672,3.062632,A,379,10
793722,La Chicoree,50.63596,3.063038,R,379,10
1026189,Les Compagnons de la grappe,50.63869,3.063151,R,379,10
781110,L'assiette du marche,50.64108,3.061831,R,906,10
793722,La Chicoree,50.63596,3.063038,R,906,10
1381296,Meert,50.63768,3.061862,R,906,10
198290,Holiday Inn Express Lille Centre,50.630684,3.058223,H,1570,10
269814,Grande Place,50.63697,3.06367,A,1570,10
269817,Vieille Bourse,50.63773,3.0642,A,1570,10
269820,Palais des Beaux-Arts de Lille,50.630672,3.062632,A,1570,10
793722,La Chicoree,50.63596,3.063038,R,1570,10
1026189,Les Compagnons de la grappe,50.63869,3.063151,R,942,10
1381296,Meert,50.63768,3.061862,R,942,10
4242962,Aux Merveilleux de Fred,50.641388,3.062208,R,942,10
198290,Holiday Inn Express Lille Centre,50.630684,3.058223,H,1568,10
269814,Grande Place,50.63697,3.06367,A,1568,10
269817,Vieille Bourse,50.63773,3.0642,A,1568,10
269820,Palais des Beaux-Arts de Lille,50.630672,3.062632,A,1568,10
793722,La Chicoree,50.63596,3.063038,R,1568,10
269814,Grande Place,50.63697,3.06367,A,477,10
269820,Palais des Beaux-Arts de Lille,50.630672,3.062632,A,477,10
734546,Place Rihour,50.635643,3.062659,A,477,10
793722,La Chicoree,50.63596,3.063038,R,477,10
938725,Brasserie de la Paix,50.635815,3.063069,R,477,10
196918,Ibis Styles Lille Centre Grand Place,50.6376,3.06683,H,1533,10
269814,Grande Place,50.63697,3.06367,A,1533,10
269820,Palais des Beaux-Arts de Lille,50.630672,3.062632,A,1533,10
2558192,Musee Hospice Comtesse,50.641106,3.063515,A,1533,10
196918,Ibis Styles Lille Centre Grand Place,50.6376,3.06683,H,1530,10
269814,Grande Place,50.63697,3.06367,A,1530,10
269817,Vieille Bourse,50.63773,3.0642,A,1530,10
269820,Palais des Beaux-Arts de Lille,50.630672,3.062632,A,1530,10
2558192,Musee Hospice Comtesse,50.641106,3.063515,A,1530,10
196918,Ibis Styles Lille Centre Grand Place,50.6376,3.06683,H,1529,10
269814,Grande Place,50.63697,3.06367,A,1529,10
269817,Vieille Bourse,50.63773,3.0642,A,1529,10
269820,Palais des Beaux-Arts de Lille,50.630672,3.062632,A,1529,10
793722,La Chicoree,50.63596,3.063038,R,1529,10
209260,Westfield Euralille,50.637753,3.072719,A,1420,10
269814,Grande Place,50.63697,3.06367,A,1420,10
275111,Crowne Plaza Lille,50.639805,3.07572,H,1420,10
3747537,Rosso & Bianco,50.610607,3.159526,R,964,10
3784521,La Table,50.612553,3.131901,R,964,10
269814,Grande Place,50.63697,3.06367,A,405,10
269817,Vieille Bourse,50.63773,3.0642,A,405,10
269820,Palais des Beaux-Arts de Lille,50.630672,3.062632,A,405,10
734546,Place Rihour,50.635643,3.062659,A,405,10
2035312,Office de Tourisme de Lille,50.63543,3.061971,A,405,10
196918,Ibis Styles Lille Centre Grand Place,50.6376,3.06683,H,1526,10
247498,"LaM Lille Métropole Musée d'Art Moderne, d'Art Contemporain et d'Art Brut.",50.637512,3.150333,A,1526,10
269814,Grande Place,50.63697,3.06367,A,1526,10
269817,Vieille Bourse,50.63773,3.0642,A,1526,10
269820,Palais des Beaux-Arts de Lille,50.630672,3.062632,A,1526,10
196918,Ibis Styles Lille Centre Grand Place,50.6376,3.06683,H,1525,10
247498,"LaM Lille Métropole Musée d'Art Moderne, d'Art Contemporain et d'Art Brut.",50.637512,3.150333,A,1525,10
269814,Grande Place,50.63697,3.06367,A,1525,10
269820,Palais des Beaux-Arts de Lille,50.630672,3.062632,A,1525,10
247498,"LaM Lille Métropole Musée d'Art Moderne, d'Art Contemporain et d'Art Brut.",50.637512,3.150333,A,895,10
269820,Palais des Beaux-Arts de Lille,50.630672,3.062632,A,895,10
1381296,Meert,50.63768,3.061862,R,895,10
196918,Ibis Styles Lille Centre Grand Place,50.6376,3.06683,H,1523,10
247498,"LaM Lille Métropole Musée d'Art Moderne, d'Art Contemporain et d'Art Brut.",50.637512,3.150333,A,1523,10
269814,Grande Place,50.63697,3.06367,A,1523,10
269817,Vieille Bourse,50.63773,3.0642,A,1523,10
269820,Palais des Beaux-Arts de Lille,50.630672,3.062632,A,1523,10
196918,Ibis Styles Lille Centre Grand Place,50.6376,3.06683,H,1521,10
269814,Grande Place,50.63697,3.06367,A,1521,10
269817,Vieille Bourse,50.63773,3.0642,A,1521,10
269820,Palais des Beaux-Arts de Lille,50.630672,3.062632,A,1521,10
2558192,Musee Hospice Comtesse,50.641106,3.063515,A,1521,10
269817,Vieille Bourse,50.63773,3.0642,A,579,10
269820,Palais des Beaux-Arts de Lille,50.630672,3.062632,A,579,10
793722,La Chicoree,50.63596,3.063038,R,579,10
795212,Flam's,50.63721,3.061645,R,579,10
269820,Palais des Beaux-Arts de Lille,50.630672,3.062632,A,967,10
2035312,Office de Tourisme de Lille,50.63543,3.061971,A,967,10
2273093,Citadelle de Lille,50.6371,3.05108,A,967,10
269814,Grande Place,50.63697,3.06367,A,348,10
269820,Palais des Beaux-Arts de Lille,50.630672,3.062632,A,348,10
793722,La Chicoree,50.63596,3.063038,R,348,10
795570,L'orange Bleue,50.63866,3.062654,R,348,10
196918,Ibis Styles Lille Centre Grand Place,50.6376,3.06683,H,1517,10
269814,Grande Place,50.63697,3.06367,A,1517,10
269817,Vieille Bourse,50.63773,3.0642,A,1517,10
269820,Palais des Beaux-Arts de Lille,50.630672,3.062632,A,1517,10
2558192,Musee Hospice Comtesse,50.641106,3.063515,A,1517,10
2273093,Citadelle de Lille,50.6371,3.05108,A,970,10
2558192,Musee Hospice Comtesse,50.641106,3.063515,A,970,10
5584607,Beffroi de l'Hôtel de Ville,50.62954,3.09971,A,970,10
247498,"LaM Lille Métropole Musée d'Art Moderne, d'Art Contemporain et d'Art Brut.",50.637512,3.150333,A,761,10
269814,Grande Place,50.63697,3.06367,A,761,10
269817,Vieille Bourse,50.63773,3.0642,A,761,10
269820,Palais des Beaux-Arts de Lille,50.630672,3.062632,A,761,10
795570,L'orange Bleue,50.63866,3.062654,R,761,10
196918,Ibis Styles Lille Centre Grand Place,50.6376,3.06683,H,1514,10
247498,"LaM Lille Métropole Musée d'Art Moderne, d'Art Contemporain et d'Art Brut.",50.637512,3.150333,A,1514,10
269814,Grande Place,50.63697,3.06367,A,1514,10
269817,Vieille Bourse,50.63773,3.0642,A,1514,10
269820,Palais des Beaux-Arts de Lille,50.630672,3.062632,A,1514,10
196918,Ibis Styles Lille Centre Grand Place,50.6376,3.06683,H,1511,10
247498,"LaM Lille Métropole Musée d'Art Moderne, d'Art Contemporain et d'Art Brut.",50.637512,3.150333,A,1511,10
269814,Grande Place,50.63697,3.06367,A,1511,10
269817,Vieille Bourse,50.63773,3.0642,A,1511,10
269820,Palais des Beaux-Arts de Lille,50.630672,3.062632,A,1511,10
196918,Ibis Styles Lille Centre Grand Place,50.6376,3.06683,H,1510,10
247498,"LaM Lille Métropole Musée d'Art Moderne, d'Art Contemporain et d'Art Brut.",50.637512,3.150333,A,1510,10
269814,Grande Place,50.63697,3.06367,A,1510,10
269817,Vieille Bourse,50.63773,3.0642,A,1510,10
196918,Ibis Styles Lille Centre Grand Place,50.6376,3.06683,H,1509,10
247498,"LaM Lille Métropole Musée d'Art Moderne, d'Art Contemporain et d'Art Brut.",50.637512,3.150333,A,1509,10
269814,Grande Place,50.63697,3.06367,A,1509,10
269814,Grande Place,50.63697,3.06367,A,46,10
269817,Vieille Bourse,50.63773,3.0642,A,46,10
269820,Palais des Beaux-Arts de Lille,50.630672,3.062632,A,46,10
2273093,Citadelle de Lille,50.6371,3.05108,A,46,10
2558192,Musee Hospice Comtesse,50.641106,3.063515,A,46,10
247498,"LaM Lille Métropole Musée d'Art Moderne, d'Art Contemporain et d'Art Brut.",50.637512,3.150333,A,757,10
269814,Grande Place,50.63697,3.06367,A,757,10
269820,Palais des Beaux-Arts de Lille,50.630672,3.062632,A,757,10
793722,La Chicoree,50.63596,3.063038,R,757,10
938725,Brasserie de la Paix,50.635815,3.063069,R,757,10
247498,"LaM Lille Métropole Musée d'Art Moderne, d'Art Contemporain et d'Art Brut.",50.637512,3.150333,A,702,10
269814,Grande Place,50.63697,3.06367,A,702,10
269820,Palais des Beaux-Arts de Lille,50.630672,3.062632,A,702,10
2558192,Musee Hospice Comtesse,50.641106,3.063515,A,702,10
1026189,Les Compagnons de la grappe,50.63869,3.063151,R,958,10
2039935,Brasserie Flore,50.63605,3.063198,R,958,10
269820,Palais des Beaux-Arts de Lille,50.630672,3.062632,A,898,10
734546,Place Rihour,50.635643,3.062659,A,898,10
793722,La Chicoree,50.63596,3.063038,R,898,10
801094,Estaminet Chez la vieille,50.64283,3.066893,R,898,10
198290,Holiday Inn Express Lille Centre,50.630684,3.058223,H,1566,10
269814,Grande Place,50.63697,3.06367,A,1566,10
269820,Palais des Beaux-Arts de Lille,50.630672,3.062632,A,1566,10
801094,Estaminet Chez la vieille,50.64283,3.066893,R,1566,10
198290,Holiday Inn Express Lille Centre,50.630684,3.058223,H,1565,10
269814,Grande Place,50.63697,3.06367,A,1565,10
269817,Vieille Bourse,50.63773,3.0642,A,1565,10
269820,Palais des Beaux-Arts de Lille,50.630672,3.062632,A,1565,10
793722,La Chicoree,50.63596,3.063038,R,1565,10
269814,Grande Place,50.63697,3.06367,A,367,10
269817,Vieille Bourse,50.63773,3.0642,A,367,10
269820,Palais des Beaux-Arts de Lille,50.630672,3.062632,A,367,10
793722,La Chicoree,50.63596,3.063038,R,367,10
1381296,Meert,50.63768,3.061862,R,367,10
198290,Holiday Inn Express Lille Centre,50.630684,3.058223,H,1562,10
269814,Grande Place,50.63697,3.06367,A,1562,10
269817,Vieille Bourse,50.63773,3.0642,A,1562,10
793722,La Chicoree,50.63596,3.063038,R,1562,10
801094,Estaminet Chez la vieille,50.64283,3.066893,R,1562,10
269817,Vieille Bourse,50.63773,3.0642,A,589,10
269820,Palais des Beaux-Arts de Lille,50.630672,3.062632,A,589,10
793722,La Chicoree,50.63596,3.063038,R,589,10
801094,Estaminet Chez la vieille,50.64283,3.066893,R,589,10
269814,Grande Place,50.63697,3.06367,A,24,10
269817,Vieille Bourse,50.63773,3.0642,A,24,10
269820,Palais des Beaux-Arts de Lille,50.630672,3.062632,A,24,10
793722,La Chicoree,50.63596,3.063038,R,24,10
795570,L'orange Bleue,50.63866,3.062654,R,24,10
247498,"LaM Lille Métropole Musée d'Art Moderne, d'Art Contemporain et d'Art Brut.",50.637512,3.150333,A,749,10
269814,Grande Place,50.63697,3.06367,A,749,10
269817,Vieille Bourse,50.63773,3.0642,A,749,10
793722,La Chicoree,50.63596,3.063038,R,749,10
938725,Brasserie de la Paix,50.635815,3.063069,R,749,10
198290,Holiday Inn Express Lille Centre,50.630684,3.058223,H,1557,10
269814,Grande Place,50.63697,3.06367,A,1557,10
269817,Vieille Bourse,50.63773,3.0642,A,1557,10
734546,Place Rihour,50.635643,3.062659,A,1557,10
247498,"LaM Lille Métropole Musée d'Art Moderne, d'Art Contemporain et d'Art Brut.",50.637512,3.150333,A,750,10
269814,Grande Place,50.63697,3.06367,A,750,10
269817,Vieille Bourse,50.63773,3.0642,A,750,10
734546,Place Rihour,50.635643,3.062659,A,750,10
247498,"LaM Lille Métropole Musée d'Art Moderne, d'Art Contemporain et d'Art Brut.",50.637512,3.150333,A,751,10
269814,Grande Place,50.63697,3.06367,A,751,10
269817,Vieille Bourse,50.63773,3.0642,A,751,10
1381296,Meert,50.63768,3.061862,R,751,10
269814,Grande Place,50.63697,3.06367,A,28,10
269817,Vieille Bourse,50.63773,3.0642,A,28,10
269820,Palais des Beaux-Arts de Lille,50.630672,3.062632,A,28,10
793722,La Chicoree,50.63596,3.063038,R,28,10
810939,La Fossetta,50.634735,3.063161,R,28,10
269820,Palais des Beaux-Arts de Lille,50.630672,3.062632,A,899,10
734546,Place Rihour,50.635643,3.062659,A,899,10
793722,La Chicoree,50.63596,3.063038,R,899,10
1381296,Meert,50.63768,3.061862,R,899,10
198290,Holiday Inn Express Lille Centre,50.630684,3.058223,H,1550,10
269814,Grande Place,50.63697,3.06367,A,1550,10
269817,Vieille Bourse,50.63773,3.0642,A,1550,10
269820,Palais des Beaux-Arts de Lille,50.630672,3.062632,A,1550,10
2273093,Citadelle de Lille,50.6371,3.05108,A,1550,10
269814,Grande Place,50.63697,3.06367,A,952,10
310382,Hôtel Chagnot,50.63619,3.069231,H,952,10
269817,Vieille Bourse,50.63773,3.0642,A,591,10
269820,Palais des Beaux-Arts de Lille,50.630672,3.062632,A,591,10
793722,La Chicoree,50.63596,3.063038,R,591,10
1381296,Meert,50.63768,3.061862,R,591,10
269820,Palais des Beaux-Arts de Lille,50.630672,3.062632,A,954,10
1198856,La Bottega,50.641106,3.061734,R,954,10
198290,Holiday Inn Express Lille Centre,50.630684,3.058223,H,1544,10
269814,Grande Place,50.63697,3.06367,A,1544,10
269817,Vieille Bourse,50.63773,3.0642,A,1544,10
269820,Palais des Beaux-Arts de Lille,50.630672,3.062632,A,1544,10
801094,Estaminet Chez la vieille,50.64283,3.066893,R,1544,10
269814,Grande Place,50.63697,3.06367,A,32,10
269817,Vieille Bourse,50.63773,3.0642,A,32,10
269820,Palais des Beaux-Arts de Lille,50.630672,3.062632,A,32,10
793722,La Chicoree,50.63596,3.063038,R,32,10
1026189,Les Compagnons de la grappe,50.63869,3.063151,R,32,10
269814,Grande Place,50.63697,3.06367,A,33,10
269817,Vieille Bourse,50.63773,3.0642,A,33,10
269820,Palais des Beaux-Arts de Lille,50.630672,3.062632,A,33,10
793722,La Chicoree,50.63596,3.063038,R,33,10
2035312,Office de Tourisme de Lille,50.63543,3.061971,A,33,10
269814,Grande Place,50.63697,3.06367,A,34,10
269817,Vieille Bourse,50.63773,3.0642,A,34,10
269820,Palais des Beaux-Arts de Lille,50.630672,3.062632,A,34,10
793722,La Chicoree,50.63596,3.063038,R,34,10
1906444,Cafe brasserie de Foy,50.63624,3.063324,R,34,10
196918,Ibis Styles Lille Centre Grand Place,50.6376,3.06683,H,1539,10
209260,Westfield Euralille,50.637753,3.072719,A,1539,10
269814,Grande Place,50.63697,3.06367,A,1539,10
269817,Vieille Bourse,50.63773,3.0642,A,1539,10
269820,Palais des Beaux-Arts de Lille,50.630672,3.062632,A,1539,10
269814,Grande Place,50.63697,3.06367,A,463,10
269820,Palais des Beaux-Arts de Lille,50.630672,3.062632,A,463,10
275111,Crowne Plaza Lille,50.639805,3.07572,H,463,10
793722,La Chicoree,50.63596,3.063038,R,463,10
269814,Grande Place,50.63697,3.06367,A,310,10
269817,Vieille Bourse,50.63773,3.0642,A,310,10
269820,Palais des Beaux-Arts de Lille,50.630672,3.062632,A,310,10
801094,Estaminet Chez la vieille,50.64283,3.066893,R,310,10
269814,Grande Place,50.63697,3.06367,A,314,10
269817,Vieille Bourse,50.63773,3.0642,A,314,10
269820,Palais des Beaux-Arts de Lille,50.630672,3.062632,A,314,10
1026189,Les Compagnons de la grappe,50.63869,3.063151,R,314,10
269820,Palais des Beaux-Arts de Lille,50.630672,3.062632,A,659,10
793722,La Chicoree,50.63596,3.063038,R,659,10
1026189,Les Compagnons de la grappe,50.63869,3.063151,R,659,10
269814,Grande Place,50.63697,3.06367,A,289,10
269817,Vieille Bourse,50.63773,3.0642,A,289,10
793722,La Chicoree,50.63596,3.063038,R,289,10
938725,Brasserie de la Paix,50.635815,3.063069,R,289,10
1381296,Meert,50.63768,3.061862,R,289,10
196917,Ibis Styles Lille Centre Gare Beffroi,50.63252,3.067851,H,1249,10
269814,Grande Place,50.63697,3.06367,A,1249,10
269817,Vieille Bourse,50.63773,3.0642,A,1249,10
269820,Palais des Beaux-Arts de Lille,50.630672,3.062632,A,1249,10
734546,Place Rihour,50.635643,3.062659,A,1249,10
269814,Grande Place,50.63697,3.06367,A,285,10
269817,Vieille Bourse,50.63773,3.0642,A,285,10
269820,Palais des Beaux-Arts de Lille,50.630672,3.062632,A,285,10
793722,La Chicoree,50.63596,3.063038,R,285,10
801094,Estaminet Chez la vieille,50.64283,3.066893,R,285,10
196917,Ibis Styles Lille Centre Gare Beffroi,50.63252,3.067851,H,1246,10
269814,Grande Place,50.63697,3.06367,A,1246,10
269817,Vieille Bourse,50.63773,3.0642,A,1246,10
734546,Place Rihour,50.635643,3.062659,A,1246,10
269814,Grande Place,50.63697,3.06367,A,206,10
269817,Vieille Bourse,50.63773,3.0642,A,206,10
269820,Palais des Beaux-Arts de Lille,50.630672,3.062632,A,206,10
734546,Place Rihour,50.635643,3.062659,A,206,10
2558192,Musee Hospice Comtesse,50.641106,3.063515,A,206,10
269814,Grande Place,50.63697,3.06367,A,207,10
269817,Vieille Bourse,50.63773,3.0642,A,207,10
269820,Palais des Beaux-Arts de Lille,50.630672,3.062632,A,207,10
734546,Place Rihour,50.635643,3.062659,A,207,10
1026189,Les Compagnons de la grappe,50.63869,3.063151,R,207,10
269814,Grande Place,50.63697,3.06367,A,284,10
269817,Vieille Bourse,50.63773,3.0642,A,284,10
269820,Palais des Beaux-Arts de Lille,50.630672,3.062632,A,284,10
793722,La Chicoree,50.63596,3.063038,R,284,10
938725,Brasserie de la Paix,50.635815,3.063069,R,284,10
269814,Grande Place,50.63697,3.06367,A,538,10
269817,Vieille Bourse,50.63773,3.0642,A,538,10
269820,Palais des Beaux-Arts de Lille,50.630672,3.062632,A,538,10
793722,La Chicoree,50.63596,3.063038,R,538,10
1381296,Meert,50.63768,3.061862,R,538,10
196917,Ibis Styles Lille Centre Gare Beffroi,50.63252,3.067851,H,1241,10
269814,Grande Place,50.63697,3.06367,A,1241,10
269817,Vieille Bourse,50.63773,3.0642,A,1241,10
269820,Palais des Beaux-Arts de Lille,50.630672,3.062632,A,1241,10
734546,Place Rihour,50.635643,3.062659,A,1241,10
269814,Grande Place,50.63697,3.06367,A,210,10
269817,Vieille Bourse,50.63773,3.0642,A,210,10
269820,Palais des Beaux-Arts de Lille,50.630672,3.062632,A,210,10
734546,Place Rihour,50.635643,3.062659,A,210,10
793722,La Chicoree,50.63596,3.063038,R,210,10
196912,Mercure Lille Centre Grand Place,50.63817,3.065553,H,1100,10
269814,Grande Place,50.63697,3.06367,A,1100,10
269820,Palais des Beaux-Arts de Lille,50.630672,3.062632,A,1100,10
793722,La Chicoree,50.63596,3.063038,R,1100,10
196912,Mercure Lille Centre Grand Place,50.63817,3.065553,H,1101,10
269814,Grande Place,50.63697,3.06367,A,1101,10
793722,La Chicoree,50.63596,3.063038,R,1101,10
938725,Brasserie de la Paix,50.635815,3.063069,R,1101,10
196912,Mercure Lille Centre Grand Place,50.63817,3.065553,H,1103,10
269814,Grande Place,50.63697,3.06367,A,1103,10
801094,Estaminet Chez la vieille,50.64283,3.066893,R,1103,10
269814,Grande Place,50.63697,3.06367,A,213,10
269817,Vieille Bourse,50.63773,3.0642,A,213,10
269820,Palais des Beaux-Arts de Lille,50.630672,3.062632,A,213,10
275111,Crowne Plaza Lille,50.639805,3.07572,H,213,10
269814,Grande Place,50.63697,3.06367,A,214,10
269817,Vieille Bourse,50.63773,3.0642,A,214,10
269820,Palais des Beaux-Arts de Lille,50.630672,3.062632,A,214,10
1026189,Les Compagnons de la grappe,50.63869,3.063151,R,214,10
269814,Grande Place,50.63697,3.06367,A,217,10
269817,Vieille Bourse,50.63773,3.0642,A,217,10
269820,Palais des Beaux-Arts de Lille,50.630672,3.062632,A,217,10
734546,Place Rihour,50.635643,3.062659,A,217,10
793722,La Chicoree,50.63596,3.063038,R,217,10
269814,Grande Place,50.63697,3.06367,A,505,10
269820,Palais des Beaux-Arts de Lille,50.630672,3.062632,A,505,10
793722,La Chicoree,50.63596,3.063038,R,505,10
801094,Estaminet Chez la vieille,50.64283,3.066893,R,505,10
938725,Brasserie de la Paix,50.635815,3.063069,R,505,10
269814,Grande Place,50.63697,3.06367,A,424,10
269817,Vieille Bourse,50.63773,3.0642,A,424,10
269820,Palais des Beaux-Arts de Lille,50.630672,3.062632,A,424,10
793722,La Chicoree,50.63596,3.063038,R,424,10
247498,"LaM Lille Métropole Musée d'Art Moderne, d'Art Contemporain et d'Art Brut.",50.637512,3.150333,A,718,10
269814,Grande Place,50.63697,3.06367,A,718,10
269817,Vieille Bourse,50.63773,3.0642,A,718,10
269820,Palais des Beaux-Arts de Lille,50.630672,3.062632,A,718,10
795570,L'orange Bleue,50.63866,3.062654,R,718,10
269814,Grande Place,50.63697,3.06367,A,439,10
269817,Vieille Bourse,50.63773,3.0642,A,439,10
269820,Palais des Beaux-Arts de Lille,50.630672,3.062632,A,439,10
793722,La Chicoree,50.63596,3.063038,R,439,10
269814,Grande Place,50.63697,3.06367,A,224,10
269817,Vieille Bourse,50.63773,3.0642,A,224,10
269820,Palais des Beaux-Arts de Lille,50.630672,3.062632,A,224,10
801094,Estaminet Chez la vieille,50.64283,3.066893,R,224,10
269814,Grande Place,50.63697,3.06367,A,226,10
269817,Vieille Bourse,50.63773,3.0642,A,226,10
269820,Palais des Beaux-Arts de Lille,50.630672,3.062632,A,226,10
1381296,Meert,50.63768,3.061862,R,226,10
2530949,Le Barbier qui fume Vieux-Lille,50.641403,3.062165,R,226,10
269814,Grande Place,50.63697,3.06367,A,228,10
269817,Vieille Bourse,50.63773,3.0642,A,228,10
269820,Palais des Beaux-Arts de Lille,50.630672,3.062632,A,228,10
793722,La Chicoree,50.63596,3.063038,R,228,10
1381296,Meert,50.63768,3.061862,R,228,10
247498,"LaM Lille Métropole Musée d'Art Moderne, d'Art Contemporain et d'Art Brut.",50.637512,3.150333,A,830,10
269814,Grande Place,50.63697,3.06367,A,830,10
269817,Vieille Bourse,50.63773,3.0642,A,830,10
269820,Palais des Beaux-Arts de Lille,50.630672,3.062632,A,830,10
812062,Le compostelle,50.637352,3.061673,R,830,10
247498,"LaM Lille Métropole Musée d'Art Moderne, d'Art Contemporain et d'Art Brut.",50.637512,3.150333,A,719,10
269814,Grande Place,50.63697,3.06367,A,719,10
269817,Vieille Bourse,50.63773,3.0642,A,719,10
269820,Palais des Beaux-Arts de Lille,50.630672,3.062632,A,719,10
2035312,Office de Tourisme de Lille,50.63543,3.061971,A,719,10
196912,Mercure Lille Centre Grand Place,50.63817,3.065553,H,1020,10
269814,Grande Place,50.63697,3.06367,A,1020,10
269817,Vieille Bourse,50.63773,3.0642,A,1020,10
269820,Palais des Beaux-Arts de Lille,50.630672,3.062632,A,1020,10
793722,La Chicoree,50.63596,3.063038,R,1020,10
269814,Grande Place,50.63697,3.06367,A,290,10
269817,Vieille Bourse,50.63773,3.0642,A,290,10
793722,La Chicoree,50.63596,3.063038,R,290,10
3536508,Best Western Premier Why Hotel,50.63427,3.061403,H,290,10
247498,"LaM Lille Métropole Musée d'Art Moderne, d'Art Contemporain et d'Art Brut.",50.637512,3.150333,A,872,10
269814,Grande Place,50.63697,3.06367,A,872,10
269817,Vieille Bourse,50.63773,3.0642,A,872,10
269820,Palais des Beaux-Arts de Lille,50.630672,3.062632,A,872,10
734546,Place Rihour,50.635643,3.062659,A,872,10
196917,Ibis Styles Lille Centre Gare Beffroi,50.63252,3.067851,H,1280,10
269814,Grande Place,50.63697,3.06367,A,1280,10
269820,Palais des Beaux-Arts de Lille,50.630672,3.062632,A,1280,10
793722,La Chicoree,50.63596,3.063038,R,1280,10
269814,Grande Place,50.63697,3.06367,A,448,10
269820,Palais des Beaux-Arts de Lille,50.630672,3.062632,A,448,10
793722,La Chicoree,50.63596,3.063038,R,448,10
801094,Estaminet Chez la vieille,50.64283,3.066893,R,448,10
2273093,Citadelle de Lille,50.6371,3.05108,A,448,10
269814,Grande Place,50.63697,3.06367,A,447,10
269820,Palais des Beaux-Arts de Lille,50.630672,3.062632,A,447,10
793722,La Chicoree,50.63596,3.063038,R,447,10
801094,Estaminet Chez la vieille,50.64283,3.066893,R,447,10
196917,Ibis Styles Lille Centre Gare Beffroi,50.63252,3.067851,H,1277,10
269814,Grande Place,50.63697,3.06367,A,1277,10
734546,Place Rihour,50.635643,3.062659,A,1277,10
196917,Ibis Styles Lille Centre Gare Beffroi,50.63252,3.067851,H,1276,10
269814,Grande Place,50.63697,3.06367,A,1276,10
269820,Palais des Beaux-Arts de Lille,50.630672,3.062632,A,1276,10
793722,La Chicoree,50.63596,3.063038,R,1276,10
801094,Estaminet Chez la vieille,50.64283,3.066893,R,1276,10
196912,Mercure Lille Centre Grand Place,50.63817,3.065553,H,1082,10
196917,Ibis Styles Lille Centre Gare Beffroi,50.63252,3.067851,H,1082,10
269814,Grande Place,50.63697,3.06367,A,1082,10
269817,Vieille Bourse,50.63773,3.0642,A,1082,10
269820,Palais des Beaux-Arts de Lille,50.630672,3.062632,A,1082,10
247498,"LaM Lille Métropole Musée d'Art Moderne, d'Art Contemporain et d'Art Brut.",50.637512,3.150333,A,871,10
269814,Grande Place,50.63697,3.06367,A,871,10
269817,Vieille Bourse,50.63773,3.0642,A,871,10
269820,Palais des Beaux-Arts de Lille,50.630672,3.062632,A,871,10
938725,Brasserie de la Paix,50.635815,3.063069,R,871,10
877516,le T'Rijsel,50.642075,3.065999,R,911,10
1381296,Meert,50.63768,3.061862,R,911,10
196912,Mercure Lille Centre Grand Place,50.63817,3.065553,H,1084,10
196917,Ibis Styles Lille Centre Gare Beffroi,50.63252,3.067851,H,1084,10
269814,Grande Place,50.63697,3.06367,A,1084,10
269817,Vieille Bourse,50.63773,3.0642,A,1084,10
269820,Palais des Beaux-Arts de Lille,50.630672,3.062632,A,1084,10
247498,"LaM Lille Métropole Musée d'Art Moderne, d'Art Contemporain et d'Art Brut.",50.637512,3.150333,A,825,10
269817,Vieille Bourse,50.63773,3.0642,A,825,10
269820,Palais des Beaux-Arts de Lille,50.630672,3.062632,A,825,10
812062,Le compostelle,50.637352,3.061673,R,825,10
196917,Ibis Styles Lille Centre Gare Beffroi,50.63252,3.067851,H,1267,10
269814,Grande Place,50.63697,3.06367,A,1267,10
269817,Vieille Bourse,50.63773,3.0642,A,1267,10
269820,Palais des Beaux-Arts de Lille,50.630672,3.062632,A,1267,10
734546,Place Rihour,50.635643,3.062659,A,1267,10
269814,Grande Place,50.63697,3.06367,A,192,10
269817,Vieille Bourse,50.63773,3.0642,A,192,10
269820,Palais des Beaux-Arts de Lille,50.630672,3.062632,A,192,10
793722,La Chicoree,50.63596,3.063038,R,192,10
812062,Le compostelle,50.637352,3.061673,R,192,10
196917,Ibis Styles Lille Centre Gare Beffroi,50.63252,3.067851,H,1265,10
269814,Grande Place,50.63697,3.06367,A,1265,10
269820,Palais des Beaux-Arts de Lille,50.630672,3.062632,A,1265,10
734546,Place Rihour,50.635643,3.062659,A,1265,10
269820,Palais des Beaux-Arts de Lille,50.630672,3.062632,A,657,10
793722,La Chicoree,50.63596,3.063038,R,657,10
1381296,Meert,50.63768,3.061862,R,657,10
196917,Ibis Styles Lille Centre Gare Beffroi,50.63252,3.067851,H,1263,10
269814,Grande Place,50.63697,3.06367,A,1263,10
269817,Vieille Bourse,50.63773,3.0642,A,1263,10
269820,Palais des Beaux-Arts de Lille,50.630672,3.062632,A,1263,10
793722,La Chicoree,50.63596,3.063038,R,1263,10
269814,Grande Place,50.63697,3.06367,A,506,10
269820,Palais des Beaux-Arts de Lille,50.630672,3.062632,A,506,10
938725,Brasserie de la Paix,50.635815,3.063069,R,506,10
1381296,Meert,50.63768,3.061862,R,506,10
269814,Grande Place,50.63697,3.06367,A,420,10
269817,Vieille Bourse,50.63773,3.0642,A,420,10
269820,Palais des Beaux-Arts de Lille,50.630672,3.062632,A,420,10
793722,La Chicoree,50.63596,3.063038,R,420,10
2273093,Citadelle de Lille,50.6371,3.05108,A,420,10
247498,"LaM Lille Métropole Musée d'Art Moderne, d'Art Contemporain et d'Art Brut.",50.637512,3.150333,A,865,10
269814,Grande Place,50.63697,3.06367,A,865,10
269817,Vieille Bourse,50.63773,3.0642,A,865,10
269820,Palais des Beaux-Arts de Lille,50.630672,3.062632,A,865,10
812062,Le compostelle,50.637352,3.061673,R,865,10
196917,Ibis Styles Lille Centre Gare Beffroi,50.63252,3.067851,H,1258,10
269814,Grande Place,50.63697,3.06367,A,1258,10
269817,Vieille Bourse,50.63773,3.0642,A,1258,10
793722,La Chicoree,50.63596,3.063038,R,1258,10
801094,Estaminet Chez la vieille,50.64283,3.066893,R,1258,10
269814,Grande Place,50.63697,3.06367,A,421,10
269817,Vieille Bourse,50.63773,3.0642,A,421,10
269820,Palais des Beaux-Arts de Lille,50.630672,3.062632,A,421,10
275111,Crowne Plaza Lille,50.639805,3.07572,H,421,10
793722,La Chicoree,50.63596,3.063038,R,421,10
269814,Grande Place,50.63697,3.06367,A,443,10
269820,Palais des Beaux-Arts de Lille,50.630672,3.062632,A,443,10
793722,La Chicoree,50.63596,3.063038,R,443,10
795570,L'orange Bleue,50.63866,3.062654,R,443,10
196917,Ibis Styles Lille Centre Gare Beffroi,50.63252,3.067851,H,1255,10
269814,Grande Place,50.63697,3.06367,A,1255,10
269817,Vieille Bourse,50.63773,3.0642,A,1255,10
269820,Palais des Beaux-Arts de Lille,50.630672,3.062632,A,1255,10
734546,Place Rihour,50.635643,3.062659,A,1255,10
196917,Ibis Styles Lille Centre Gare Beffroi,50.63252,3.067851,H,1217,10
209260,Westfield Euralille,50.637753,3.072719,A,1217,10
247498,"LaM Lille Métropole Musée d'Art Moderne, d'Art Contemporain et d'Art Brut.",50.637512,3.150333,A,1217,10
269814,Grande Place,50.63697,3.06367,A,1217,10
269820,Palais des Beaux-Arts de Lille,50.630672,3.062632,A,1217,10
269814,Grande Place,50.63697,3.06367,A,276,10
269817,Vieille Bourse,50.63773,3.0642,A,276,10
269820,Palais des Beaux-Arts de Lille,50.630672,3.062632,A,276,10
793722,La Chicoree,50.63596,3.063038,R,276,10
1381296,Meert,50.63768,3.061862,R,276,10
968557,Las Tapas,50.64637,3.055374,R,687,10
1324334,Quai 38,50.646843,3.057675,R,687,10
269814,Grande Place,50.63697,3.06367,A,229,10
269817,Vieille Bourse,50.63773,3.0642,A,229,10
269820,Palais des Beaux-Arts de Lille,50.630672,3.062632,A,229,10
275111,Crowne Plaza Lille,50.639805,3.07572,H,229,10
793722,La Chicoree,50.63596,3.063038,R,229,10
247498,"LaM Lille Métropole Musée d'Art Moderne, d'Art Contemporain et d'Art Brut.",50.637512,3.150333,A,857,10
269814,Grande Place,50.63697,3.06367,A,857,10
269817,Vieille Bourse,50.63773,3.0642,A,857,10
269820,Palais des Beaux-Arts de Lille,50.630672,3.062632,A,857,10
734546,Place Rihour,50.635643,3.062659,A,857,10
196916,Ibis Lille Centre Gares,50.63469,3.070875,H,1136,10
269814,Grande Place,50.63697,3.06367,A,1136,10
269817,Vieille Bourse,50.63773,3.0642,A,1136,10
793722,La Chicoree,50.63596,3.063038,R,1136,10
938725,Brasserie de la Paix,50.635815,3.063069,R,1136,10
269814,Grande Place,50.63697,3.06367,A,502,10
269820,Palais des Beaux-Arts de Lille,50.630672,3.062632,A,502,10
275111,Crowne Plaza Lille,50.639805,3.07572,H,502,10
793722,La Chicoree,50.63596,3.063038,R,502,10
1381296,Meert,50.63768,3.061862,R,502,10
196916,Ibis Lille Centre Gares,50.63469,3.070875,H,1173,10
196917,Ibis Styles Lille Centre Gare Beffroi,50.63252,3.067851,H,1173,10
269814,Grande Place,50.63697,3.06367,A,1173,10
269817,Vieille Bourse,50.63773,3.0642,A,1173,10
269820,Palais des Beaux-Arts de Lille,50.630672,3.062632,A,1173,10
269814,Grande Place,50.63697,3.06367,A,524,10
793722,La Chicoree,50.63596,3.063038,R,524,10
801094,Estaminet Chez la vieille,50.64283,3.066893,R,524,10
196916,Ibis Lille Centre Gares,50.63469,3.070875,H,1171,10
196917,Ibis Styles Lille Centre Gare Beffroi,50.63252,3.067851,H,1171,10
269814,Grande Place,50.63697,3.06367,A,1171,10
269817,Vieille Bourse,50.63773,3.0642,A,1171,10
269820,Palais des Beaux-Arts de Lille,50.630672,3.062632,A,1171,10
247498,"LaM Lille Métropole Musée d'Art Moderne, d'Art Contemporain et d'Art Brut.",50.637512,3.150333,A,856,10
269814,Grande Place,50.63697,3.06367,A,856,10
269817,Vieille Bourse,50.63773,3.0642,A,856,10
269820,Palais des Beaux-Arts de Lille,50.630672,3.062632,A,856,10
2273093,Citadelle de Lille,50.6371,3.05108,A,856,10
196916,Ibis Lille Centre Gares,50.63469,3.070875,H,1139,10
269814,Grande Place,50.63697,3.06367,A,1139,10
269817,Vieille Bourse,50.63773,3.0642,A,1139,10
269820,Palais des Beaux-Arts de Lille,50.630672,3.062632,A,1139,10
1381296,Meert,50.63768,3.061862,R,1139,10
793722,La Chicoree,50.63596,3.063038,R,680,10
810939,La Fossetta,50.634735,3.063161,R,680,10
1381296,Meert,50.63768,3.061862,R,680,10
196916,Ibis Lille Centre Gares,50.63469,3.070875,H,1167,10
269814,Grande Place,50.63697,3.06367,A,1167,10
734546,Place Rihour,50.635643,3.062659,A,1167,10
196916,Ibis Lille Centre Gares,50.63469,3.070875,H,1165,10
269814,Grande Place,50.63697,3.06367,A,1165,10
269820,Palais des Beaux-Arts de Lille,50.630672,3.062632,A,1165,10
1381296,Meert,50.63768,3.061862,R,1165,10
196916,Ibis Lille Centre Gares,50.63469,3.070875,H,1142,10
269814,Grande Place,50.63697,3.06367,A,1142,10
269817,Vieille Bourse,50.63773,3.0642,A,1142,10
269820,Palais des Beaux-Arts de Lille,50.630672,3.062632,A,1142,10
734546,Place Rihour,50.635643,3.062659,A,1142,10
269814,Grande Place,50.63697,3.06367,A,249,10
269817,Vieille Bourse,50.63773,3.0642,A,249,10
269820,Palais des Beaux-Arts de Lille,50.630672,3.062632,A,249,10
2273093,Citadelle de Lille,50.6371,3.05108,A,249,10
196916,Ibis Lille Centre Gares,50.63469,3.070875,H,1161,10
269814,Grande Place,50.63697,3.06367,A,1161,10
269820,Palais des Beaux-Arts de Lille,50.630672,3.062632,A,1161,10
734546,Place Rihour,50.635643,3.062659,A,1161,10
196916,Ibis Lille Centre Gares,50.63469,3.070875,H,1160,10
269814,Grande Place,50.63697,3.06367,A,1160,10
269820,Palais des Beaux-Arts de Lille,50.630672,3.062632,A,1160,10
1381296,Meert,50.63768,3.061862,R,1160,10
196916,Ibis Lille Centre Gares,50.63469,3.070875,H,1159,10
269814,Grande Place,50.63697,3.06367,A,1159,10
269817,Vieille Bourse,50.63773,3.0642,A,1159,10
269820,Palais des Beaux-Arts de Lille,50.630672,3.062632,A,1159,10
801094,Estaminet Chez la vieille,50.64283,3.066893,R,1159,10
196916,Ibis Lille Centre Gares,50.63469,3.070875,H,1158,10
269814,Grande Place,50.63697,3.06367,A,1158,10
269817,Vieille Bourse,50.63773,3.0642,A,1158,10
269820,Palais des Beaux-Arts de Lille,50.630672,3.062632,A,1158,10
793722,La Chicoree,50.63596,3.063038,R,1158,10
196916,Ibis Lille Centre Gares,50.63469,3.070875,H,1156,10
269814,Grande Place,50.63697,3.06367,A,1156,10
269817,Vieille Bourse,50.63773,3.0642,A,1156,10
269820,Palais des Beaux-Arts de Lille,50.630672,3.062632,A,1156,10
734546,Place Rihour,50.635643,3.062659,A,1156,10
269814,Grande Place,50.63697,3.06367,A,528,10
793722,La Chicoree,50.63596,3.063038,R,528,10
2035312,Office de Tourisme de Lille,50.63543,3.061971,A,528,10
793722,La Chicoree,50.63596,3.063038,R,674,10
801094,Estaminet Chez la vieille,50.64283,3.066893,R,674,10
909317,La connivence,50.64194,3.065977,R,674,10
196916,Ibis Lille Centre Gares,50.63469,3.070875,H,1145,10
269814,Grande Place,50.63697,3.06367,A,1145,10
269817,Vieille Bourse,50.63773,3.0642,A,1145,10
269820,Palais des Beaux-Arts de Lille,50.630672,3.062632,A,1145,10
1381296,Meert,50.63768,3.061862,R,1145,10
269814,Grande Place,50.63697,3.06367,A,526,10
793722,La Chicoree,50.63596,3.063038,R,526,10
801094,Estaminet Chez la vieille,50.64283,3.066893,R,526,10
938725,Brasserie de la Paix,50.635815,3.063069,R,526,10
269814,Grande Place,50.63697,3.06367,A,525,10
793722,La Chicoree,50.63596,3.063038,R,525,10
801094,Estaminet Chez la vieille,50.64283,3.066893,R,525,10
1381296,Meert,50.63768,3.061862,R,525,10
269814,Grande Place,50.63697,3.06367,A,501,10
269817,Vieille Bourse,50.63773,3.0642,A,501,10
269820,Palais des Beaux-Arts de Lille,50.630672,3.062632,A,501,10
275111,Crowne Plaza Lille,50.639805,3.07572,H,501,10
793722,La Chicoree,50.63596,3.063038,R,501,10
269814,Grande Place,50.63697,3.06367,A,262,10
269817,Vieille Bourse,50.63773,3.0642,A,262,10
2035312,Office de Tourisme de Lille,50.63543,3.061971,A,262,10
2273093,Citadelle de Lille,50.6371,3.05108,A,262,10
196916,Ibis Lille Centre Gares,50.63469,3.070875,H,1133,10
269814,Grande Place,50.63697,3.06367,A,1133,10
269817,Vieille Bourse,50.63773,3.0642,A,1133,10
269820,Palais des Beaux-Arts de Lille,50.630672,3.062632,A,1133,10
734546,Place Rihour,50.635643,3.062659,A,1133,10
269814,Grande Place,50.63697,3.06367,A,244,10
269817,Vieille Bourse,50.63773,3.0642,A,244,10
269820,Palais des Beaux-Arts de Lille,50.630672,3.062632,A,244,10
1124428,L'Ecume des Mers,50.63725,3.061462,R,244,10
269814,Grande Place,50.63697,3.06367,A,232,10
269817,Vieille Bourse,50.63773,3.0642,A,232,10
269820,Palais des Beaux-Arts de Lille,50.630672,3.062632,A,232,10
793722,La Chicoree,50.63596,3.063038,R,232,10
1381296,Meert,50.63768,3.061862,R,232,10
269814,Grande Place,50.63697,3.06367,A,235,10
269817,Vieille Bourse,50.63773,3.0642,A,235,10
269820,Palais des Beaux-Arts de Lille,50.630672,3.062632,A,235,10
734546,Place Rihour,50.635643,3.062659,A,235,10
793722,La Chicoree,50.63596,3.063038,R,235,10
269814,Grande Place,50.63697,3.06367,A,272,10
269817,Vieille Bourse,50.63773,3.0642,A,272,10
275111,Crowne Plaza Lille,50.639805,3.07572,H,272,10
793722,La Chicoree,50.63596,3.063038,R,272,10
269814,Grande Place,50.63697,3.06367,A,239,10
269817,Vieille Bourse,50.63773,3.0642,A,239,10
269820,Palais des Beaux-Arts de Lille,50.630672,3.062632,A,239,10
13387436,Cathédrale de la Treille,50.64051,3.06251,A,239,10
269820,Palais des Beaux-Arts de Lille,50.630672,3.062632,A,1205,10
1381296,Meert,50.63768,3.061862,R,1205,10
4242962,Aux Merveilleux de Fred,50.641388,3.062208,R,1205,10
247498,"LaM Lille Métropole Musée d'Art Moderne, d'Art Contemporain et d'Art Brut.",50.637512,3.150333,A,1202,10
793722,La Chicoree,50.63596,3.063038,R,1202,10
269814,Grande Place,50.63697,3.06367,A,434,10
269817,Vieille Bourse,50.63773,3.0642,A,434,10
269820,Palais des Beaux-Arts de Lille,50.630672,3.062632,A,434,10
277055,Mercure Lille Centre Vieux Lille,50.641758,3.066637,H,434,10
247498,"LaM Lille Métropole Musée d'Art Moderne, d'Art Contemporain et d'Art Brut.",50.637512,3.150333,A,860,10
269814,Grande Place,50.63697,3.06367,A,860,10
269820,Palais des Beaux-Arts de Lille,50.630672,3.062632,A,860,10
812062,Le compostelle,50.637352,3.061673,R,860,10
1381296,Meert,50.63768,3.061862,R,1199,10
2530949,Le Barbier qui fume Vieux-Lille,50.641403,3.062165,R,1199,10
4242962,Aux Merveilleux de Fred,50.641388,3.062208,R,1199,10
938725,Brasserie de la Paix,50.635815,3.063069,R,686,10
2291108,Brasserie Andre,50.633263,3.062995,R,686,10
968557,Las Tapas,50.64637,3.055374,R,1195,10
1026189,Les Compagnons de la grappe,50.63869,3.063151,R,1195,10
196916,Ibis Lille Centre Gares,50.63469,3.070875,H,1180,10
209260,Westfield Euralille,50.637753,3.072719,A,1180,10
247498,"LaM Lille Métropole Musée d'Art Moderne, d'Art Contemporain et d'Art Brut.",50.637512,3.150333,A,1180,10
269814,Grande Place,50.63697,3.06367,A,1180,10
269820,Palais des Beaux-Arts de Lille,50.630672,3.062632,A,1180,10
795570,L'orange Bleue,50.63866,3.062654,R,1193,10
1381296,Meert,50.63768,3.061862,R,1193,10
793722,La Chicoree,50.63596,3.063038,R,1192,10
938725,Brasserie de la Paix,50.635815,3.063069,R,1192,10
1026189,Les Compagnons de la grappe,50.63869,3.063151,R,1192,10
196916,Ibis Lille Centre Gares,50.63469,3.070875,H,1126,10
269814,Grande Place,50.63697,3.06367,A,1126,10
269817,Vieille Bourse,50.63773,3.0642,A,1126,10
269820,Palais des Beaux-Arts de Lille,50.630672,3.062632,A,1126,10
1381296,Meert,50.63768,3.061862,R,1126,10
196916,Ibis Lille Centre Gares,50.63469,3.070875,H,1127,10
269814,Grande Place,50.63697,3.06367,A,1127,10
269817,Vieille Bourse,50.63773,3.0642,A,1127,10
269820,Palais des Beaux-Arts de Lille,50.630672,3.062632,A,1127,10
734546,Place Rihour,50.635643,3.062659,A,1127,10
269814,Grande Place,50.63697,3.06367,A,246,10
269817,Vieille Bourse,50.63773,3.0642,A,246,10
269820,Palais des Beaux-Arts de Lille,50.630672,3.062632,A,246,10
1381296,Meert,50.63768,3.061862,R,246,10
4242962,Aux Merveilleux de Fred,50.641388,3.062208,R,246,10
793722,La Chicoree,50.63596,3.063038,R,1186,10
938725,Brasserie de la Paix,50.635815,3.063069,R,1186,10
2039935,Brasserie Flore,50.63605,3.063198,R,1186,10
196916,Ibis Lille Centre Gares,50.63469,3.070875,H,1130,10
269814,Grande Place,50.63697,3.06367,A,1130,10
269817,Vieille Bourse,50.63773,3.0642,A,1130,10
269820,Palais des Beaux-Arts de Lille,50.630672,3.062632,A,1130,10
1381296,Meert,50.63768,3.061862,R,1130,10
269814,Grande Place,50.63697,3.06367,A,248,10
269817,Vieille Bourse,50.63773,3.0642,A,248,10
269820,Palais des Beaux-Arts de Lille,50.630672,3.062632,A,248,10
2039935,Brasserie Flore,50.63605,3.063198,R,248,10
196916,Ibis Lille Centre Gares,50.63469,3.070875,H,1132,10
269814,Grande Place,50.63697,3.06367,A,1132,10
269817,Vieille Bourse,50.63773,3.0642,A,1132,10
734546,Place Rihour,50.635643,3.062659,A,1132,10
269814,Grande Place,50.63697,3.06367,A,491,10
269820,Palais des Beaux-Arts de Lille,50.630672,3.062632,A,491,10
734546,Place Rihour,50.635643,3.062659,A,491,10
793722,La Chicoree,50.63596,3.063038,R,491,10
247498,"LaM Lille Métropole Musée d'Art Moderne, d'Art Contemporain et d'Art Brut.",50.637512,3.150333,A,815,10
269817,Vieille Bourse,50.63773,3.0642,A,815,10
269820,Palais des Beaux-Arts de Lille,50.630672,3.062632,A,815,10
793722,La Chicoree,50.63596,3.063038,R,815,10
269814,Grande Place,50.63697,3.06367,A,411,10
269817,Vieille Bourse,50.63773,3.0642,A,411,10
269820,Palais des Beaux-Arts de Lille,50.630672,3.062632,A,411,10
1026189,Les Compagnons de la grappe,50.63869,3.063151,R,411,10
269814,Grande Place,50.63697,3.06367,A,546,10
793722,La Chicoree,50.63596,3.063038,R,546,10
795570,L'orange Bleue,50.63866,3.062654,R,546,10
196912,Mercure Lille Centre Grand Place,50.63817,3.065553,H,1049,10
269814,Grande Place,50.63697,3.06367,A,1049,10
269820,Palais des Beaux-Arts de Lille,50.630672,3.062632,A,1049,10
793722,La Chicoree,50.63596,3.063038,R,1049,10
209260,Westfield Euralille,50.637753,3.072719,A,1385,10
269814,Grande Place,50.63697,3.06367,A,1385,10
269820,Palais des Beaux-Arts de Lille,50.630672,3.062632,A,1385,10
793722,La Chicoree,50.63596,3.063038,R,1385,10
1381296,Meert,50.63768,3.061862,R,1385,10
269817,Vieille Bourse,50.63773,3.0642,A,618,10
269820,Palais des Beaux-Arts de Lille,50.630672,3.062632,A,618,10
801094,Estaminet Chez la vieille,50.64283,3.066893,R,618,10
209260,Westfield Euralille,50.637753,3.072719,A,1382,10
269814,Grande Place,50.63697,3.06367,A,1382,10
269820,Palais des Beaux-Arts de Lille,50.630672,3.062632,A,1382,10
793722,La Chicoree,50.63596,3.063038,R,1382,10
1322553,Le Coq Hardi,50.63725,3.063351,R,1382,10
209260,Westfield Euralille,50.637753,3.072719,A,1381,10
269814,Grande Place,50.63697,3.06367,A,1381,10
269817,Vieille Bourse,50.63773,3.0642,A,1381,10
269820,Palais des Beaux-Arts de Lille,50.630672,3.062632,A,1381,10
793722,La Chicoree,50.63596,3.063038,R,1381,10
196912,Mercure Lille Centre Grand Place,50.63817,3.065553,H,1038,10
269814,Grande Place,50.63697,3.06367,A,1038,10
269817,Vieille Bourse,50.63773,3.0642,A,1038,10
269820,Palais des Beaux-Arts de Lille,50.630672,3.062632,A,1038,10
1026189,Les Compagnons de la grappe,50.63869,3.063151,R,1038,10
247498,"LaM Lille Métropole Musée d'Art Moderne, d'Art Contemporain et d'Art Brut.",50.637512,3.150333,A,880,10
269814,Grande Place,50.63697,3.06367,A,880,10
269820,Palais des Beaux-Arts de Lille,50.630672,3.062632,A,880,10
793722,La Chicoree,50.63596,3.063038,R,880,10
1381296,Meert,50.63768,3.061862,R,880,10
196912,Mercure Lille Centre Grand Place,50.63817,3.065553,H,1040,10
269814,Grande Place,50.63697,3.06367,A,1040,10
269817,Vieille Bourse,50.63773,3.0642,A,1040,10
269820,Palais des Beaux-Arts de Lille,50.630672,3.062632,A,1040,10
1381296,Meert,50.63768,3.061862,R,1040,10
209260,Westfield Euralille,50.637753,3.072719,A,1376,10
269814,Grande Place,50.63697,3.06367,A,1376,10
269820,Palais des Beaux-Arts de Lille,50.630672,3.062632,A,1376,10
734546,Place Rihour,50.635643,3.062659,A,1376,10
793722,La Chicoree,50.63596,3.063038,R,1376,10
209260,Westfield Euralille,50.637753,3.072719,A,1374,10
269814,Grande Place,50.63697,3.06367,A,1374,10
269820,Palais des Beaux-Arts de Lille,50.630672,3.062632,A,1374,10
793722,La Chicoree,50.63596,3.063038,R,1374,10
801094,Estaminet Chez la vieille,50.64283,3.066893,R,1374,10
196912,Mercure Lille Centre Grand Place,50.63817,3.065553,H,1043,10
269814,Grande Place,50.63697,3.06367,A,1043,10
269820,Palais des Beaux-Arts de Lille,50.630672,3.062632,A,1043,10
1026189,Les Compagnons de la grappe,50.63869,3.063151,R,1043,10
269817,Vieille Bourse,50.63773,3.0642,A,621,10
269820,Palais des Beaux-Arts de Lille,50.630672,3.062632,A,621,10
793722,La Chicoree,50.63596,3.063038,R,621,10
801094,Estaminet Chez la vieille,50.64283,3.066893,R,621,10
938725,Brasserie de la Paix,50.635815,3.063069,R,621,10
247498,"LaM Lille Métropole Musée d'Art Moderne, d'Art Contemporain et d'Art Brut.",50.637512,3.150333,A,879,10
269814,Grande Place,50.63697,3.06367,A,879,10
269820,Palais des Beaux-Arts de Lille,50.630672,3.062632,A,879,10
793722,La Chicoree,50.63596,3.063038,R,879,10
938725,Brasserie de la Paix,50.635815,3.063069,R,879,10
196912,Mercure Lille Centre Grand Place,50.63817,3.065553,H,1045,10
247498,"LaM Lille Métropole Musée d'Art Moderne, d'Art Contemporain et d'Art Brut.",50.637512,3.150333,A,1045,10
269814,Grande Place,50.63697,3.06367,A,1045,10
269820,Palais des Beaux-Arts de Lille,50.630672,3.062632,A,1045,10
793722,La Chicoree,50.63596,3.063038,R,1045,10
269814,Grande Place,50.63697,3.06367,A,559,10
269817,Vieille Bourse,50.63773,3.0642,A,559,10
269820,Palais des Beaux-Arts de Lille,50.630672,3.062632,A,559,10
793722,La Chicoree,50.63596,3.063038,R,559,10
801094,Estaminet Chez la vieille,50.64283,3.066893,R,559,10
209260,Westfield Euralille,50.637753,3.072719,A,1368,10
269814,Grande Place,50.63697,3.06367,A,1368,10
269817,Vieille Bourse,50.63773,3.0642,A,1368,10
269820,Palais des Beaux-Arts de Lille,50.630672,3.062632,A,1368,10
1026189,Les Compagnons de la grappe,50.63869,3.063151,R,1368,10
209260,Westfield Euralille,50.637753,3.072719,A,1367,10
269814,Grande Place,50.63697,3.06367,A,1367,10
269817,Vieille Bourse,50.63773,3.0642,A,1367,10
269820,Palais des Beaux-Arts de Lille,50.630672,3.062632,A,1367,10
1381296,Meert,50.63768,3.061862,R,1367,10
269817,Vieille Bourse,50.63773,3.0642,A,623,10
269820,Palais des Beaux-Arts de Lille,50.630672,3.062632,A,623,10
793722,La Chicoree,50.63596,3.063038,R,623,10
1381296,Meert,50.63768,3.061862,R,623,10
209260,Westfield Euralille,50.637753,3.072719,A,1365,10
269814,Grande Place,50.63697,3.06367,A,1365,10
269817,Vieille Bourse,50.63773,3.0642,A,1365,10
269820,Palais des Beaux-Arts de Lille,50.630672,3.062632,A,1365,10
2273093,Citadelle de Lille,50.6371,3.05108,A,1365,10
269814,Grande Place,50.63697,3.06367,A,127,10
269817,Vieille Bourse,50.63773,3.0642,A,127,10
269820,Palais des Beaux-Arts de Lille,50.630672,3.062632,A,127,10
1026189,Les Compagnons de la grappe,50.63869,3.063151,R,127,10
269817,Vieille Bourse,50.63773,3.0642,A,624,10
269820,Palais des Beaux-Arts de Lille,50.630672,3.062632,A,624,10
734546,Place Rihour,50.635643,3.062659,A,624,10
793722,La Chicoree,50.63596,3.063038,R,624,10
247498,"LaM Lille Métropole Musée d'Art Moderne, d'Art Contemporain et d'Art Brut.",50.637512,3.150333,A,793,10
269814,Grande Place,50.63697,3.06367,A,793,10
269820,Palais des Beaux-Arts de Lille,50.630672,3.062632,A,793,10
1381296,Meert,50.63768,3.061862,R,793,10
209260,Westfield Euralille,50.637753,3.072719,A,1361,10
269814,Grande Place,50.63697,3.06367,A,1361,10
269817,Vieille Bourse,50.63773,3.0642,A,1361,10
269820,Palais des Beaux-Arts de Lille,50.630672,3.062632,A,1361,10
734546,Place Rihour,50.635643,3.062659,A,1361,10
209260,Westfield Euralille,50.637753,3.072719,A,1359,10
269814,Grande Place,50.63697,3.06367,A,1359,10
269820,Palais des Beaux-Arts de Lille,50.630672,3.062632,A,1359,10
795570,L'orange Bleue,50.63866,3.062654,R,1359,10
209260,Westfield Euralille,50.637753,3.072719,A,1386,10
269814,Grande Place,50.63697,3.06367,A,1386,10
269820,Palais des Beaux-Arts de Lille,50.630672,3.062632,A,1386,10
2273093,Citadelle de Lille,50.6371,3.05108,A,1386,10
269814,Grande Place,50.63697,3.06367,A,105,10
269817,Vieille Bourse,50.63773,3.0642,A,105,10
781110,L'assiette du marche,50.64108,3.061831,R,105,10
793722,La Chicoree,50.63596,3.063038,R,105,10
269814,Grande Place,50.63697,3.06367,A,407,10
269817,Vieille Bourse,50.63773,3.0642,A,407,10
269820,Palais des Beaux-Arts de Lille,50.630672,3.062632,A,407,10
734546,Place Rihour,50.635643,3.062659,A,407,10
1026189,Les Compagnons de la grappe,50.63869,3.063151,R,407,10
209260,Westfield Euralille,50.637753,3.072719,A,1404,10
269814,Grande Place,50.63697,3.06367,A,1404,10
793722,La Chicoree,50.63596,3.063038,R,1404,10
801094,Estaminet Chez la vieille,50.64283,3.066893,R,1404,10
269817,Vieille Bourse,50.63773,3.0642,A,612,10
269820,Palais des Beaux-Arts de Lille,50.630672,3.062632,A,612,10
275111,Crowne Plaza Lille,50.639805,3.07572,H,612,10
269817,Vieille Bourse,50.63773,3.0642,A,613,10
269820,Palais des Beaux-Arts de Lille,50.630672,3.062632,A,613,10
1026189,Les Compagnons de la grappe,50.63869,3.063151,R,613,10
269814,Grande Place,50.63697,3.06367,A,313,10
269817,Vieille Bourse,50.63773,3.0642,A,313,10
1026189,Les Compagnons de la grappe,50.63869,3.063151,R,313,10
196912,Mercure Lille Centre Grand Place,50.63817,3.065553,H,1023,10
269814,Grande Place,50.63697,3.06367,A,1023,10
269817,Vieille Bourse,50.63773,3.0642,A,1023,10
734546,Place Rihour,50.635643,3.062659,A,1023,10
269814,Grande Place,50.63697,3.06367,A,91,10
269817,Vieille Bourse,50.63773,3.0642,A,91,10
793722,La Chicoree,50.63596,3.063038,R,91,10
2035312,Office de Tourisme de Lille,50.63543,3.061971,A,91,10
196912,Mercure Lille Centre Grand Place,50.63817,3.065553,H,1024,10
269814,Grande Place,50.63697,3.06367,A,1024,10
269817,Vieille Bourse,50.63773,3.0642,A,1024,10
269820,Palais des Beaux-Arts de Lille,50.630672,3.062632,A,1024,10
734546,Place Rihour,50.635643,3.062659,A,1024,10
196912,Mercure Lille Centre Grand Place,50.63817,3.065553,H,1025,10
269814,Grande Place,50.63697,3.06367,A,1025,10
269817,Vieille Bourse,50.63773,3.0642,A,1025,10
1026189,Les Compagnons de la grappe,50.63869,3.063151,R,1025,10
209260,Westfield Euralille,50.637753,3.072719,A,1408,10
247498,"LaM Lille Métropole Musée d'Art Moderne, d'Art Contemporain et d'Art Brut.",50.637512,3.150333,A,1408,10
269814,Grande Place,50.63697,3.06367,A,1408,10
269820,Palais des Beaux-Arts de Lille,50.630672,3.062632,A,1408,10
793722,La Chicoree,50.63596,3.063038,R,1408,10
209260,Westfield Euralille,50.637753,3.072719,A,1407,10
269814,Grande Place,50.63697,3.06367,A,1407,10
269820,Palais des Beaux-Arts de Lille,50.630672,3.062632,A,1407,10
793722,La Chicoree,50.63596,3.063038,R,1407,10
801094,Estaminet Chez la vieille,50.64283,3.066893,R,1407,10
247498,"LaM Lille Métropole Musée d'Art Moderne, d'Art Contemporain et d'Art Brut.",50.637512,3.150333,A,787,10
269814,Grande Place,50.63697,3.06367,A,787,10
269820,Palais des Beaux-Arts de Lille,50.630672,3.062632,A,787,10
793722,La Chicoree,50.63596,3.063038,R,787,10
209260,Westfield Euralille,50.637753,3.072719,A,1402,10
269814,Grande Place,50.63697,3.06367,A,1402,10
795570,L'orange Bleue,50.63866,3.062654,R,1402,10
247498,"LaM Lille Métropole Musée d'Art Moderne, d'Art Contemporain et d'Art Brut.",50.637512,3.150333,A,788,10
269814,Grande Place,50.63697,3.06367,A,788,10
269820,Palais des Beaux-Arts de Lille,50.630672,3.062632,A,788,10
734546,Place Rihour,50.635643,3.062659,A,788,10
196912,Mercure Lille Centre Grand Place,50.63817,3.065553,H,1029,10
269814,Grande Place,50.63697,3.06367,A,1029,10
269817,Vieille Bourse,50.63773,3.0642,A,1029,10
269820,Palais des Beaux-Arts de Lille,50.630672,3.062632,A,1029,10
1381296,Meert,50.63768,3.061862,R,1029,10
269814,Grande Place,50.63697,3.06367,A,99,10
269817,Vieille Bourse,50.63773,3.0642,A,99,10
793722,La Chicoree,50.63596,3.063038,R,99,10
1381296,Meert,50.63768,3.061862,R,99,10
2039935,Brasserie Flore,50.63605,3.063198,R,99,10
269814,Grande Place,50.63697,3.06367,A,100,10
269817,Vieille Bourse,50.63773,3.0642,A,100,10
793722,La Chicoree,50.63596,3.063038,R,100,10
1026189,Les Compagnons de la grappe,50.63869,3.063151,R,100,10
1381296,Meert,50.63768,3.061862,R,100,10
269814,Grande Place,50.63697,3.06367,A,101,10
269817,Vieille Bourse,50.63773,3.0642,A,101,10
793722,La Chicoree,50.63596,3.063038,R,101,10
1381296,Meert,50.63768,3.061862,R,101,10
2530949,Le Barbier qui fume Vieux-Lille,50.641403,3.062165,R,101,10
196912,Mercure Lille Centre Grand Place,50.63817,3.065553,H,1031,10
269814,Grande Place,50.63697,3.06367,A,1031,10
269817,Vieille Bourse,50.63773,3.0642,A,1031,10
269820,Palais des Beaux-Arts de Lille,50.630672,3.062632,A,1031,10
793722,La Chicoree,50.63596,3.063038,R,1031,10
196912,Mercure Lille Centre Grand Place,50.63817,3.065553,H,1032,10
269814,Grande Place,50.63697,3.06367,A,1032,10
269817,Vieille Bourse,50.63773,3.0642,A,1032,10
793722,La Chicoree,50.63596,3.063038,R,1032,10
938725,Brasserie de la Paix,50.635815,3.063069,R,1032,10
209260,Westfield Euralille,50.637753,3.072719,A,1394,10
269814,Grande Place,50.63697,3.06367,A,1394,10
269820,Palais des Beaux-Arts de Lille,50.630672,3.062632,A,1394,10
1026189,Les Compagnons de la grappe,50.63869,3.063151,R,1394,10
209260,Westfield Euralille,50.637753,3.072719,A,1393,10
269814,Grande Place,50.63697,3.06367,A,1393,10
269820,Palais des Beaux-Arts de Lille,50.630672,3.062632,A,1393,10
793722,La Chicoree,50.63596,3.063038,R,1393,10
1381296,Meert,50.63768,3.061862,R,1393,10
196912,Mercure Lille Centre Grand Place,50.63817,3.065553,H,1034,10
269814,Grande Place,50.63697,3.06367,A,1034,10
269817,Vieille Bourse,50.63773,3.0642,A,1034,10
801094,Estaminet Chez la vieille,50.64283,3.066893,R,1034,10
196916,Ibis Lille Centre Gares,50.63469,3.070875,H,1147,10
269814,Grande Place,50.63697,3.06367,A,1147,10
269817,Vieille Bourse,50.63773,3.0642,A,1147,10
734546,Place Rihour,50.635643,3.062659,A,1147,10
269814,Grande Place,50.63697,3.06367,A,304,10
269817,Vieille Bourse,50.63773,3.0642,A,304,10
269820,Palais des Beaux-Arts de Lille,50.630672,3.062632,A,304,10
734546,Place Rihour,50.635643,3.062659,A,304,10
793722,La Chicoree,50.63596,3.063038,R,304,10
209260,Westfield Euralille,50.637753,3.072719,A,1355,10
269814,Grande Place,50.63697,3.06367,A,1355,10
269817,Vieille Bourse,50.63773,3.0642,A,1355,10
734546,Place Rihour,50.635643,3.062659,A,1355,10
793722,La Chicoree,50.63596,3.063038,R,1355,10
269820,Palais des Beaux-Arts de Lille,50.630672,3.062632,A,648,10
793722,La Chicoree,50.63596,3.063038,R,648,10
795212,Flam's,50.63721,3.061645,R,648,10
269817,Vieille Bourse,50.63773,3.0642,A,628,10
269820,Palais des Beaux-Arts de Lille,50.630672,3.062632,A,628,10
793722,La Chicoree,50.63596,3.063038,R,628,10
801094,Estaminet Chez la vieille,50.64283,3.066893,R,628,10
938725,Brasserie de la Paix,50.635815,3.063069,R,628,10
209260,Westfield Euralille,50.637753,3.072719,A,1321,10
269814,Grande Place,50.63697,3.06367,A,1321,10
269817,Vieille Bourse,50.63773,3.0642,A,1321,10
269820,Palais des Beaux-Arts de Lille,50.630672,3.062632,A,1321,10
2273093,Citadelle de Lille,50.6371,3.05108,A,1321,10
269814,Grande Place,50.63697,3.06367,A,550,10
793722,La Chicoree,50.63596,3.063038,R,550,10
1381296,Meert,50.63768,3.061862,R,550,10
2530949,Le Barbier qui fume Vieux-Lille,50.641403,3.062165,R,550,10
209260,Westfield Euralille,50.637753,3.072719,A,1319,10
269814,Grande Place,50.63697,3.06367,A,1319,10
269817,Vieille Bourse,50.63773,3.0642,A,1319,10
269820,Palais des Beaux-Arts de Lille,50.630672,3.062632,A,1319,10
2273093,Citadelle de Lille,50.6371,3.05108,A,1319,10
209260,Westfield Euralille,50.637753,3.072719,A,1318,10
269814,Grande Place,50.63697,3.06367,A,1318,10
269817,Vieille Bourse,50.63773,3.0642,A,1318,10
269820,Palais des Beaux-Arts de Lille,50.630672,3.062632,A,1318,10
2035312,Office de Tourisme de Lille,50.63543,3.061971,A,1318,10
269814,Grande Place,50.63697,3.06367,A,408,10
269817,Vieille Bourse,50.63773,3.0642,A,408,10
269820,Palais des Beaux-Arts de Lille,50.630672,3.062632,A,408,10
734546,Place Rihour,50.635643,3.062659,A,408,10
2035312,Office de Tourisme de Lille,50.63543,3.061971,A,408,10
269814,Grande Place,50.63697,3.06367,A,298,10
269817,Vieille Bourse,50.63773,3.0642,A,298,10
793722,La Chicoree,50.63596,3.063038,R,298,10
2273093,Citadelle de Lille,50.6371,3.05108,A,298,10
269814,Grande Place,50.63697,3.06367,A,457,10
269820,Palais des Beaux-Arts de Lille,50.630672,3.062632,A,457,10
793722,La Chicoree,50.63596,3.063038,R,457,10
2035312,Office de Tourisme de Lille,50.63543,3.061971,A,457,10
209260,Westfield Euralille,50.637753,3.072719,A,1314,10
269814,Grande Place,50.63697,3.06367,A,1314,10
269817,Vieille Bourse,50.63773,3.0642,A,1314,10
269820,Palais des Beaux-Arts de Lille,50.630672,3.062632,A,1314,10
734546,Place Rihour,50.635643,3.062659,A,1314,10
269814,Grande Place,50.63697,3.06367,A,549,10
793722,La Chicoree,50.63596,3.063038,R,549,10
1026189,Les Compagnons de la grappe,50.63869,3.063151,R,549,10
1381296,Meert,50.63768,3.061862,R,549,10
209260,Westfield Euralille,50.637753,3.072719,A,1311,10
269814,Grande Place,50.63697,3.06367,A,1311,10
269817,Vieille Bourse,50.63773,3.0642,A,1311,10
795570,L'orange Bleue,50.63866,3.062654,R,1311,10
209260,Westfield Euralille,50.637753,3.072719,A,1308,10
269814,Grande Place,50.63697,3.06367,A,1308,10
269817,Vieille Bourse,50.63773,3.0642,A,1308,10
269820,Palais des Beaux-Arts de Lille,50.630672,3.062632,A,1308,10
1381296,Meert,50.63768,3.061862,R,1308,10
269814,Grande Place,50.63697,3.06367,A,548,10
793722,La Chicoree,50.63596,3.063038,R,548,10
1381296,Meert,50.63768,3.061862,R,548,10
2039935,Brasserie Flore,50.63605,3.063198,R,548,10
209260,Westfield Euralille,50.637753,3.072719,A,1306,10
269814,Grande Place,50.63697,3.06367,A,1306,10
269817,Vieille Bourse,50.63773,3.0642,A,1306,10
269820,Palais des Beaux-Arts de Lille,50.630672,3.062632,A,1306,10
1026189,Les Compagnons de la grappe,50.63869,3.063151,R,1306,10
196912,Mercure Lille Centre Grand Place,50.63817,3.065553,H,1069,10
247498,"LaM Lille Métropole Musée d'Art Moderne, d'Art Contemporain et d'Art Brut.",50.637512,3.150333,A,1069,10
269814,Grande Place,50.63697,3.06367,A,1069,10
269820,Palais des Beaux-Arts de Lille,50.630672,3.062632,A,1069,10
793722,La Chicoree,50.63596,3.063038,R,1069,10
209260,Westfield Euralille,50.637753,3.072719,A,1304,10
269814,Grande Place,50.63697,3.06367,A,1304,10
269817,Vieille Bourse,50.63773,3.0642,A,1304,10
269820,Palais des Beaux-Arts de Lille,50.630672,3.062632,A,1304,10
2273093,Citadelle de Lille,50.6371,3.05108,A,1304,10
269814,Grande Place,50.63697,3.06367,A,456,10
269820,Palais des Beaux-Arts de Lille,50.630672,3.062632,A,456,10
793722,La Chicoree,50.63596,3.063038,R,456,10
1026189,Les Compagnons de la grappe,50.63869,3.063151,R,456,10
247498,"LaM Lille Métropole Musée d'Art Moderne, d'Art Contemporain et d'Art Brut.",50.637512,3.150333,A,809,10
269814,Grande Place,50.63697,3.06367,A,809,10
269817,Vieille Bourse,50.63773,3.0642,A,809,10
269820,Palais des Beaux-Arts de Lille,50.630672,3.062632,A,809,10
793722,La Chicoree,50.63596,3.063038,R,809,10
269814,Grande Place,50.63697,3.06367,A,173,10
269817,Vieille Bourse,50.63773,3.0642,A,173,10
269820,Palais des Beaux-Arts de Lille,50.630672,3.062632,A,173,10
793722,La Chicoree,50.63596,3.063038,R,173,10
810939,La Fossetta,50.634735,3.063161,R,173,10
209260,Westfield Euralille,50.637753,3.072719,A,1300,10
269814,Grande Place,50.63697,3.06367,A,1300,10
269817,Vieille Bourse,50.63773,3.0642,A,1300,10
269820,Palais des Beaux-Arts de Lille,50.630672,3.062632,A,1300,10
795570,L'orange Bleue,50.63866,3.062654,R,1300,10
269814,Grande Place,50.63697,3.06367,A,174,10
269817,Vieille Bourse,50.63773,3.0642,A,174,10
269820,Palais des Beaux-Arts de Lille,50.630672,3.062632,A,174,10
793722,La Chicoree,50.63596,3.063038,R,174,10
795212,Flam's,50.63721,3.061645,R,174,10
247498,"LaM Lille Métropole Musée d'Art Moderne, d'Art Contemporain et d'Art Brut.",50.637512,3.150333,A,722,10
269814,Grande Place,50.63697,3.06367,A,722,10
269817,Vieille Bourse,50.63773,3.0642,A,722,10
269820,Palais des Beaux-Arts de Lille,50.630672,3.062632,A,722,10
275111,Crowne Plaza Lille,50.639805,3.07572,H,722,10
247498,"LaM Lille Métropole Musée d'Art Moderne, d'Art Contemporain et d'Art Brut.",50.637512,3.150333,A,812,10
269814,Grande Place,50.63697,3.06367,A,812,10
269817,Vieille Bourse,50.63773,3.0642,A,812,10
269820,Palais des Beaux-Arts de Lille,50.630672,3.062632,A,812,10
1026189,Les Compagnons de la grappe,50.63869,3.063151,R,812,10
247498,"LaM Lille Métropole Musée d'Art Moderne, d'Art Contemporain et d'Art Brut.",50.637512,3.150333,A,813,10
269814,Grande Place,50.63697,3.06367,A,813,10
269817,Vieille Bourse,50.63773,3.0642,A,813,10
1026189,Les Compagnons de la grappe,50.63869,3.063151,R,813,10
269814,Grande Place,50.63697,3.06367,A,458,10
269820,Palais des Beaux-Arts de Lille,50.630672,3.062632,A,458,10
793722,La Chicoree,50.63596,3.063038,R,458,10
1906444,Cafe brasserie de Foy,50.63624,3.063324,R,458,10
269814,Grande Place,50.63697,3.06367,A,301,10
269817,Vieille Bourse,50.63773,3.0642,A,301,10
793722,La Chicoree,50.63596,3.063038,R,301,10
1026189,Les Compagnons de la grappe,50.63869,3.063151,R,301,10
196912,Mercure Lille Centre Grand Place,50.63817,3.065553,H,1061,10
269814,Grande Place,50.63697,3.06367,A,1061,10
1026189,Les Compagnons de la grappe,50.63869,3.063151,R,1061,10
269817,Vieille Bourse,50.63773,3.0642,A,632,10
269820,Palais des Beaux-Arts de Lille,50.630672,3.062632,A,632,10
1381296,Meert,50.63768,3.061862,R,632,10
4242962,Aux Merveilleux de Fred,50.641388,3.062208,R,632,10
269814,Grande Place,50.63697,3.06367,A,138,10
269817,Vieille Bourse,50.63773,3.0642,A,138,10
269820,Palais des Beaux-Arts de Lille,50.630672,3.062632,A,138,10
277055,Mercure Lille Centre Vieux Lille,50.641758,3.066637,H,138,10
247498,"LaM Lille Métropole Musée d'Art Moderne, d'Art Contemporain et d'Art Brut.",50.637512,3.150333,A,877,10
269814,Grande Place,50.63697,3.06367,A,877,10
269820,Palais des Beaux-Arts de Lille,50.630672,3.062632,A,877,10
793722,La Chicoree,50.63596,3.063038,R,877,10
795570,L'orange Bleue,50.63866,3.062654,R,877,10
196912,Mercure Lille Centre Grand Place,50.63817,3.065553,H,1051,10
269814,Grande Place,50.63697,3.06367,A,1051,10
269820,Palais des Beaux-Arts de Lille,50.630672,3.062632,A,1051,10
793722,La Chicoree,50.63596,3.063038,R,1051,10
938725,Brasserie de la Paix,50.635815,3.063069,R,1051,10
247498,"LaM Lille Métropole Musée d'Art Moderne, d'Art Contemporain et d'Art Brut.",50.637512,3.150333,A,798,10
269814,Grande Place,50.63697,3.06367,A,798,10
269817,Vieille Bourse,50.63773,3.0642,A,798,10
269820,Palais des Beaux-Arts de Lille,50.630672,3.062632,A,798,10
793722,La Chicoree,50.63596,3.063038,R,798,10
269814,Grande Place,50.63697,3.06367,A,142,10
269817,Vieille Bourse,50.63773,3.0642,A,142,10
269820,Palais des Beaux-Arts de Lille,50.630672,3.062632,A,142,10
793722,La Chicoree,50.63596,3.063038,R,142,10
2273093,Citadelle de Lille,50.6371,3.05108,A,142,10
269817,Vieille Bourse,50.63773,3.0642,A,630,10
269820,Palais des Beaux-Arts de Lille,50.630672,3.062632,A,630,10
1124428,L'Ecume des Mers,50.63725,3.061462,R,630,10
196912,Mercure Lille Centre Grand Place,50.63817,3.065553,H,1054,10
269814,Grande Place,50.63697,3.06367,A,1054,10
269820,Palais des Beaux-Arts de Lille,50.630672,3.062632,A,1054,10
793722,La Chicoree,50.63596,3.063038,R,1054,10
1381296,Meert,50.63768,3.061862,R,1054,10
247498,"LaM Lille Métropole Musée d'Art Moderne, d'Art Contemporain et d'Art Brut.",50.637512,3.150333,A,799,10
269814,Grande Place,50.63697,3.06367,A,799,10
269820,Palais des Beaux-Arts de Lille,50.630672,3.062632,A,799,10
793722,La Chicoree,50.63596,3.063038,R,799,10
209260,Westfield Euralille,50.637753,3.072719,A,1343,10
269814,Grande Place,50.63697,3.06367,A,1343,10
269817,Vieille Bourse,50.63773,3.0642,A,1343,10
269820,Palais des Beaux-Arts de Lille,50.630672,3.062632,A,1343,10
1381296,Meert,50.63768,3.061862,R,1343,10
247498,"LaM Lille Métropole Musée d'Art Moderne, d'Art Contemporain et d'Art Brut.",50.637512,3.150333,A,800,10
269814,Grande Place,50.63697,3.06367,A,800,10
793722,La Chicoree,50.63596,3.063038,R,800,10
938725,Brasserie de la Paix,50.635815,3.063069,R,800,10
196912,Mercure Lille Centre Grand Place,50.63817,3.065553,H,1057,10
196916,Ibis Lille Centre Gares,50.63469,3.070875,H,1057,10
269814,Grande Place,50.63697,3.06367,A,1057,10
269817,Vieille Bourse,50.63773,3.0642,A,1057,10
269820,Palais des Beaux-Arts de Lille,50.630672,3.062632,A,1057,10
196912,Mercure Lille Centre Grand Place,50.63817,3.065553,H,1060,10
196916,Ibis Lille Centre Gares,50.63469,3.070875,H,1060,10
269814,Grande Place,50.63697,3.06367,A,1060,10
269817,Vieille Bourse,50.63773,3.0642,A,1060,10
269820,Palais des Beaux-Arts de Lille,50.630672,3.062632,A,1060,10
269817,Vieille Bourse,50.63773,3.0642,A,633,10
269820,Palais des Beaux-Arts de Lille,50.630672,3.062632,A,633,10
2273093,Citadelle de Lille,50.6371,3.05108,A,633,10
247498,"LaM Lille Métropole Musée d'Art Moderne, d'Art Contemporain et d'Art Brut.",50.637512,3.150333,A,802,10
269814,Grande Place,50.63697,3.06367,A,802,10
734546,Place Rihour,50.635643,3.062659,A,802,10
269814,Grande Place,50.63697,3.06367,A,146,10
269817,Vieille Bourse,50.63773,3.0642,A,146,10
269820,Palais des Beaux-Arts de Lille,50.630672,3.062632,A,146,10
793722,La Chicoree,50.63596,3.063038,R,146,10
2035312,Office de Tourisme de Lille,50.63543,3.061971,A,146,10
269814,Grande Place,50.63697,3.06367,A,147,10
269817,Vieille Bourse,50.63773,3.0642,A,147,10
269820,Palais des Beaux-Arts de Lille,50.630672,3.062632,A,147,10
793722,La Chicoree,50.63596,3.063038,R,147,10
3536508,Best Western Premier Why Hotel,50.63427,3.061403,H,147,10
269814,Grande Place,50.63697,3.06367,A,148,10
269817,Vieille Bourse,50.63773,3.0642,A,148,10
269820,Palais des Beaux-Arts de Lille,50.630672,3.062632,A,148,10
793722,La Chicoree,50.63596,3.063038,R,148,10
2039935,Brasserie Flore,50.63605,3.063198,R,148,10
209260,Westfield Euralille,50.637753,3.072719,A,1332,10
269814,Grande Place,50.63697,3.06367,A,1332,10
269817,Vieille Bourse,50.63773,3.0642,A,1332,10
793722,La Chicoree,50.63596,3.063038,R,1332,10
801094,Estaminet Chez la vieille,50.64283,3.066893,R,1332,10
247498,"LaM Lille Métropole Musée d'Art Moderne, d'Art Contemporain et d'Art Brut.",50.637512,3.150333,A,803,10
269814,Grande Place,50.63697,3.06367,A,803,10
1381296,Meert,50.63768,3.061862,R,803,10
269814,Grande Place,50.63697,3.06367,A,554,10
781110,L'assiette du marche,50.64108,3.061831,R,554,10
793722,La Chicoree,50.63596,3.063038,R,554,10
196912,Mercure Lille Centre Grand Place,50.63817,3.065553,H,1059,10
196916,Ibis Lille Centre Gares,50.63469,3.070875,H,1059,10
269814,Grande Place,50.63697,3.06367,A,1059,10
269820,Palais des Beaux-Arts de Lille,50.630672,3.062632,A,1059,10
209260,Westfield Euralille,50.637753,3.072719,A,1327,10
269814,Grande Place,50.63697,3.06367,A,1327,10
269817,Vieille Bourse,50.63773,3.0642,A,1327,10
269820,Palais des Beaux-Arts de Lille,50.630672,3.062632,A,1327,10
795570,L'orange Bleue,50.63866,3.062654,R,1327,10
269814,Grande Place,50.63697,3.06367,A,394,10
269817,Vieille Bourse,50.63773,3.0642,A,394,10
269820,Palais des Beaux-Arts de Lille,50.630672,3.062632,A,394,10
2273093,Citadelle de Lille,50.6371,3.05108,A,394,10
2558192,Musee Hospice Comtesse,50.641106,3.063515,A,394,10
